datetime,pm25,temperature,humidity,rainfall,pressure,wind_speed,wind_direction
2025-01-01 05:00:00,189.0,7.6,99,0.0,1019.0,7.3,300
2025-01-01 06:00:00,185.0,8.1,99,0.0,1019.7,4.8,290
2025-01-01 07:00:00,165.0,8.0,99,0.0,1020.2,4.0,267
2025-01-01 08:00:00,154.0,8.4,99,0.0,1020.7,6.5,264
2025-01-01 09:00:00,170.0,9.4,97,0.0,1021.2,8.0,286
2025-01-01 10:00:00,193.0,11.3,89,0.0,1021.1,8.8,301
2025-01-01 11:00:00,188.0,13.2,81,0.0,1020.5,8.1,302
2025-01-01 12:00:00,176.0,14.6,77,0.0,1019.1,6.3,290
2025-01-01 13:00:00,202.0,15.8,73,0.0,1017.8,6.2,285
2025-01-01 14:00:00,196.0,16.6,72,0.0,1016.8,6.3,277
2025-01-01 15:00:00,202.0,16.9,70,0.0,1016.5,6.9,275
2025-01-01 16:00:00,204.0,16.5,72,0.0,1016.4,6.0,273
2025-01-01 17:00:00,203.0,14.9,80,0.0,1016.6,4.7,279
2025-01-01 18:00:00,206.0,12.2,88,0.0,1018.7,2.8,310
2025-01-01 19:00:00,196.0,11.5,90,0.0,1019.1,3.6,319
2025-01-01 20:00:00,211.0,10.9,92,0.0,1019.5,4.0,321
2025-01-01 21:00:00,213.0,10.4,93,0.0,1019.7,4.4,325
2025-01-01 22:00:00,205.0,10.1,94,0.0,1019.4,4.8,326
2025-01-01 23:00:00,200.0,9.7,96,0.0,1019.1,5.4,320
2025-01-02 00:00:00,163.0,9.3,96,0.0,1018.4,5.9,308
2025-01-02 01:00:00,158.0,8.9,97,0.0,1017.7,5.3,294
2025-01-02 02:00:00,173.0,8.7,97,0.0,1017.4,6.2,280
2025-01-02 03:00:00,173.0,8.5,98,0.0,1017.3,7.3,277
2025-01-02 04:00:00,176.0,8.4,98,0.0,1017.1,7.8,266
2025-01-02 05:00:00,174.0,8.8,98,0.0,1017.4,8.9,263
2025-01-02 06:00:00,153.0,8.6,98,0.0,1018.3,7.8,261
2025-01-02 07:00:00,140.0,8.5,98,0.0,1018.7,7.6,274
2025-01-02 08:00:00,167.0,9.7,95,0.0,1019.5,9.0,283
2025-01-02 09:00:00,204.0,11.6,90,0.0,1020.2,6.3,297
2025-01-02 10:00:00,204.0,13.5,83,0.0,1020.3,5.5,311
2025-01-02 11:00:00,209.0,15.1,77,0.0,1019.6,5.4,300
2025-01-02 12:00:00,179.0,16.6,73,0.0,1018.6,6.0,286
2025-01-02 13:00:00,190.0,17.7,69,0.0,1017.6,6.7,278
2025-01-02 14:00:00,213.0,18.3,66,0.0,1016.8,7.6,277
2025-01-02 15:00:00,217.0,18.4,66,0.0,1016.7,7.9,281
2025-01-02 16:00:00,191.0,17.9,71,0.0,1016.8,5.7,281
2025-01-02 17:00:00,198.0,16.0,79,0.0,1016.8,4.4,282
2025-01-02 18:00:00,217.0,13.7,83,0.0,1018.1,4.4,325
2025-01-02 19:00:00,262.0,13.2,84,0.0,1018.2,4.7,337
2025-01-02 20:00:00,308.0,12.5,86,0.0,1018.5,4.7,332
2025-01-02 21:00:00,291.0,11.9,88,0.0,1018.8,3.8,295
2025-01-02 22:00:00,210.0,11.3,90,0.0,1019.1,3.0,253
2025-01-02 23:00:00,208.0,10.5,93,0.0,1018.7,2.7,250
2025-01-03 00:00:00,210.0,9.7,96,0.0,1018.3,4.0,260
2025-01-03 01:00:00,213.0,9.4,96,0.0,1018.0,4.0,280
2025-01-03 02:00:00,211.0,9.2,97,0.0,1017.6,4.5,310
2025-01-03 03:00:00,200.0,8.9,98,0.0,1017.5,4.3,287
2025-01-03 04:00:00,220.0,8.6,100,0.0,1017.6,5.5,279
2025-01-03 07:00:00,203.0,8.8,99,0.0,1019.0,4.9,272
2025-01-03 08:00:00,180.0,9.5,98,0.0,1020.1,5.0,289
2025-01-03 09:00:00,210.0,10.4,99,0.0,1020.9,3.3,306
2025-01-03 10:00:00,258.0,12.2,96,0.0,1021.1,2.8,320
2025-01-03 11:00:00,349.0,14.5,86,0.0,1020.3,2.5,315
2025-01-03 12:00:00,431.0,16.6,77,0.0,1018.9,3.2,304
2025-01-03 13:00:00,382.0,18.2,70,0.0,1017.7,3.6,288
2025-01-03 14:00:00,330.0,19.1,67,0.0,1016.8,4.1,283
2025-01-03 15:00:00,278.0,19.3,66,0.0,1016.3,4.3,285
2025-01-03 16:00:00,208.0,18.7,74,0.0,1015.9,2.8,281
2025-01-03 17:00:00,213.0,16.7,80,0.0,1015.9,3.6,288
2025-01-03 18:00:00,237.0,14.5,84,0.0,1017.1,3.3,319
2025-01-03 19:00:00,265.0,13.6,87,0.0,1017.3,3.0,295
2025-01-03 20:00:00,261.0,12.7,90,0.0,1017.4,2.8,285
2025-01-03 21:00:00,345.0,11.9,93,0.0,1017.4,2.7,278
2025-01-03 22:00:00,352.0,11.0,95,0.0,1017.1,3.6,276
2025-01-03 23:00:00,333.0,10.6,96,0.0,1016.8,3.6,270
2025-01-04 00:00:00,250.0,10.2,97,0.0,1016.3,4.7,274
2025-01-04 01:00:00,192.0,9.7,98,0.0,1016.0,4.8,281
2025-01-04 02:00:00,149.0,8.4,100,0.0,1015.5,4.8,283
2025-01-04 03:00:00,195.0,8.0,100,0.0,1015.0,4.4,302
2025-01-04 04:00:00,180.0,7.8,100,0.0,1014.7,3.3,306
2025-01-04 05:00:00,190.0,7.6,100,0.0,1014.9,4.2,317
2025-01-04 06:00:00,179.0,8.2,99,0.0,1016.1,0.5,180
2025-01-04 07:00:00,167.0,8.4,99,0.0,1016.8,1.1,198
2025-01-04 08:00:00,169.0,9.6,93,0.0,1017.6,1.1,81
2025-01-04 09:00:00,225.0,10.7,95,0.0,1018.3,1.7,103
2025-01-04 10:00:00,334.0,12.3,98,0.0,1018.3,1.7,108
2025-01-04 11:00:00,416.0,14.5,93,0.0,1017.7,2.4,81
2025-01-04 12:00:00,442.0,17.1,80,0.0,1016.4,3.4,87
2025-01-04 13:00:00,400.0,18.8,73,0.0,1015.2,3.1,111
2025-01-04 14:00:00,370.0,19.9,68,0.0,1014.2,3.0,128
2025-01-04 15:00:00,352.0,20.2,67,0.0,1013.8,3.3,131
2025-01-04 16:00:00,301.0,19.5,73,0.0,1013.6,3.3,119
2025-01-04 17:00:00,288.0,17.2,81,0.0,1013.7,4.5,113
2025-01-04 18:00:00,278.0,14.3,84,0.0,1015.2,5.2,124
2025-01-04 19:00:00,283.0,13.8,87,0.0,1015.8,6.0,131
2025-01-04 20:00:00,313.0,13.0,90,0.0,1016.4,6.3,125
2025-01-04 21:00:00,323.0,12.3,93,0.0,1016.6,6.2,126
2025-01-04 22:00:00,303.0,11.6,95,0.0,1016.4,6.2,134
2025-01-04 23:00:00,308.0,11.0,95,0.0,1016.1,6.2,134
2025-01-05 00:00:00,254.0,9.7,96,0.0,1015.7,5.1,132
2025-01-05 01:00:00,219.0,8.8,97,0.0,1015.4,4.9,144
2025-01-08 11:00:00,99.0,15.0,68,0.0,1017.3,9.0,267
2025-01-08 12:00:00,80.0,16.7,62,0.0,1016.4,9.7,271
2025-01-08 13:00:00,81.0,17.8,57,0.0,1015.5,10.6,279
2025-01-08 14:00:00,81.0,18.3,53,0.0,1014.9,10.5,286
2025-01-08 15:00:00,70.0,18.2,53,0.0,1014.8,9.7,289
2025-01-08 16:00:00,66.0,17.5,58,0.0,1014.7,6.8,287
2025-01-08 17:00:00,86.0,15.4,68,0.0,1014.7,5.6,285
2025-01-08 18:00:00,117.0,15.0,71,0.0,1015.2,5.9,281
2025-01-08 19:00:00,129.0,14.1,74,0.0,1015.7,5.8,286
2025-01-08 20:00:00,195.0,13.3,76,0.0,1016.3,5.4,285
2025-01-08 21:00:00,245.0,12.4,79,0.0,1016.9,5.0,296
2025-01-08 22:00:00,270.0,11.6,81,0.0,1016.9,4.6,306
2025-01-08 23:00:00,260.0,10.9,83,0.0,1016.7,4.3,315
2025-01-09 00:00:00,265.0,10.3,84,0.0,1016.4,3.1,310
2025-01-09 01:00:00,234.0,9.6,87,0.0,1016.4,2.3,266
2025-01-09 02:00:00,200.0,8.8,90,0.0,1016.7,2.9,266
2025-01-09 03:00:00,191.0,8.3,91,0.0,1016.6,3.6,288
2025-01-09 04:00:00,176.0,8.0,91,0.0,1016.6,2.8,285
2025-01-09 05:00:00,176.0,7.6,92,0.0,1016.6,2.5,274
2025-01-09 06:00:00,160.0,7.3,97,0.0,1017.5,1.9,311
2025-01-09 07:00:00,160.0,6.7,99,0.0,1018.2,2.0,333
2025-01-09 08:00:00,192.0,7.8,99,0.0,1019.4,1.9,34
2025-01-09 09:00:00,183.0,10.2,97,0.0,1020.3,1.5,76
2025-01-09 10:00:00,161.0,13.4,86,0.0,1020.8,2.0,85
2025-01-09 11:00:00,180.0,15.6,74,0.0,1020.2,2.4,77
2025-01-09 12:00:00,173.0,17.0,66,0.0,1018.9,1.9,68
2025-01-09 13:00:00,427.0,17.9,61,0.0,1018.1,1.1,81
2025-01-09 14:00:00,369.0,18.4,59,0.0,1017.4,0.3,135
2025-01-09 15:00:00,323.0,18.4,58,0.0,1017.0,0.2,180
2025-01-09 16:00:00,314.0,18.1,60,0.0,1017.1,1.0,202
2025-01-09 17:00:00,305.0,16.1,70,0.0,1017.3,0.6,162
2025-01-09 18:00:00,374.0,15.2,73,0.0,1018.2,1.8,127
2025-01-09 19:00:00,371.0,14.4,74,0.0,1018.5,1.4,130
2025-01-09 20:00:00,341.0,13.3,78,0.0,1019.4,1.5,126
2025-01-09 21:00:00,338.0,12.3,82,0.0,1020.0,0.9,79
2025-01-09 22:00:00,339.0,11.3,86,0.0,1020.1,1.2,63
2025-01-09 23:00:00,347.0,10.4,90,0.0,1019.9,1.7,72
2025-01-10 00:00:00,351.0,9.6,94,0.0,1019.6,2.1,105
2025-01-10 01:00:00,359.0,9.0,96,0.0,1019.4,1.8,114
2025-01-10 02:00:00,373.0,8.4,98,0.0,1019.2,1.6,96
2025-01-10 03:00:00,359.0,7.9,100,0.0,1019.1,1.3,90
2025-01-10 04:00:00,349.0,7.8,100,0.0,1018.9,0.8,117
2025-01-10 05:00:00,289.0,7.5,100,0.0,1019.2,1.5,166
2025-01-10 06:00:00,157.0,7.9,100,0.0,1020.5,3.6,147
2025-01-10 07:00:00,183.0,7.5,99,0.0,1021.4,4.4,122
2025-01-10 08:00:00,198.0,7.8,99,0.0,1022.4,4.0,90
2025-01-10 09:00:00,207.0,9.5,100,0.0,1023.2,3.9,118
2025-01-10 10:00:00,248.0,11.6,95,0.0,1023.6,3.9,112
2025-01-10 11:00:00,220.0,14.0,84,0.0,1022.6,3.6,99
2025-01-10 12:00:00,222.0,15.9,76,0.0,1021.4,3.9,103
2025-01-10 13:00:00,207.0,17.0,68,0.0,1020.0,4.1,105
2025-01-10 14:00:00,209.0,17.6,62,0.0,1019.2,3.8,101
2025-01-10 15:00:00,199.0,17.6,60,0.0,1018.6,4.3,105
2025-01-10 16:00:00,203.0,17.1,64,0.0,1018.4,3.9,106
2025-01-10 17:00:00,196.0,15.2,75,0.0,1018.2,2.6,102
2025-01-10 18:00:00,217.0,13.5,83,0.0,1018.5,3.5,78
2025-01-10 20:00:00,283.0,11.5,91,0.0,1019.5,4.2,100
2025-01-10 21:00:00,273.0,11.0,92,0.0,1019.8,4.6,111
2025-01-10 22:00:00,290.0,10.5,93,0.0,1019.8,4.8,121
2025-01-10 23:00:00,281.0,10.1,93,0.0,1019.6,5.2,119
2025-01-11 00:00:00,243.0,9.7,93,0.0,1019.0,5.2,119
2025-01-11 01:00:00,188.0,9.3,94,0.0,1018.8,5.3,125
2025-01-11 02:00:00,160.0,9.0,94,0.0,1018.7,5.7,122
2025-01-11 03:00:00,146.0,8.0,96,0.0,1018.7,5.4,116
2025-01-11 04:00:00,146.0,7.6,96,0.0,1018.7,5.3,114
2025-01-11 05:00:00,138.0,7.5,97,0.0,1019.1,5.8,106
2025-01-11 06:00:00,128.0,8.9,98,0.0,1019.5,8.3,101
2025-01-11 07:00:00,147.0,9.0,99,0.0,1020.1,9.8,98
2025-01-11 08:00:00,143.0,9.9,98,0.0,1020.8,10.5,107
2025-01-11 09:00:00,157.0,11.2,94,0.0,1021.4,10.6,118
2025-01-11 10:00:00,183.0,13.2,84,0.0,1021.0,12.5,122
2025-01-11 11:00:00,174.0,15.1,80,0.0,1020.3,6.6,123
2025-01-11 12:00:00,187.0,16.1,76,0.0,1019.0,3.9,133
2025-01-11 13:00:00,182.0,16.7,73,0.0,1017.9,1.2,231
2025-01-11 14:00:00,192.0,17.1,71,0.0,1016.8,0.4,297
2025-01-11 15:00:00,174.0,16.8,72,0.2,1016.4,1.9,326
2025-01-11 16:00:00,201.0,16.5,74,0.3,1016.0,2.2,66
2025-01-11 17:00:00,226.0,15.1,84,1.2,1016.0,5.2,14
2025-01-11 18:00:00,164.0,13.6,90,0.9,1017.8,3.1,360
2025-01-11 19:00:00,134.0,13.1,93,0.4,1017.8,10.2,81
2025-01-11 20:00:00,135.0,12.9,86,0.9,1017.5,9.6,87
2025-01-11 21:00:00,127.0,12.3,88,0.2,1018.3,4.6,79
2025-01-11 22:00:00,126.0,11.6,91,0.2,1018.5,3.6,57
2025-01-11 23:00:00,132.0,11.6,91,0.0,1018.5,4.5,85
2025-01-12 00:00:00,134.0,11.4,92,0.0,1018.3,3.6,60
2025-01-12 01:00:00,129.0,10.1,94,0.0,1018.1,5.1,73
2025-01-12 02:00:00,149.0,10.8,93,0.0,1017.8,5.8,85
2025-01-12 03:00:00,157.0,10.8,94,0.0,1017.7,4.9,96
2025-01-12 04:00:00,159.0,10.5,91,0.1,1017.6,0.9,127
2025-01-12 05:00:00,173.0,10.2,94,0.1,1017.7,4.7,90
2025-01-12 06:00:00,152.0,11.3,93,0.5,1018.7,1.7,139
2025-01-12 07:00:00,127.0,11.0,93,0.1,1019.3,2.9,150
2025-01-12 08:00:00,129.0,12.1,93,0.0,1020.3,3.9,103
2025-01-12 09:00:00,137.0,13.9,88,0.0,1021.4,2.6,65
2025-01-12 10:00:00,151.0,14.9,87,0.0,1021.5,3.5,114
2025-01-12 11:00:00,174.0,16.5,78,0.0,1020.6,4.0,153
2025-01-12 12:00:00,158.0,17.6,71,0.2,1019.3,3.3,167
2025-01-12 13:00:00,144.0,18.1,71,0.0,1018.3,0.6,326
2025-01-12 14:00:00,146.0,18.1,68,0.0,1017.5,1.8,45
2025-01-12 15:00:00,150.0,18.1,66,0.0,1017.2,1.4,40
2025-01-12 16:00:00,149.0,18.0,65,0.1,1017.5,2.0,360
2025-01-12 17:00:00,138.0,16.3,75,0.0,1017.9,5.6,345
2025-01-12 18:00:00,145.0,12.9,93,0.0,1019.1,3.4,328
2025-01-12 19:00:00,153.0,12.7,93,0.0,1019.8,5.2,356
2025-01-12 20:00:00,156.0,12.5,93,0.0,1020.5,5.5,343
2025-01-12 21:00:00,217.0,12.0,95,0.0,1021.1,5.5,328
2025-01-12 22:00:00,203.0,11.4,95,0.0,1021.1,6.0,339
2025-01-12 23:00:00,199.0,10.9,96,0.0,1020.6,5.9,333
2025-01-13 00:00:00,180.0,10.3,96,0.0,1019.9,5.0,319
2025-01-13 01:00:00,150.0,10.0,96,0.0,1019.7,5.4,296
2025-01-13 02:00:00,138.0,9.7,97,0.0,1019.2,5.7,305
2025-01-13 03:00:00,121.0,9.6,98,0.0,1019.1,6.5,304
2025-01-13 04:00:00,108.0,9.4,98,0.0,1019.0,7.4,299
2025-01-13 05:00:00,98.0,9.1,98,0.0,1019.1,7.0,296
2025-01-13 06:00:00,84.0,10.1,98,0.0,1019.4,7.7,306
2025-01-13 07:00:00,88.0,9.9,97,0.0,1019.9,7.7,303
2025-01-13 08:00:00,106.0,10.8,95,0.0,1020.6,8.3,294
2025-01-13 09:00:00,111.0,12.5,89,0.0,1021.0,6.1,302
2025-01-13 10:00:00,121.0,14.1,84,0.0,1020.9,5.9,308
2025-01-13 11:00:00,97.0,15.8,77,0.0,1020.0,6.0,303
2025-01-13 12:00:00,110.0,17.3,72,0.0,1018.7,5.7,302
2025-01-13 13:00:00,104.0,18.5,68,0.0,1017.4,5.7,294
2025-01-13 14:00:00,114.0,19.1,65,0.0,1016.7,6.2,292
2025-01-13 15:00:00,113.0,19.2,64,0.0,1016.4,6.8,297
2025-01-13 16:00:00,117.0,18.7,68,0.0,1016.2,6.0,299
2025-01-13 17:00:00,117.0,16.9,78,0.0,1016.4,5.0,289
2025-01-13 18:00:00,123.0,15.8,81,0.0,1017.2,6.7,289
2025-01-13 19:00:00,142.0,15.1,84,0.0,1017.7,7.6,289
2025-01-13 20:00:00,127.0,14.4,86,0.0,1017.9,8.2,293
2025-01-13 21:00:00,151.0,13.7,87,0.0,1018.5,8.6,299
2025-01-13 22:00:00,187.0,13.0,89,0.0,1018.3,8.6,300
2025-01-13 23:00:00,188.0,12.3,91,0.0,1018.0,8.5,302
2025-01-14 00:00:00,135.0,11.7,92,0.0,1017.7,7.9,297
2025-01-14 01:00:00,107.0,11.3,93,0.0,1017.6,8.0,297
2025-01-14 02:00:00,122.0,10.8,94,0.0,1017.2,7.9,294
2025-01-14 03:00:00,121.0,10.2,95,0.0,1017.0,7.1,291
2025-01-14 04:00:00,122.0,9.8,95,0.0,1017.0,7.2,297
2025-01-14 05:00:00,131.0,9.2,95,0.0,1017.3,6.7,297
2025-01-14 06:00:00,124.0,9.3,96,0.0,1018.8,6.0,286
2025-01-14 07:00:00,136.0,8.9,97,0.0,1019.5,6.1,284
2025-01-14 08:00:00,134.0,10.0,95,0.0,1020.3,7.2,273
2025-01-14 09:00:00,139.0,11.7,91,0.0,1021.2,4.5,275
2025-01-14 10:00:00,151.0,13.6,83,0.0,1021.6,3.8,287
2025-01-14 11:00:00,166.0,15.3,76,0.0,1021.2,3.5,294
2025-01-14 12:00:00,144.0,16.7,71,0.0,1020.1,3.1,291
2025-01-14 13:00:00,140.0,17.6,68,0.0,1019.1,2.7,293
2025-01-14 14:00:00,148.0,18.2,65,0.0,1018.5,2.7,293
2025-01-14 15:00:00,140.0,18.4,64,0.0,1018.1,3.2,308
2025-01-14 16:00:00,134.0,18.1,65,0.0,1018.1,3.1,315
2025-01-14 17:00:00,150.0,16.2,77,0.0,1018.2,3.6,342
2025-01-14 18:00:00,165.0,15.3,80,0.0,1019.0,4.5,5
2025-01-14 19:00:00,216.0,14.6,81,0.0,1019.4,2.9,11
2025-01-14 20:00:00,248.0,13.8,83,0.0,1019.9,2.7,8
2025-01-14 21:00:00,219.0,13.2,86,0.0,1019.9,5.2,348
2025-01-14 22:00:00,239.0,12.4,89,0.0,1020.4,1.5,30
2025-01-14 23:00:00,280.0,11.4,93,0.0,1020.3,2.3,18
2025-01-15 00:00:00,299.0,10.7,96,0.0,1020.1,1.1,351
2025-01-15 01:00:00,301.0,10.4,97,0.0,1020.1,0.6,326
2025-01-15 02:00:00,381.0,9.8,100,0.0,1019.8,0.3,315
2025-01-15 03:00:00,362.0,9.0,100,0.0,1019.9,0.6,342
2025-01-15 04:00:00,332.0,9.0,99,0.0,1020.0,1.1,288
2025-01-15 05:00:00,306.0,8.4,100,0.0,1020.3,0.8,315
2025-01-15 06:00:00,292.0,8.4,99,0.0,1021.1,1.8,37
2025-01-15 07:00:00,291.0,8.3,100,0.0,1021.9,2.8,35
2025-01-15 08:00:00,320.0,8.5,97,0.0,1022.6,2.7,58
2025-01-15 09:00:00,267.0,10.3,97,0.0,1023.3,4.2,85
2025-01-15 10:00:00,301.0,11.6,99,0.0,1023.4,4.4,102
2025-01-15 11:00:00,321.0,14.8,86,0.0,1022.4,5.0,103
2025-01-15 12:00:00,318.0,17.1,77,0.0,1020.7,5.5,117
2025-01-15 13:00:00,279.0,17.9,70,0.0,1019.1,5.1,107
2025-01-15 14:00:00,233.0,18.4,66,0.0,1018.0,4.5,90
2025-01-15 15:00:00,202.0,18.4,66,0.0,1017.6,5.0,145
2025-01-15 16:00:00,187.0,18.0,68,0.0,1017.4,4.8,158
2025-01-15 17:00:00,188.0,16.4,80,0.0,1017.3,3.4,174
2025-01-15 18:00:00,201.0,14.3,83,0.0,1018.7,5.1,148
2025-01-15 19:00:00,192.0,14.1,84,0.0,1019.4,5.2,139
2025-01-15 20:00:00,207.0,13.2,88,0.5,1019.7,3.8,139
2025-01-15 21:00:00,215.0,13.4,89,0.0,1020.2,3.0,128
2025-01-15 22:00:00,185.0,12.9,93,0.4,1020.3,6.1,114
2025-01-15 23:00:00,156.0,11.9,95,0.1,1019.5,1.5,83
2025-01-16 00:00:00,158.0,11.8,95,0.0,1019.7,2.1,128
2025-01-16 01:00:00,151.0,11.5,95,0.0,1019.7,0.3,315
2025-01-16 02:00:00,145.0,11.2,97,0.0,1019.2,4.1,15
2025-01-16 03:00:00,154.0,11.4,95,0.0,1018.8,3.6,53
2025-01-16 05:00:00,136.0,11.6,95,0.0,1019.2,3.5,78
2025-01-16 06:00:00,125.0,12.1,98,0.1,1020.2,5.1,80
2025-01-16 07:00:00,110.0,12.2,95,0.0,1021.1,6.0,73
2025-01-16 08:00:00,115.0,12.5,95,0.0,1021.7,3.8,101
2025-01-16 09:00:00,147.0,13.2,93,0.4,1022.6,5.9,90
2025-01-16 10:00:00,159.0,14.2,88,0.1,1023.1,3.8,101
2025-01-16 11:00:00,124.0,16.1,76,0.0,1022.6,4.0,98
2025-01-16 12:00:00,121.0,17.3,69,0.0,1021.7,2.7,98
2025-01-16 13:00:00,101.0,17.9,66,0.0,1020.6,1.6,84
2025-01-16 14:00:00,105.0,18.4,63,0.0,1019.9,0.4,207
2025-01-16 15:00:00,125.0,18.4,62,0.0,1019.9,2.7,278
2025-01-16 16:00:00,129.0,18.1,64,0.0,1019.8,4.0,302
2025-01-16 17:00:00,127.0,16.9,74,0.0,1020.0,1.9,311
2025-01-16 18:00:00,142.0,14.8,81,0.0,1021.4,4.0,273
2025-01-16 19:00:00,175.0,14.1,82,0.0,1022.0,4.4,300
2025-01-16 20:00:00,227.0,13.4,85,0.0,1022.8,4.6,347
2025-01-16 21:00:00,277.0,12.7,88,0.0,1023.3,4.4,353
2025-01-16 22:00:00,311.0,12.1,88,0.0,1023.3,4.4,339
2025-01-16 23:00:00,310.0,11.4,90,0.0,1023.1,4.4,328
2025-01-17 01:00:00,228.0,10.7,92,0.0,1022.1,5.5,322
2025-01-17 02:00:00,211.0,10.5,93,0.0,1021.7,6.4,317
2025-01-17 03:00:00,196.0,10.3,93,0.0,1021.4,7.8,322
2025-01-17 04:00:00,132.0,10.0,92,0.0,1021.1,8.5,325
2025-01-17 05:00:00,133.0,9.7,91,0.0,1021.3,8.0,326
2025-01-17 06:00:00,118.0,9.6,95,0.0,1022.0,6.9,321
2025-01-17 07:00:00,126.0,9.4,95,0.0,1022.3,7.1,319
2025-01-17 08:00:00,138.0,10.5,92,0.0,1022.7,7.8,318
2025-01-17 09:00:00,157.0,12.2,88,0.0,1023.3,5.1,312
2025-01-17 10:00:00,165.0,14.2,82,0.0,1023.2,4.2,306
2025-01-17 11:00:00,166.0,16.1,75,0.0,1021.9,5.0,291
2025-01-17 12:00:00,143.0,17.6,68,0.0,1020.4,6.4,292
2025-01-17 13:00:00,116.0,18.6,60,0.0,1018.8,7.0,291
2025-01-17 14:00:00,112.0,19.0,57,0.0,1017.7,8.2,289
2025-01-17 15:00:00,108.0,18.9,58,0.0,1017.4,8.6,290
2025-01-17 16:00:00,119.0,18.2,62,0.0,1017.2,7.3,287
2025-01-17 17:00:00,128.0,16.4,70,0.0,1017.3,6.3,288
2025-01-17 18:00:00,140.0,14.4,76,0.0,1018.4,6.9,298
2025-01-17 19:00:00,170.0,13.5,79,0.0,1018.7,7.5,314
2025-01-17 20:00:00,161.0,12.7,83,0.0,1019.2,7.8,320
2025-01-17 21:00:00,144.0,11.9,86,0.0,1019.3,7.4,321
2025-01-17 22:00:00,142.0,10.8,90,0.0,1019.4,5.0,311
2025-01-17 23:00:00,130.0,10.2,93,0.0,1019.6,4.8,292
2025-01-18 00:00:00,125.0,9.8,95,0.0,1019.5,5.0,285
2025-01-18 01:00:00,153.0,8.8,97,0.0,1018.8,3.9,283
2025-01-18 02:00:00,137.0,8.5,98,0.0,1018.2,4.2,275
2025-01-18 03:00:00,131.0,8.3,100,0.0,1018.1,6.0,273
2025-01-18 04:00:00,125.0,8.0,100,0.0,1018.4,7.4,274
2025-01-18 05:00:00,122.0,7.8,100,0.0,1018.6,6.7,273
2025-01-18 06:00:00,120.0,9.4,99,0.0,1019.4,5.0,285
2025-01-18 07:00:00,113.0,9.3,100,0.0,1020.4,5.3,288
2025-01-18 08:00:00,113.0,9.9,98,0.0,1021.4,7.3,293
2025-01-18 09:00:00,117.0,10.6,97,0.0,1022.3,5.2,304
2025-01-18 10:00:00,132.0,12.3,89,0.0,1022.0,3.6,340
2025-01-18 11:00:00,137.0,13.9,83,0.0,1020.8,2.0,10
2025-01-18 12:00:00,147.0,15.7,75,0.0,1019.3,2.7,352
2025-01-18 13:00:00,178.0,17.2,69,0.0,1018.1,2.5,315
2025-01-18 14:00:00,177.0,17.9,64,0.0,1017.5,4.4,308
2025-01-18 15:00:00,219.0,18.0,60,0.0,1016.7,3.1,329
2025-01-18 16:00:00,220.0,17.7,62,0.0,1016.1,2.2,24
2025-01-18 17:00:00,200.0,16.2,73,0.0,1016.2,1.0,315
2025-01-18 18:00:00,186.0,15.2,81,0.0,1017.0,1.1,351
2025-01-18 19:00:00,188.0,14.0,84,0.0,1017.2,0.6,304
2025-01-18 20:00:00,196.0,12.7,89,0.0,1017.4,1.3,278
2025-01-18 21:00:00,228.0,12.0,92,0.0,1017.5,2.4,279
2025-01-18 22:00:00,295.0,11.1,95,0.0,1017.8,2.8,288
2025-01-18 23:00:00,222.0,10.1,100,0.0,1017.8,2.7,290
2025-01-19 00:00:00,225.0,9.4,100,0.0,1017.8,4.0,288
2025-01-19 01:00:00,232.0,9.2,100,0.0,1017.7,3.6,273
2025-01-19 02:00:00,232.0,8.5,100,0.0,1017.4,2.9,266
2025-01-19 03:00:00,225.0,8.4,100,0.0,1017.3,2.1,308
2025-01-19 04:00:00,210.0,8.2,100,0.0,1017.1,2.6,321
2025-01-19 05:00:00,220.0,8.2,97,0.0,1017.4,2.3,299
2025-01-19 06:00:00,246.0,9.7,98,0.0,1017.8,2.1,290
2025-01-19 07:00:00,280.0,9.6,99,0.0,1018.7,2.8,305
2025-01-19 08:00:00,293.0,10.0,97,0.0,1019.2,2.6,321
2025-01-19 09:00:00,369.0,11.2,96,0.0,1020.0,1.9,343
2025-01-19 10:00:00,386.0,13.2,93,0.0,1020.3,1.3,16
2025-01-19 11:00:00,238.0,15.2,89,0.0,1019.8,1.8,11
2025-01-19 12:00:00,187.0,18.2,75,0.0,1018.5,2.3,360
2025-01-19 13:00:00,94.0,20.0,67,0.0,1017.1,2.7,352
2025-01-19 15:00:00,95.0,21.3,63,0.0,1015.3,4.4,341
2025-01-19 16:00:00,106.0,20.9,67,0.0,1015.0,4.1,326
2025-01-19 17:00:00,120.0,19.1,78,0.0,1014.8,3.6,323
2025-01-19 18:00:00,129.0,18.6,81,0.0,1015.4,4.6,321
2025-01-19 19:00:00,184.0,17.5,84,0.0,1015.4,4.1,322
2025-01-19 20:00:00,212.0,16.7,86,0.0,1015.9,3.3,324
2025-01-19 21:00:00,230.0,15.8,87,0.0,1016.1,2.8,315
2025-01-19 22:00:00,257.0,14.9,90,0.0,1016.0,4.0,297
2025-01-19 23:00:00,277.0,14.8,89,0.0,1015.8,5.2,292
2025-01-20 00:00:00,296.0,14.4,89,0.0,1015.4,5.9,301
2025-01-20 01:00:00,211.0,13.9,89,0.0,1015.0,6.2,306
2025-01-20 02:00:00,170.0,13.4,90,0.0,1014.7,6.6,299
2025-01-20 03:00:00,187.0,13.0,91,0.0,1014.6,6.7,297
2025-01-20 04:00:00,180.0,12.7,91,0.0,1014.3,7.3,290
2025-01-20 05:00:00,156.0,12.6,91,0.0,1014.4,7.5,287
2025-01-20 06:00:00,156.0,12.3,93,0.0,1015.5,7.7,282
2025-01-20 07:00:00,156.0,12.0,93,0.0,1016.2,8.0,286
2025-01-20 08:00:00,159.0,12.8,92,0.0,1016.8,8.3,281
2025-01-20 09:00:00,154.0,14.6,87,0.0,1017.4,5.6,276
2025-01-20 14:00:00,108.0,22.3,63,0.0,1014.2,10.3,293
2025-01-20 15:00:00,105.0,22.3,61,0.0,1013.6,10.3,297
2025-01-20 16:00:00,121.0,21.5,65,0.0,1013.5,8.5,297
2025-01-20 17:00:00,125.0,19.8,74,0.0,1013.4,6.7,290
2025-01-20 18:00:00,154.0,19.0,78,0.0,1013.7,7.3,281
2025-01-20 19:00:00,179.0,18.3,82,0.0,1014.1,7.9,287
2025-01-20 20:00:00,199.0,17.5,85,0.0,1014.5,7.8,289
2025-01-20 21:00:00,211.0,16.9,86,0.0,1014.8,8.3,297
2025-01-20 22:00:00,194.0,16.1,87,0.0,1015.0,8.2,299
2025-01-20 23:00:00,158.0,15.4,88,0.0,1014.9,8.0,295
2025-01-21 00:00:00,167.0,14.7,90,0.0,1014.4,7.6,295
2025-01-21 01:00:00,162.0,14.1,91,0.0,1014.3,7.8,296
2025-01-21 02:00:00,157.0,13.6,91,0.0,1013.9,7.4,299
2025-01-21 03:00:00,150.0,13.2,91,0.0,1013.8,8.0,301
2025-01-21 04:00:00,148.0,12.7,91,0.0,1013.5,7.9,300
2025-01-21 05:00:00,143.0,12.3,91,0.0,1013.4,7.8,296
2025-01-21 06:00:00,140.0,11.8,90,0.0,1014.1,7.9,286
2025-01-21 07:00:00,150.0,11.4,90,0.0,1014.7,8.3,281
2025-01-21 08:00:00,145.0,12.4,87,0.0,1015.5,9.1,277
2025-01-21 09:00:00,145.0,14.2,82,0.0,1016.0,6.8,273
2025-01-21 10:00:00,117.0,16.5,75,0.0,1016.3,6.1,270
2025-01-21 11:00:00,84.0,18.7,67,0.0,1015.9,6.5,270
2025-01-21 12:00:00,142.0,20.4,62,0.0,1014.7,6.9,279
2025-01-21 13:00:00,102.0,21.5,56,0.0,1013.6,7.7,286
2025-01-21 14:00:00,85.0,22.1,53,0.0,1012.8,8.5,291
2025-01-21 15:00:00,82.0,22.0,53,0.0,1012.2,8.9,294
2025-01-21 16:00:00,87.0,21.2,58,0.0,1012.0,7.8,296
2025-01-21 17:00:00,100.0,19.3,68,0.0,1012.0,6.5,294
2025-01-21 18:00:00,124.0,18.2,72,0.0,1012.4,7.3,290
2025-01-21 19:00:00,161.0,17.4,76,0.0,1013.0,7.8,289
2025-01-21 20:00:00,176.0,16.6,79,0.0,1013.7,7.6,282
2025-01-21 21:00:00,170.0,15.8,80,0.0,1014.1,7.5,287
2025-01-21 22:00:00,156.0,15.2,81,0.0,1014.1,7.9,287
2025-01-21 23:00:00,160.0,14.5,84,0.0,1013.9,7.3,293
2025-01-22 00:00:00,166.0,13.8,86,0.0,1013.8,6.5,302
2025-01-22 01:00:00,135.0,13.2,88,0.0,1013.7,6.5,312
2025-01-22 02:00:00,127.0,12.6,90,0.0,1013.4,5.9,317
2025-01-22 03:00:00,119.0,12.2,91,0.0,1013.1,6.2,322
2025-01-22 04:00:00,136.0,11.6,92,0.0,1012.8,5.2,314
2025-01-22 05:00:00,130.0,11.0,93,0.0,1013.0,4.4,302
2025-01-22 06:00:00,136.0,10.6,95,0.0,1013.8,4.6,281
2025-01-22 07:00:00,120.0,10.6,94,0.0,1014.4,5.2,284
2025-01-22 08:00:00,123.0,11.9,91,0.0,1015.0,6.4,281
2025-01-22 09:00:00,144.0,14.2,85,0.0,1015.5,3.6,279
2025-01-22 10:00:00,121.0,16.9,75,0.0,1015.7,2.7,290
2025-01-22 11:00:00,111.0,19.4,67,0.0,1015.2,2.1,290
2025-01-22 12:00:00,72.0,21.3,59,0.0,1014.1,2.0,280
2025-01-22 13:00:00,67.0,22.6,49,0.0,1012.8,2.2,284
2025-01-22 14:00:00,66.0,23.1,45,0.0,1012.0,2.3,293
2025-01-22 15:00:00,58.0,23.1,44,0.0,1011.6,2.6,295
2025-01-22 16:00:00,51.0,22.5,49,0.0,1011.5,2.9,281
2025-01-22 17:00:00,56.0,20.7,63,0.0,1011.5,3.4,295
2025-01-22 18:00:00,78.0,19.1,67,0.0,1012.5,3.7,313
2025-01-22 19:00:00,115.0,17.9,74,0.0,1013.1,3.9,298
2025-01-22 20:00:00,152.0,17.2,78,0.0,1013.9,4.4,308
2025-01-22 21:00:00,189.0,16.7,80,0.0,1014.2,4.6,315
2025-01-22 22:00:00,247.0,16.2,80,0.0,1014.2,5.2,333
2025-01-22 23:00:00,256.0,15.6,80,0.0,1014.3,6.7,333
2025-01-23 00:00:00,176.0,15.0,81,0.2,1014.5,5.0,311
2025-01-23 01:00:00,123.0,15.0,80,0.4,1014.7,7.5,350
2025-01-23 02:00:00,142.0,13.8,84,0.0,1014.0,4.7,351
2025-01-23 03:00:00,149.0,14.0,84,0.8,1014.1,5.5,224
2025-01-23 04:00:00,158.0,13.5,88,0.1,1013.5,1.7,347
2025-01-23 05:00:00,156.0,12.4,91,0.0,1013.6,4.7,293
2025-01-23 06:00:00,155.0,13.3,95,0.0,1014.4,5.6,295
2025-01-23 07:00:00,181.0,12.2,95,0.0,1015.1,4.7,288
2025-01-23 08:00:00,158.0,13.5,92,0.0,1015.9,6.7,301
2025-01-23 09:00:00,164.0,15.3,86,0.0,1016.8,4.8,292
2025-01-23 10:00:00,175.0,17.6,75,0.0,1017.4,5.4,300
2025-01-23 11:00:00,116.0,19.6,64,0.0,1016.9,6.1,304
2025-01-23 12:00:00,65.0,21.2,52,0.0,1015.8,7.3,301
2025-01-23 13:00:00,43.0,22.2,44,0.0,1014.9,9.3,302
2025-01-23 14:00:00,36.0,22.6,34,0.0,1014.3,10.5,303
2025-01-23 15:00:00,41.0,22.2,38,0.0,1014.1,10.7,305
2025-01-23 16:00:00,38.0,21.1,44,0.0,1014.1,9.9,314
2025-01-23 17:00:00,44.0,19.3,54,0.0,1014.4,8.0,310
2025-01-23 18:00:00,55.0,17.8,60,0.0,1014.7,8.6,300
2025-01-23 19:00:00,97.0,16.7,63,0.0,1015.6,8.7,300
2025-01-23 20:00:00,113.0,16.1,62,0.0,1016.1,9.0,299
2025-01-23 21:00:00,99.0,15.4,63,0.0,1016.4,9.1,300
2025-01-23 22:00:00,92.0,14.7,67,0.0,1016.5,8.5,302
2025-01-23 23:00:00,91.0,14.0,70,0.0,1016.3,7.9,303
2025-01-24 00:00:00,94.0,13.4,71,0.0,1015.8,7.3,303
2025-01-24 01:00:00,102.0,12.8,73,0.0,1015.5,7.1,306
2025-01-24 02:00:00,93.0,12.2,74,0.0,1014.8,7.0,299
2025-01-24 03:00:00,99.0,11.8,75,0.0,1014.6,7.0,291
2025-01-24 04:00:00,121.0,11.2,77,0.0,1014.6,7.1,286
2025-01-24 05:00:00,123.0,10.8,78,0.0,1014.8,7.6,278
2025-01-24 06:00:00,121.0,10.9,84,0.0,1015.3,8.0,279
2025-01-24 07:00:00,117.0,10.6,85,0.0,1016.2,8.9,277
2025-01-24 08:00:00,115.0,11.6,81,0.0,1016.9,8.9,279
2025-01-24 09:00:00,117.0,13.4,74,0.0,1017.6,7.9,282
2025-01-24 10:00:00,96.0,15.8,66,0.0,1017.6,7.5,290
2025-01-24 11:00:00,77.0,18.1,58,0.0,1017.1,7.8,285
2025-01-24 12:00:00,62.0,20.0,50,0.0,1016.1,9.0,282
2025-01-24 13:00:00,53.0,21.2,40,0.0,1015.0,11.3,290
2025-01-24 14:00:00,41.0,21.6,35,0.0,1014.4,12.6,294
2025-01-24 15:00:00,31.0,21.3,36,0.0,1014.1,12.8,294
2025-01-24 16:00:00,36.0,20.4,41,0.0,1013.9,11.3,297
2025-01-24 17:00:00,50.0,18.7,51,0.0,1014.1,9.9,292
2025-01-24 18:00:00,67.0,18.2,53,0.0,1014.6,10.4,291
2025-01-24 19:00:00,89.0,17.0,59,0.0,1015.0,9.9,292
2025-01-24 20:00:00,126.0,16.1,63,0.0,1015.4,9.7,289
2025-01-24 21:00:00,132.0,15.3,65,0.0,1015.6,9.6,287
2025-01-24 22:00:00,116.0,14.6,66,0.0,1015.6,9.6,283
2025-01-24 23:00:00,101.0,13.9,67,0.0,1015.3,9.5,281
2025-01-25 00:00:00,103.0,13.2,67,0.0,1015.0,9.5,285
2025-01-25 01:00:00,90.0,12.5,68,0.0,1014.8,9.5,285
2025-01-25 02:00:00,90.0,11.9,69,0.0,1014.3,9.5,284
2025-01-25 03:00:00,87.0,11.4,70,0.0,1014.1,9.6,282
2025-01-25 04:00:00,79.0,10.9,71,0.0,1014.1,9.7,274
2025-01-25 05:00:00,74.0,10.4,71,0.0,1014.4,10.1,274
2025-01-25 06:00:00,69.0,10.1,76,0.0,1014.9,10.3,275
2025-01-25 07:00:00,63.0,9.7,75,0.0,1015.7,10.3,271
2025-01-25 08:00:00,69.0,10.7,70,0.0,1016.3,10.8,269
2025-01-25 09:00:00,59.0,12.6,63,0.0,1017.0,8.8,269
2025-01-25 10:00:00,53.0,15.0,54,0.0,1017.6,8.3,269
2025-01-25 11:00:00,47.0,17.4,48,0.0,1016.9,8.5,271
2025-01-25 12:00:00,43.0,19.4,41,0.0,1015.9,8.8,275
2025-01-25 13:00:00,45.0,20.8,36,0.0,1014.7,9.5,281
2025-01-25 14:00:00,43.0,21.6,32,0.0,1013.8,10.0,288
2025-01-25 15:00:00,41.0,21.5,33,0.0,1013.4,10.2,287
2025-01-25 16:00:00,49.0,20.6,38,0.0,1013.4,9.7,285
2025-01-25 17:00:00,52.0,18.9,47,0.0,1013.5,8.0,280
2025-01-25 18:00:00,65.0,18.7,46,0.0,1014.0,8.0,275
2025-01-25 19:00:00,119.0,17.5,51,0.0,1014.7,7.8,277
2025-01-25 20:00:00,109.0,16.5,55,0.0,1015.1,8.1,275
2025-01-25 21:00:00,93.0,15.6,57,0.0,1015.4,8.5,276
2025-01-25 22:00:00,91.0,14.7,59,0.0,1015.5,8.1,274
2025-01-25 23:00:00,88.0,13.8,61,0.0,1015.4,7.8,275
2025-01-26 00:00:00,82.0,13.0,63,0.0,1014.8,7.5,280
2025-01-26 01:00:00,88.0,12.4,64,0.0,1014.6,7.7,279
2025-01-26 02:00:00,89.0,11.8,66,0.0,1014.3,7.9,283
2025-01-26 03:00:00,94.0,11.2,67,0.0,1014.1,8.3,288
2025-01-26 04:00:00,90.0,10.8,69,0.0,1014.0,8.4,290
2025-01-26 05:00:00,91.0,10.2,71,0.0,1014.3,7.8,283
2025-01-26 06:00:00,80.0,9.5,80,0.0,1015.3,7.4,276
2025-01-26 07:00:00,79.0,9.1,80,0.0,1015.8,7.7,273
2025-01-26 08:00:00,82.0,10.3,72,0.0,1016.8,9.4,273
2025-01-26 09:00:00,85.0,12.6,60,0.0,1017.5,6.1,275
2025-01-26 10:00:00,87.0,15.5,49,0.0,1017.8,6.0,277
2025-01-26 11:00:00,83.0,18.2,40,0.0,1017.0,7.0,282
2025-01-26 12:00:00,64.0,20.2,34,0.0,1015.5,7.7,288
2025-01-26 13:00:00,56.0,21.5,29,0.0,1014.2,8.3,294
2025-01-26 14:00:00,58.0,22.1,28,0.0,1013.5,8.3,294
2025-01-26 15:00:00,52.0,22.1,29,0.0,1013.0,8.4,289
2025-01-26 16:00:00,59.0,21.4,32,0.0,1012.9,8.3,283
2025-01-26 17:00:00,52.0,19.8,39,0.0,1012.9,6.7,268
2025-01-26 18:00:00,77.0,18.9,47,0.0,1013.2,6.2,258
2025-01-26 19:00:00,106.0,17.8,54,0.0,1013.8,5.9,268
2025-01-26 20:00:00,146.0,16.6,58,0.0,1014.2,5.1,276
2025-01-26 21:00:00,135.0,15.6,61,0.0,1014.4,4.9,280
2025-01-26 22:00:00,122.0,14.8,63,0.0,1014.7,4.8,283
2025-01-26 23:00:00,109.0,14.0,64,0.0,1014.6,4.9,278
2025-01-27 00:00:00,118.0,13.2,66,0.0,1014.3,5.4,284
2025-01-27 01:00:00,132.0,12.4,68,0.0,1014.1,5.4,291
2025-01-27 02:00:00,146.0,11.6,71,0.0,1013.8,5.6,295
2025-01-27 03:00:00,143.0,10.9,73,0.0,1013.4,5.5,287
2025-01-27 04:00:00,139.0,10.3,75,0.0,1013.3,6.3,283
2025-01-27 05:00:00,127.0,9.7,77,0.0,1013.3,6.8,281
2025-01-27 06:00:00,129.0,9.3,87,0.0,1014.1,6.3,285
2025-01-27 07:00:00,122.0,8.8,88,0.0,1014.9,6.6,279
2025-01-27 08:00:00,118.0,10.0,81,0.0,1015.6,7.6,270
2025-01-27 09:00:00,119.0,12.7,67,0.0,1016.3,4.7,272
2025-01-27 10:00:00,107.0,15.8,54,0.0,1016.6,4.7,279
2025-01-27 11:00:00,90.0,18.5,44,0.0,1015.8,5.9,284
2025-01-27 12:00:00,101.0,20.4,35,0.0,1014.4,7.2,288
2025-01-27 13:00:00,71.0,21.6,29,0.0,1013.2,8.3,294
2025-01-27 14:00:00,60.0,22.2,26,0.0,1012.1,9.1,302
2025-01-27 15:00:00,64.0,22.1,27,0.0,1011.4,9.1,308
2025-01-27 16:00:00,70.0,21.3,32,0.0,1011.2,8.9,306
2025-01-27 17:00:00,81.0,19.9,40,0.0,1011.3,6.8,297
2025-01-27 18:00:00,92.0,18.8,47,0.0,1011.4,5.3,278
2025-01-27 19:00:00,128.0,17.9,52,0.0,1011.9,5.8,268
2025-01-27 20:00:00,148.0,17.1,56,0.0,1012.5,6.7,261
2025-01-27 21:00:00,148.0,16.2,59,0.0,1012.7,7.1,263
2025-01-27 22:00:00,133.0,15.5,61,0.0,1012.8,7.4,269
2025-01-27 23:00:00,132.0,14.9,61,0.0,1012.4,8.1,274
2025-01-28 00:00:00,124.0,14.2,60,0.0,1011.8,8.4,277
2025-01-28 01:00:00,118.0,13.5,61,0.0,1011.7,8.0,280
2025-01-28 02:00:00,124.0,12.7,63,0.0,1011.4,8.0,280
2025-01-28 03:00:00,121.0,11.9,66,0.0,1011.3,8.0,286
2025-01-28 04:00:00,98.0,11.1,69,0.0,1011.3,7.5,291
2025-01-28 05:00:00,102.0,10.3,72,0.0,1011.6,6.9,293
2025-01-28 06:00:00,104.0,9.3,81,0.0,1013.3,4.4,289
2025-01-28 07:00:00,124.0,8.9,83,0.0,1014.3,3.8,281
2025-01-28 08:00:00,124.0,10.4,74,0.0,1015.1,5.1,262
2025-01-28 09:00:00,137.0,13.0,62,0.0,1015.8,3.1,263
2025-01-28 10:00:00,122.0,16.1,51,0.0,1015.9,3.4,264
2025-01-28 11:00:00,111.0,18.8,42,0.0,1015.1,3.5,279
2025-01-28 12:00:00,88.0,21.1,33,0.0,1014.0,4.2,288
2025-01-28 13:00:00,89.0,22.6,26,0.0,1012.9,4.5,307
2025-01-28 14:00:00,70.0,23.3,23,0.0,1012.1,5.4,312
2025-01-28 15:00:00,57.0,23.3,23,0.0,1011.6,5.0,308
2025-01-28 16:00:00,70.0,22.7,25,0.0,1011.5,4.6,288
2025-01-28 17:00:00,80.0,21.0,31,0.0,1011.5,3.3,279
2025-01-28 18:00:00,104.0,19.5,41,0.0,1011.9,3.5,291
2025-01-28 19:00:00,126.0,18.5,47,0.0,1012.7,3.2,270
2025-01-28 20:00:00,177.0,17.8,52,0.0,1013.3,1.5,234
2025-01-28 21:00:00,184.0,16.6,57,0.0,1013.8,1.6,153
2025-01-28 22:00:00,174.0,15.0,63,0.0,1014.1,3.7,133
2025-01-28 23:00:00,155.0,13.9,69,0.0,1014.3,4.3,132
2025-01-29 00:00:00,137.0,13.2,75,0.0,1014.2,4.5,133
2025-01-29 01:00:00,159.0,12.4,81,0.0,1014.3,4.6,108
2025-01-29 02:00:00,181.0,12.0,84,0.0,1014.0,5.3,78
2025-01-29 03:00:00,259.0,11.6,84,0.0,1014.0,5.5,79
2025-01-29 04:00:00,331.0,10.9,86,0.0,1014.0,5.4,88
2025-01-29 05:00:00,380.0,10.4,87,0.0,1014.1,5.7,99
2025-01-29 06:00:00,396.0,10.0,89,0.0,1015.3,5.0,111
2025-01-29 07:00:00,364.0,9.7,91,0.0,1016.2,5.6,117
2025-01-29 08:00:00,295.0,11.2,86,0.0,1016.9,6.9,120
2025-01-29 09:00:00,362.0,14.1,73,0.0,1017.7,4.5,124
2025-01-29 10:00:00,345.0,17.4,60,0.0,1017.8,5.9,121
2025-01-29 11:00:00,275.0,20.4,49,0.0,1017.2,7.5,127
2025-01-29 12:00:00,217.0,22.3,40,0.0,1015.9,8.3,129
2025-01-29 13:00:00,155.0,23.5,35,0.0,1014.3,8.6,127
2025-01-29 14:00:00,132.0,23.9,33,0.0,1013.4,8.9,126
2025-01-29 15:00:00,118.0,23.6,36,0.0,1012.6,8.8,123
2025-01-29 16:00:00,115.0,22.8,40,0.0,1012.4,9.1,124
2025-01-29 17:00:00,134.0,21.4,46,0.0,1012.4,8.1,114
2025-01-29 18:00:00,146.0,20.1,55,0.0,1012.7,6.9,107
2025-01-29 19:00:00,161.0,19.0,61,0.0,1013.1,6.0,107
2025-01-29 20:00:00,186.0,18.0,66,0.0,1013.7,5.8,110
2025-01-29 21:00:00,231.0,17.1,69,0.0,1013.9,5.4,116
2025-01-29 22:00:00,233.0,16.3,72,0.0,1013.9,5.8,116
2025-01-29 23:00:00,232.0,15.4,75,0.0,1013.8,5.7,108
2025-01-30 00:00:00,235.0,14.5,78,0.0,1013.3,5.7,108
2025-01-30 01:00:00,236.0,13.7,82,0.0,1012.9,5.9,108
2025-01-30 02:00:00,232.0,13.0,85,0.0,1012.4,5.5,107
2025-01-30 03:00:00,222.0,12.3,88,0.0,1011.9,5.5,107
2025-01-30 04:00:00,211.0,11.9,90,0.0,1011.6,5.8,116
2025-01-30 05:00:00,203.0,11.5,91,0.0,1011.4,5.4,111
2025-01-30 06:00:00,206.0,11.2,93,0.0,1012.1,5.2,124
2025-01-30 07:00:00,226.0,11.1,93,0.0,1012.7,4.8,127
2025-01-30 08:00:00,261.0,12.6,85,0.0,1013.4,5.8,124
2025-01-30 09:00:00,238.0,15.4,71,0.0,1013.8,4.0,117
2025-01-30 10:00:00,189.0,18.7,58,0.0,1013.8,4.8,121
2025-01-30 11:00:00,145.0,21.3,48,0.0,1013.2,6.0,134
2025-01-30 12:00:00,125.0,23.0,42,0.0,1011.9,6.0,141
2025-01-30 13:00:00,124.0,24.3,38,0.0,1010.4,5.6,147
2025-01-30 14:00:00,111.0,25.0,35,0.0,1009.4,5.3,152
2025-01-30 15:00:00,112.0,25.1,35,0.0,1008.9,5.6,155
2025-01-30 16:00:00,115.0,24.6,37,0.0,1008.7,6.0,155
2025-01-30 17:00:00,116.0,23.6,40,0.0,1008.6,5.7,162
2025-01-30 18:00:00,118.0,22.2,49,0.0,1008.9,5.7,162
2025-01-30 20:00:00,160.0,19.6,65,0.0,1009.8,3.8,163
2025-01-30 21:00:00,169.0,18.4,73,0.0,1010.4,3.8,172
2025-01-30 22:00:00,186.0,17.5,78,0.0,1010.7,3.5,168
2025-01-30 23:00:00,198.0,16.9,82,0.0,1010.7,1.7,139
2025-01-31 00:00:00,202.0,15.8,88,0.0,1010.3,2.0,95
2025-01-31 01:00:00,211.0,14.8,92,0.0,1010.2,3.6,87
2025-01-31 03:00:00,196.0,13.5,96,0.0,1009.5,3.2,109
2025-01-31 04:00:00,186.0,12.9,97,0.0,1009.3,2.2,99
2025-01-31 08:00:00,213.0,12.6,97,0.0,1012.0,4.7,152
2025-01-31 09:00:00,221.0,14.8,88,0.0,1012.9,4.1,142
2025-01-31 10:00:00,13.0,18.4,69,0.0,1013.1,2.8,153
2025-01-31 11:00:00,166.0,22.1,56,0.0,1012.4,3.5,159
2025-01-31 12:00:00,146.0,24.2,47,0.0,1011.5,3.0,147
2025-01-31 13:00:00,146.0,25.7,33,0.0,1010.4,3.9,158
2025-01-31 14:00:00,132.0,26.5,25,0.0,1009.7,5.2,178
2025-01-31 15:00:00,132.0,26.5,24,0.0,1009.1,6.9,189
2025-01-31 16:00:00,144.0,25.9,24,0.0,1009.0,8.2,194
2025-01-31 17:00:00,173.0,25.0,26,0.0,1009.2,7.4,184
2025-01-31 18:00:00,205.0,22.7,34,0.0,1010.0,2.4,228
2025-01-31 19:00:00,219.0,21.6,38,0.0,1010.7,0.6,326
2025-01-31 20:00:00,225.0,20.1,45,0.0,1011.4,2.3,18
2025-01-31 21:00:00,238.0,18.9,52,0.0,1011.8,2.4,27
2025-01-31 22:00:00,242.0,17.7,60,0.0,1012.2,3.2,47
2025-01-31 23:00:00,254.0,17.0,67,0.0,1012.1,3.0,73
2025-02-01 00:00:00,262.0,16.3,73,0.0,1011.8,3.8,79
2025-02-01 01:00:00,262.0,15.8,78,0.0,1011.5,4.5,90
2025-02-01 02:00:00,264.0,15.3,79,0.0,1011.3,5.3,102
2025-02-01 03:00:00,253.0,14.8,78,0.0,1011.0,5.6,96
2025-02-01 04:00:00,232.0,14.3,79,0.0,1011.1,5.0,105
2025-02-01 05:00:00,227.0,13.9,81,0.0,1011.0,5.1,94
2025-02-01 06:00:00,217.0,12.1,93,0.0,1012.4,3.6,70
2025-02-01 07:00:00,173.0,12.2,93,0.0,1013.3,3.5,111
2025-02-01 08:00:00,165.0,14.1,84,0.0,1014.1,4.3,123
2025-02-01 09:00:00,206.0,17.2,70,0.0,1014.7,3.0,107
2025-02-01 10:00:00,273.0,20.4,57,0.0,1015.2,4.0,117
2025-02-01 11:00:00,275.0,23.0,46,0.0,1014.7,5.4,124
2025-02-01 12:00:00,225.0,24.6,37,0.0,1014.1,6.8,125
2025-02-01 13:00:00,320.0,25.5,33,0.0,1012.9,6.6,131
2025-02-01 14:00:00,219.0,25.6,31,0.0,1012.0,6.2,126
2025-02-01 15:00:00,94.0,25.6,31,0.0,1011.5,6.5,114
2025-02-01 16:00:00,134.0,25.1,33,0.0,1011.5,7.9,110
2025-02-01 17:00:00,196.0,24.1,36,0.0,1011.8,8.1,108
2025-02-01 18:00:00,195.0,21.2,57,0.0,1012.4,3.6,93
2025-02-01 19:00:00,227.0,20.6,63,0.0,1013.0,1.5,21
2025-02-01 20:00:00,242.0,19.8,64,0.0,1013.5,4.0,328
2025-02-01 21:00:00,219.0,18.6,73,0.0,1014.9,11.4,285
2025-02-01 22:00:00,215.0,17.4,80,0.0,1015.2,9.5,316
2025-02-01 23:00:00,198.0,17.0,80,0.0,1015.0,9.3,345
2025-02-02 00:00:00,177.0,16.2,81,0.0,1015.0,8.4,344
2025-02-02 01:00:00,170.0,15.2,84,0.0,1014.8,8.4,351
2025-02-02 02:00:00,174.0,14.8,85,0.0,1014.2,7.1,353
2025-02-02 04:00:00,191.0,14.6,85,0.0,1014.1,4.5,326
2025-02-02 05:00:00,177.0,14.1,86,0.0,1014.2,4.5,331
2025-02-02 06:00:00,183.0,13.8,92,0.0,1015.0,4.9,309
2025-02-02 07:00:00,168.0,13.7,92,0.0,1015.6,6.6,299
2025-02-02 08:00:00,183.0,14.9,86,0.0,1016.7,6.6,296
2025-02-02 09:00:00,208.0,17.2,75,0.0,1017.4,4.8,304
2025-02-02 10:00:00,227.0,19.8,63,0.0,1017.7,4.9,306
2025-02-02 11:00:00,238.0,22.0,50,0.0,1017.2,6.2,316
2025-02-02 12:00:00,197.0,23.2,44,0.0,1016.2,7.5,327
2025-02-02 13:00:00,183.0,23.9,39,0.0,1015.1,9.4,329
2025-02-02 14:00:00,174.0,24.1,36,0.0,1014.3,10.7,327
2025-02-02 15:00:00,167.0,23.8,36,0.0,1013.9,10.9,322
2025-02-02 16:00:00,173.0,22.9,40,0.0,1013.9,10.7,320
2025-02-02 17:00:00,172.0,21.6,47,0.0,1014.0,8.5,322
2025-02-02 18:00:00,163.0,19.4,66,0.0,1014.5,6.9,303
2025-02-02 19:00:00,169.0,18.5,73,0.0,1015.0,6.9,307
2025-02-02 20:00:00,174.0,17.7,77,0.0,1015.7,6.3,305
2025-02-02 21:00:00,195.0,17.0,79,0.0,1015.9,6.5,298
2025-02-02 22:00:00,184.0,16.1,81,0.0,1016.1,6.9,293
2025-02-02 23:00:00,165.0,15.2,83,0.0,1015.9,7.1,304
2025-02-03 00:00:00,153.0,14.4,82,0.0,1015.2,7.4,315
2025-02-03 01:00:00,146.0,13.7,82,0.0,1014.6,7.2,321
2025-02-03 02:00:00,138.0,12.9,84,0.0,1014.2,6.6,323
2025-02-03 03:00:00,153.0,12.2,86,0.0,1014.1,5.4,323
2025-02-03 04:00:00,158.0,11.6,87,0.0,1013.9,5.0,325
2025-02-03 05:00:00,153.0,11.1,87,0.0,1013.9,5.0,319
2025-02-03 06:00:00,143.0,11.2,92,0.0,1014.8,5.0,319
2025-02-03 07:00:00,125.0,11.0,91,0.0,1015.4,5.0,314
2025-02-03 08:00:00,120.0,12.4,85,0.0,1016.2,5.8,277
2025-02-03 09:00:00,192.0,14.7,72,0.0,1016.9,3.5,305
2025-02-03 10:00:00,136.0,17.5,60,0.0,1016.9,3.2,317
2025-02-03 11:00:00,8.0,20.0,45,0.0,1016.1,4.5,320
2025-02-03 12:00:00,100.0,21.7,35,0.0,1014.6,5.6,312
2025-02-03 13:00:00,55.0,22.7,31,0.0,1013.6,5.7,302
2025-02-03 14:00:00,53.0,23.2,30,0.0,1012.8,5.4,307
2025-02-03 15:00:00,50.0,23.2,31,0.0,1012.6,4.7,317
2025-02-03 16:00:00,74.0,22.7,33,0.0,1012.7,4.3,332
2025-02-03 17:00:00,70.0,21.3,42,0.0,1013.0,3.0,17
2025-02-03 18:00:00,74.0,18.9,56,0.0,1014.0,4.4,27
2025-02-03 19:00:00,104.0,17.9,62,0.0,1014.7,4.6,21
2025-02-03 20:00:00,111.0,16.8,67,0.0,1015.3,4.5,14
2025-02-03 21:00:00,106.0,16.0,72,0.0,1015.5,3.4,47
2025-02-03 22:00:00,119.0,15.4,71,0.6,1015.7,3.5,69
2025-02-03 23:00:00,129.0,15.1,74,0.5,1015.3,4.1,67
2025-02-04 00:00:00,132.0,14.1,77,0.0,1015.1,4.0,90
2025-02-04 01:00:00,141.0,14.0,77,0.2,1014.8,3.1,31
2025-02-04 02:00:00,136.0,13.5,80,0.4,1014.6,4.4,19
2025-02-04 03:00:00,120.0,13.3,78,0.0,1014.2,1.7,49
2025-02-04 04:00:00,101.0,12.5,81,0.0,1014.1,2.1,59
2025-02-04 05:00:00,105.0,12.4,82,0.0,1014.4,1.3,172
2025-02-04 06:00:00,114.0,14.2,79,0.0,1015.7,0.9,79
2025-02-04 07:00:00,119.0,14.4,76,0.0,1016.1,4.2,65
2025-02-04 08:00:00,148.0,14.8,75,0.0,1016.6,3.6,131
2025-02-04 09:00:00,153.0,16.2,70,0.1,1017.2,3.1,130
2025-02-04 10:00:00,135.0,17.8,63,0.0,1017.3,5.7,139
2025-02-04 11:00:00,141.0,20.3,53,0.0,1016.8,4.1,146
2025-02-04 12:00:00,128.0,22.2,47,0.0,1015.5,3.2,146
2025-02-04 13:00:00,92.0,22.8,48,0.0,1014.3,0.9,191
2025-02-04 14:00:00,118.0,23.2,47,0.0,1013.4,1.0,301
2025-02-04 15:00:00,165.0,23.0,48,0.0,1013.0,1.8,354
2025-02-04 16:00:00,193.0,22.6,50,0.0,1012.7,2.7,53
2025-02-04 17:00:00,193.0,21.7,57,0.0,1012.6,5.5,67
2025-02-04 18:00:00,208.0,19.6,74,0.0,1013.1,3.8,65
2025-02-04 19:00:00,214.0,18.8,82,0.0,1013.6,2.0,27
2025-02-04 20:00:00,230.0,18.2,83,0.0,1013.9,3.8,82
2025-02-04 21:00:00,240.0,17.5,87,0.0,1014.0,3.7,119
2025-02-04 22:00:00,235.0,17.1,91,0.0,1013.7,3.6,135
2025-02-04 23:00:00,206.0,16.7,89,0.2,1014.0,6.5,312
2025-02-05 00:00:00,197.0,16.0,85,0.0,1013.8,6.1,360
2025-02-05 01:00:00,164.0,15.1,89,0.1,1014.0,7.3,324
2025-02-05 02:00:00,156.0,14.6,92,0.3,1013.7,6.1,310
2025-02-05 03:00:00,139.0,14.0,96,0.0,1013.5,5.8,330
2025-02-05 04:00:00,126.0,13.5,96,0.0,1013.7,6.1,328
2025-02-05 05:00:00,121.0,12.8,96,0.0,1014.1,4.9,324
2025-02-05 06:00:00,132.0,12.5,94,0.0,1014.8,7.5,291
2025-02-05 07:00:00,130.0,12.3,94,0.0,1015.5,7.6,289
2025-02-05 08:00:00,139.0,13.5,86,0.0,1016.3,7.1,286
2025-02-05 09:00:00,120.0,15.5,76,0.0,1017.3,5.2,286
2025-02-05 10:00:00,111.0,17.8,64,0.0,1017.7,6.1,293
2025-02-05 11:00:00,97.0,19.7,52,0.0,1017.5,8.0,308
2025-02-05 12:00:00,69.0,21.1,40,0.0,1016.4,9.8,317
2025-02-05 13:00:00,48.0,21.8,34,0.0,1015.6,10.2,316
2025-02-05 14:00:00,48.0,22.0,30,0.0,1014.8,10.6,313
2025-02-05 15:00:00,43.0,21.7,30,0.0,1014.5,11.1,309
2025-02-05 16:00:00,37.0,20.9,33,0.0,1014.6,10.3,299
2025-02-05 17:00:00,34.0,19.7,39,0.0,1014.8,8.4,289
2025-02-05 18:00:00,54.0,19.0,41,0.0,1015.4,7.0,274
2025-02-05 19:00:00,100.0,17.9,49,0.0,1016.2,5.9,272
2025-02-05 20:00:00,112.0,16.8,56,0.0,1016.8,4.7,270
2025-02-05 21:00:00,135.0,15.9,60,0.0,1017.4,4.5,268
2025-02-05 22:00:00,156.0,15.1,62,0.0,1017.8,5.1,293
2025-02-05 23:00:00,153.0,14.6,58,0.0,1017.6,5.6,312
2025-02-06 00:00:00,131.0,14.2,55,0.0,1017.4,7.2,328
2025-02-06 01:00:00,134.0,13.7,56,0.0,1017.3,9.6,337
2025-02-06 02:00:00,129.0,13.3,57,0.0,1016.6,9.9,333
2025-02-06 03:00:00,135.0,13.0,58,0.0,1016.4,11.4,333
2025-02-06 04:00:00,132.0,12.9,57,0.0,1016.2,12.7,337
2025-02-06 05:00:00,128.0,12.5,58,0.0,1016.4,11.9,340
2025-02-06 06:00:00,118.0,11.4,77,0.0,1017.7,9.4,334
2025-02-06 07:00:00,118.0,11.2,76,0.0,1018.3,8.7,326
2025-02-06 08:00:00,126.0,12.7,71,0.0,1018.8,9.7,313
2025-02-06 09:00:00,128.0,15.3,61,0.0,1019.2,6.8,307
2025-02-06 10:00:00,103.0,18.2,49,0.0,1019.2,8.1,307
2025-02-06 11:00:00,76.0,20.3,34,0.0,1018.7,12.6,312
2025-02-06 12:00:00,46.0,21.4,26,0.0,1017.6,15.4,315
2025-02-06 13:00:00,31.0,21.8,24,0.0,1016.6,16.0,314
2025-02-06 14:00:00,36.0,21.7,26,0.0,1015.8,16.0,314
2025-02-06 15:00:00,34.0,21.2,29,0.0,1015.4,16.2,313
2025-02-06 16:00:00,39.0,20.3,35,0.0,1015.2,16.9,313
2025-02-06 17:00:00,44.0,19.2,38,0.0,1015.3,13.4,311
2025-02-06 18:00:00,61.0,18.6,44,0.0,1015.7,11.0,305
2025-02-06 19:00:00,84.0,17.5,48,0.0,1016.3,12.0,294
2025-02-06 20:00:00,90.0,16.5,48,0.0,1017.1,12.7,301
2025-02-06 21:00:00,93.0,15.6,50,0.0,1017.7,12.1,303
2025-02-06 22:00:00,77.0,14.9,53,0.0,1017.7,12.1,307
2025-02-06 23:00:00,80.0,14.2,55,0.0,1017.9,13.3,310
2025-02-07 00:00:00,95.0,13.8,56,0.0,1017.7,13.9,309
2025-02-07 01:00:00,87.0,13.2,57,0.0,1017.4,13.0,307
2025-02-07 02:00:00,99.0,12.7,57,0.0,1017.0,12.5,306
2025-02-07 03:00:00,103.0,12.2,58,0.0,1016.5,11.5,302
2025-02-07 04:00:00,98.0,11.7,59,0.0,1016.6,11.1,295
2025-02-07 05:00:00,93.0,11.4,60,0.0,1016.6,11.6,292
2025-02-07 06:00:00,85.0,11.1,71,0.0,1017.1,11.8,290
2025-02-07 07:00:00,83.0,10.9,70,0.0,1017.6,12.8,290
2025-02-07 08:00:00,87.0,12.1,64,0.0,1018.2,10.8,291
2025-02-07 09:00:00,79.0,14.1,57,0.0,1018.7,10.5,292
2025-02-07 10:00:00,65.0,16.5,49,0.0,1018.6,10.7,292
2025-02-07 11:00:00,47.0,18.5,42,0.0,1018.1,11.7,295
2025-02-07 12:00:00,36.0,20.1,37,0.0,1017.3,13.9,294
2025-02-07 13:00:00,27.0,21.1,31,0.0,1016.5,16.3,296
2025-02-07 14:00:00,42.0,21.4,28,0.0,1015.7,17.3,298
2025-02-07 15:00:00,41.0,21.3,27,0.0,1015.2,17.2,297
2025-02-07 16:00:00,39.0,20.5,33,0.0,1015.0,16.0,294
2025-02-07 17:00:00,31.0,19.3,38,0.0,1015.1,13.1,293
2025-02-07 18:00:00,44.0,18.8,42,0.0,1015.5,11.8,291
2025-02-07 19:00:00,71.0,17.8,46,0.0,1016.3,11.1,284
2025-02-07 20:00:00,75.0,16.8,49,0.0,1016.7,11.1,284
2025-02-07 21:00:00,68.0,16.0,50,0.0,1016.7,11.2,286
2025-02-07 22:00:00,65.0,15.2,51,0.0,1016.7,11.2,286
2025-02-07 23:00:00,82.0,14.5,52,0.0,1016.5,11.4,286
2025-02-08 00:00:00,104.0,14.0,53,0.0,1015.6,11.2,294
2025-02-08 01:00:00,91.0,13.5,53,0.0,1015.1,11.1,299
2025-02-08 02:00:00,69.0,13.2,53,0.0,1014.6,11.2,298
2025-02-08 03:00:00,78.0,12.8,53,0.0,1014.4,10.9,294
2025-02-08 04:00:00,77.0,12.6,53,0.0,1014.2,11.0,296
2025-02-08 05:00:00,83.0,12.4,53,0.0,1014.3,10.7,293
2025-02-08 06:00:00,89.0,11.5,64,0.0,1015.6,11.3,287
2025-02-08 07:00:00,78.0,11.3,65,0.0,1016.3,11.1,283
2025-02-08 08:00:00,83.0,12.6,61,0.0,1017.1,10.1,275
2025-02-08 09:00:00,82.0,14.7,54,0.0,1017.8,9.7,281
2025-02-08 10:00:00,69.0,17.3,47,0.0,1018.2,10.0,288
2025-02-08 11:00:00,67.0,19.8,40,0.0,1017.6,10.5,295
2025-02-08 12:00:00,56.0,21.9,35,0.0,1016.4,11.2,302
2025-02-08 13:00:00,53.0,23.3,28,0.0,1015.1,12.4,310
2025-02-08 14:00:00,34.0,23.9,26,0.0,1014.1,12.9,314
2025-02-08 15:00:00,37.0,23.6,27,0.0,1013.6,12.1,313
2025-02-08 16:00:00,38.0,22.8,32,0.0,1013.3,10.1,311
2025-02-08 17:00:00,38.0,21.3,42,0.0,1013.6,7.0,302
2025-02-08 18:00:00,83.0,20.6,44,0.0,1013.9,4.2,290
2025-02-08 19:00:00,107.0,19.7,50,0.0,1015.0,4.5,275
2025-02-08 20:00:00,93.0,19.0,55,0.0,1015.5,5.2,264
2025-02-08 21:00:00,98.0,18.0,60,0.0,1016.0,6.1,258
2025-02-08 22:00:00,100.0,17.2,63,0.0,1016.3,6.8,259
2025-02-08 23:00:00,114.0,16.6,64,0.0,1016.2,7.2,269
2025-02-09 00:00:00,122.0,16.0,64,0.0,1015.9,7.4,276
2025-02-09 01:00:00,131.0,15.3,65,0.0,1015.5,6.9,285
2025-02-09 02:00:00,166.0,14.6,68,0.0,1014.9,6.4,286
2025-02-09 03:00:00,132.0,13.9,72,0.0,1014.5,6.0,299
2025-02-09 04:00:00,117.0,13.3,74,0.0,1014.1,5.6,301
2025-02-09 05:00:00,106.0,12.5,76,0.0,1014.1,4.9,298
2025-02-09 06:00:00,99.0,11.2,85,0.0,1015.0,4.2,306
2025-02-09 07:00:00,99.0,11.0,86,0.0,1015.5,3.8,301
2025-02-09 08:00:00,102.0,12.9,77,0.0,1016.2,4.7,286
2025-02-09 09:00:00,92.0,15.8,63,0.0,1017.0,2.3,302
2025-02-09 10:00:00,93.0,19.2,49,0.0,1017.0,2.4,287
2025-02-09 11:00:00,84.0,22.1,37,0.0,1016.3,3.5,298
2025-02-09 12:00:00,78.0,24.1,27,0.0,1015.2,5.2,311
2025-02-09 13:00:00,71.0,25.3,22,0.0,1013.9,5.9,308
2025-02-09 14:00:00,66.0,25.8,21,0.0,1013.0,6.5,304
2025-02-09 15:00:00,42.0,25.7,23,0.0,1012.5,6.9,301
2025-02-09 16:00:00,56.0,24.9,26,0.0,1012.3,7.0,302
2025-02-09 17:00:00,58.0,23.3,34,0.0,1012.3,5.4,300
2025-02-09 18:00:00,103.0,21.6,44,0.0,1012.7,4.3,298
2025-02-09 19:00:00,109.0,20.4,54,0.0,1013.3,3.8,301
2025-02-09 20:00:00,144.0,19.4,62,0.0,1013.8,3.1,301
2025-02-09 21:00:00,165.0,18.4,67,0.0,1014.3,2.7,332
2025-02-09 22:00:00,174.0,17.3,72,0.0,1014.2,2.3,342
2025-02-09 23:00:00,177.0,16.5,75,0.0,1013.8,1.2,321
2025-02-10 00:00:00,195.0,15.5,79,0.0,1013.4,1.9,287
2025-02-10 01:00:00,194.0,14.7,83,0.0,1013.2,3.1,301
2025-02-10 02:00:00,196.0,13.8,85,0.0,1012.9,4.4,300
2025-02-10 03:00:00,178.0,13.2,87,0.0,1012.7,4.1,299
2025-02-10 04:00:00,164.0,12.6,88,0.0,1012.4,4.0,309
2025-02-10 05:00:00,165.0,12.0,90,0.0,1012.5,4.2,313
2025-02-10 06:00:00,174.0,11.9,93,0.0,1013.8,3.6,290
2025-02-10 07:00:00,178.0,12.1,92,0.0,1014.2,3.8,275
2025-02-10 08:00:00,202.0,14.3,80,0.0,1015.2,4.4,263
2025-02-10 09:00:00,146.0,17.7,64,0.0,1016.0,2.3,247
2025-02-10 10:00:00,111.0,21.5,47,0.0,1016.4,2.6,258
2025-02-10 11:00:00,72.0,24.6,31,0.0,1015.9,3.6,290
2025-02-10 12:00:00,63.0,26.6,22,0.0,1014.9,4.6,296
2025-02-10 13:00:00,48.0,27.6,18,0.0,1013.7,5.5,287
2025-02-10 14:00:00,55.0,27.9,18,0.0,1012.9,6.1,294
2025-02-10 15:00:00,59.0,27.6,19,0.0,1012.3,6.4,310
2025-02-10 16:00:00,61.0,26.8,22,0.0,1012.3,6.6,327
2025-02-10 17:00:00,64.0,25.3,30,0.0,1012.3,6.5,346
2025-02-10 18:00:00,72.0,23.2,37,0.0,1012.7,4.0,321
2025-02-10 19:00:00,86.0,21.9,50,0.0,1013.5,3.8,335
2025-02-10 20:00:00,111.0,20.5,61,0.0,1014.0,3.8,3
2025-02-10 21:00:00,129.0,19.3,69,0.0,1014.3,4.0,18
2025-02-10 22:00:00,163.0,18.2,75,0.0,1014.6,4.0,27
2025-02-10 23:00:00,165.0,17.2,81,0.0,1014.4,3.1,28
2025-02-11 00:00:00,182.0,16.6,83,0.0,1014.0,1.7,13
2025-02-11 01:00:00,166.0,15.6,87,0.0,1013.4,2.2,42
2025-02-11 02:00:00,214.0,15.0,90,0.0,1012.6,2.2,14
2025-02-11 03:00:00,137.0,14.6,90,0.0,1012.6,2.4,279
2025-02-11 04:00:00,150.0,14.5,90,0.0,1012.5,4.0,328
2025-02-11 05:00:00,158.0,14.1,90,0.0,1012.7,4.0,267
2025-02-11 06:00:00,158.0,13.2,96,0.0,1013.7,4.3,268
2025-02-11 07:00:00,185.0,12.7,98,0.0,1014.1,4.6,281
2025-02-11 08:00:00,192.0,14.3,90,0.0,1014.8,4.1,283
2025-02-11 09:00:00,179.0,18.1,73,0.0,1015.5,2.8,285
2025-02-11 10:00:00,86.0,21.8,54,0.0,1015.8,2.0,280
2025-02-11 11:00:00,73.0,24.7,36,0.0,1015.1,2.4,261
2025-02-11 12:00:00,72.0,26.4,33,0.0,1014.1,3.6,264
2025-02-11 13:00:00,66.0,27.5,29,0.0,1013.0,4.2,282
2025-02-11 14:00:00,57.0,28.2,24,0.0,1011.9,6.1,300
2025-02-11 15:00:00,89.0,27.8,25,0.0,1011.3,8.3,326
2025-02-11 16:00:00,57.0,26.2,35,0.0,1011.3,9.4,347
2025-02-11 17:00:00,67.0,24.6,42,0.0,1011.5,7.0,359
2025-02-11 18:00:00,68.0,24.6,40,0.0,1011.6,5.4,345
2025-02-11 19:00:00,89.0,22.7,52,0.0,1012.2,3.6,351
2025-02-11 20:00:00,98.0,21.3,59,0.0,1012.6,3.5,39
2025-02-11 21:00:00,104.0,20.2,62,0.0,1013.1,4.8,29
2025-02-11 22:00:00,113.0,19.0,68,0.0,1013.6,5.9,27
2025-02-11 23:00:00,109.0,17.8,70,0.0,1013.3,4.0,10
2025-02-12 00:00:00,112.0,17.4,70,0.0,1013.2,1.1,288
2025-02-12 01:00:00,130.0,16.6,70,0.0,1013.1,4.2,340
2025-02-12 02:00:00,168.0,16.1,70,0.0,1012.8,5.3,352
2025-02-12 03:00:00,186.0,15.6,68,0.0,1012.3,5.3,350
2025-02-12 04:00:00,153.0,15.3,66,0.0,1012.3,5.4,326
2025-02-12 05:00:00,123.0,14.8,66,0.0,1012.8,6.3,307
2025-02-12 06:00:00,97.0,14.3,79,0.0,1013.6,7.4,296
2025-02-12 07:00:00,91.0,14.2,77,0.0,1014.2,8.1,295
2025-02-12 08:00:00,88.0,15.6,70,0.0,1015.2,7.6,282
2025-02-12 09:00:00,68.0,17.9,60,0.0,1016.3,7.3,298
2025-02-12 10:00:00,66.0,20.7,49,0.0,1016.3,7.3,300
2025-02-12 11:00:00,48.0,23.4,37,0.0,1015.8,10.0,306
2025-02-12 12:00:00,32.0,24.8,27,0.0,1015.0,16.0,320
2025-02-12 13:00:00,27.0,25.1,26,0.0,1014.0,15.8,318
2025-02-12 14:00:00,25.0,25.2,25,0.0,1013.0,14.1,313
2025-02-12 15:00:00,29.0,24.9,25,0.0,1013.1,15.7,304
2025-02-12 16:00:00,28.0,23.9,30,0.0,1013.3,15.6,301
2025-02-12 17:00:00,27.0,22.7,35,0.0,1013.3,13.7,295
2025-02-12 18:00:00,36.0,22.2,40,0.0,1014.0,12.7,286
2025-02-12 19:00:00,59.0,21.0,45,0.0,1014.7,12.9,286
2025-02-12 20:00:00,69.0,20.1,46,0.0,1015.3,12.9,290
2025-02-12 21:00:00,76.0,19.3,45,0.0,1015.6,12.9,298
2025-02-12 22:00:00,70.0,18.5,45,0.0,1016.1,12.0,305
2025-02-12 23:00:00,70.0,17.7,44,0.0,1015.9,12.0,315
2025-02-13 00:00:00,67.0,17.0,45,0.0,1015.6,12.0,319
2025-02-13 01:00:00,66.0,16.3,48,0.0,1015.4,12.0,321
2025-02-13 02:00:00,69.0,15.7,50,0.0,1015.0,12.4,324
2025-02-13 03:00:00,80.0,15.1,55,0.0,1014.5,11.0,319
2025-02-13 04:00:00,78.0,14.6,57,0.0,1014.1,10.1,313
2025-02-13 05:00:00,68.0,14.3,58,0.0,1014.2,9.9,302
2025-02-13 06:00:00,77.0,14.3,62,0.0,1014.5,12.8,299
2025-02-13 07:00:00,79.0,14.1,63,0.0,1015.3,12.8,296
2025-02-13 08:00:00,74.0,15.1,60,0.0,1016.1,10.1,276
2025-02-13 09:00:00,69.0,17.1,54,0.0,1016.9,11.2,280
2025-02-13 10:00:00,56.0,19.5,45,0.0,1017.0,11.8,287
2025-02-13 11:00:00,56.0,21.7,36,0.0,1016.6,13.4,298
2025-02-13 12:00:00,44.0,23.2,29,0.0,1015.4,14.8,303
2025-02-13 13:00:00,34.0,24.0,25,0.0,1014.2,15.9,307
2025-02-13 14:00:00,31.0,24.3,22,0.0,1013.5,16.8,308
2025-02-13 16:00:00,29.0,23.2,28,0.0,1012.7,15.5,301
2025-02-13 17:00:00,24.0,22.0,36,0.0,1012.9,14.4,294
2025-02-13 18:00:00,35.0,21.2,43,0.0,1013.5,11.5,290
2025-02-13 19:00:00,47.0,20.2,46,0.0,1014.1,11.7,285
2025-02-13 20:00:00,59.0,19.2,46,0.0,1014.7,12.1,287
2025-02-13 21:00:00,64.0,18.4,45,0.0,1014.7,11.8,291
2025-02-13 22:00:00,55.0,17.7,43,0.0,1014.8,11.8,293
2025-02-13 23:00:00,62.0,17.1,41,0.0,1014.5,10.1,297
2025-02-14 00:00:00,63.0,16.4,41,0.0,1013.9,9.4,306
2025-02-14 01:00:00,59.0,15.7,42,0.0,1013.6,8.3,297
2025-02-14 02:00:00,61.0,15.0,44,0.0,1013.5,8.3,294
2025-02-14 03:00:00,61.0,14.5,46,0.0,1013.3,8.4,293
2025-02-14 04:00:00,59.0,13.9,48,0.0,1012.8,8.2,285
2025-02-14 05:00:00,58.0,13.5,50,0.0,1012.8,8.2,284
2025-02-14 06:00:00,68.0,12.8,59,0.0,1013.6,10.1,287
2025-02-14 07:00:00,80.0,12.8,58,0.0,1014.1,10.1,281
2025-02-14 08:00:00,78.0,14.4,52,0.0,1014.8,9.8,276
2025-02-14 09:00:00,67.0,16.7,45,0.0,1015.5,10.1,282
2025-02-14 10:00:00,64.0,19.4,38,0.0,1015.6,10.6,285
2025-02-14 11:00:00,46.0,21.9,31,0.0,1014.8,11.4,286
2025-02-14 12:00:00,44.0,23.8,23,0.0,1013.5,12.9,288
2025-02-14 13:00:00,30.0,24.8,22,0.0,1012.3,13.5,293
2025-02-14 14:00:00,47.0,25.3,22,0.0,1011.4,13.9,293
2025-02-14 15:00:00,36.0,25.0,24,0.0,1010.8,13.1,291
2025-02-14 16:00:00,35.0,24.4,27,0.0,1010.4,12.7,293
2025-02-14 17:00:00,46.0,23.1,32,0.0,1010.5,10.8,291
2025-02-14 18:00:00,48.0,22.4,36,0.0,1010.8,9.5,284
2025-02-14 19:00:00,64.0,21.4,40,0.0,1011.5,9.3,286
2025-02-14 20:00:00,74.0,20.6,42,0.0,1012.0,8.8,298
2025-02-14 21:00:00,91.0,19.9,42,0.0,1012.1,9.2,313
2025-02-14 22:00:00,110.0,19.6,42,0.0,1012.1,8.9,324
2025-02-14 23:00:00,109.0,18.5,46,0.0,1011.8,5.6,315
2025-02-15 00:00:00,104.0,17.1,52,0.0,1011.0,4.1,308
2025-02-15 01:00:00,107.0,16.6,53,0.0,1010.6,4.2,310
2025-02-15 02:00:00,103.0,16.0,56,0.0,1009.7,3.6,315
2025-02-15 03:00:00,102.0,15.2,60,0.0,1009.3,3.2,254
2025-02-15 04:00:00,91.0,15.0,59,0.0,1009.4,4.4,263
2025-02-15 05:00:00,85.0,14.4,62,0.0,1009.2,3.7,284
2025-02-15 06:00:00,93.0,13.8,68,0.0,1010.4,4.0,260
2025-02-15 07:00:00,98.0,14.0,68,0.0,1011.3,3.5,255
2025-02-15 08:00:00,102.0,16.1,59,0.0,1011.9,2.9,274
2025-02-15 09:00:00,89.0,19.6,47,0.0,1012.5,1.5,306
2025-02-15 10:00:00,102.0,22.7,35,0.0,1012.5,1.5,353
2025-02-15 11:00:00,88.0,24.3,30,0.0,1012.1,6.8,17
2025-02-15 12:00:00,61.0,24.7,31,0.0,1011.4,9.2,20
2025-02-15 13:00:00,62.0,25.2,27,0.0,1010.6,10.1,27
2025-02-15 14:00:00,64.0,25.3,27,0.0,1009.9,9.3,36
2025-02-15 15:00:00,74.0,25.1,28,0.0,1009.3,10.3,46
2025-02-15 16:00:00,63.0,24.3,30,0.0,1009.4,10.2,51
2025-02-15 17:00:00,56.0,23.4,34,0.0,1009.9,10.1,50
2025-02-15 18:00:00,62.0,23.7,34,0.0,1009.9,6.3,27
2025-02-15 19:00:00,63.0,22.3,40,0.0,1010.7,5.4,21
2025-02-15 20:00:00,92.0,20.8,49,0.0,1011.6,5.0,26
2025-02-15 21:00:00,93.0,19.5,53,0.0,1012.0,4.6,54
2025-02-15 22:00:00,108.0,18.8,52,0.0,1011.7,4.6,101
2025-02-15 23:00:00,126.0,17.9,55,0.0,1011.6,3.5,125
2025-02-16 00:00:00,140.0,17.9,60,0.0,1011.2,0.7,90
2025-02-16 01:00:00,175.0,16.9,59,0.0,1011.3,0.6,236
2025-02-16 02:00:00,231.0,15.7,62,0.0,1011.2,3.1,13
2025-02-16 03:00:00,252.0,15.1,65,0.0,1011.0,4.5,14
2025-02-16 04:00:00,253.0,14.0,73,0.0,1010.9,2.7,20
2025-02-16 05:00:00,251.0,13.4,75,0.0,1010.9,2.7,32
2025-02-16 06:00:00,254.0,12.5,87,0.0,1012.5,3.1,40
2025-02-16 07:00:00,255.0,12.9,86,0.0,1013.0,2.9,30
2025-02-16 08:00:00,265.0,15.3,74,0.0,1013.7,2.4,42
2025-02-16 09:00:00,231.0,19.1,58,0.0,1014.3,0.7,90
2025-02-16 10:00:00,164.0,22.3,47,0.0,1014.3,1.9,61
2025-02-16 11:00:00,90.0,24.6,35,0.0,1013.7,2.4,54
2025-02-16 12:00:00,79.0,26.1,30,0.0,1012.9,0.4,153
2025-02-16 13:00:00,77.0,26.9,26,0.0,1011.5,2.2,204
2025-02-16 14:00:00,64.0,27.4,25,0.0,1010.5,3.3,234
2025-02-16 15:00:00,58.0,27.3,26,0.0,1010.0,5.2,258
2025-02-16 16:00:00,42.0,26.5,29,0.1,1010.3,6.5,294
2025-02-16 17:00:00,47.0,25.0,35,0.0,1011.0,9.0,334
2025-02-16 18:00:00,61.0,23.7,41,0.0,1011.9,9.4,359
2025-02-16 19:00:00,76.0,22.1,49,0.0,1013.0,7.4,4
2025-02-16 20:00:00,88.0,21.0,55,0.0,1013.4,6.0,9
2025-02-16 21:00:00,110.0,20.0,59,0.0,1014.1,4.9,17
2025-02-16 22:00:00,120.0,18.9,65,0.0,1014.5,4.5,29
2025-02-16 23:00:00,116.0,17.9,69,0.0,1014.5,3.7,29
2025-02-17 00:00:00,111.0,17.2,73,0.0,1014.5,3.8,19
2025-02-17 01:00:00,116.0,16.4,78,0.0,1014.1,3.1,36
2025-02-17 02:00:00,112.0,15.9,79,0.0,1013.8,1.3,326
2025-02-17 03:00:00,104.0,15.9,79,0.0,1013.5,3.2,322
2025-02-17 04:00:00,103.0,16.3,76,0.0,1013.7,3.6,290
2025-02-17 05:00:00,99.0,16.4,75,0.0,1013.6,2.8,320
2025-02-17 06:00:00,100.0,15.5,83,0.0,1014.7,2.5,315
2025-02-17 07:00:00,120.0,15.5,83,0.0,1015.6,1.3,278
2025-02-17 08:00:00,139.0,17.2,74,0.0,1016.5,2.7,337
2025-02-17 09:00:00,123.0,20.2,57,0.0,1017.3,1.8,354
2025-02-17 10:00:00,93.0,23.2,41,0.0,1017.3,2.3,23
2025-02-17 11:00:00,61.0,25.4,31,0.0,1016.8,2.0,27
2025-02-17 12:00:00,56.0,27.0,25,0.0,1016.2,1.4,360
2025-02-17 13:00:00,55.0,28.1,21,0.0,1015.0,2.6,12
2025-02-17 14:00:00,60.0,28.5,20,0.0,1013.9,3.9,16
2025-02-17 15:00:00,60.0,28.6,20,0.0,1013.5,5.1,6
2025-02-17 16:00:00,63.0,28.1,21,0.0,1013.4,6.0,353
2025-02-17 17:00:00,65.0,26.7,27,0.0,1013.3,7.7,351
2025-02-17 18:00:00,66.0,24.8,36,0.0,1014.2,6.1,3
2025-02-17 19:00:00,74.0,23.4,47,0.0,1014.8,3.2,357
2025-02-17 20:00:00,104.0,22.3,56,0.0,1015.3,0.7,360
2025-02-17 21:00:00,111.0,21.1,62,0.0,1015.6,2.2,351
2025-02-17 22:00:00,107.0,20.3,65,0.0,1015.8,3.2,326
2025-02-17 23:00:00,116.0,19.5,68,0.0,1016.0,4.2,310
2025-02-18 00:00:00,129.0,19.8,65,0.0,1015.5,4.8,323
2025-02-18 01:00:00,127.0,19.3,65,0.0,1014.8,5.3,342
2025-02-18 02:00:00,95.0,17.8,69,0.0,1014.2,4.5,2
2025-02-18 03:00:00,85.0,17.2,69,0.0,1013.7,6.2,10
2025-02-18 04:00:00,83.0,16.6,72,0.0,1013.4,5.2,2
2025-02-18 05:00:00,88.0,16.1,76,0.0,1013.3,2.8,325
2025-02-18 06:00:00,97.0,16.3,78,0.0,1014.3,2.6,295
2025-02-18 07:00:00,107.0,16.6,76,0.0,1015.0,3.7,247
2025-02-18 08:00:00,136.0,18.7,66,0.0,1015.5,5.2,254
2025-02-18 09:00:00,162.0,20.2,60,0.0,1016.3,5.1,262
2025-02-18 10:00:00,131.0,22.2,52,0.0,1016.9,5.4,256
2025-02-18 11:00:00,84.0,23.3,48,0.0,1016.9,9.9,260
2025-02-18 12:00:00,57.0,23.4,46,0.1,1016.0,8.3,266
2025-02-18 13:00:00,27.0,25.2,33,0.0,1014.5,8.0,276
2025-02-18 14:00:00,17.0,26.6,26,0.0,1013.4,8.3,284
2025-02-18 15:00:00,28.0,26.8,24,0.0,1012.8,8.8,285
2025-02-18 16:00:00,23.0,26.3,24,0.0,1012.6,8.3,283
2025-02-18 17:00:00,32.0,25.4,26,0.0,1012.8,6.9,279
2025-02-18 18:00:00,37.0,24.1,34,0.0,1013.5,4.7,310
2025-02-18 19:00:00,44.0,23.0,41,0.0,1014.0,3.9,307
2025-02-18 20:00:00,63.0,21.8,49,0.0,1014.3,3.4,302
2025-02-18 21:00:00,96.0,21.0,53,0.0,1014.6,3.3,311
2025-02-18 22:00:00,106.0,20.3,54,0.0,1014.9,4.5,307
2025-02-18 23:00:00,112.0,19.3,58,0.0,1014.4,4.6,309
2025-02-19 00:00:00,102.0,18.7,57,0.0,1014.1,5.3,303
2025-02-19 01:00:00,100.0,17.7,58,0.0,1013.8,5.0,300
2025-02-19 02:00:00,96.0,16.9,60,0.0,1013.4,4.6,296
2025-02-19 03:00:00,100.0,16.4,61,0.0,1013.0,5.2,282
2025-02-19 04:00:00,115.0,15.8,62,0.0,1012.7,5.4,290
2025-02-19 05:00:00,112.0,15.3,64,0.0,1012.9,5.4,285
2025-02-19 06:00:00,99.0,14.6,71,0.0,1013.8,4.6,283
2025-02-19 07:00:00,98.0,14.9,70,0.0,1014.5,5.6,276
2025-02-19 08:00:00,108.0,16.5,63,0.0,1015.0,5.8,277
2025-02-19 09:00:00,94.0,19.5,52,0.0,1015.6,3.5,279
2025-02-19 10:00:00,78.0,22.4,40,0.0,1015.3,3.8,281
2025-02-19 11:00:00,67.0,24.9,30,0.0,1014.7,5.1,280
2025-02-19 12:00:00,57.0,26.5,24,0.0,1013.1,5.4,274
2025-02-19 13:00:00,56.0,27.4,21,0.0,1011.4,5.4,262
2025-02-19 14:00:00,43.0,28.0,20,0.0,1010.0,5.9,252
2025-02-19 15:00:00,31.0,28.0,21,0.0,1009.5,7.7,249
2025-02-19 16:00:00,34.0,27.3,23,0.0,1009.5,9.1,253
2025-02-19 17:00:00,40.0,26.2,27,0.0,1009.8,8.0,252
2025-02-19 18:00:00,60.0,25.3,29,0.0,1011.2,4.0,280
2025-02-19 19:00:00,64.0,24.2,34,0.0,1012.0,3.5,339
2025-02-19 20:00:00,73.0,22.9,43,0.0,1012.4,4.7,2
2025-02-19 21:00:00,86.0,22.2,49,0.0,1013.7,3.2,196
2025-02-19 22:00:00,73.0,21.6,48,0.0,1013.4,6.9,225
2025-02-19 23:00:00,53.0,20.0,60,0.6,1013.0,3.1,220
2025-02-20 00:00:00,42.0,19.8,62,0.0,1012.3,3.4,276
2025-02-20 01:00:00,50.0,18.8,67,0.0,1012.7,7.2,292
2025-02-20 02:00:00,38.0,17.5,74,0.5,1011.9,10.1,350
2025-02-20 03:00:00,39.0,16.4,80,1.0,1012.2,10.2,339
2025-02-20 04:00:00,37.0,15.6,88,2.4,1012.7,12.5,47
2025-02-20 05:00:00,40.0,14.9,86,0.0,1012.6,11.2,52
2025-02-20 06:00:00,44.0,16.2,92,0.1,1013.1,9.0,100
2025-02-20 07:00:00,49.0,16.3,84,0.0,1014.0,10.4,98
2025-02-20 08:00:00,69.0,17.8,74,0.0,1014.6,8.8,95
2025-02-20 09:00:00,104.0,19.1,71,0.0,1015.8,11.3,70
2025-02-20 10:00:00,101.0,20.4,63,0.0,1016.2,9.5,101
2025-02-20 11:00:00,62.0,21.2,58,0.0,1016.3,10.0,96
2025-02-20 12:00:00,45.0,20.9,63,0.1,1016.1,13.7,76
2025-02-20 13:00:00,32.0,22.6,53,0.0,1014.3,15.2,104
2025-02-20 14:00:00,41.0,23.5,47,0.0,1013.3,15.5,121
2025-02-20 15:00:00,32.0,23.8,46,0.0,1012.8,15.2,119
2025-02-20 16:00:00,32.0,23.3,47,0.0,1012.9,13.3,122
2025-02-20 17:00:00,38.0,22.0,51,0.0,1013.0,14.5,113
2025-02-20 18:00:00,36.0,21.2,60,0.0,1013.0,12.5,133
2025-02-20 19:00:00,56.0,20.1,68,0.0,1013.5,12.9,125
2025-02-20 20:00:00,67.0,19.0,70,0.0,1014.8,7.4,29
2025-02-20 21:00:00,66.0,15.6,92,1.0,1015.9,12.1,53
2025-02-20 22:00:00,82.0,16.4,89,0.1,1016.1,9.5,80
2025-02-20 23:00:00,82.0,16.2,86,0.1,1016.5,9.9,63
2025-02-21 00:00:00,75.0,15.7,88,0.0,1016.6,9.4,55
2025-02-21 01:00:00,80.0,15.5,89,0.3,1016.6,7.8,52
2025-02-21 02:00:00,59.0,15.2,90,0.1,1016.5,7.6,62
2025-02-21 03:00:00,54.0,14.8,93,0.0,1016.3,7.3,70
2025-02-21 04:00:00,69.0,14.6,91,0.0,1016.2,7.4,93
2025-02-21 05:00:00,61.0,14.3,90,0.0,1016.3,5.9,101
2025-02-21 06:00:00,74.0,14.0,92,0.0,1017.0,3.6,53
2025-02-21 07:00:00,101.0,14.2,92,0.0,1017.8,2.8,35
2025-02-21 08:00:00,110.0,15.6,86,0.0,1018.5,1.6,27
2025-02-21 09:00:00,96.0,17.8,77,0.0,1019.1,0.6,34
2025-02-21 10:00:00,77.0,20.1,68,0.0,1019.1,0.0,270
2025-02-21 11:00:00,68.0,22.0,59,0.0,1018.7,1.4,220
2025-02-21 12:00:00,68.0,23.4,53,0.0,1017.6,2.3,238
2025-02-21 13:00:00,118.0,24.3,51,0.0,1016.4,2.2,279
2025-02-21 14:00:00,92.0,24.8,48,0.0,1015.4,3.9,294
2025-02-21 15:00:00,94.0,24.8,47,0.0,1014.8,6.4,310
2025-02-21 16:00:00,79.0,24.1,48,0.0,1014.7,9.3,311
2025-02-21 17:00:00,89.0,22.5,55,0.0,1015.0,10.0,319
2025-02-21 18:00:00,90.0,21.4,63,0.0,1015.8,9.4,324
2025-02-21 19:00:00,96.0,20.5,69,0.0,1016.3,8.7,328
2025-02-21 20:00:00,103.0,19.6,75,0.0,1016.9,7.4,326
2025-02-21 21:00:00,97.0,18.6,80,0.0,1017.1,6.5,318
2025-02-21 22:00:00,88.0,17.9,82,0.0,1017.3,7.2,309
2025-02-21 23:00:00,76.0,17.1,85,0.0,1016.9,7.6,298
2025-02-22 00:00:00,73.0,16.5,86,0.0,1016.3,8.5,298
2025-02-22 01:00:00,78.0,15.8,86,0.0,1016.0,8.7,302
2025-02-22 02:00:00,72.0,15.1,87,0.0,1015.5,8.1,307
2025-02-22 03:00:00,75.0,14.5,89,0.0,1015.4,8.5,306
2025-02-22 04:00:00,77.0,14.1,90,0.0,1015.4,9.0,303
2025-02-22 05:00:00,68.0,13.6,90,0.0,1015.6,8.9,304
2025-02-22 06:00:00,68.0,13.6,92,0.0,1016.1,7.9,297
2025-02-22 07:00:00,66.0,13.6,90,0.0,1017.0,8.5,291
2025-02-22 08:00:00,74.0,14.9,84,0.0,1017.7,7.0,291
2025-02-22 09:00:00,84.0,17.0,73,0.0,1018.5,7.2,297
2025-02-22 10:00:00,73.0,19.4,61,0.0,1018.3,7.0,305
2025-02-22 11:00:00,69.0,21.5,50,0.0,1018.0,8.1,302
2025-02-22 12:00:00,64.0,22.9,43,0.0,1017.3,9.3,298
2025-02-22 13:00:00,48.0,23.4,41,0.0,1016.5,10.6,298
2025-02-22 14:00:00,43.0,23.7,37,0.0,1015.8,10.5,301
2025-02-22 15:00:00,28.0,23.7,38,0.0,1015.1,11.0,302
2025-02-22 16:00:00,31.0,23.2,39,0.0,1015.0,11.1,301
2025-02-22 17:00:00,37.0,22.0,43,0.0,1015.1,10.2,301
2025-02-22 18:00:00,44.0,20.3,55,0.0,1016.0,6.4,299
2025-02-22 19:00:00,56.0,19.2,63,0.0,1016.9,5.3,303
2025-02-22 20:00:00,79.0,18.4,67,0.0,1017.6,5.7,298
2025-02-22 21:00:00,70.0,17.7,72,0.0,1017.9,5.2,304
2025-02-22 22:00:00,74.0,17.0,76,0.0,1018.1,4.8,312
2025-02-22 23:00:00,65.0,16.3,78,0.0,1017.6,4.7,313
2025-02-23 00:00:00,70.0,15.7,79,0.0,1017.2,4.5,320
2025-02-23 01:00:00,65.0,15.4,78,0.0,1017.1,5.0,325
2025-02-23 02:00:00,73.0,15.0,79,0.0,1016.7,4.9,306
2025-02-23 03:00:00,80.0,14.5,81,0.0,1016.5,4.9,294
2025-02-23 04:00:00,106.0,14.1,82,0.0,1016.6,5.4,300
2025-02-23 05:00:00,91.0,13.7,84,0.0,1017.0,5.4,310
2025-02-23 06:00:00,78.0,13.4,88,0.0,1017.5,4.4,291
2025-02-23 07:00:00,74.0,13.8,85,0.0,1018.2,5.1,297
2025-02-23 08:00:00,89.0,15.6,78,0.0,1019.0,5.1,276
2025-02-23 09:00:00,87.0,18.2,68,0.0,1019.6,4.7,272
2025-02-23 10:00:00,62.0,20.8,57,0.0,1020.0,5.6,274
2025-02-23 11:00:00,63.0,22.6,47,0.0,1019.6,6.8,292
2025-02-23 12:00:00,47.0,23.8,42,0.0,1018.4,7.1,304
2025-02-23 13:00:00,41.0,24.6,39,0.0,1017.2,7.3,310
2025-02-23 14:00:00,41.0,25.0,38,0.0,1016.1,7.3,314
2025-02-23 15:00:00,38.0,24.9,38,0.0,1015.5,8.1,313
2025-02-23 16:00:00,37.0,24.4,39,0.0,1015.4,8.8,313
2025-02-23 17:00:00,37.0,23.3,41,0.0,1015.7,8.4,307
2025-02-23 18:00:00,38.0,22.2,47,0.0,1016.0,5.5,302
2025-02-23 19:00:00,51.0,21.1,53,0.0,1016.7,4.5,307
2025-02-23 21:00:00,81.0,18.7,66,0.0,1018.5,3.7,325
2025-02-23 22:00:00,85.0,17.7,71,0.0,1018.7,3.6,323
2025-02-23 23:00:00,97.0,17.1,74,0.0,1018.4,2.7,332
2025-02-24 00:00:00,105.0,16.3,76,0.0,1017.9,3.7,331
2025-02-24 01:00:00,103.0,15.7,79,0.0,1017.6,4.2,335
2025-02-24 02:00:00,102.0,14.9,82,0.0,1017.0,4.3,332
2025-02-24 03:00:00,90.0,14.3,83,0.0,1017.0,4.3,318
2025-02-24 04:00:00,90.0,13.9,83,0.0,1017.0,4.4,308
2025-02-24 05:00:00,100.0,13.6,83,0.0,1017.5,4.6,301
2025-02-24 06:00:00,135.0,13.9,88,0.0,1018.8,4.9,287
2025-02-24 07:00:00,137.0,14.1,85,0.0,1019.5,5.6,291
2025-02-24 08:00:00,133.0,16.1,76,0.0,1020.2,4.5,286
2025-02-24 09:00:00,132.0,19.2,62,0.0,1021.1,3.3,283
2025-02-24 10:00:00,90.0,22.2,52,0.0,1021.0,3.4,288
2025-02-24 11:00:00,67.0,24.2,40,0.0,1020.4,4.5,313
2025-02-24 12:00:00,71.0,25.6,32,0.0,1019.3,5.7,314
2025-02-24 13:00:00,61.0,26.5,27,0.0,1018.0,7.5,310
2025-02-24 14:00:00,41.0,26.9,24,0.0,1016.6,8.9,317
2025-02-24 15:00:00,40.0,26.8,23,0.0,1016.0,9.9,322
2025-02-24 16:00:00,39.0,26.0,25,0.0,1016.1,10.0,326
2025-02-24 17:00:00,44.0,24.6,33,0.0,1016.5,9.0,334
2025-02-24 18:00:00,48.0,22.8,48,0.0,1017.6,6.9,346
2025-02-24 19:00:00,62.0,21.5,57,0.0,1018.4,4.4,341
2025-02-24 20:00:00,72.0,20.8,61,0.0,1019.1,4.2,329
2025-02-24 21:00:00,74.0,19.6,68,0.0,1019.2,4.0,333
2025-02-24 22:00:00,82.0,18.9,71,0.0,1019.0,3.3,324
2025-02-24 23:00:00,99.0,18.4,72,0.0,1019.0,3.5,325
2025-02-25 00:00:00,119.0,17.8,72,0.0,1018.3,2.5,339
2025-02-25 01:00:00,114.0,17.0,75,0.0,1017.8,3.1,332
2025-02-25 02:00:00,116.0,16.2,77,0.0,1017.0,2.7,307
2025-02-25 03:00:00,114.0,15.5,80,0.0,1017.1,4.4,279
2025-02-25 04:00:00,116.0,15.1,81,0.0,1016.7,4.6,288
2025-02-25 05:00:00,129.0,14.8,82,0.0,1016.8,4.7,288
2025-02-25 06:00:00,119.0,14.7,86,0.0,1017.5,3.6,279
2025-02-25 07:00:00,118.0,15.3,83,0.0,1018.2,5.4,268
2025-02-25 08:00:00,104.0,17.5,73,0.0,1019.2,4.8,295
2025-02-25 09:00:00,111.0,20.8,58,0.0,1020.4,3.7,284
2025-02-25 10:00:00,107.0,23.8,44,0.0,1020.4,2.6,286
2025-02-25 11:00:00,78.0,25.7,33,0.0,1020.2,3.5,305
2025-02-25 12:00:00,75.0,27.1,27,0.0,1019.6,3.6,333
2025-02-25 13:00:00,69.0,27.9,25,0.0,1018.6,5.8,338
2025-02-25 14:00:00,48.0,27.9,26,0.0,1017.7,7.0,356
2025-02-25 15:00:00,52.0,27.1,28,0.0,1017.5,7.7,360
2025-02-25 16:00:00,45.0,26.3,30,0.0,1017.8,8.3,1
2025-02-25 17:00:00,47.0,25.4,31,0.0,1017.6,5.8,14
2025-02-25 18:00:00,51.0,24.5,36,0.0,1018.0,3.6,9
2025-02-25 19:00:00,54.0,23.3,42,0.0,1018.9,3.6,360
2025-02-25 20:00:00,68.0,22.1,53,0.0,1019.3,2.4,13
2025-02-25 21:00:00,73.0,21.3,56,0.0,1019.2,1.9,29
2025-02-25 22:00:00,82.0,20.4,58,0.0,1019.4,1.5,173
2025-02-25 23:00:00,96.0,20.5,54,0.0,1018.9,5.6,176
2025-02-26 00:00:00,88.0,20.0,57,0.0,1018.6,4.0,201
2025-02-26 01:00:00,97.0,19.2,62,0.0,1018.0,4.0,216
2025-02-26 02:00:00,105.0,18.9,64,0.0,1017.7,1.9,197
2025-02-26 03:00:00,102.0,18.7,68,0.0,1017.5,0.3,45
2025-02-26 04:00:00,97.0,18.6,64,0.0,1018.2,4.6,301
2025-02-26 05:00:00,96.0,18.2,64,0.0,1017.5,3.0,104
2025-02-26 06:00:00,99.0,18.4,71,0.0,1018.9,0.4,297
2025-02-26 07:00:00,103.0,18.6,70,0.0,1019.9,0.2,90
2025-02-26 08:00:00,192.0,19.2,68,0.0,1020.3,5.6,123
2025-02-26 09:00:00,222.0,21.8,58,0.0,1020.8,3.9,112
2025-02-26 10:00:00,181.0,25.0,48,0.0,1021.2,6.3,87
2025-02-26 11:00:00,109.0,27.0,42,0.0,1020.7,5.2,112
2025-02-26 12:00:00,95.0,28.7,37,0.0,1019.5,5.7,145
2025-02-26 13:00:00,89.0,29.8,33,0.0,1018.0,5.2,139
2025-02-26 14:00:00,72.0,30.2,32,0.0,1016.6,6.0,141
2025-02-26 15:00:00,58.0,30.1,28,0.0,1015.8,6.9,157
2025-02-26 16:00:00,55.0,29.9,29,0.0,1015.5,5.5,169
2025-02-26 17:00:00,64.0,29.1,31,0.0,1015.5,5.2,196
2025-02-26 18:00:00,78.0,27.2,44,0.0,1016.3,2.2,351
2025-02-26 19:00:00,105.0,26.3,49,0.0,1017.0,2.9,68
2025-02-26 20:00:00,115.0,25.4,53,0.0,1017.4,3.2,56
2025-02-26 21:00:00,120.0,24.3,61,0.0,1017.4,2.3,67
2025-02-26 22:00:00,126.0,23.7,61,0.0,1017.0,4.0,144
2025-02-26 23:00:00,116.0,23.5,60,0.0,1016.6,4.9,182
2025-02-27 00:00:00,119.0,22.7,65,0.0,1016.2,3.0,205
2025-02-27 01:00:00,113.0,22.2,66,0.0,1015.8,0.7,14
2025-02-27 02:00:00,123.0,21.8,66,0.0,1015.3,4.9,24
2025-02-27 03:00:00,105.0,21.1,69,0.0,1014.8,4.9,28
2025-02-27 04:00:00,87.0,19.8,74,0.0,1015.1,2.7,332
2025-02-27 05:00:00,65.0,19.7,71,0.0,1015.3,8.2,49
2025-02-27 06:00:00,134.0,21.0,75,0.0,1014.9,3.7,113
2025-02-27 07:00:00,157.0,20.1,77,1.0,1017.5,17.0,321
2025-02-27 08:00:00,74.0,18.7,83,2.0,1018.5,7.9,4
2025-02-27 09:00:00,51.0,19.3,89,0.4,1018.6,9.0,35
2025-02-27 10:00:00,36.0,20.3,89,0.6,1018.5,11.2,49
2025-02-27 11:00:00,26.0,19.6,87,0.0,1018.1,14.2,57
2025-02-27 12:00:00,21.0,19.9,80,0.0,1017.3,10.5,65
2025-02-27 13:00:00,37.0,21.5,73,0.0,1015.9,10.8,69
2025-02-27 14:00:00,30.0,22.7,66,0.0,1014.3,11.4,77
2025-02-27 15:00:00,27.0,22.3,66,0.0,1013.7,8.8,75
2025-02-27 16:00:00,25.0,21.8,67,0.0,1013.7,6.9,96
2025-02-27 17:00:00,26.0,21.4,69,0.0,1013.4,7.7,87
2025-02-27 18:00:00,28.0,21.4,65,0.0,1014.1,5.2,34
2025-02-27 19:00:00,38.0,20.6,69,0.0,1014.6,7.6,45
2025-02-27 20:00:00,31.0,19.7,72,0.0,1014.8,7.2,72
2025-02-27 21:00:00,51.0,19.6,73,0.0,1015.1,9.8,83
2025-02-27 22:00:00,55.0,19.6,69,0.0,1014.5,10.1,89
2025-02-27 23:00:00,53.0,19.2,68,0.1,1014.0,11.3,88
2025-02-28 00:00:00,52.0,19.2,63,0.0,1013.2,10.8,90
2025-02-28 01:00:00,39.0,19.2,63,0.0,1012.5,8.6,101
2025-02-28 02:00:00,47.0,19.1,66,0.0,1011.7,7.2,96
2025-02-28 03:00:00,39.0,18.8,69,0.0,1011.2,8.4,97
2025-02-28 04:00:00,43.0,18.6,72,0.0,1010.7,9.7,100
2025-02-28 08:00:00,77.0,18.2,74,0.4,1014.0,7.3,17
2025-02-28 09:00:00,67.0,17.6,80,0.6,1015.1,9.3,46
2025-02-28 10:00:00,63.0,18.0,86,0.6,1015.3,12.0,77
2025-02-28 11:00:00,58.0,19.2,79,0.2,1014.8,11.6,95
2025-02-28 12:00:00,57.0,19.6,77,0.0,1014.0,10.9,98
2025-02-28 13:00:00,46.0,20.5,74,0.0,1012.5,10.3,103
2025-02-28 14:00:00,49.0,22.1,69,0.0,1011.2,9.5,111
2025-02-28 15:00:00,55.0,22.7,68,0.0,1010.2,9.9,119
2025-02-28 16:00:00,55.0,22.6,70,0.0,1009.8,8.7,122
2025-02-28 17:00:00,47.0,22.0,74,0.0,1009.8,7.6,93
2025-02-28 18:00:00,43.0,21.3,83,0.0,1010.7,8.5,95
2025-02-28 19:00:00,52.0,21.0,85,0.0,1011.0,8.7,124
2025-02-28 20:00:00,56.0,20.8,83,0.0,1012.1,7.8,94
2025-02-28 21:00:00,59.0,18.8,91,1.5,1013.3,5.9,308
2025-02-28 22:00:00,54.0,18.5,92,0.0,1013.2,7.5,80
2025-02-28 23:00:00,51.0,17.7,89,0.0,1013.5,11.1,53
2025-03-01 00:00:00,46.0,16.8,88,0.0,1013.2,9.4,78
2025-03-01 01:00:00,60.0,16.4,89,0.2,1013.2,10.0,64
2025-03-01 02:00:00,59.0,16.0,90,0.1,1012.5,8.5,88
2025-03-01 03:00:00,58.0,15.5,92,1.2,1012.8,7.1,63
2025-03-01 04:00:00,57.0,15.5,92,0.0,1012.5,7.0,80
2025-03-01 05:00:00,43.0,15.2,92,0.0,1012.9,9.6,86
2025-03-01 06:00:00,46.0,16.6,93,1.9,1013.5,13.0,116
2025-03-01 07:00:00,51.0,16.3,94,0.6,1014.5,12.3,97
2025-03-01 08:00:00,69.0,17.4,87,0.0,1014.7,12.9,97
2025-03-01 09:00:00,68.0,18.6,83,0.0,1015.6,8.1,119
2025-03-01 10:00:00,56.0,19.0,81,0.0,1015.7,7.1,126
2025-03-01 11:00:00,69.0,20.4,78,0.0,1015.5,4.0,80
2025-03-01 12:00:00,70.0,22.4,73,0.0,1014.3,3.1,87
2025-03-01 13:00:00,67.0,23.4,68,0.0,1013.0,3.3,81
2025-03-01 14:00:00,62.0,23.8,66,0.0,1011.9,3.1,62
2025-03-01 15:00:00,57.0,23.9,65,0.0,1011.2,2.3,61
2025-03-01 16:00:00,61.0,23.3,68,0.0,1011.3,0.4,360
2025-03-01 17:00:00,42.0,22.9,69,0.0,1011.3,0.2,270
2025-03-01 18:00:00,44.0,21.5,80,0.0,1012.4,4.0,21
2025-03-01 19:00:00,44.0,20.9,82,0.0,1013.1,4.5,16
2025-03-01 20:00:00,54.0,20.5,83,0.0,1013.9,5.0,2
2025-03-01 21:00:00,62.0,19.8,84,0.0,1014.3,8.7,354
2025-03-01 22:00:00,74.0,18.8,85,0.0,1014.2,8.4,7
2025-03-01 23:00:00,75.0,17.9,88,0.0,1014.0,8.0,5
2025-03-02 00:00:00,77.0,17.3,90,0.0,1013.4,6.3,357
2025-03-02 01:00:00,72.0,16.8,92,0.0,1013.0,6.1,358
2025-03-02 02:00:00,71.0,16.4,92,0.0,1012.3,7.0,359
2025-03-02 03:00:00,60.0,16.0,91,0.0,1011.9,8.0,351
2025-03-02 04:00:00,55.0,15.6,90,0.0,1011.5,7.9,340
2025-03-02 05:00:00,53.0,15.2,89,0.0,1011.9,7.2,333
2025-03-02 06:00:00,50.0,15.8,88,0.0,1012.8,7.4,331
2025-03-02 07:00:00,45.0,15.8,87,0.0,1013.6,7.4,321
2025-03-02 08:00:00,57.0,17.1,83,0.0,1014.3,5.4,300
2025-03-02 09:00:00,61.0,19.1,76,0.0,1014.9,5.7,302
2025-03-02 10:00:00,56.0,21.2,66,0.0,1014.8,5.8,304
2025-03-02 11:00:00,36.0,23.2,48,0.0,1014.3,8.2,311
2025-03-02 12:00:00,20.0,24.2,36,0.0,1013.2,10.8,314
2025-03-02 13:00:00,16.0,24.5,36,0.0,1012.1,11.9,312
2025-03-02 14:00:00,12.0,24.4,37,0.0,1011.1,12.2,307
2025-03-02 15:00:00,18.0,23.9,40,0.0,1010.4,11.4,307
2025-03-02 16:00:00,20.0,23.1,43,0.0,1010.2,10.0,306
2025-03-02 17:00:00,19.0,21.7,51,0.0,1010.4,7.3,300
2025-03-02 18:00:00,27.0,19.6,61,0.0,1011.0,5.6,291
2025-03-02 19:00:00,31.0,18.6,65,0.0,1011.5,5.5,289
2025-03-02 20:00:00,39.0,17.8,68,0.0,1011.9,5.6,295
2025-03-02 21:00:00,49.0,16.7,69,0.0,1012.5,5.2,301
2025-03-02 22:00:00,61.0,16.1,69,0.0,1012.7,5.6,299
2025-03-02 23:00:00,64.0,15.5,69,0.0,1012.7,5.5,308
2025-03-03 00:00:00,84.0,14.7,71,0.0,1012.7,5.4,318
2025-03-03 01:00:00,68.0,13.7,76,0.0,1012.4,5.2,340
2025-03-03 02:00:00,69.0,13.2,77,0.0,1011.8,5.7,349
2025-03-03 03:00:00,67.0,12.9,76,0.0,1011.4,6.2,348
2025-03-03 04:00:00,60.0,12.2,79,0.0,1011.6,5.2,348
2025-03-03 05:00:00,49.0,11.8,81,0.0,1012.0,4.5,358
2025-03-03 06:00:00,55.0,12.4,82,0.0,1012.6,4.7,356
2025-03-03 07:00:00,65.0,13.3,80,0.0,1013.2,4.1,345
2025-03-03 08:00:00,109.0,15.4,75,0.0,1013.8,2.1,301
2025-03-03 09:00:00,104.0,18.7,66,0.0,1014.4,0.0,270
2025-03-03 10:00:00,55.0,21.6,52,0.0,1014.3,1.4,140
2025-03-03 11:00:00,52.0,23.9,39,0.0,1013.5,2.5,159
2025-03-03 12:00:00,44.0,25.4,33,0.0,1012.4,2.7,188
2025-03-03 13:00:00,40.0,26.4,32,0.0,1011.3,4.2,185
2025-03-03 14:00:00,54.0,27.0,35,0.0,1010.0,5.5,189
2025-03-03 15:00:00,41.0,26.6,39,0.0,1009.1,7.2,208
2025-03-03 16:00:00,37.0,25.9,43,0.0,1008.9,7.3,196
2025-03-03 17:00:00,33.0,24.6,55,0.0,1008.7,4.2,170
2025-03-03 18:00:00,48.0,23.7,57,0.0,1009.3,6.3,165
2025-03-03 19:00:00,50.0,22.4,61,0.0,1009.4,6.3,143
2025-03-03 20:00:00,58.0,21.7,64,0.0,1010.0,6.2,131
2025-03-03 21:00:00,63.0,21.3,64,0.0,1010.1,7.1,131
2025-03-03 22:00:00,66.0,20.6,66,0.0,1010.2,6.1,120
2025-03-03 23:00:00,70.0,19.9,68,0.0,1009.8,7.6,124
2025-03-04 00:00:00,76.0,19.1,71,0.0,1009.8,6.3,153
2025-03-04 01:00:00,82.0,18.6,73,0.0,1009.3,6.3,165
2025-03-04 02:00:00,60.0,18.2,74,0.0,1009.5,8.7,320
2025-03-04 03:00:00,47.0,16.8,79,0.0,1009.2,0.9,281
2025-03-04 04:00:00,50.0,16.0,82,0.0,1009.5,1.0,292
2025-03-04 05:00:00,59.0,15.0,87,0.0,1009.9,3.2,297
2025-03-04 06:00:00,64.0,16.1,87,0.0,1010.9,5.2,258
2025-03-04 07:00:00,68.0,17.4,80,0.0,1011.7,8.8,275
2025-03-04 08:00:00,67.0,18.8,73,0.0,1013.1,9.3,278
2025-03-04 09:00:00,56.0,20.2,67,0.0,1014.1,10.1,265
2025-03-04 10:00:00,58.0,22.1,59,0.0,1014.4,10.1,271
2025-03-04 11:00:00,52.0,23.3,54,0.0,1014.6,10.5,289
2025-03-04 12:00:00,47.0,24.1,48,0.0,1014.1,11.2,307
2025-03-04 13:00:00,46.0,24.6,43,0.0,1013.4,11.0,308
2025-03-04 14:00:00,42.0,24.8,41,0.0,1012.6,11.7,307
2025-03-04 15:00:00,33.0,24.7,39,0.0,1012.5,13.4,307
2025-03-04 16:00:00,33.0,24.1,40,0.0,1012.7,14.6,305
2025-03-04 17:00:00,34.0,22.8,43,0.0,1013.1,16.1,310
2025-03-04 18:00:00,32.0,21.2,52,0.0,1014.3,12.4,309
2025-03-04 19:00:00,28.0,20.3,53,0.0,1014.8,12.1,298
2025-03-04 20:00:00,36.0,19.4,49,0.0,1015.4,14.5,304
2025-03-04 21:00:00,35.0,18.3,50,0.0,1015.8,13.7,305
2025-03-04 22:00:00,42.0,17.5,52,0.0,1016.3,13.5,307
2025-03-04 23:00:00,35.0,16.7,55,0.0,1016.1,13.2,309
2025-03-05 00:00:00,35.0,15.9,57,0.0,1015.7,13.6,309
2025-03-05 01:00:00,35.0,15.2,60,0.0,1015.6,14.0,306
2025-03-05 02:00:00,35.0,14.6,62,0.0,1015.1,14.2,303
2025-03-05 03:00:00,39.0,13.9,63,0.0,1014.8,14.1,300
2025-03-05 04:00:00,30.0,13.3,61,0.0,1014.5,14.7,298
2025-03-05 05:00:00,28.0,13.0,56,0.0,1014.6,15.5,299
2025-03-05 06:00:00,34.0,12.6,63,0.0,1015.2,15.5,295
2025-03-05 07:00:00,48.0,12.6,63,0.0,1015.4,16.0,291
2025-03-05 08:00:00,45.0,13.8,61,0.0,1015.6,13.2,284
2025-03-05 09:00:00,33.0,15.7,55,0.0,1016.3,16.1,290
2025-03-05 10:00:00,33.0,17.9,48,0.0,1016.0,17.8,300
2025-03-05 11:00:00,34.0,19.8,41,0.0,1015.5,19.8,301
2025-03-05 12:00:00,30.0,21.3,35,0.0,1014.3,21.7,305
2025-03-05 13:00:00,15.0,22.2,30,0.0,1013.3,22.2,303
2025-03-05 14:00:00,20.0,22.8,28,0.0,1012.4,21.3,298
2025-03-05 15:00:00,17.0,22.7,30,0.0,1011.6,21.1,293
2025-03-05 16:00:00,16.0,22.2,32,0.0,1011.3,20.6,291
2025-03-05 17:00:00,14.0,21.6,31,0.0,1011.4,19.1,293
2025-03-05 18:00:00,23.0,21.0,33,0.0,1012.3,18.3,298
2025-03-05 19:00:00,34.0,20.3,36,0.0,1012.5,16.3,299
2025-03-05 20:00:00,28.0,19.4,38,0.0,1012.9,16.6,300
2025-03-05 21:00:00,33.0,18.9,38,0.0,1013.4,18.8,302
2025-03-05 22:00:00,33.0,18.7,36,0.0,1013.5,18.5,305
2025-03-05 23:00:00,41.0,18.1,37,0.0,1013.1,16.3,305
2025-03-06 00:00:00,50.0,17.2,41,0.0,1012.8,13.7,302
2025-03-06 01:00:00,47.0,16.3,44,0.0,1012.7,12.8,292
2025-03-06 02:00:00,52.0,15.4,46,0.0,1012.1,13.3,288
2025-03-06 03:00:00,59.0,14.9,46,0.0,1011.4,13.0,292
2025-03-06 04:00:00,63.0,14.4,47,0.0,1011.2,12.6,292
2025-03-06 05:00:00,57.0,13.9,48,0.0,1011.1,12.2,290
2025-03-06 06:00:00,51.0,12.9,57,0.0,1011.4,12.6,283
2025-03-06 07:00:00,52.0,13.3,56,0.0,1011.9,13.4,285
2025-03-06 08:00:00,68.0,15.1,53,0.0,1013.4,11.9,280
2025-03-06 09:00:00,56.0,17.7,46,0.0,1013.7,11.6,282
2025-03-06 10:00:00,51.0,20.3,39,0.0,1013.5,11.8,286
2025-03-06 11:00:00,40.0,22.6,33,0.0,1013.1,12.5,291
2025-03-06 12:00:00,37.0,24.4,28,0.0,1012.3,13.2,292
2025-03-06 13:00:00,27.0,25.7,25,0.0,1011.5,12.8,289
2025-03-06 14:00:00,19.0,26.6,22,0.0,1011.0,12.0,284
2025-03-06 15:00:00,18.0,26.9,22,0.0,1010.7,11.6,282
2025-03-06 16:00:00,17.0,26.6,21,0.0,1010.4,10.6,274
2025-03-06 17:00:00,10.0,25.6,24,0.0,1010.4,7.4,270
2025-03-06 18:00:00,19.0,23.5,30,0.0,1011.2,4.0,267
2025-03-06 19:00:00,43.0,22.6,35,0.0,1011.5,2.2,261
2025-03-06 20:00:00,57.0,21.7,38,0.0,1012.2,2.1,329
2025-03-06 21:00:00,61.0,20.6,43,0.0,1012.4,2.2,270
2025-03-06 22:00:00,76.0,19.8,45,0.0,1012.3,2.9,270
2025-03-06 23:00:00,100.0,18.7,48,0.0,1012.2,5.0,285
2025-03-07 00:00:00,123.0,18.3,51,0.0,1011.9,3.9,304
2025-03-07 01:00:00,129.0,16.9,53,0.0,1011.9,6.0,16
2025-03-07 02:00:00,111.0,15.0,63,0.0,1011.3,3.8,5
2025-03-07 03:00:00,99.0,14.4,66,0.0,1010.6,3.4,354
2025-03-07 04:00:00,100.0,14.1,67,0.0,1010.3,2.2,336
2025-03-07 05:00:00,124.0,13.8,68,0.0,1010.5,2.2,261
2025-03-07 06:00:00,136.0,13.1,72,0.0,1011.6,4.7,268
2025-03-07 07:00:00,248.0,14.1,67,0.0,1012.2,5.9,259
2025-03-07 08:00:00,190.0,16.5,58,0.0,1012.6,5.4,266
2025-03-07 09:00:00,109.0,20.0,44,0.0,1012.7,3.4,264
2025-03-07 10:00:00,62.0,23.6,31,0.0,1012.3,4.0,297
2025-03-07 11:00:00,74.0,25.9,23,0.0,1011.8,5.2,311
2025-03-07 12:00:00,64.0,27.5,18,0.0,1010.6,5.5,306
2025-03-07 13:00:00,41.0,28.6,16,0.0,1009.3,6.4,302
2025-03-07 14:00:00,27.0,29.0,16,0.0,1008.7,8.2,303
2025-03-07 15:00:00,23.0,28.8,18,0.0,1008.2,9.2,305
2025-03-07 16:00:00,26.0,28.2,21,0.0,1008.1,9.6,303
2025-03-07 17:00:00,25.0,27.1,23,0.0,1008.1,9.1,300
2025-03-07 18:00:00,31.0,25.2,29,0.0,1008.9,5.2,286
2025-03-07 19:00:00,49.0,23.6,36,0.0,1008.8,3.4,267
2025-03-07 20:00:00,85.0,22.9,36,0.0,1009.2,3.9,313
2025-03-07 21:00:00,120.0,21.6,43,0.0,1009.3,4.1,315
2025-03-07 22:00:00,91.0,20.8,46,0.0,1009.4,3.8,275
2025-03-07 23:00:00,107.0,20.0,46,0.0,1009.6,4.8,297
2025-03-08 00:00:00,89.0,18.9,48,0.0,1010.0,4.8,297
2025-03-08 01:00:00,122.0,18.0,49,0.0,1009.7,5.2,301
2025-03-08 02:00:00,107.0,17.5,50,0.0,1008.8,5.1,276
2025-03-08 03:00:00,119.0,16.9,52,0.0,1007.8,5.6,266
2025-03-08 04:00:00,88.0,16.6,53,0.0,1007.7,7.0,273
2025-03-08 05:00:00,89.0,16.0,55,0.0,1008.1,6.8,273
2025-03-08 06:00:00,92.0,15.7,62,0.0,1008.8,6.4,292
2025-03-08 07:00:00,99.0,16.3,59,0.0,1009.6,7.6,285
2025-03-08 08:00:00,100.0,18.5,52,0.0,1010.0,6.0,273
2025-03-08 09:00:00,73.0,21.7,42,0.0,1010.5,7.1,276
2025-03-08 10:00:00,56.0,25.0,34,0.0,1010.5,8.8,281
2025-03-08 11:00:00,48.0,27.7,26,0.0,1009.6,9.8,302
2025-03-08 12:00:00,27.0,29.3,20,0.0,1008.8,12.3,310
2025-03-08 13:00:00,24.0,30.0,19,0.0,1007.9,12.6,311
2025-03-08 14:00:00,23.0,30.3,18,0.0,1007.1,12.5,315
2025-03-08 15:00:00,26.0,30.1,20,0.0,1006.7,11.7,315
2025-03-08 16:00:00,27.0,29.5,21,0.0,1006.8,11.2,316
2025-03-08 17:00:00,41.0,28.2,24,0.0,1006.9,9.4,324
2025-03-08 18:00:00,36.0,26.6,30,0.0,1007.7,3.7,299
2025-03-08 19:00:00,49.0,25.2,38,0.0,1008.2,2.2,279
2025-03-08 20:00:00,77.0,24.8,47,0.0,1009.0,0.3,315
2025-03-08 21:00:00,72.0,23.7,42,0.0,1009.6,1.5,194
2025-03-08 22:00:00,63.0,23.0,50,0.0,1010.3,0.7,180
2025-03-08 23:00:00,76.0,21.2,51,0.0,1010.0,2.8,63
2025-03-09 00:00:00,90.0,20.3,55,0.0,1009.9,1.3,146
2025-03-09 01:00:00,93.0,19.6,61,0.0,1010.1,0.8,153
2025-03-09 02:00:00,88.0,18.1,63,0.0,1010.3,2.4,36
2025-03-09 03:00:00,86.0,17.1,69,0.0,1009.8,3.2,74
2025-03-09 04:00:00,88.0,16.6,72,0.0,1009.7,3.0,123
2025-03-09 05:00:00,100.0,16.3,70,0.0,1010.1,4.9,144
2025-03-09 06:00:00,118.0,16.3,78,0.0,1011.0,3.7,141
2025-03-09 07:00:00,117.0,17.6,71,0.0,1012.0,5.4,150
2025-03-09 08:00:00,149.0,20.8,58,0.0,1013.1,4.7,140
2025-03-09 09:00:00,138.0,24.3,46,0.0,1013.7,4.2,133
2025-03-09 10:00:00,86.0,27.5,35,0.0,1013.7,6.5,138
2025-03-09 11:00:00,66.0,29.5,27,0.0,1013.5,6.8,138
2025-03-09 12:00:00,61.0,30.9,23,0.0,1012.8,6.2,136
2025-03-09 13:00:00,51.0,31.8,22,0.0,1011.6,6.3,143
2025-03-09 14:00:00,45.0,32.2,21,0.0,1010.9,6.1,150
2025-03-09 15:00:00,40.0,32.2,21,0.0,1010.5,6.6,151
2025-03-09 16:00:00,41.0,31.8,22,0.0,1010.4,8.0,152
2025-03-09 17:00:00,48.0,30.7,25,0.0,1010.7,10.1,153
2025-03-09 18:00:00,56.0,28.7,31,0.0,1012.2,8.3,132
2025-03-09 19:00:00,62.0,27.4,35,0.0,1012.9,6.8,119
2025-03-09 20:00:00,75.0,26.3,38,0.0,1013.8,6.7,121
2025-03-09 21:00:00,79.0,25.1,42,0.0,1014.1,7.0,103
2025-03-09 22:00:00,88.0,23.7,47,0.0,1014.2,8.2,105
2025-03-09 23:00:00,100.0,22.5,50,0.0,1014.5,5.2,112
2025-03-10 00:00:00,88.0,21.6,53,0.0,1014.6,6.8,101
2025-03-10 01:00:00,92.0,20.8,57,0.0,1014.3,8.0,110
2025-03-10 02:00:00,94.0,20.2,60,0.0,1013.9,8.6,127
2025-03-10 03:00:00,92.0,19.7,62,0.0,1013.7,8.0,126
2025-03-10 04:00:00,106.0,19.3,63,0.0,1013.9,7.8,127
2025-03-10 05:00:00,104.0,18.9,64,0.0,1014.6,7.3,120
2025-03-10 06:00:00,105.0,18.9,67,0.0,1016.0,7.2,112
2025-03-10 07:00:00,135.0,19.3,65,0.0,1016.8,8.4,113
2025-03-10 08:00:00,151.0,21.2,58,0.0,1017.8,6.4,117
2025-03-10 09:00:00,122.0,24.1,49,0.0,1018.5,7.5,120
2025-03-10 10:00:00,103.0,26.9,42,0.0,1018.4,9.1,124
2025-03-10 11:00:00,80.0,29.3,35,0.0,1017.8,11.4,131
2025-03-10 12:00:00,74.0,30.6,30,0.0,1016.7,12.2,142
2025-03-10 13:00:00,57.0,31.5,28,0.0,1015.7,10.6,146
2025-03-10 14:00:00,53.0,32.0,27,0.0,1014.4,9.0,147
2025-03-10 15:00:00,51.0,32.0,27,0.0,1013.6,9.1,148
2025-03-10 16:00:00,52.0,31.5,28,0.0,1012.9,9.2,152
2025-03-10 17:00:00,56.0,30.6,30,0.0,1013.1,8.5,155
2025-03-10 18:00:00,58.0,29.5,30,0.0,1013.8,3.7,145
2025-03-10 19:00:00,64.0,27.8,37,0.0,1014.3,4.4,97
2025-03-10 20:00:00,87.0,26.5,43,0.0,1015.1,3.8,79
2025-03-10 21:00:00,85.0,25.3,47,0.0,1015.2,3.5,78
2025-03-10 22:00:00,105.0,24.7,48,0.0,1015.2,4.0,100
2025-03-10 23:00:00,112.0,24.0,51,0.0,1014.6,3.5,111
2025-03-11 00:00:00,123.0,23.0,53,0.0,1014.3,3.2,87
2025-03-11 01:00:00,118.0,21.9,57,0.0,1013.9,3.8,107
2025-03-11 02:00:00,114.0,20.8,63,0.0,1013.3,3.1,121
2025-03-11 03:00:00,119.0,20.2,66,0.0,1013.0,2.9,120
2025-03-11 04:00:00,114.0,19.6,68,0.0,1013.1,3.5,102
2025-03-11 05:00:00,121.0,19.1,72,0.0,1013.4,2.0,85
2025-03-11 06:00:00,128.0,18.9,79,0.0,1014.1,1.7,41
2025-03-11 07:00:00,147.0,19.9,72,0.0,1014.5,2.3,86
2025-03-11 08:00:00,166.0,23.1,60,0.0,1015.4,1.9,124
2025-03-11 09:00:00,152.0,26.6,45,0.0,1015.7,2.7,94
2025-03-11 10:00:00,111.0,29.5,34,0.0,1015.4,2.5,98
2025-03-11 11:00:00,88.0,31.7,28,0.0,1014.9,2.1,59
2025-03-11 12:00:00,61.0,33.2,25,0.0,1013.7,2.4,54
2025-03-11 13:00:00,59.0,34.3,23,0.0,1012.2,1.5,36
2025-03-11 14:00:00,48.0,34.5,22,0.0,1011.1,3.5,351
2025-03-11 15:00:00,66.0,34.2,23,0.0,1010.5,5.6,356
2025-03-11 16:00:00,46.0,33.2,27,0.0,1010.0,7.6,5
2025-03-11 17:00:00,71.0,31.3,34,0.0,1010.4,10.2,10
2025-03-11 18:00:00,64.0,29.3,41,0.0,1011.2,5.0,347
2025-03-11 19:00:00,69.0,28.3,47,0.0,1011.3,6.3,355
2025-03-11 20:00:00,85.0,27.0,56,0.0,1011.6,5.6,353
2025-03-11 21:00:00,93.0,25.8,62,0.0,1011.7,5.6,331
2025-03-11 22:00:00,119.0,25.1,64,0.0,1011.7,4.2,317
2025-03-11 23:00:00,117.0,24.2,66,0.0,1011.1,4.1,319
2025-03-12 00:00:00,119.0,24.0,63,0.0,1010.8,5.2,299
2025-03-12 01:00:00,142.0,23.6,62,0.0,1010.4,7.0,269
2025-03-12 02:00:00,173.0,22.8,64,0.0,1009.8,6.9,285
2025-03-12 03:00:00,163.0,21.9,68,0.0,1009.2,6.7,297
2025-03-12 04:00:00,163.0,21.2,70,0.0,1008.9,6.5,300
2025-03-12 05:00:00,163.0,20.7,70,0.0,1008.9,6.2,296
2025-03-12 06:00:00,153.0,20.0,77,0.0,1009.8,6.6,287
2025-03-12 07:00:00,147.0,20.7,74,0.0,1010.2,7.9,287
2025-03-12 08:00:00,214.0,22.7,65,0.0,1010.8,6.1,300
2025-03-12 09:00:00,99.0,25.8,53,0.0,1010.9,6.5,312
2025-03-12 10:00:00,65.0,28.7,39,0.0,1010.7,10.1,317
2025-03-12 11:00:00,82.0,30.5,32,0.0,1010.3,10.7,315
2025-03-12 12:00:00,66.0,32.0,27,0.0,1009.3,10.0,300
2025-03-12 13:00:00,45.0,33.1,24,0.0,1008.2,10.7,292
2025-03-12 14:00:00,29.0,33.4,23,0.0,1007.1,12.0,292
2025-03-12 15:00:00,29.0,33.0,24,0.0,1006.6,12.9,297
2025-03-12 16:00:00,34.0,32.1,25,0.0,1006.3,12.2,298
2025-03-12 17:00:00,37.0,31.0,29,0.0,1006.2,10.7,303
2025-03-12 18:00:00,42.0,29.8,35,0.0,1006.7,7.9,303
2025-03-12 19:00:00,50.0,28.8,40,0.0,1007.2,6.0,307
2025-03-12 20:00:00,66.0,27.7,45,0.0,1007.7,4.2,324
2025-03-12 21:00:00,70.0,26.6,48,0.0,1008.1,4.5,317
2025-03-12 22:00:00,81.0,25.9,49,0.0,1008.4,4.7,298
2025-03-12 23:00:00,71.0,25.2,52,0.0,1008.4,5.8,330
2025-03-13 00:00:00,61.0,24.0,56,0.0,1008.1,3.9,336
2025-03-13 01:00:00,60.0,23.0,59,0.0,1007.4,4.0,352
2025-03-13 02:00:00,60.0,22.5,59,0.0,1006.6,4.9,354
2025-03-13 03:00:00,60.0,21.6,63,0.0,1006.2,3.2,313
2025-03-13 04:00:00,71.0,21.4,62,0.0,1006.3,2.7,233
2025-03-13 05:00:00,89.0,21.2,62,0.0,1006.5,3.6,267
2025-03-13 06:00:00,111.0,21.5,67,0.0,1007.8,4.3,287
2025-03-13 07:00:00,164.0,22.0,65,0.0,1008.4,6.2,282
2025-03-13 08:00:00,159.0,23.8,58,0.0,1009.3,3.5,279
2025-03-13 09:00:00,137.0,26.7,49,0.0,1009.8,3.2,289
2025-03-13 10:00:00,104.0,29.1,40,0.0,1009.8,3.8,295
2025-03-13 11:00:00,88.0,25.3,53,0.4,1010.3,12.0,351
2025-03-13 12:00:00,70.0,29.8,33,0.0,1008.4,2.6,65
2025-03-13 13:00:00,62.0,31.7,29,0.0,1006.8,3.6,160
2025-03-13 14:00:00,54.0,32.3,27,0.0,1005.6,5.4,217
2025-03-13 15:00:00,48.0,32.2,28,0.1,1005.1,9.2,225
2025-03-13 16:00:00,45.0,30.8,32,0.4,1005.4,6.4,238
2025-03-13 17:00:00,49.0,25.9,46,0.5,1007.2,15.1,270
2025-03-13 18:00:00,75.0,27.5,40,0.0,1005.3,5.3,45
2025-03-13 19:00:00,89.0,26.4,44,0.0,1006.0,6.2,33
2025-03-13 20:00:00,60.0,25.6,47,0.0,1006.7,4.5,61
2025-03-13 21:00:00,58.0,25.1,47,0.0,1007.5,5.7,9
2025-03-13 22:00:00,57.0,24.0,52,0.0,1007.4,5.0,21
2025-03-13 23:00:00,61.0,23.3,54,0.0,1007.2,6.0,16
2025-03-14 00:00:00,102.0,22.5,57,0.0,1007.0,4.6,9
2025-03-14 01:00:00,111.0,21.8,60,0.0,1007.1,5.7,28
2025-03-14 02:00:00,116.0,20.9,63,0.0,1006.8,4.4,32
2025-03-14 03:00:00,96.0,19.9,68,0.0,1006.5,2.7,32
2025-03-14 04:00:00,106.0,19.5,72,0.0,1006.7,1.3,146
2025-03-14 05:00:00,135.0,19.2,72,0.0,1007.5,2.9,169
2025-03-14 06:00:00,131.0,19.8,84,0.0,1008.5,2.8,225
2025-03-14 07:00:00,132.0,21.2,76,0.0,1009.3,4.0,207
2025-03-14 08:00:00,114.0,23.7,67,0.0,1010.2,0.5,45
2025-03-14 09:00:00,73.0,26.8,51,0.0,1011.0,1.9,151
2025-03-14 10:00:00,70.0,29.3,41,0.0,1010.7,4.2,162
2025-03-14 11:00:00,46.0,31.3,33,0.0,1010.2,5.3,170
2025-03-14 12:00:00,48.0,32.8,23,0.0,1009.3,5.1,174
2025-03-14 13:00:00,34.0,33.7,19,0.0,1008.0,5.0,159
2025-03-14 14:00:00,32.0,33.9,17,0.0,1006.9,6.0,164
2025-03-14 15:00:00,25.0,34.3,16,0.0,1006.2,5.9,215
2025-03-14 16:00:00,31.0,33.1,17,0.0,1006.2,8.8,255
2025-03-14 17:00:00,58.0,32.0,20,0.0,1006.6,8.1,298
2025-03-14 18:00:00,42.0,29.6,32,0.0,1007.9,3.6,360
2025-03-14 19:00:00,43.0,27.9,39,0.0,1008.7,3.6,333
2025-03-14 20:00:00,46.0,25.9,51,0.1,1009.5,11.7,25
2025-03-14 21:00:00,44.0,24.2,56,0.0,1010.3,8.7,356
2025-03-14 22:00:00,47.0,22.5,66,0.0,1009.8,10.2,53
2025-03-14 23:00:00,40.0,22.2,66,0.0,1009.4,11.1,37
2025-03-15 00:00:00,52.0,21.2,69,0.0,1009.6,9.0,23
2025-03-15 01:00:00,27.0,20.5,69,0.0,1009.3,10.6,43
2025-03-15 02:00:00,23.0,20.3,65,0.0,1008.3,8.3,63
2025-03-15 03:00:00,13.0,20.1,63,0.0,1008.6,6.3,31
2025-03-15 04:00:00,16.0,19.4,64,0.0,1008.8,6.9,28
2025-03-15 05:00:00,10.0,18.9,66,0.0,1009.4,5.5,38
2025-03-15 06:00:00,19.0,19.2,70,0.0,1010.8,14.0,28
2025-03-15 07:00:00,18.0,19.6,68,0.0,1011.6,10.7,36
2025-03-15 08:00:00,19.0,21.2,61,0.0,1012.2,9.0,37
2025-03-15 09:00:00,23.0,23.3,53,0.0,1012.3,9.4,43
2025-03-15 10:00:00,22.0,25.6,45,0.0,1012.1,9.8,62
2025-03-15 11:00:00,24.0,27.5,42,0.0,1011.6,9.2,73
2025-03-15 12:00:00,27.0,29.0,39,0.0,1010.8,8.8,94
2025-03-15 13:00:00,24.0,30.7,35,0.0,1009.8,8.9,111
2025-03-15 14:00:00,28.0,31.2,33,0.0,1009.0,8.1,148
2025-03-15 15:00:00,29.0,31.0,33,0.0,1008.5,8.0,170
2025-03-15 16:00:00,27.0,30.6,33,0.2,1008.6,9.3,205
2025-03-15 17:00:00,28.0,30.1,31,0.0,1008.2,6.4,198
2025-03-15 18:00:00,47.0,29.3,30,0.0,1009.2,6.2,240
2025-03-15 19:00:00,51.0,27.6,36,0.0,1010.2,5.0,305
2025-03-15 20:00:00,27.0,25.2,55,0.0,1011.1,12.4,339
2025-03-15 21:00:00,28.0,23.3,62,0.0,1011.9,11.9,357
2025-03-15 22:00:00,29.0,22.3,63,0.0,1012.2,10.6,356
2025-03-15 23:00:00,26.0,21.4,65,0.0,1012.1,10.6,351
2025-03-16 00:00:00,25.0,20.7,66,0.0,1012.0,9.9,350
2025-03-16 01:00:00,78.0,20.1,68,0.0,1011.8,9.6,346
2025-03-16 02:00:00,69.0,19.3,69,0.1,1011.6,9.7,358
2025-03-16 03:00:00,51.0,18.8,72,0.0,1011.4,8.0,335
2025-03-16 04:00:00,56.0,18.1,75,0.7,1011.9,3.8,357
2025-03-16 05:00:00,67.0,17.6,77,0.1,1012.4,8.0,322
2025-03-16 06:00:00,69.0,19.1,75,0.0,1012.0,6.2,327
2025-03-16 07:00:00,86.0,19.6,73,0.0,1012.6,8.0,297
2025-03-16 08:00:00,91.0,20.9,67,0.0,1013.6,5.9,18
2025-03-16 09:00:00,64.0,22.5,59,0.0,1014.1,4.6,347
2025-03-16 10:00:00,66.0,24.9,53,0.0,1014.1,4.3,45
2025-03-16 11:00:00,34.0,27.1,46,0.0,1013.5,2.3,58
2025-03-16 12:00:00,38.0,29.0,36,0.0,1012.3,1.2,321
2025-03-16 13:00:00,27.0,29.9,28,0.0,1011.4,5.2,270
2025-03-16 14:00:00,25.0,29.9,25,0.0,1010.1,9.3,298
2025-03-16 15:00:00,20.0,29.7,24,0.0,1009.5,11.4,295
2025-03-16 16:00:00,17.0,28.8,26,0.0,1009.2,11.4,297
2025-03-16 17:00:00,17.0,27.8,28,0.0,1009.3,10.5,297
2025-03-16 18:00:00,18.0,26.8,29,0.0,1009.9,9.0,316
2025-03-16 19:00:00,24.0,25.5,35,0.0,1010.7,7.6,304
2025-03-16 20:00:00,33.0,24.5,40,0.0,1011.5,8.0,322
2025-03-16 21:00:00,44.0,23.4,43,0.0,1011.8,8.1,342
2025-03-16 22:00:00,34.0,22.5,43,0.0,1012.1,8.1,348
2025-03-16 23:00:00,43.0,21.4,45,0.0,1011.9,7.3,344
2025-03-17 00:00:00,41.0,20.6,47,0.0,1011.8,7.7,342
2025-03-17 01:00:00,39.0,19.9,48,0.0,1011.8,7.8,352
2025-03-17 02:00:00,48.0,19.2,49,0.0,1011.6,5.9,348
2025-03-17 03:00:00,57.0,18.5,52,0.0,1011.4,6.1,341
2025-03-17 04:00:00,54.0,17.9,55,0.0,1011.4,5.1,342
2025-03-17 05:00:00,93.0,17.5,56,0.0,1011.7,5.3,303
2025-03-17 06:00:00,97.0,18.8,75,0.0,1012.3,4.1,299
2025-03-17 07:00:00,116.0,19.4,72,0.0,1013.1,5.5,293
2025-03-17 08:00:00,110.0,21.3,64,0.0,1013.8,4.8,297
2025-03-17 09:00:00,75.0,23.9,53,0.0,1014.2,6.0,307
2025-03-17 10:00:00,45.0,26.1,41,0.0,1014.1,8.1,317
2025-03-17 11:00:00,42.0,27.4,32,0.0,1013.9,10.2,311
2025-03-17 12:00:00,40.0,28.0,29,0.0,1013.1,12.1,311
2025-03-17 13:00:00,38.0,28.3,28,0.0,1012.1,13.4,313
2025-03-17 14:00:00,35.0,28.5,28,0.0,1011.3,13.1,316
2025-03-17 15:00:00,31.0,28.1,29,0.0,1010.7,13.5,317
2025-03-17 16:00:00,27.0,27.4,30,0.0,1010.8,13.3,320
2025-03-17 17:00:00,33.0,26.5,33,0.0,1011.1,12.3,323
2025-03-17 18:00:00,32.0,25.7,34,0.0,1012.1,8.3,321
2025-03-17 19:00:00,36.0,24.9,38,0.0,1013.0,6.4,310
2025-03-17 20:00:00,40.0,24.1,41,0.0,1013.7,6.2,291
2025-03-17 21:00:00,45.0,23.2,43,0.0,1014.0,5.3,278
2025-03-17 22:00:00,56.0,22.7,43,0.0,1014.2,6.0,280
2025-03-17 23:00:00,63.0,21.9,46,0.0,1013.8,6.3,285
2025-03-18 00:00:00,56.0,20.9,49,0.0,1013.6,5.2,301
2025-03-18 01:00:00,55.0,20.0,52,0.0,1013.3,6.2,316
2025-03-18 02:00:00,73.0,19.5,53,0.0,1012.5,6.5,309
2025-03-18 03:00:00,91.0,18.9,54,0.0,1011.8,7.4,304
2025-03-18 04:00:00,94.0,18.3,55,0.0,1011.8,8.0,306
2025-03-18 05:00:00,116.0,17.7,57,0.0,1011.8,8.0,310
2025-03-18 06:00:00,113.0,17.9,74,0.0,1012.7,5.3,303
2025-03-18 07:00:00,100.0,18.8,69,0.0,1013.6,5.8,261
2025-03-18 08:00:00,96.0,21.0,59,0.0,1014.0,5.0,291
2025-03-18 09:00:00,71.0,23.7,48,0.0,1014.1,6.9,300
2025-03-18 10:00:00,59.0,26.1,36,0.0,1014.1,10.8,316
2025-03-18 11:00:00,53.0,27.7,30,0.0,1013.4,11.0,320
2025-03-18 12:00:00,34.0,28.8,27,0.0,1012.5,10.9,322
2025-03-18 13:00:00,26.0,29.5,25,0.0,1011.6,11.4,322
2025-03-18 14:00:00,18.0,29.8,24,0.0,1010.7,11.1,317
2025-03-18 15:00:00,22.0,29.8,23,0.0,1010.3,11.5,310
2025-03-18 16:00:00,23.0,29.3,24,0.0,1010.3,11.2,307
2025-03-18 17:00:00,20.0,28.3,27,0.0,1010.3,10.0,298
2025-03-18 18:00:00,23.0,27.0,32,0.0,1011.3,7.1,308
2025-03-18 19:00:00,26.0,26.2,35,0.0,1011.8,6.5,284
2025-03-18 20:00:00,53.0,25.4,39,0.0,1012.2,7.0,273
2025-03-18 21:00:00,62.0,24.5,41,0.0,1012.7,6.7,279
2025-03-18 22:00:00,82.0,23.5,43,0.0,1012.8,5.4,276
2025-03-18 23:00:00,72.0,23.1,42,0.0,1012.9,5.4,284
2025-03-19 00:00:00,83.0,22.8,42,0.0,1012.9,6.9,300
2025-03-19 01:00:00,101.0,21.5,46,0.0,1012.8,6.1,310
2025-03-19 02:00:00,102.0,20.5,50,0.0,1012.2,5.0,316
2025-03-19 03:00:00,148.0,19.4,54,0.0,1011.8,4.0,309
2025-03-19 04:00:00,165.0,18.9,57,0.0,1011.8,3.3,299
2025-03-19 05:00:00,142.0,18.4,59,0.0,1011.9,3.5,279
2025-03-19 06:00:00,140.0,18.8,64,0.0,1012.7,3.5,246
2025-03-19 07:00:00,121.0,19.8,60,0.0,1013.6,6.5,264
2025-03-19 08:00:00,78.0,22.4,51,0.0,1013.9,5.0,270
2025-03-19 09:00:00,72.0,26.0,38,0.0,1014.5,5.4,266
2025-03-19 10:00:00,48.0,28.6,27,0.0,1014.5,6.8,299
2025-03-19 11:00:00,85.0,30.3,21,0.0,1014.1,7.8,318
2025-03-19 12:00:00,59.0,31.5,19,0.0,1013.7,8.7,326
2025-03-19 13:00:00,33.0,32.0,19,0.0,1012.6,9.1,330
2025-03-19 14:00:00,24.0,32.1,19,0.0,1011.9,9.6,330
2025-03-19 15:00:00,19.0,31.6,20,0.0,1011.5,10.0,330
2025-03-19 16:00:00,18.0,30.7,23,0.0,1011.5,11.1,329
2025-03-19 17:00:00,28.0,29.6,27,0.0,1011.8,10.6,337
2025-03-19 18:00:00,29.0,28.7,26,0.0,1012.4,7.1,344
2025-03-19 19:00:00,50.0,27.3,32,0.0,1013.3,6.8,357
2025-03-19 20:00:00,50.0,26.1,35,0.0,1013.8,7.9,17
2025-03-19 21:00:00,48.0,24.7,36,0.0,1014.4,4.0,32
2025-03-19 22:00:00,50.0,23.9,42,0.0,1014.7,0.6,124
2025-03-19 23:00:00,58.0,23.1,49,0.0,1015.0,0.3,135
2025-03-20 00:00:00,57.0,22.1,43,0.0,1014.9,3.8,5
2025-03-20 01:00:00,61.0,22.0,40,0.0,1014.6,5.9,18
2025-03-20 02:00:00,52.0,20.7,43,0.0,1014.1,4.9,6
2025-03-20 03:00:00,58.0,19.5,48,0.0,1013.7,3.8,19
2025-03-20 04:00:00,63.0,18.8,49,0.0,1013.6,3.9,28
2025-03-20 05:00:00,76.0,18.2,51,0.0,1014.0,3.7,14
2025-03-20 06:00:00,76.0,19.1,69,0.0,1014.6,0.9,323
2025-03-20 07:00:00,88.0,20.4,61,0.0,1015.5,4.2,313
2025-03-20 08:00:00,122.0,23.2,50,0.0,1016.0,2.5,315
2025-03-20 09:00:00,87.0,27.0,37,0.0,1016.3,2.2,325
2025-03-20 10:00:00,40.0,30.1,23,0.0,1016.4,4.2,329
2025-03-20 11:00:00,46.0,31.9,17,0.0,1015.9,6.3,325
2025-03-20 12:00:00,36.0,32.9,15,0.0,1015.0,9.2,327
2025-03-20 13:00:00,26.0,32.9,14,0.0,1014.0,11.5,328
2025-03-20 14:00:00,15.0,32.4,16,0.0,1013.1,11.3,323
2025-03-20 15:00:00,21.0,32.0,17,0.0,1012.3,10.3,329
2025-03-20 16:00:00,16.0,31.4,18,0.0,1012.0,13.3,327
2025-03-20 17:00:00,13.0,30.0,23,0.0,1012.1,13.5,327
2025-03-20 18:00:00,20.0,29.1,20,0.0,1012.3,8.5,328
2025-03-20 19:00:00,28.0,27.9,23,0.0,1012.7,4.6,321
2025-03-20 20:00:00,45.0,27.4,24,0.0,1013.6,5.9,288
2025-03-20 21:00:00,60.0,26.5,31,0.0,1014.5,7.6,271
2025-03-20 22:00:00,63.0,25.2,38,0.0,1014.8,8.9,294
2025-03-20 23:00:00,70.0,23.7,38,0.0,1015.0,8.5,316
2025-03-21 00:00:00,53.0,22.6,37,0.0,1014.6,7.7,329
2025-03-21 01:00:00,68.0,22.0,36,0.0,1014.2,7.6,338
2025-03-21 02:00:00,73.0,21.5,38,0.0,1013.7,7.5,339
2025-03-21 03:00:00,77.0,20.9,39,0.0,1013.2,7.7,336
2025-03-21 04:00:00,142.0,20.4,41,0.0,1013.3,8.1,339
2025-03-21 05:00:00,180.0,20.0,42,0.0,1013.4,9.0,334
2025-03-21 06:00:00,161.0,19.8,60,0.0,1014.4,7.0,310
2025-03-21 07:00:00,160.0,20.4,58,0.0,1015.1,7.8,302
2025-03-21 08:00:00,128.0,22.5,50,0.0,1015.7,5.5,308
2025-03-21 09:00:00,100.0,25.3,40,0.0,1016.4,6.3,309
2025-03-21 10:00:00,79.0,28.0,32,0.0,1016.2,7.6,315
2025-03-21 11:00:00,51.0,30.2,23,0.0,1015.7,10.5,323
2025-03-21 12:00:00,28.0,31.4,18,0.0,1014.6,13.2,325
2025-03-21 13:00:00,20.0,31.9,16,0.0,1013.6,13.7,320
2025-03-21 14:00:00,15.0,32.0,15,0.0,1012.2,14.6,320
2025-03-21 15:00:00,17.0,31.8,15,0.0,1011.5,15.1,320
2025-03-21 16:00:00,18.0,31.0,17,0.0,1011.1,14.9,323
2025-03-21 17:00:00,20.0,29.9,19,0.0,1011.0,12.1,328
2025-03-21 18:00:00,24.0,28.7,21,0.0,1012.0,8.2,324
2025-03-21 19:00:00,32.0,27.6,25,0.0,1012.5,8.1,294
2025-03-21 20:00:00,51.0,26.6,28,0.0,1013.1,7.7,288
2025-03-21 21:00:00,50.0,25.3,31,0.0,1013.4,8.2,293
2025-03-21 22:00:00,59.0,24.1,33,0.0,1013.4,8.3,303
2025-03-21 23:00:00,54.0,23.3,33,0.0,1013.3,8.2,310
2025-03-22 00:00:00,60.0,22.6,33,0.0,1012.7,5.9,301
2025-03-22 01:00:00,60.0,21.6,35,0.0,1012.1,4.8,304
2025-03-22 02:00:00,61.0,21.0,36,0.0,1011.3,4.8,290
2025-03-22 03:00:00,108.0,20.7,36,0.0,1010.9,5.4,285
2025-03-22 04:00:00,124.0,20.0,38,0.0,1011.2,6.1,267
2025-03-22 05:00:00,102.0,19.1,42,0.0,1011.3,5.5,251
2025-03-22 06:00:00,74.0,20.4,50,0.0,1012.5,6.4,259
2025-03-22 07:00:00,76.0,21.4,46,0.0,1013.1,7.6,275
2025-03-22 08:00:00,80.0,23.8,40,0.0,1014.0,5.1,280
2025-03-22 09:00:00,73.0,27.1,31,0.0,1014.5,6.7,256
2025-03-22 10:00:00,53.0,29.4,25,0.0,1014.0,8.3,266
2025-03-22 11:00:00,53.0,30.8,22,0.0,1013.6,10.0,284
2025-03-22 12:00:00,37.0,31.3,20,0.0,1012.9,15.1,308
2025-03-22 13:00:00,43.0,30.7,21,0.0,1012.4,14.0,312
2025-03-22 14:00:00,32.0,31.5,20,0.0,1011.4,13.6,309
2025-03-22 15:00:00,25.0,31.4,19,0.0,1011.1,14.4,324
2025-03-22 16:00:00,23.0,30.9,19,0.0,1011.2,14.0,338
2025-03-22 17:00:00,28.0,29.9,20,0.0,1011.1,12.8,336
2025-03-22 18:00:00,33.0,28.8,21,0.0,1011.8,8.9,341
2025-03-22 19:00:00,42.0,27.4,26,0.0,1012.6,5.2,331
2025-03-22 20:00:00,60.0,25.5,34,0.0,1013.3,3.0,335
2025-03-22 21:00:00,75.0,24.2,39,0.0,1013.7,2.7,328
2025-03-22 22:00:00,82.0,23.2,41,0.0,1013.8,3.6,342
2025-03-22 23:00:00,73.0,22.2,45,0.0,1013.8,3.8,5
2025-03-23 00:00:00,77.0,21.2,49,0.0,1013.6,3.1,40
2025-03-23 01:00:00,84.0,20.3,51,0.0,1013.4,3.1,80
2025-03-23 02:00:00,80.0,19.6,55,0.0,1012.9,2.4,107
2025-03-23 03:00:00,73.0,19.5,55,0.0,1012.8,1.3,164
2025-03-23 04:00:00,80.0,19.1,55,0.0,1013.2,2.1,200
2025-03-23 05:00:00,81.0,18.9,54,0.0,1013.5,2.5,180
2025-03-23 06:00:00,95.0,18.9,62,0.0,1014.4,1.7,139
2025-03-23 07:00:00,95.0,20.5,55,0.0,1015.3,4.1,139
2025-03-23 08:00:00,96.0,23.6,45,0.0,1016.2,2.1,121
2025-03-23 09:00:00,83.0,27.0,33,0.0,1016.6,3.3,167
2025-03-23 10:00:00,52.0,29.4,24,0.0,1016.4,6.1,168
2025-03-23 11:00:00,35.0,30.8,21,0.0,1015.9,6.3,180
2025-03-23 12:00:00,32.0,31.8,20,0.0,1015.1,5.8,196
2025-03-23 13:00:00,37.0,32.6,18,0.0,1014.0,5.4,217
2025-03-23 14:00:00,43.0,33.1,17,0.0,1013.1,6.0,243
2025-03-23 15:00:00,40.0,33.2,17,0.0,1012.4,7.9,273
2025-03-23 16:00:00,34.0,32.8,16,0.0,1012.3,9.8,290
2025-03-23 17:00:00,33.0,31.8,15,0.0,1012.4,9.2,301
2025-03-23 18:00:00,34.0,30.2,18,0.0,1013.5,7.6,322
2025-03-23 19:00:00,49.0,28.6,24,0.0,1014.0,5.6,333
2025-03-23 20:00:00,62.0,27.1,29,0.0,1014.4,3.4,6
2025-03-23 21:00:00,73.0,25.5,34,0.0,1014.6,2.9,60
2025-03-23 22:00:00,77.0,24.3,38,0.0,1014.6,2.9,94
2025-03-23 23:00:00,78.0,23.4,42,0.0,1014.4,2.3,86
2025-03-24 00:00:00,85.0,23.0,43,0.0,1013.8,1.1,90
2025-03-24 01:00:00,90.0,22.1,45,0.0,1013.6,1.5,126
2025-03-24 02:00:00,94.0,21.5,48,0.0,1012.7,1.1,189
2025-03-24 03:00:00,108.0,21.0,48,0.0,1012.4,1.6,276
2025-03-24 04:00:00,106.0,20.8,48,0.0,1012.6,2.1,308
2025-03-24 05:00:00,93.0,20.6,49,0.0,1013.0,1.2,243
2025-03-24 06:00:00,104.0,19.4,60,0.0,1014.7,4.3,147
2025-03-24 07:00:00,113.0,20.9,55,0.0,1015.5,6.2,163
2025-03-24 08:00:00,147.0,23.8,45,0.0,1016.3,4.6,162
2025-03-24 09:00:00,87.0,27.3,34,0.0,1016.5,5.3,168
2025-03-24 10:00:00,37.0,30.2,26,0.0,1016.2,7.0,183
2025-03-24 11:00:00,36.0,31.8,21,0.0,1015.6,6.9,195
2025-03-24 12:00:00,30.0,32.9,18,0.0,1014.5,6.0,197
2025-03-24 13:00:00,49.0,33.7,17,0.0,1013.1,5.2,200
2025-03-24 14:00:00,32.0,34.2,16,0.0,1011.8,5.0,210
2025-03-24 15:00:00,18.0,34.4,16,0.0,1011.2,5.4,236
2025-03-24 16:00:00,21.0,34.1,16,0.0,1010.8,5.9,272
2025-03-24 17:00:00,36.0,33.1,17,0.0,1010.9,6.5,316
2025-03-24 18:00:00,39.0,31.4,20,0.0,1011.3,6.2,22
2025-03-24 19:00:00,60.0,29.6,26,0.0,1011.7,6.6,49
2025-03-24 20:00:00,72.0,27.9,30,0.0,1012.6,3.8,25
2025-03-24 21:00:00,76.0,26.9,33,0.0,1013.2,7.1,56
2025-03-24 22:00:00,77.0,25.8,37,0.0,1013.1,7.2,37
2025-03-24 23:00:00,104.0,24.9,40,0.0,1012.6,4.8,56
2025-03-25 00:00:00,123.0,24.0,43,0.0,1011.8,4.0,69
2025-03-25 01:00:00,125.0,23.3,46,0.0,1011.3,4.8,117
2025-03-25 02:00:00,120.0,22.4,50,0.0,1010.6,4.1,119
2025-03-25 03:00:00,125.0,21.9,53,0.0,1010.1,4.2,121
2025-03-25 04:00:00,127.0,21.0,56,0.0,1009.9,4.2,149
2025-03-25 05:00:00,132.0,20.6,57,0.0,1009.9,5.0,142
2025-03-25 06:00:00,138.0,20.6,59,0.0,1010.9,6.8,145
2025-03-25 07:00:00,149.0,21.9,53,0.0,1011.4,7.8,146
2025-03-25 08:00:00,164.0,24.8,43,0.0,1011.9,3.4,133
2025-03-25 09:00:00,123.0,28.5,32,0.0,1012.2,3.2,137
2025-03-25 10:00:00,106.0,31.7,23,0.0,1011.8,4.4,150
2025-03-25 11:00:00,66.0,33.7,18,0.0,1010.7,3.5,165
2025-03-25 12:00:00,38.0,35.1,16,0.0,1009.7,2.0,190
2025-03-25 13:00:00,26.0,36.1,15,0.0,1008.3,1.5,234
2025-03-25 14:00:00,31.0,36.7,13,0.0,1007.1,3.3,292
2025-03-25 15:00:00,29.0,36.7,13,0.0,1006.2,7.4,311
2025-03-25 16:00:00,30.0,36.0,13,0.0,1006.0,9.4,328
2025-03-25 17:00:00,35.0,34.7,15,0.0,1006.0,8.1,1
2025-03-25 18:00:00,43.0,32.3,23,0.0,1006.7,7.1,24
2025-03-25 19:00:00,52.0,30.8,27,0.0,1007.2,6.2,21
2025-03-25 20:00:00,62.0,29.6,29,0.0,1007.8,7.2,13
2025-03-25 21:00:00,82.0,28.3,36,0.0,1008.3,7.2,18
2025-03-25 22:00:00,98.0,27.0,40,0.0,1008.1,4.2,65
2025-03-25 23:00:00,111.0,25.6,43,0.0,1007.5,4.0,87
2025-03-26 00:00:00,120.0,24.5,46,0.0,1007.1,3.1,69
2025-03-26 01:00:00,111.0,24.0,47,0.0,1006.4,3.5,156
2025-03-26 02:00:00,128.0,23.6,48,0.0,1005.8,3.1,156
2025-03-26 03:00:00,134.0,23.0,49,0.0,1005.5,3.6,186
2025-03-26 04:00:00,140.0,22.4,50,0.0,1005.6,3.2,218
2025-03-26 05:00:00,133.0,22.2,51,0.0,1005.8,1.5,225
2025-03-26 06:00:00,141.0,22.4,55,0.0,1006.5,2.0,280
2025-03-26 07:00:00,162.0,23.9,49,0.0,1007.2,3.6,240
2025-03-26 08:00:00,150.0,27.5,39,0.0,1008.0,2.9,210
2025-03-26 09:00:00,93.0,31.3,28,0.0,1008.6,4.0,207
2025-03-26 10:00:00,43.0,34.2,20,0.0,1008.4,6.4,207
2025-03-26 11:00:00,32.0,36.0,15,0.0,1007.9,6.4,212
2025-03-26 12:00:00,36.0,37.2,13,0.0,1007.0,5.1,212
2025-03-26 13:00:00,46.0,38.0,11,0.0,1005.7,4.0,212
2025-03-26 14:00:00,29.0,38.4,11,0.0,1004.6,5.6,202
2025-03-26 15:00:00,21.0,38.4,10,0.0,1003.8,7.5,210
2025-03-26 16:00:00,20.0,37.9,11,0.0,1003.5,8.9,225
2025-03-26 17:00:00,25.0,36.5,12,0.0,1003.8,8.6,221
2025-03-26 18:00:00,44.0,34.6,17,0.0,1004.4,0.6,146
2025-03-26 19:00:00,47.0,33.0,17,0.0,1005.0,6.1,67
2025-03-26 20:00:00,74.0,31.1,25,0.0,1006.0,6.5,39
2025-03-26 21:00:00,68.0,29.1,31,0.0,1006.7,6.4,115
2025-03-26 22:00:00,71.0,28.2,32,0.0,1006.8,4.0,82
2025-03-26 23:00:00,92.0,27.1,36,0.0,1006.5,3.8,93
2025-03-27 00:00:00,100.0,26.2,38,0.0,1006.4,3.1,140
2025-03-27 01:00:00,111.0,25.8,39,0.0,1006.0,2.3,141
2025-03-27 02:00:00,117.0,25.2,39,0.0,1005.3,3.7,145
2025-03-27 03:00:00,122.0,25.2,49,0.0,1005.3,0.4,153
2025-03-27 04:00:00,124.0,24.4,42,0.0,1005.2,1.5,166
2025-03-27 05:00:00,139.0,23.9,43,0.0,1005.8,3.1,280
2025-03-27 06:00:00,170.0,23.0,52,0.0,1006.7,3.3,276
2025-03-27 07:00:00,146.0,25.0,42,0.0,1007.3,6.2,253
2025-03-27 08:00:00,68.0,27.7,33,0.0,1007.9,4.6,244
2025-03-27 09:00:00,70.0,31.0,25,0.0,1008.2,6.1,267
2025-03-27 10:00:00,59.0,33.3,21,0.0,1008.2,8.8,270
2025-03-27 11:00:00,37.0,34.9,19,0.0,1007.8,9.6,282
2025-03-27 12:00:00,32.0,36.0,18,0.0,1006.9,10.2,296
2025-03-27 13:00:00,37.0,36.6,17,0.0,1006.1,10.7,297
2025-03-27 14:00:00,31.0,36.8,15,0.0,1005.0,12.4,283
2025-03-27 15:00:00,26.0,36.3,15,0.0,1004.3,12.0,278
2025-03-27 16:00:00,27.0,35.9,16,0.0,1003.9,7.6,288
2025-03-27 17:00:00,34.0,35.2,17,0.0,1003.7,5.1,293
2025-03-27 18:00:00,33.0,33.7,19,0.0,1003.9,5.3,342
2025-03-27 19:00:00,44.0,32.1,22,0.0,1004.4,5.4,352
2025-03-27 20:00:00,59.0,31.0,25,0.0,1005.0,5.4,360
2025-03-27 21:00:00,51.0,29.6,28,0.0,1005.5,4.5,7
2025-03-27 22:00:00,56.0,28.2,31,0.0,1005.5,3.6,360
2025-03-27 23:00:00,68.0,27.4,35,0.0,1005.8,2.4,312
2025-03-28 00:00:00,72.0,26.9,33,0.0,1005.9,4.4,277
2025-03-28 01:00:00,153.0,26.4,34,0.0,1005.6,6.4,280
2025-03-28 02:00:00,174.0,25.6,36,0.0,1005.4,9.2,273
2025-03-28 03:00:00,68.0,24.9,38,0.0,1005.6,13.0,268
2025-03-28 04:00:00,46.0,23.4,34,0.0,1006.5,13.5,291
2025-03-28 05:00:00,44.0,22.4,33,0.0,1007.6,11.7,304
2025-03-28 06:00:00,53.0,22.0,38,0.0,1008.7,10.4,315
2025-03-28 07:00:00,75.0,22.9,34,0.0,1009.6,8.9,306
2025-03-28 08:00:00,79.0,24.9,29,0.0,1010.5,8.7,302
2025-03-28 09:00:00,60.0,27.2,24,0.0,1011.1,11.3,297
2025-03-28 10:00:00,62.0,28.7,21,0.0,1011.2,13.6,299
2025-03-28 11:00:00,37.0,30.3,18,0.0,1010.9,11.8,294
2025-03-28 12:00:00,42.0,31.4,13,0.0,1010.3,11.4,286
2025-03-28 13:00:00,35.0,31.9,12,0.0,1009.4,12.3,281
2025-03-28 14:00:00,32.0,31.9,12,0.0,1008.3,13.2,277
2025-03-28 15:00:00,26.0,31.3,12,0.0,1007.5,13.7,275
2025-03-28 16:00:00,27.0,30.6,12,0.0,1007.6,13.9,274
2025-03-28 17:00:00,27.0,29.5,13,0.0,1007.5,13.2,275
2025-03-28 18:00:00,32.0,28.4,17,0.0,1008.2,13.9,299
2025-03-28 19:00:00,36.0,27.0,21,0.0,1009.1,13.9,307
2025-03-28 20:00:00,36.0,26.0,22,0.0,1010.0,14.6,305
2025-03-28 21:00:00,30.0,24.6,21,0.0,1010.7,15.5,308
2025-03-28 22:00:00,26.0,23.4,18,0.0,1011.1,15.0,310
2025-03-28 23:00:00,24.0,22.5,17,0.0,1011.0,14.2,310
2025-03-29 00:00:00,26.0,21.5,17,0.0,1010.9,13.8,310
2025-03-29 01:00:00,41.0,20.5,17,0.0,1010.3,13.6,311
2025-03-29 02:00:00,46.0,19.7,18,0.0,1009.8,13.4,309
2025-03-29 03:00:00,49.0,19.0,21,0.0,1009.5,13.3,308
2025-03-29 04:00:00,46.0,18.3,22,0.0,1009.4,13.0,307
2025-03-29 05:00:00,37.0,17.8,23,0.0,1009.6,12.8,302
2025-03-29 06:00:00,48.0,16.6,30,0.0,1010.3,12.3,292
2025-03-29 07:00:00,61.0,17.3,30,0.0,1010.8,9.8,284
2025-03-29 08:00:00,73.0,19.1,28,0.0,1011.3,11.4,283
2025-03-29 09:00:00,72.0,21.7,24,0.0,1011.8,12.5,291
2025-03-29 10:00:00,49.0,24.3,21,0.0,1011.8,14.1,301
2025-03-29 11:00:00,33.0,26.3,17,0.0,1011.1,14.9,307
2025-03-29 12:00:00,27.0,28.0,14,0.0,1010.1,14.0,306
2025-03-29 13:00:00,25.0,29.2,14,0.0,1008.9,13.9,304
2025-03-29 14:00:00,25.0,29.6,15,0.0,1008.1,14.5,297
2025-03-29 15:00:00,17.0,29.6,18,0.0,1007.5,14.8,296
2025-03-29 16:00:00,13.0,29.1,19,0.0,1007.1,14.7,299
2025-03-29 17:00:00,21.0,28.1,19,0.0,1007.0,14.5,298
2025-03-29 18:00:00,25.0,26.9,19,0.0,1008.1,10.8,291
2025-03-29 19:00:00,24.0,26.2,21,0.0,1008.7,11.1,283
2025-03-29 20:00:00,38.0,25.4,22,0.0,1009.5,11.6,285
2025-03-29 21:00:00,36.0,24.6,21,0.0,1010.2,11.7,290
2025-03-29 22:00:00,33.0,23.7,20,0.0,1010.3,11.8,299
2025-03-29 23:00:00,43.0,23.1,20,0.0,1010.2,10.3,299
2025-03-30 00:00:00,58.0,22.5,21,0.0,1009.9,11.3,304
2025-03-30 01:00:00,57.0,21.6,22,0.0,1009.3,11.6,303
2025-03-30 02:00:00,62.0,20.7,23,0.0,1008.9,10.2,301
2025-03-30 03:00:00,55.0,19.9,24,0.0,1008.6,9.1,304
2025-03-30 04:00:00,62.0,19.2,25,0.0,1008.7,8.7,300
2025-03-30 05:00:00,48.0,18.7,26,0.0,1009.2,9.2,298
2025-03-30 06:00:00,71.0,17.9,32,0.0,1010.0,9.9,302
2025-03-30 07:00:00,64.0,19.0,30,0.0,1010.7,9.6,298
2025-03-30 08:00:00,75.0,21.3,26,0.0,1011.4,6.8,292
2025-03-30 09:00:00,53.0,24.4,22,0.0,1012.2,8.3,288
2025-03-30 10:00:00,22.0,27.4,17,0.0,1012.2,10.7,301
2025-03-30 11:00:00,19.0,29.5,13,0.0,1011.9,12.3,302
2025-03-30 12:00:00,18.0,30.9,12,0.0,1011.2,11.8,299
2025-03-30 13:00:00,13.0,31.8,12,0.0,1010.1,11.7,293
2025-03-30 14:00:00,17.0,32.3,12,0.0,1009.2,11.6,289
2025-03-30 15:00:00,15.0,32.3,12,0.0,1008.7,12.0,283
2025-03-30 16:00:00,14.0,31.6,13,0.0,1008.4,12.2,284
2025-03-30 17:00:00,17.0,30.5,15,0.0,1008.4,11.8,286
2025-03-30 18:00:00,19.0,29.3,16,0.0,1008.9,9.4,301
2025-03-30 19:00:00,22.0,28.0,19,0.0,1009.5,7.3,303
2025-03-30 20:00:00,36.0,26.9,21,0.0,1010.4,7.1,294
2025-03-30 21:00:00,53.0,26.0,21,0.0,1011.0,6.9,285
2025-03-30 22:00:00,65.0,25.3,21,0.0,1011.3,7.8,285
2025-03-30 23:00:00,70.0,24.3,22,0.0,1011.3,8.4,304
2025-03-31 00:00:00,67.0,22.8,24,0.0,1011.3,8.1,313
2025-03-31 01:00:00,78.0,22.0,25,0.0,1010.6,7.6,308
2025-03-31 02:00:00,99.0,21.4,24,0.0,1010.1,7.5,307
2025-03-31 03:00:00,95.0,20.7,24,0.0,1009.9,6.9,313
2025-03-31 04:00:00,110.0,19.8,25,0.0,1009.9,6.2,314
2025-03-31 05:00:00,197.0,19.0,27,0.0,1010.2,5.6,301
2025-03-31 06:00:00,163.0,18.4,34,0.0,1011.1,4.9,280
2025-03-31 07:00:00,165.0,19.9,32,0.0,1011.7,6.7,267
2025-03-31 08:00:00,170.0,22.7,28,0.0,1012.3,4.7,272
2025-03-31 09:00:00,154.0,26.3,23,0.0,1012.4,6.0,277
2025-03-31 10:00:00,83.0,29.5,18,0.0,1012.4,8.2,289
2025-03-31 11:00:00,82.0,31.8,14,0.0,1011.9,9.6,300
2025-03-31 12:00:00,35.0,33.4,11,0.0,1011.0,10.3,308
2025-03-31 13:00:00,21.0,34.2,10,0.0,1010.1,10.9,309
2025-03-31 14:00:00,16.0,34.5,10,0.0,1009.0,10.8,303
2025-03-31 15:00:00,9.0,34.4,9,0.0,1008.2,11.6,303
2025-03-31 16:00:00,8.0,33.7,10,0.0,1007.8,12.5,302
2025-03-31 17:00:00,29.0,32.6,11,0.0,1007.7,12.2,297
2025-03-31 18:00:00,13.0,31.3,12,0.0,1008.3,9.0,313
2025-03-31 19:00:00,29.0,29.6,15,0.0,1009.1,6.7,290
2025-03-31 20:00:00,41.0,28.4,19,0.0,1009.6,7.9,291
2025-03-31 21:00:00,50.0,27.6,19,0.0,1009.9,8.8,289
2025-03-31 22:00:00,44.0,26.9,17,0.0,1009.9,11.3,306
2025-03-31 23:00:00,74.0,25.2,19,0.0,1009.7,8.6,329
2025-04-01 00:00:00,58.0,24.0,21,0.0,1009.3,6.4,328
2025-04-01 01:00:00,50.0,23.2,23,0.0,1008.7,6.7,324
2025-04-01 02:00:00,63.0,22.5,23,0.0,1008.2,6.4,320
2025-04-01 03:00:00,63.0,21.8,22,0.0,1007.9,6.2,327
2025-04-01 04:00:00,80.0,21.1,23,0.0,1008.1,6.0,333
2025-04-01 05:00:00,142.0,20.2,25,0.0,1008.6,5.2,331
2025-04-01 06:00:00,167.0,19.6,34,0.0,1009.3,5.1,312
2025-04-01 07:00:00,159.0,21.3,31,0.0,1009.9,7.0,291
2025-04-01 08:00:00,136.0,24.2,26,0.0,1010.9,5.1,274
2025-04-01 09:00:00,117.0,27.6,21,0.0,1011.2,6.5,268
2025-04-01 10:00:00,98.0,30.5,15,0.0,1011.1,9.0,286
2025-04-01 11:00:00,63.0,32.4,10,0.0,1011.0,12.3,301
2025-04-01 12:00:00,25.0,33.3,10,0.0,1010.3,12.8,296
2025-04-01 13:00:00,22.0,33.8,10,0.0,1009.5,12.8,292
2025-04-01 14:00:00,23.0,34.1,9,0.0,1008.5,12.9,291
2025-04-01 15:00:00,26.0,33.8,10,0.0,1007.8,13.4,296
2025-04-01 16:00:00,18.0,33.3,10,0.0,1007.3,12.7,300
2025-04-01 17:00:00,23.0,32.3,11,0.0,1007.2,11.1,301
2025-04-01 18:00:00,27.0,31.0,13,0.0,1008.0,7.5,303
2025-04-01 19:00:00,43.0,29.6,15,0.0,1008.6,6.2,260
2025-04-01 20:00:00,69.0,28.2,17,0.0,1009.2,5.2,239
2025-04-01 21:00:00,65.0,27.0,18,0.0,1009.7,5.0,257
2025-04-01 22:00:00,98.0,26.3,19,0.0,1009.7,5.2,292
2025-04-01 23:00:00,116.0,25.5,21,0.0,1009.8,5.8,300
2025-04-02 00:00:00,110.0,24.0,23,0.0,1009.6,5.2,301
2025-04-02 01:00:00,106.0,23.3,23,0.0,1009.2,5.2,299
2025-04-02 02:00:00,96.0,22.3,24,0.0,1008.7,4.8,323
2025-04-02 03:00:00,99.0,21.3,27,0.0,1008.5,4.0,339
2025-04-02 04:00:00,107.0,21.1,29,0.0,1008.6,1.3,352
2025-04-02 05:00:00,158.0,20.5,30,0.0,1009.2,1.0,315
2025-04-02 06:00:00,211.0,19.4,35,0.0,1010.2,3.6,252
2025-04-02 07:00:00,244.0,21.5,30,0.0,1011.0,6.2,249
2025-04-02 08:00:00,174.0,25.2,25,0.0,1011.8,4.9,266
2025-04-02 09:00:00,133.0,29.0,18,0.0,1012.2,4.1,270
2025-04-02 10:00:00,110.0,31.9,13,0.0,1012.3,4.5,286
2025-04-02 11:00:00,84.0,33.8,11,0.0,1011.9,5.9,308
2025-04-02 12:00:00,56.0,35.0,10,0.0,1011.0,7.5,312
2025-04-02 13:00:00,33.0,35.7,9,0.0,1010.1,8.8,313
2025-04-02 14:00:00,29.0,36.0,9,0.0,1009.0,9.8,314
2025-04-02 15:00:00,27.0,35.8,9,0.0,1008.3,10.8,316
2025-04-02 16:00:00,28.0,35.2,10,0.0,1008.1,11.3,321
2025-04-02 17:00:00,76.0,34.2,11,0.0,1008.3,9.8,329
2025-04-02 18:00:00,42.0,32.5,12,0.0,1009.0,9.2,360
2025-04-02 19:00:00,49.0,31.1,14,0.0,1009.7,7.2,4
2025-04-02 20:00:00,55.0,29.9,19,0.0,1010.1,1.4,23
2025-04-02 21:00:00,111.0,28.7,19,0.0,1010.5,1.4,67
2025-04-02 22:00:00,69.0,27.6,29,0.0,1010.9,0.7,166
2025-04-02 23:00:00,72.0,26.3,21,0.0,1011.0,3.9,307
2025-04-03 00:00:00,88.0,25.3,23,0.0,1010.9,3.8,311
2025-04-03 01:00:00,90.0,24.8,25,0.0,1010.4,1.5,330
2025-04-03 02:00:00,88.0,23.6,27,0.0,1010.0,1.7,32
2025-04-03 03:00:00,80.0,22.5,30,0.0,1009.9,3.6,3
2025-04-03 04:00:00,74.0,22.1,31,0.0,1009.6,5.9,27
2025-04-03 05:00:00,74.0,21.3,34,0.0,1009.9,5.2,29
2025-04-03 06:00:00,88.0,20.0,41,0.0,1011.1,4.6,169
2025-04-03 07:00:00,92.0,22.5,35,0.0,1012.1,5.4,206
2025-04-03 08:00:00,103.0,26.3,27,0.0,1012.7,3.3,167
2025-04-03 09:00:00,97.0,30.6,19,0.0,1012.9,3.7,169
2025-04-03 10:00:00,68.0,33.7,13,0.0,1012.8,4.9,170
2025-04-03 11:00:00,40.0,35.5,10,0.0,1012.4,4.0,198
2025-04-03 12:00:00,33.0,36.6,8,0.0,1011.4,4.0,216
2025-04-03 13:00:00,22.0,37.2,7,0.0,1010.6,3.5,219
2025-04-03 14:00:00,17.0,37.8,6,0.0,1009.1,3.2,227
2025-04-03 15:00:00,13.0,38.0,6,0.0,1008.0,5.0,229
2025-04-03 16:00:00,22.0,36.9,6,0.0,1007.6,7.7,279
2025-04-03 17:00:00,30.0,35.4,8,0.0,1008.0,10.6,342
2025-04-03 18:00:00,30.0,34.1,9,0.0,1008.6,11.9,358
2025-04-03 19:00:00,59.0,32.2,10,0.0,1009.5,8.4,335
2025-04-03 20:00:00,79.0,30.6,12,0.0,1010.5,8.3,344
2025-04-03 21:00:00,52.0,28.4,17,0.0,1011.7,3.6,37
2025-04-03 22:00:00,57.0,27.3,21,0.0,1011.7,2.2,90
2025-04-03 23:00:00,56.0,26.4,22,0.0,1011.3,3.3,29
2025-04-04 00:00:00,62.0,26.2,20,0.0,1011.2,6.0,17
2025-04-04 01:00:00,61.0,25.3,24,0.0,1011.0,1.1,9
2025-04-04 02:00:00,83.0,23.9,25,0.0,1010.5,3.0,128
2025-04-04 03:00:00,90.0,23.6,27,0.0,1010.2,1.2,153
2025-04-04 04:00:00,94.0,22.6,27,0.0,1010.2,3.3,264
2025-04-04 05:00:00,97.0,22.6,26,0.0,1010.4,1.9,248
2025-04-04 06:00:00,107.0,23.5,31,0.0,1011.0,3.2,267
2025-04-04 07:00:00,128.0,25.5,26,0.0,1011.9,6.2,296
2025-04-04 08:00:00,145.0,28.5,22,0.0,1012.5,4.3,312
2025-04-04 09:00:00,94.0,32.3,16,0.0,1012.5,3.5,231
2025-04-04 10:00:00,89.0,34.7,12,0.0,1012.4,3.1,306
2025-04-04 11:00:00,42.0,36.1,10,0.0,1011.8,6.5,314
2025-04-04 12:00:00,49.0,36.8,10,0.0,1010.8,7.6,301
2025-04-04 13:00:00,42.0,37.3,9,0.0,1009.8,9.7,295
2025-04-04 14:00:00,27.0,37.4,9,0.0,1008.7,12.6,290
2025-04-04 15:00:00,28.0,37.0,9,0.0,1007.9,14.7,290
2025-04-04 16:00:00,24.0,36.2,10,0.0,1007.5,14.7,290
2025-04-04 17:00:00,29.0,35.6,11,0.0,1007.3,12.8,292
2025-04-04 18:00:00,31.0,34.2,12,0.0,1007.7,9.9,323
2025-04-04 19:00:00,44.0,32.5,14,0.0,1008.4,7.3,310
2025-04-04 20:00:00,56.0,31.4,15,0.0,1008.7,6.4,292
2025-04-04 21:00:00,59.0,30.3,17,0.0,1009.3,8.0,298
2025-04-04 22:00:00,48.0,29.1,18,0.0,1009.5,10.2,330
2025-04-04 23:00:00,45.0,27.9,20,0.0,1009.3,10.6,339
2025-04-05 00:00:00,33.0,26.6,21,0.0,1008.9,6.3,333
2025-04-05 01:00:00,43.0,25.6,22,0.0,1008.6,5.4,326
2025-04-05 02:00:00,41.0,24.7,24,0.0,1008.4,5.0,314
2025-04-05 03:00:00,41.0,24.0,25,0.0,1008.3,4.6,288
2025-04-05 04:00:00,58.0,23.6,26,0.0,1008.2,5.1,278
2025-04-05 05:00:00,81.0,23.0,26,0.0,1008.4,5.6,272
2025-04-05 06:00:00,143.0,22.8,31,0.0,1009.7,5.8,277
2025-04-05 07:00:00,158.0,24.1,29,0.0,1010.2,6.8,270
2025-04-05 08:00:00,107.0,26.5,26,0.0,1010.6,6.1,272
2025-04-05 09:00:00,92.0,29.3,23,0.0,1010.9,7.7,281
2025-04-05 10:00:00,98.0,31.8,19,0.0,1010.8,9.3,289
2025-04-05 11:00:00,69.0,33.5,16,0.0,1010.2,11.6,298
2025-04-05 12:00:00,48.0,34.6,15,0.0,1008.9,12.5,300
2025-04-05 13:00:00,40.0,35.3,14,0.0,1007.8,12.7,299
2025-04-05 14:00:00,33.0,35.8,13,0.0,1006.9,12.6,298
2025-04-05 15:00:00,31.0,35.7,13,0.0,1006.1,13.6,300
2025-04-05 16:00:00,25.0,35.1,14,0.0,1005.6,13.5,301
2025-04-05 17:00:00,25.0,34.3,15,0.0,1005.5,12.2,303
2025-04-05 18:00:00,28.0,33.3,15,0.0,1006.2,9.3,319
2025-04-05 19:00:00,33.0,32.0,17,0.0,1006.5,6.5,294
2025-04-05 20:00:00,56.0,30.9,19,0.0,1006.8,5.6,266
2025-04-05 21:00:00,67.0,29.8,20,0.0,1006.8,5.0,268
2025-04-05 22:00:00,80.0,29.3,21,0.0,1006.9,6.1,275
2025-04-05 23:00:00,99.0,28.0,23,0.0,1006.7,6.1,300
2025-04-06 00:00:00,108.0,26.6,25,0.0,1006.6,5.4,312
2025-04-06 01:00:00,107.0,25.3,26,0.0,1006.0,4.6,315
2025-04-06 02:00:00,117.0,24.8,26,0.0,1005.7,3.7,309
2025-04-06 03:00:00,147.0,24.4,25,0.0,1005.6,4.3,270
2025-04-06 04:00:00,174.0,24.3,26,0.0,1005.7,6.5,267
2025-04-06 05:00:00,150.0,23.4,28,0.0,1006.0,6.3,265
2025-04-06 06:00:00,109.0,23.0,32,0.0,1007.0,5.8,254
2025-04-06 07:00:00,96.0,24.4,30,0.0,1007.7,6.6,248
2025-04-06 08:00:00,86.0,27.2,26,0.0,1008.2,3.9,248
2025-04-06 09:00:00,72.0,30.9,21,0.0,1008.6,4.8,250
2025-04-06 10:00:00,64.0,33.8,17,0.0,1008.7,6.5,256
2025-04-06 11:00:00,46.0,35.7,14,0.0,1008.3,7.2,274
2025-04-06 12:00:00,59.0,37.0,12,0.0,1007.2,6.9,295
2025-04-06 13:00:00,45.0,37.9,11,0.0,1006.1,7.1,304
2025-04-06 14:00:00,36.0,38.4,11,0.0,1005.0,7.7,306
2025-04-06 15:00:00,28.0,38.3,11,0.0,1004.1,9.1,309
2025-04-06 16:00:00,26.0,37.8,12,0.0,1003.9,9.7,305
2025-04-06 17:00:00,22.0,36.9,13,0.0,1004.0,8.0,301
2025-04-06 18:00:00,28.0,35.5,14,0.0,1004.6,5.8,334
2025-04-06 19:00:00,53.0,33.7,16,0.0,1005.3,4.9,332
2025-04-06 20:00:00,49.0,32.5,21,0.0,1005.9,2.3,299
2025-04-06 21:00:00,46.0,31.9,31,0.0,1006.3,0.4,90
2025-04-06 22:00:00,61.0,30.7,32,0.0,1006.5,0.5,90
2025-04-06 23:00:00,73.0,29.2,23,0.0,1006.9,5.3,45
2025-04-07 00:00:00,74.0,27.5,29,0.0,1006.5,4.2,50
2025-04-07 01:00:00,86.0,27.0,35,0.0,1006.0,1.3,82
2025-04-07 02:00:00,90.0,26.1,36,0.0,1005.7,2.3,94
2025-04-07 03:00:00,93.0,25.3,35,0.0,1005.8,4.1,135
2025-04-07 04:00:00,91.0,24.8,35,0.0,1006.3,4.8,158
2025-04-07 05:00:00,97.0,24.4,35,0.0,1007.1,4.7,164
2025-04-07 06:00:00,104.0,23.8,45,0.0,1008.7,5.4,143
2025-04-07 07:00:00,152.0,25.3,41,0.0,1009.2,5.7,122
2025-04-07 08:00:00,190.0,28.3,35,0.0,1009.6,2.9,112
2025-04-07 09:00:00,165.0,32.0,29,0.0,1010.2,2.7,113
2025-04-07 10:00:00,138.0,35.1,22,0.0,1010.0,3.2,117
2025-04-07 11:00:00,98.0,37.1,17,0.0,1009.4,3.2,124
2025-04-07 12:00:00,54.0,38.4,15,0.0,1008.7,3.1,90
2025-04-07 13:00:00,45.0,39.0,14,0.0,1007.5,3.5,62
2025-04-07 14:00:00,44.0,39.4,13,0.0,1006.3,3.7,76
2025-04-07 15:00:00,39.0,39.6,13,0.0,1005.5,4.9,96
2025-04-07 16:00:00,48.0,39.6,13,0.0,1005.1,7.0,90
2025-04-07 17:00:00,46.0,38.8,14,0.0,1005.2,8.9,65
2025-04-07 18:00:00,50.0,36.7,16,0.0,1006.2,9.1,21
2025-04-07 19:00:00,63.0,34.9,18,0.0,1006.9,6.6,22
2025-04-07 20:00:00,72.0,33.8,19,0.0,1007.6,8.4,20
2025-04-07 21:00:00,81.0,32.2,23,0.0,1008.4,9.4,30
2025-04-07 22:00:00,87.0,31.0,26,0.0,1008.6,7.0,29
2025-04-07 23:00:00,101.0,30.0,28,0.0,1008.7,6.2,69
2025-04-08 00:00:00,109.0,28.6,31,0.0,1008.4,4.6,81
2025-04-08 01:00:00,120.0,27.7,34,0.0,1007.9,4.2,65
2025-04-08 02:00:00,104.0,26.8,35,0.0,1007.9,4.0,54
2025-04-08 03:00:00,107.0,26.0,35,0.0,1008.2,4.7,92
2025-04-08 04:00:00,101.0,25.6,34,0.0,1008.5,5.9,101
2025-04-08 05:00:00,99.0,25.1,34,0.0,1009.2,6.8,119
2025-04-08 06:00:00,98.0,25.1,36,0.0,1010.9,7.9,123
2025-04-08 07:00:00,120.0,26.4,34,0.0,1011.7,8.8,118
2025-04-08 08:00:00,102.0,29.0,29,0.0,1012.5,7.6,115
2025-04-08 09:00:00,98.0,32.0,24,0.0,1013.0,8.5,119
2025-04-08 10:00:00,100.0,34.8,20,0.0,1012.9,9.1,126
2025-04-08 11:00:00,88.0,37.0,17,0.0,1012.3,9.2,133
2025-04-08 12:00:00,81.0,38.5,15,0.0,1011.3,8.2,147
2025-04-08 13:00:00,76.0,39.4,14,0.0,1010.1,6.6,154
2025-04-08 14:00:00,71.0,39.8,13,0.0,1008.7,5.2,155
2025-04-08 15:00:00,64.0,39.8,13,0.0,1007.6,3.8,149
2025-04-08 16:00:00,56.0,39.5,13,0.0,1007.2,3.1,156
2025-04-08 17:00:00,60.0,38.9,13,0.0,1006.9,2.7,127
2025-04-08 18:00:00,80.0,36.4,20,0.0,1007.5,3.3,68
2025-04-08 19:00:00,89.0,35.6,17,0.0,1007.8,8.6,75
2025-04-08 20:00:00,96.0,33.3,26,0.0,1008.5,4.2,95
2025-04-08 21:00:00,105.0,32.8,34,0.0,1009.2,1.0,68
2025-04-08 22:00:00,100.0,30.9,28,0.0,1009.3,4.3,5
2025-04-08 23:00:00,98.0,29.7,30,0.0,1009.4,4.6,72
2025-04-09 00:00:00,94.0,29.0,30,0.0,1009.2,5.1,122
2025-04-09 01:00:00,91.0,28.0,33,0.0,1009.0,4.8,143
2025-04-09 02:00:00,102.0,27.2,36,0.0,1008.5,4.5,127
2025-04-09 03:00:00,105.0,26.7,35,0.0,1008.7,5.6,97
2025-04-09 04:00:00,96.0,25.9,37,0.0,1008.9,5.8,104
2025-04-09 05:00:00,94.0,25.4,38,0.0,1009.3,6.2,123
2025-04-09 06:00:00,103.0,26.4,50,0.0,1009.9,5.1,117
2025-04-09 07:00:00,110.0,27.7,47,0.0,1010.3,6.3,108
2025-04-09 08:00:00,109.0,30.0,40,0.0,1010.5,6.6,119
2025-04-09 09:00:00,115.0,32.7,34,0.0,1010.7,7.1,137
2025-04-09 10:00:00,111.0,35.2,29,0.0,1010.3,7.4,148
2025-04-09 11:00:00,102.0,37.3,24,0.0,1009.4,7.3,164
2025-04-09 12:00:00,98.0,38.9,19,0.0,1008.1,5.2,178
2025-04-09 13:00:00,84.0,39.7,17,0.0,1006.5,2.1,200
2025-04-09 14:00:00,76.0,40.2,16,0.0,1005.1,1.8,6
2025-04-09 15:00:00,71.0,40.4,16,0.0,1004.1,6.1,23
2025-04-09 16:00:00,71.0,39.3,16,0.0,1003.6,7.8,26
2025-04-09 17:00:00,70.0,37.1,20,0.0,1004.2,17.4,16
2025-04-09 18:00:00,83.0,37.5,16,0.0,1003.1,9.4,11
2025-04-09 19:00:00,96.0,34.9,23,0.0,1004.0,5.6,42
2025-04-09 20:00:00,107.0,33.4,36,0.0,1004.7,1.7,58
2025-04-09 21:00:00,113.0,32.5,37,0.0,1005.2,1.9,68
2025-04-09 22:00:00,115.0,31.7,38,0.0,1005.2,3.1,36
2025-04-09 23:00:00,96.0,30.7,31,0.0,1005.4,6.0,127
2025-04-10 00:00:00,76.0,28.8,44,0.0,1005.3,3.5,111
2025-04-10 01:00:00,84.0,28.5,45,0.0,1004.8,1.8,90
2025-04-10 02:00:00,78.0,28.0,48,0.0,1004.1,0.8,27
2025-04-10 03:00:00,73.0,26.9,46,0.0,1003.7,4.5,164
2025-04-10 04:00:00,64.0,26.8,49,0.0,1003.9,1.2,219
2025-04-10 05:00:00,70.0,25.6,49,0.0,1004.2,4.1,52
2025-04-10 06:00:00,84.0,26.1,50,0.0,1004.8,7.6,98
2025-04-10 07:00:00,148.0,26.9,49,0.0,1005.1,5.5,128
2025-04-10 08:00:00,96.0,28.1,47,0.0,1005.6,6.8,93
2025-04-10 09:00:00,92.0,30.6,41,0.0,1005.7,4.8,117
2025-04-10 10:00:00,70.0,33.8,33,0.0,1005.4,4.3,138
2025-04-10 11:00:00,50.0,36.4,25,0.0,1004.5,2.9,180
2025-04-10 12:00:00,58.0,38.0,21,0.0,1003.3,2.7,274
2025-04-10 13:00:00,65.0,39.2,18,0.0,1001.6,3.3,186
2025-04-10 14:00:00,71.0,37.4,18,0.0,1001.2,9.0,275
2025-04-10 15:00:00,58.0,37.5,17,0.0,1000.4,8.5,283
2025-04-10 16:00:00,56.0,28.4,52,0.0,1003.4,19.9,334
2025-04-10 17:00:00,92.0,30.0,42,0.0,1001.8,7.2,91
2025-04-10 18:00:00,63.0,34.4,23,0.0,1000.2,5.2,274
2025-04-10 19:00:00,35.0,33.3,34,0.0,1001.0,3.6,267
2025-04-10 20:00:00,26.0,32.3,30,0.0,1001.1,3.3,144
2025-04-10 21:00:00,42.0,31.6,27,0.0,1000.6,7.4,56
2025-04-10 22:00:00,33.0,29.9,37,0.0,1001.5,12.6,123
2025-04-10 23:00:00,35.0,28.5,48,0.0,1001.9,10.0,118
2025-04-11 00:00:00,48.0,27.7,51,0.0,1001.8,10.1,129
2025-04-11 01:00:00,45.0,27.2,53,0.0,1001.5,8.2,123
2025-04-11 02:00:00,41.0,26.6,55,0.0,1001.4,8.0,106
2025-04-11 03:00:00,31.0,26.1,58,0.0,1001.4,10.4,110
2025-04-11 04:00:00,40.0,25.6,62,0.0,1001.7,11.5,117
2025-04-11 05:00:00,44.0,25.0,65,0.0,1002.1,11.3,121
2025-04-11 06:00:00,54.0,23.3,75,0.0,1004.0,10.6,122
2025-04-11 07:00:00,44.0,23.9,73,0.0,1004.5,12.6,117
2025-04-11 08:00:00,49.0,25.3,66,0.0,1004.8,12.7,108
2025-04-11 09:00:00,64.0,27.3,58,0.0,1005.6,12.1,93
2025-04-11 10:00:00,64.0,29.3,50,0.0,1005.4,12.4,107
2025-04-11 11:00:00,59.0,31.3,43,0.0,1004.4,12.6,119
2025-04-11 12:00:00,63.0,33.0,38,0.0,1003.2,12.2,119
2025-04-11 13:00:00,87.0,34.3,34,0.0,1001.8,10.1,112
2025-04-11 14:00:00,52.0,31.4,37,0.8,1002.4,18.9,212
2025-04-11 15:00:00,28.0,26.2,56,0.5,1001.0,6.8,93
2025-04-11 16:00:00,47.0,28.0,53,0.0,1001.4,6.9,127
2025-04-11 17:00:00,39.0,27.5,55,0.0,1001.4,7.2,93
2025-04-11 18:00:00,109.0,23.0,79,5.5,1004.3,22.0,313
2025-04-11 19:00:00,25.0,23.0,82,1.7,1005.0,3.0,33
2025-04-11 20:00:00,15.0,22.7,87,1.5,1005.5,9.3,68
2025-04-11 21:00:00,13.0,22.7,83,0.5,1004.8,9.7,102
2025-04-11 22:00:00,27.0,22.6,84,0.0,1004.8,8.1,111
2025-04-11 23:00:00,36.0,22.9,76,0.0,1003.5,9.2,133
2025-04-12 00:00:00,30.0,22.8,75,0.0,1003.4,6.5,150
2025-04-12 01:00:00,30.0,22.4,77,0.0,1003.9,6.8,72
2025-04-12 02:00:00,22.0,21.5,83,0.0,1004.2,5.2,102
2025-04-12 03:00:00,25.0,21.0,86,0.0,1004.9,3.6,63
2025-04-12 04:00:00,47.0,20.6,88,0.0,1005.1,3.9,62
2025-04-12 05:00:00,43.0,20.3,89,0.0,1005.4,3.9,66
2025-04-12 06:00:00,42.0,21.2,76,0.0,1006.5,6.2,131
2025-04-12 07:00:00,45.0,22.5,71,0.0,1007.3,4.0,150
2025-04-12 08:00:00,52.0,24.6,62,0.0,1008.4,1.8,169
2025-04-12 09:00:00,83.0,26.9,54,0.0,1008.8,2.3,94
2025-04-12 10:00:00,46.0,29.3,45,0.0,1008.8,3.3,81
2025-04-12 11:00:00,67.0,31.4,36,0.0,1008.1,4.0,93
2025-04-12 12:00:00,56.0,32.9,29,0.0,1007.0,3.8,87
2025-04-12 13:00:00,59.0,33.9,26,0.0,1006.1,3.8,90
2025-04-12 14:00:00,59.0,33.7,25,0.0,1005.2,5.1,108
2025-04-12 15:00:00,46.0,32.7,28,0.0,1004.7,8.5,21
2025-04-12 16:00:00,47.0,31.0,36,0.0,1005.1,4.9,80
2025-04-12 17:00:00,42.0,30.2,38,0.2,1005.6,4.7,122
2025-04-12 18:00:00,51.0,28.9,34,0.0,1006.4,6.1,161
2025-04-12 19:00:00,54.0,28.0,40,0.0,1006.3,4.0,54
2025-04-12 20:00:00,56.0,27.3,41,0.0,1006.7,5.8,34
2025-04-12 21:00:00,67.0,26.3,46,0.0,1007.4,4.5,56
2025-04-12 22:00:00,44.0,25.5,50,0.0,1007.4,4.5,40
2025-04-12 23:00:00,53.0,24.8,52,0.0,1007.4,6.9,28
2025-04-13 00:00:00,30.0,23.9,56,0.0,1007.1,5.2,44
2025-04-13 01:00:00,36.0,22.8,64,0.0,1006.6,3.5,66
2025-04-13 02:00:00,36.0,22.4,68,0.0,1006.5,2.7,98
2025-04-13 03:00:00,38.0,21.8,70,0.0,1007.0,2.9,79
2025-04-13 04:00:00,41.0,21.5,72,0.0,1007.5,2.6,65
2025-04-13 05:00:00,44.0,21.2,73,0.0,1008.0,1.1,108
2025-04-13 06:00:00,47.0,22.3,73,0.0,1008.3,0.9,217
2025-04-13 07:00:00,63.0,24.1,62,0.0,1009.3,1.6,276
2025-04-13 08:00:00,60.0,27.2,51,0.0,1010.1,0.2,90
2025-04-13 09:00:00,71.0,29.9,40,0.0,1010.7,2.7,127
2025-04-13 10:00:00,59.0,31.9,32,0.0,1010.7,5.0,134
2025-04-13 11:00:00,60.0,33.3,27,0.0,1010.2,4.1,139
2025-04-13 12:00:00,39.0,34.3,24,0.0,1009.2,2.6,146
2025-04-13 13:00:00,57.0,35.1,22,0.0,1008.3,1.4,180
2025-04-13 14:00:00,46.0,35.7,21,0.0,1007.2,1.0,202
2025-04-13 15:00:00,43.0,35.9,21,0.0,1006.1,1.1,81
2025-04-13 16:00:00,51.0,35.5,21,0.0,1005.8,4.8,34
2025-04-13 17:00:00,48.0,34.6,22,0.0,1005.7,11.0,24
2025-04-13 18:00:00,43.0,33.1,27,0.0,1005.7,5.6,4
2025-04-13 19:00:00,51.0,31.5,32,0.0,1006.2,6.9,31
2025-04-13 20:00:00,78.0,30.1,35,0.0,1007.4,7.1,43
2025-04-13 21:00:00,78.0,28.7,41,0.0,1007.8,3.8,49
2025-04-13 22:00:00,79.0,27.7,46,0.0,1007.7,3.7,129
2025-04-13 23:00:00,64.0,26.8,48,0.0,1007.6,4.0,126
2025-04-14 00:00:00,74.0,25.9,53,0.0,1007.5,4.0,141
2025-04-14 01:00:00,83.0,25.1,55,0.0,1007.1,4.1,151
2025-04-14 02:00:00,82.0,24.5,57,0.0,1006.8,4.3,152
2025-04-14 03:00:00,78.0,23.7,58,0.0,1006.9,4.2,121
2025-04-14 04:00:00,87.0,23.1,59,0.0,1006.9,4.3,123
2025-04-14 05:00:00,109.0,22.6,62,0.0,1007.4,4.2,130
2025-04-14 06:00:00,130.0,23.3,59,0.0,1008.7,6.0,123
2025-04-14 07:00:00,111.0,24.4,57,0.0,1009.9,4.6,111
2025-04-14 08:00:00,99.0,26.4,50,0.0,1010.6,5.5,103
2025-04-14 09:00:00,96.0,28.6,44,0.0,1010.9,6.5,109
2025-04-14 10:00:00,68.0,30.8,39,0.0,1010.7,6.6,111
2025-04-14 11:00:00,60.0,32.8,33,0.0,1010.1,6.4,117
2025-04-14 12:00:00,56.0,34.2,29,0.0,1009.1,5.4,111
2025-04-14 13:00:00,39.0,35.1,26,0.0,1008.2,4.4,97
2025-04-14 14:00:00,33.0,35.6,25,0.0,1007.0,4.0,60
2025-04-14 15:00:00,31.0,35.8,24,0.0,1006.1,5.4,30
2025-04-14 16:00:00,24.0,35.4,24,0.0,1005.7,8.6,29
2025-04-14 17:00:00,28.0,34.4,25,0.0,1005.8,11.1,34
2025-04-14 18:00:00,36.0,33.8,28,0.0,1006.3,6.8,88
2025-04-14 19:00:00,44.0,32.2,32,0.0,1007.0,8.5,62
2025-04-14 20:00:00,55.0,30.8,37,0.0,1007.9,9.5,65
2025-04-14 21:00:00,65.0,29.6,41,0.0,1008.6,7.0,90
2025-04-14 22:00:00,62.0,28.8,43,0.0,1008.6,6.7,117
2025-04-14 23:00:00,58.0,28.1,43,0.0,1008.3,8.6,121
2025-04-15 00:00:00,68.0,27.4,44,0.0,1008.1,8.5,125
2025-04-15 01:00:00,76.0,26.8,44,0.0,1007.8,8.0,124
2025-04-15 02:00:00,75.0,26.1,46,0.0,1007.7,7.8,130
2025-04-15 03:00:00,73.0,25.5,47,0.0,1007.8,7.9,135
2025-04-15 04:00:00,67.0,24.8,50,0.0,1008.2,6.7,144
2025-04-15 05:00:00,83.0,24.3,52,0.0,1008.8,6.2,142
2025-04-15 06:00:00,94.0,24.9,55,0.0,1009.6,4.0,108
2025-04-15 07:00:00,107.0,26.5,51,0.0,1010.2,5.4,116
2025-04-15 08:00:00,96.0,28.9,44,0.0,1010.8,6.5,124
2025-04-15 09:00:00,78.0,31.3,39,0.0,1010.9,7.2,125
2025-04-15 10:00:00,77.0,33.3,34,0.0,1010.8,8.6,131
2025-04-15 11:00:00,44.0,34.8,28,0.0,1010.0,8.0,130
2025-04-15 12:00:00,35.0,35.6,26,0.0,1009.3,6.9,127
2025-04-15 13:00:00,36.0,36.3,25,0.0,1008.4,5.3,114
2025-04-15 14:00:00,35.0,36.4,25,0.0,1007.3,4.6,101
2025-04-15 15:00:00,32.0,36.7,24,0.0,1006.4,4.5,88
2025-04-15 16:00:00,38.0,36.3,25,0.0,1005.8,5.1,80
2025-04-15 17:00:00,41.0,35.6,26,0.0,1005.7,7.1,41
2025-04-15 18:00:00,47.0,34.4,27,0.0,1005.9,9.0,85
2025-04-15 19:00:00,56.0,33.3,29,0.0,1006.3,7.3,81
2025-04-15 20:00:00,70.0,31.5,36,0.0,1007.4,3.4,72
2025-04-15 21:00:00,68.0,30.5,38,0.0,1008.0,4.4,60
2025-04-15 22:00:00,66.0,30.3,37,0.0,1008.1,6.1,85
2025-04-15 23:00:00,69.0,29.9,37,0.0,1007.7,7.0,91
2025-04-16 00:00:00,71.0,28.6,41,0.0,1007.5,5.4,111
2025-04-16 01:00:00,68.0,27.4,46,0.0,1007.2,4.7,130
2025-04-16 02:00:00,69.0,26.8,48,0.0,1006.8,5.2,134
2025-04-16 03:00:00,71.0,26.4,49,0.0,1006.7,6.1,137
2025-04-16 04:00:00,69.0,25.8,51,0.0,1006.7,6.5,136
2025-04-16 05:00:00,74.0,25.4,52,0.0,1007.2,6.6,137
2025-04-16 06:00:00,121.0,26.4,54,0.0,1008.4,5.7,136
2025-04-16 07:00:00,154.0,27.7,50,0.0,1008.9,5.5,136
2025-04-16 08:00:00,94.0,30.0,43,0.0,1009.4,5.9,140
2025-04-16 09:00:00,75.0,32.3,36,0.0,1009.6,7.2,143
2025-04-16 10:00:00,83.0,34.3,30,0.0,1009.4,9.0,154
2025-04-16 11:00:00,89.0,35.7,26,0.0,1008.6,7.8,157
2025-04-16 12:00:00,132.0,36.7,25,0.0,1007.7,5.6,155
2025-04-16 13:00:00,90.0,37.7,23,0.0,1006.4,2.7,184
2025-04-16 14:00:00,81.0,38.0,22,0.0,1005.1,2.4,222
2025-04-16 15:00:00,67.0,38.3,22,0.0,1004.0,1.0,239
2025-04-16 16:00:00,69.0,38.0,22,0.0,1003.5,2.7,352
2025-04-16 17:00:00,65.0,37.1,23,0.0,1003.5,9.4,3
2025-04-16 18:00:00,66.0,35.8,24,0.0,1003.4,11.4,72
2025-04-16 19:00:00,73.0,34.3,29,0.0,1004.0,8.0,72
2025-04-16 20:00:00,77.0,33.1,32,0.0,1005.0,9.0,96
2025-04-16 21:00:00,74.0,32.3,33,0.0,1005.6,7.1,100
2025-04-16 22:00:00,69.0,31.4,35,0.0,1005.9,5.6,112
2025-04-16 23:00:00,70.0,30.4,38,0.0,1005.8,5.5,131
2025-04-17 00:00:00,80.0,29.2,42,0.0,1005.6,4.8,135
2025-04-17 01:00:00,76.0,28.3,44,0.0,1005.1,5.0,142
2025-04-17 02:00:00,71.0,27.5,46,0.0,1004.5,5.2,136
2025-04-17 03:00:00,72.0,26.8,47,0.0,1004.2,5.9,133
2025-04-17 04:00:00,121.0,26.2,49,0.0,1004.7,4.9,129
2025-04-17 05:00:00,69.0,25.7,51,0.0,1004.9,4.6,129
2025-04-17 06:00:00,60.0,25.5,60,0.0,1006.6,4.9,96
2025-04-17 07:00:00,60.0,26.9,56,0.0,1006.6,5.7,127
2025-04-17 08:00:00,62.0,29.8,46,0.0,1006.6,7.3,144
2025-04-17 09:00:00,61.0,32.8,37,0.0,1006.3,8.1,149
2025-04-17 10:00:00,65.0,35.5,29,0.0,1005.8,7.1,164
2025-04-17 11:00:00,54.0,37.5,23,0.0,1005.1,7.5,200
2025-04-17 12:00:00,58.0,39.1,19,0.0,1004.2,7.3,239
2025-04-17 13:00:00,46.0,40.3,17,0.0,1002.8,10.1,268
2025-04-17 14:00:00,47.0,40.4,16,0.0,1001.7,11.8,291
2025-04-17 15:00:00,49.0,40.5,15,0.0,1000.9,12.1,307
2025-04-17 16:00:00,51.0,39.5,15,0.0,1000.9,17.7,331
2025-04-17 17:00:00,62.0,38.7,16,0.0,1000.3,12.6,318
2025-04-17 18:00:00,60.0,35.9,29,0.0,1000.9,8.1,29
2025-04-17 19:00:00,74.0,34.7,33,0.0,1000.9,5.1,48
2025-04-17 20:00:00,79.0,33.0,37,0.0,1001.6,4.9,54
2025-04-17 21:00:00,84.0,31.2,45,0.0,1002.5,3.3,54
2025-04-17 22:00:00,90.0,30.4,46,0.0,1003.0,3.8,98
2025-04-17 23:00:00,94.0,29.6,46,0.0,1003.0,6.5,85
2025-04-18 00:00:00,81.0,28.6,49,0.0,1003.2,5.7,118
2025-04-18 01:00:00,58.0,27.7,52,0.0,1002.7,5.7,139
2025-04-18 02:00:00,55.0,27.1,53,0.0,1002.3,6.0,139
2025-04-18 03:00:00,61.0,26.3,56,0.0,1002.3,6.6,133
2025-04-18 04:00:00,59.0,25.6,59,0.0,1002.5,7.3,132
2025-04-18 05:00:00,64.0,25.1,62,0.0,1002.9,6.1,133
2025-04-18 06:00:00,60.0,26.2,66,0.0,1004.1,6.9,97
2025-04-18 07:00:00,75.0,27.3,63,0.0,1004.7,7.2,102
2025-04-18 08:00:00,80.0,29.3,57,0.0,1004.9,8.2,109
2025-04-18 09:00:00,291.0,31.8,50,0.0,1005.2,7.8,119
2025-04-18 10:00:00,135.0,34.3,42,0.0,1005.0,6.9,137
2025-04-18 11:00:00,90.0,36.4,34,0.0,1004.3,5.4,140
2025-04-18 12:00:00,106.0,38.1,28,0.0,1003.3,3.2,146
2025-04-18 13:00:00,109.0,39.4,25,0.0,1002.2,2.1,142
2025-04-18 14:00:00,132.0,40.0,22,0.0,1000.8,3.2,142
2025-04-18 15:00:00,87.0,40.6,20,0.0,999.4,4.5,143
2025-04-18 16:00:00,65.0,40.6,19,0.0,998.8,4.2,137
2025-04-18 17:00:00,63.0,39.4,21,0.0,999.2,10.1,19
2025-04-18 18:00:00,84.0,35.8,33,0.0,1000.6,15.3,30
2025-04-18 19:00:00,88.0,32.4,42,0.0,1001.2,15.2,49
2025-04-18 20:00:00,90.0,32.1,44,0.0,1000.6,8.2,64
2025-04-18 21:00:00,73.0,31.6,45,0.0,1001.9,8.5,69
2025-04-18 22:00:00,52.0,30.7,48,0.0,1002.3,9.6,74
2025-04-18 23:00:00,39.0,29.9,50,0.0,1002.3,8.6,82
2025-04-19 00:00:00,33.0,29.5,51,0.0,1002.5,8.2,113
2025-04-19 01:00:00,33.0,29.1,52,0.0,1002.3,7.2,94
2025-04-19 02:00:00,31.0,28.9,51,0.0,1002.0,10.0,142
2025-04-19 03:00:00,29.0,28.5,53,0.0,1001.9,10.0,142
2025-04-19 04:00:00,44.0,28.0,56,0.0,1002.2,9.9,136
2025-04-19 05:00:00,44.0,27.6,60,0.0,1002.9,10.7,138
2025-04-19 06:00:00,53.0,27.1,66,0.0,1004.2,10.3,147
2025-04-19 07:00:00,60.0,28.1,64,0.0,1005.3,10.0,146
2025-04-19 08:00:00,67.0,29.8,58,0.0,1005.9,10.3,134
2025-04-19 09:00:00,79.0,31.8,52,0.0,1006.1,10.9,129
2025-04-19 10:00:00,93.0,34.0,45,0.0,1005.7,12.1,136
2025-04-19 11:00:00,79.0,36.0,37,0.0,1004.8,12.0,136
2025-04-19 12:00:00,76.0,37.8,28,0.0,1003.8,10.4,141
2025-04-19 13:00:00,76.0,38.9,22,0.0,1002.5,10.2,156
2025-04-19 14:00:00,69.0,39.6,18,0.0,1001.0,9.8,166
2025-04-19 15:00:00,63.0,39.7,15,0.0,1000.4,6.9,173
2025-04-19 16:00:00,59.0,38.0,19,0.0,999.8,7.9,66
2025-04-19 17:00:00,52.0,34.3,36,0.0,999.9,19.3,68
2025-04-19 18:00:00,44.0,33.1,36,0.0,1001.0,16.4,99
2025-04-19 19:00:00,32.0,31.6,42,0.0,1001.6,12.7,96
2025-04-19 20:00:00,43.0,30.8,44,0.0,1002.1,8.8,110
2025-04-19 21:00:00,40.0,30.1,46,0.0,1002.9,11.8,111
2025-04-19 22:00:00,30.0,29.7,49,0.0,1003.0,12.5,122
2025-04-19 23:00:00,32.0,29.2,52,0.0,1003.0,11.9,122
2025-04-20 00:00:00,27.0,28.7,53,0.0,1002.8,11.7,127
2025-04-20 01:00:00,36.0,28.3,54,0.0,1002.6,11.1,143
2025-04-20 02:00:00,36.0,27.9,55,0.0,1002.3,9.5,144
2025-04-20 03:00:00,31.0,27.4,57,0.0,1002.4,9.7,141
2025-04-20 04:00:00,34.0,27.1,59,0.0,1002.4,10.5,143
2025-04-20 05:00:00,36.0,26.8,61,0.0,1002.7,10.8,148
2025-04-20 06:00:00,37.0,27.2,67,0.0,1003.5,9.7,149
2025-04-20 07:00:00,44.0,28.3,62,0.0,1004.0,9.4,154
2025-04-20 08:00:00,46.0,30.4,55,0.0,1004.3,8.2,151
2025-04-20 09:00:00,56.0,33.0,45,0.0,1004.7,6.8,148
2025-04-20 10:00:00,61.0,35.4,36,0.0,1004.8,7.2,129
2025-04-20 11:00:00,69.0,37.5,27,0.0,1004.5,6.5,96
2025-04-20 12:00:00,73.0,37.4,24,0.0,1004.1,9.9,68
2025-04-20 13:00:00,68.0,38.2,22,0.0,1003.1,10.5,71
2025-04-20 14:00:00,59.0,37.7,23,0.0,1002.4,13.2,73
2025-04-20 15:00:00,53.0,36.0,29,0.0,1002.1,17.2,56
2025-04-20 16:00:00,56.0,35.3,29,0.0,1001.9,15.4,57
2025-04-20 17:00:00,52.0,36.1,29,0.0,1001.7,12.1,58
2025-04-20 18:00:00,51.0,37.7,15,0.0,1001.2,5.5,109
2025-04-20 19:00:00,61.0,35.0,24,0.0,1002.3,7.2,65
2025-04-20 20:00:00,65.0,33.1,32,0.0,1003.2,6.0,74
2025-04-20 21:00:00,69.0,32.0,37,0.0,1003.9,5.6,83
2025-04-20 22:00:00,73.0,31.1,39,0.0,1004.3,7.4,97
2025-04-20 23:00:00,80.0,30.0,41,0.0,1004.6,6.5,71
2025-04-21 00:00:00,79.0,28.7,47,0.0,1004.6,3.4,90
2025-04-21 01:00:00,72.0,28.0,47,0.0,1004.5,4.2,50
2025-04-21 02:00:00,82.0,27.1,51,0.0,1004.3,4.2,85
2025-04-21 03:00:00,84.0,26.7,52,0.0,1004.2,4.7,88
2025-04-21 04:00:00,83.0,26.2,54,0.0,1004.5,5.1,86
2025-04-21 05:00:00,85.0,25.2,59,0.0,1004.7,4.0,95
2025-04-21 06:00:00,86.0,27.7,61,0.0,1005.4,2.7,48
2025-04-21 07:00:00,99.0,29.4,56,0.0,1006.4,0.3,315
2025-04-21 08:00:00,108.0,31.4,49,0.0,1007.0,1.5,353
2025-04-21 09:00:00,85.0,33.7,40,0.0,1007.2,1.4,247
2025-04-21 10:00:00,77.0,36.1,31,0.0,1007.0,2.2,235
2025-04-21 11:00:00,72.0,38.4,20,0.0,1006.6,3.6,217
2025-04-21 12:00:00,61.0,39.9,11,0.0,1006.1,6.7,218
2025-04-21 13:00:00,55.0,40.5,9,0.0,1005.5,10.3,227
2025-04-21 14:00:00,54.0,40.5,8,0.0,1004.9,10.4,234
2025-04-21 15:00:00,43.0,40.4,7,0.0,1004.2,9.3,251
2025-04-21 16:00:00,40.0,40.0,6,0.0,1004.2,8.8,265
2025-04-21 17:00:00,37.0,39.1,6,0.0,1004.4,7.9,286
2025-04-21 18:00:00,36.0,37.7,7,0.0,1005.1,4.9,276
2025-04-21 19:00:00,47.0,37.5,5,0.0,1005.8,12.4,246
2025-04-21 20:00:00,63.0,35.9,6,0.0,1006.7,12.1,275
2025-04-21 21:00:00,66.0,34.1,10,0.0,1007.4,8.1,291
2025-04-21 22:00:00,70.0,32.6,11,0.0,1007.8,8.4,279
2025-04-21 23:00:00,78.0,31.3,11,0.0,1007.6,6.7,279
2025-04-22 00:00:00,99.0,29.9,12,0.0,1007.1,6.0,286
2025-04-22 01:00:00,85.0,28.7,12,0.0,1006.8,5.5,283
2025-04-22 02:00:00,84.0,27.5,13,0.0,1006.5,5.7,279
2025-04-22 03:00:00,97.0,26.5,13,0.0,1006.9,6.2,314
2025-04-22 04:00:00,115.0,25.4,15,0.0,1007.0,5.6,268
2025-04-22 05:00:00,79.0,24.8,16,0.0,1007.0,5.8,261
2025-04-22 06:00:00,69.0,26.2,19,0.0,1007.7,7.1,255
2025-04-22 07:00:00,66.0,27.8,18,0.0,1008.3,9.3,257
2025-04-22 08:00:00,78.0,30.7,15,0.0,1008.9,7.1,263
2025-04-22 09:00:00,156.0,34.0,12,0.0,1009.3,8.5,269
2025-04-22 10:00:00,120.0,36.6,11,0.0,1009.2,8.8,271
2025-04-22 11:00:00,71.0,38.4,6,0.0,1008.6,10.4,271
2025-04-22 12:00:00,54.0,39.2,6,0.0,1008.0,9.9,274
2025-04-22 13:00:00,79.0,39.7,6,0.0,1007.0,9.4,275
2025-04-22 14:00:00,116.0,39.9,6,0.0,1006.0,9.7,286
2025-04-22 15:00:00,100.0,39.5,7,0.0,1005.4,11.1,302
2025-04-22 16:00:00,51.0,38.8,7,0.0,1005.1,13.0,308
2025-04-22 17:00:00,41.0,37.7,7,0.0,1005.2,12.5,305
2025-04-22 18:00:00,39.0,36.8,7,0.0,1005.7,10.6,313
2025-04-22 19:00:00,47.0,35.0,8,0.0,1006.2,6.1,300
2025-04-22 20:00:00,59.0,33.9,9,0.0,1006.6,6.7,273
2025-04-22 21:00:00,69.0,33.0,10,0.0,1007.2,8.5,270
2025-04-22 22:00:00,88.0,32.0,10,0.0,1007.2,9.3,280
2025-04-22 23:00:00,98.0,30.5,10,0.0,1007.3,7.6,277
2025-04-23 00:00:00,75.0,28.8,11,0.0,1006.8,6.4,302
2025-04-23 01:00:00,60.0,27.7,13,0.0,1006.2,6.1,294
2025-04-23 02:00:00,62.0,26.5,15,0.0,1005.8,5.4,278
2025-04-23 03:00:00,59.0,25.5,17,0.0,1005.6,5.2,286
2025-04-23 04:00:00,59.0,24.9,18,0.0,1005.6,5.5,279
2025-04-23 05:00:00,106.0,24.2,20,0.0,1005.7,5.2,270
2025-04-23 06:00:00,150.0,25.4,25,0.0,1006.5,4.5,272
2025-04-23 07:00:00,111.0,27.8,21,0.0,1006.8,5.8,274
2025-04-23 08:00:00,84.0,30.7,19,0.0,1007.2,6.4,260
2025-04-23 09:00:00,94.0,33.6,17,0.0,1007.5,8.4,263
2025-04-23 10:00:00,64.0,36.2,14,0.0,1007.2,9.0,270
2025-04-23 11:00:00,62.0,38.0,8,0.0,1006.6,11.6,286
2025-04-23 12:00:00,51.0,38.9,7,0.0,1005.5,13.1,293
2025-04-23 13:00:00,44.0,39.3,7,0.0,1004.3,13.7,298
2025-04-23 14:00:00,54.0,39.5,7,0.0,1003.3,13.5,299
2025-04-23 15:00:00,54.0,39.2,7,0.0,1002.4,13.9,301
2025-04-23 16:00:00,43.0,38.7,7,0.0,1002.1,13.8,306
2025-04-23 17:00:00,51.0,37.9,7,0.0,1001.9,12.5,309
2025-04-23 18:00:00,49.0,36.9,8,0.0,1002.5,11.4,296
2025-04-23 19:00:00,53.0,35.6,9,0.0,1002.6,8.6,278
2025-04-23 20:00:00,67.0,34.1,10,0.0,1003.1,6.2,277
2025-04-23 21:00:00,71.0,33.3,10,0.0,1003.7,7.1,254
2025-04-23 22:00:00,76.0,31.8,12,0.0,1003.8,6.3,273
2025-04-23 23:00:00,109.0,31.2,11,0.0,1003.4,7.3,263
2025-04-24 00:00:00,173.0,28.5,17,0.0,1003.3,4.6,315
2025-04-24 01:00:00,181.0,27.2,18,0.0,1002.8,4.4,333
2025-04-24 02:00:00,195.0,26.7,20,0.0,1001.9,4.7,279
2025-04-24 03:00:00,187.0,26.3,21,0.0,1001.7,4.5,307
2025-04-24 04:00:00,128.0,25.5,20,0.0,1001.7,4.9,278
2025-04-24 05:00:00,112.0,24.9,18,0.0,1002.2,6.0,260
2025-04-24 06:00:00,121.0,25.4,21,0.0,1003.1,5.6,266
2025-04-24 07:00:00,119.0,27.7,18,0.0,1003.7,5.6,264
2025-04-24 08:00:00,84.0,30.8,16,0.0,1004.2,4.1,272
2025-04-24 09:00:00,88.0,34.0,12,0.0,1004.7,5.6,255
2025-04-24 10:00:00,76.0,37.0,10,0.0,1004.7,3.8,265
2025-04-24 11:00:00,67.0,38.8,8,0.0,1004.2,4.3,268
2025-04-24 12:00:00,57.0,40.0,6,0.0,1003.2,5.3,280
2025-04-24 13:00:00,48.0,40.9,5,0.0,1002.2,8.7,288
2025-04-24 14:00:00,47.0,41.0,5,0.0,1001.4,12.9,285
2025-04-24 15:00:00,39.0,40.4,5,0.0,1000.8,15.0,277
2025-04-24 16:00:00,42.0,39.6,6,0.0,1000.7,14.8,280
2025-04-24 17:00:00,40.0,38.9,6,0.0,1000.4,11.8,301
2025-04-24 18:00:00,42.0,37.9,7,0.0,1000.8,6.5,355
2025-04-24 19:00:00,50.0,34.8,15,0.0,1001.3,4.1,29
2025-04-24 20:00:00,59.0,34.4,25,0.0,1002.1,0.3,225
2025-04-24 21:00:00,80.0,32.4,17,0.0,1003.0,4.5,127
2025-04-24 22:00:00,70.0,31.3,17,0.0,1003.2,5.1,141
2025-04-24 23:00:00,73.0,30.0,17,0.0,1003.1,6.2,150
2025-04-25 00:00:00,71.0,29.6,18,0.0,1003.0,9.1,190
2025-04-25 01:00:00,77.0,28.7,32,0.0,1002.5,0.4,63
2025-04-25 02:00:00,80.0,26.9,31,0.0,1002.9,3.1,40
2025-04-25 03:00:00,88.0,26.3,32,0.0,1002.8,1.2,153
2025-04-25 04:00:00,91.0,24.9,32,0.0,1002.6,4.8,135
2025-04-25 05:00:00,92.0,25.0,29,0.0,1002.9,5.8,160
2025-04-25 06:00:00,112.0,26.3,29,0.0,1003.5,4.9,184
2025-04-25 07:00:00,94.0,29.0,24,0.0,1004.6,5.2,272
2025-04-25 08:00:00,112.0,32.1,18,0.0,1005.2,6.4,209
2025-04-25 09:00:00,134.0,35.0,14,0.0,1006.0,4.6,329
2025-04-25 10:00:00,164.0,37.3,11,0.0,1006.1,4.1,326
2025-04-25 11:00:00,127.0,39.7,7,0.0,1005.6,5.2,329
2025-04-25 12:00:00,80.0,40.7,6,0.0,1004.6,9.6,354
2025-04-25 13:00:00,59.0,41.0,6,0.0,1003.8,11.7,356
2025-04-25 14:00:00,54.0,40.8,6,0.0,1003.1,14.2,359
2025-04-25 15:00:00,64.0,40.8,6,0.0,1002.3,12.7,353
2025-04-25 16:00:00,68.0,40.5,6,0.0,1001.8,9.6,347
2025-04-25 17:00:00,56.0,40.0,6,0.0,1001.5,7.0,342
2025-04-25 18:00:00,56.0,37.7,9,0.0,1001.9,8.5,6
2025-04-25 19:00:00,60.0,34.6,14,0.0,1002.6,5.8,56
2025-04-25 20:00:00,62.0,33.1,22,0.0,1003.1,3.2,63
2025-04-25 21:00:00,80.0,32.8,24,0.0,1003.4,1.4,140
2025-04-25 22:00:00,93.0,31.8,24,0.0,1003.5,1.4,23
2025-04-25 23:00:00,96.0,31.0,28,0.0,1003.5,1.0,329
2025-04-26 00:00:00,110.0,30.1,18,0.0,1003.2,6.3,20
2025-04-26 01:00:00,133.0,28.8,19,0.0,1002.5,5.8,20
2025-04-26 02:00:00,148.0,27.9,24,0.0,1002.3,3.6,360
2025-04-26 03:00:00,151.0,27.1,20,0.0,1002.0,5.7,351
2025-04-26 04:00:00,135.0,26.1,23,0.0,1002.7,4.9,246
2025-04-26 05:00:00,125.0,26.4,26,0.0,1003.0,2.4,253
2025-04-26 06:00:00,140.0,27.0,34,0.0,1003.7,2.2,256
2025-04-26 07:00:00,160.0,29.5,23,0.0,1004.2,5.1,222
2025-04-26 08:00:00,183.0,33.1,20,0.0,1004.5,2.7,208
2025-04-26 09:00:00,152.0,36.7,13,0.0,1005.2,4.8,193
2025-04-26 10:00:00,100.0,39.1,8,0.0,1005.0,3.2,142
2025-04-26 11:00:00,52.0,40.5,7,0.0,1004.6,4.0,148
2025-04-26 12:00:00,35.0,41.6,6,0.0,1003.7,4.6,138
2025-04-26 13:00:00,31.0,41.9,6,0.0,1002.8,5.9,162
2025-04-26 14:00:00,47.0,40.9,8,0.0,1002.4,10.4,210
2025-04-26 15:00:00,144.0,38.8,9,0.0,1002.2,16.6,254
2025-04-26 16:00:00,146.0,39.0,9,0.0,1002.0,9.9,292
2025-04-26 17:00:00,213.0,38.8,9,0.0,1001.8,11.6,342
2025-04-26 18:00:00,104.0,37.6,10,0.0,1002.1,4.1,229
2025-04-26 19:00:00,112.0,35.1,17,0.0,1002.9,3.7,259
2025-04-26 20:00:00,104.0,34.7,22,0.0,1003.6,0.9,270
2025-04-26 21:00:00,98.0,33.7,16,0.0,1004.3,4.0,249
2025-04-26 22:00:00,97.0,33.5,14,0.0,1004.7,7.3,230
2025-04-26 23:00:00,82.0,32.5,16,0.0,1005.1,9.1,229
2025-04-27 00:00:00,83.0,32.1,17,0.0,1004.7,8.0,254
2025-04-27 01:00:00,59.0,30.8,25,0.0,1003.8,4.3,246
2025-04-27 02:00:00,54.0,30.1,21,0.0,1004.2,5.6,343
2025-04-27 03:00:00,55.0,28.8,23,0.0,1004.0,5.1,343
2025-04-27 04:00:00,110.0,28.2,22,0.0,1004.1,5.6,2
2025-04-27 05:00:00,128.0,28.1,22,0.0,1004.3,6.3,358
2025-04-27 06:00:00,160.0,29.2,28,0.0,1004.9,3.9,143
2025-04-27 07:00:00,128.0,30.5,27,0.0,1005.6,3.5,246
2025-04-27 08:00:00,113.0,32.9,22,0.0,1006.2,3.1,211
2025-04-27 09:00:00,110.0,35.4,15,0.0,1006.6,3.7,209
2025-04-27 10:00:00,134.0,37.7,12,0.0,1006.5,4.9,186
2025-04-27 11:00:00,109.0,38.9,11,0.0,1006.2,6.2,213
2025-04-27 12:00:00,99.0,40.1,9,0.0,1005.6,3.5,235
2025-04-27 13:00:00,90.0,41.1,8,0.0,1004.7,0.9,307
2025-04-27 14:00:00,63.0,41.2,8,0.0,1003.7,4.0,355
2025-04-27 15:00:00,57.0,40.7,8,0.0,1003.0,7.7,28
2025-04-27 16:00:00,55.0,39.9,7,0.0,1002.8,13.0,34
2025-04-27 17:00:00,50.0,38.8,7,0.0,1002.9,13.8,31
2025-04-27 18:00:00,54.0,37.5,8,0.0,1002.9,10.0,33
2025-04-27 19:00:00,63.0,35.7,17,0.0,1003.5,1.5,45
2025-04-27 20:00:00,69.0,34.1,19,0.0,1004.5,2.1,142
2025-04-27 21:00:00,90.0,33.3,14,0.0,1004.6,6.2,105
2025-04-27 22:00:00,115.0,31.8,17,0.0,1004.6,5.4,143
2025-04-27 23:00:00,159.0,30.8,25,0.0,1005.1,1.5,144
2025-04-28 00:00:00,121.0,29.4,28,0.0,1004.6,3.0,115
2025-04-28 01:00:00,108.0,28.3,26,0.0,1004.2,4.3,175
2025-04-28 02:00:00,90.0,28.2,28,0.0,1004.0,3.4,205
2025-04-28 03:00:00,85.0,28.2,26,0.0,1003.7,2.4,222
2025-04-28 04:00:00,90.0,26.6,31,0.0,1004.2,2.2,125
2025-04-28 05:00:00,92.0,25.0,33,0.0,1004.2,4.1,90
2025-04-28 06:00:00,116.0,26.8,33,0.0,1004.8,7.1,99
2025-04-28 07:00:00,160.0,27.8,32,0.0,1005.3,8.3,103
2025-04-28 08:00:00,151.0,30.1,28,0.0,1005.5,8.7,114
2025-04-28 09:00:00,360.0,33.1,23,0.0,1005.5,8.7,122
2025-04-28 10:00:00,261.0,35.6,19,0.0,1005.1,8.1,125
2025-04-28 11:00:00,205.0,37.6,16,0.0,1004.6,7.3,130
2025-04-28 12:00:00,172.0,39.3,14,0.0,1003.6,5.4,138
2025-04-28 13:00:00,451.0,40.3,11,0.0,1002.6,3.8,177
2025-04-28 14:00:00,152.0,40.8,9,0.0,1001.5,4.5,217
2025-04-28 15:00:00,152.0,41.1,9,0.0,1001.1,1.4,40
2025-04-28 16:00:00,159.0,38.7,12,0.0,1001.3,12.8,52
2025-04-28 17:00:00,145.0,36.5,17,0.0,1001.0,13.8,41
2025-04-28 18:00:00,90.0,34.4,20,0.0,1001.5,14.2,60
2025-04-28 19:00:00,94.0,32.9,26,0.0,1002.1,12.6,65
2025-04-28 20:00:00,123.0,31.7,30,0.0,1002.9,6.7,76
2025-04-28 21:00:00,113.0,31.1,32,0.0,1003.8,9.6,106
2025-04-28 22:00:00,93.0,30.1,34,0.0,1004.3,12.5,108
2025-04-28 23:00:00,92.0,29.4,34,0.0,1004.3,10.3,115
2025-04-29 00:00:00,80.0,28.6,34,0.0,1004.2,9.8,125
2025-04-29 01:00:00,69.0,27.7,36,0.0,1003.8,10.7,138
2025-04-29 02:00:00,63.0,27.1,37,0.0,1003.7,11.8,130
2025-04-29 03:00:00,64.0,26.3,39,0.0,1003.7,12.5,125
2025-04-29 04:00:00,62.0,25.5,43,0.0,1004.3,11.7,107
2025-04-29 05:00:00,65.0,24.5,49,0.0,1005.1,11.7,95
2025-04-29 06:00:00,60.0,24.8,62,0.0,1006.4,11.2,84
2025-04-29 07:00:00,67.0,25.8,60,0.0,1007.1,12.7,98
2025-04-29 08:00:00,64.0,27.5,53,0.0,1007.4,14.4,105
2025-04-29 09:00:00,122.0,29.7,45,0.0,1007.4,14.3,108
2025-04-29 10:00:00,118.0,32.0,38,0.0,1007.1,13.7,108
2025-04-29 11:00:00,110.0,33.9,33,0.0,1006.2,12.6,112
2025-04-29 12:00:00,153.0,35.4,29,0.0,1005.3,11.1,113
2025-04-29 13:00:00,169.0,36.4,27,0.0,1004.2,9.4,108
2025-04-29 14:00:00,133.0,37.2,25,0.0,1003.2,7.2,102
2025-04-29 15:00:00,150.0,37.5,23,0.0,1002.1,5.5,81
2025-04-29 16:00:00,97.0,37.5,20,0.0,1001.7,6.7,76
2025-04-29 17:00:00,52.0,36.7,21,0.0,1001.6,7.9,91
2025-04-29 18:00:00,48.0,35.0,26,0.0,1003.0,5.9,92
2025-04-29 19:00:00,62.0,33.4,29,0.0,1003.8,9.0,77
2025-04-29 20:00:00,59.0,32.3,31,0.0,1004.3,6.8,92
2025-04-29 21:00:00,62.0,31.2,34,0.0,1005.3,7.6,72
2025-04-29 22:00:00,74.0,30.1,39,0.0,1005.7,9.1,81
2025-04-29 23:00:00,69.0,29.5,41,0.0,1005.8,7.9,87
2025-04-30 00:00:00,84.0,28.8,43,0.0,1005.6,6.3,110
2025-04-30 01:00:00,74.0,28.2,45,0.0,1005.1,6.7,121
2025-04-30 02:00:00,69.0,27.6,46,0.0,1005.1,7.4,124
2025-04-30 03:00:00,73.0,27.1,48,0.0,1005.3,7.5,123
2025-04-30 04:00:00,74.0,26.5,50,0.0,1005.7,9.3,122
2025-04-30 05:00:00,67.0,25.8,52,0.0,1006.3,8.2,116
2025-04-30 06:00:00,81.0,26.3,57,0.0,1007.4,8.3,110
2025-04-30 07:00:00,100.0,27.1,57,0.0,1008.2,9.5,105
2025-04-30 08:00:00,80.0,28.9,52,0.0,1008.8,9.8,108
2025-04-30 09:00:00,85.0,31.1,46,0.0,1008.9,11.6,116
2025-04-30 10:00:00,70.0,33.1,39,0.0,1008.6,11.1,120
2025-04-30 11:00:00,215.0,34.8,33,0.0,1008.1,8.9,124
2025-04-30 12:00:00,140.0,35.9,28,0.0,1007.1,6.7,121
2025-04-30 13:00:00,118.0,36.7,26,0.0,1005.9,5.9,113
2025-04-30 14:00:00,109.0,37.1,24,0.0,1004.9,4.9,152
2025-04-30 15:00:00,90.0,36.6,25,0.0,1004.7,3.6,210
2025-04-30 16:00:00,79.0,35.3,26,0.0,1004.3,3.1,298
2025-04-30 17:00:00,73.0,35.2,26,0.0,1004.6,7.4,346
2025-04-30 18:00:00,70.0,34.3,26,0.0,1004.6,7.2,86
2025-04-30 19:00:00,67.0,33.5,28,0.0,1005.0,6.8,73
2025-04-30 20:00:00,62.0,32.6,29,0.0,1005.6,7.1,71
2025-04-30 21:00:00,64.0,31.9,31,0.0,1006.3,9.9,94
2025-04-30 22:00:00,62.0,30.7,37,0.0,1006.7,11.2,96
2025-04-30 23:00:00,62.0,29.6,41,0.0,1006.9,10.3,103
2025-05-01 00:00:00,71.0,28.5,44,0.0,1006.8,10.2,114
2025-05-01 01:00:00,67.0,27.8,45,0.0,1006.5,9.7,121
2025-05-01 02:00:00,72.0,27.3,47,0.0,1006.4,10.7,127
2025-05-01 03:00:00,73.0,26.7,49,0.0,1006.8,10.5,125
2025-05-01 04:00:00,76.0,26.2,51,0.0,1007.2,11.0,130
2025-05-01 05:00:00,79.0,25.8,52,0.0,1008.0,10.4,127
2025-05-01 06:00:00,74.0,27.1,65,0.0,1008.8,6.9,96
2025-05-01 07:00:00,81.0,28.1,61,0.0,1009.3,9.8,104
2025-05-01 08:00:00,88.0,29.8,54,0.0,1009.5,12.4,112
2025-05-01 09:00:00,83.0,32.0,46,0.0,1009.7,12.3,117
2025-05-01 10:00:00,89.0,34.0,36,0.0,1009.2,12.0,123
2025-05-01 11:00:00,104.0,35.2,30,0.0,1008.8,9.4,125
2025-05-01 12:00:00,102.0,36.2,27,0.0,1007.8,7.4,129
2025-05-01 13:00:00,99.0,36.6,25,0.0,1006.6,7.3,138
2025-05-01 14:00:00,91.0,37.0,21,0.0,1006.5,4.8,228
2025-05-01 15:00:00,92.0,36.0,21,0.0,1005.4,2.1,142
2025-05-01 16:00:00,79.0,35.4,24,0.0,1005.5,8.5,94
2025-05-01 17:00:00,74.0,35.0,25,0.0,1005.3,8.3,92
2025-05-01 18:00:00,70.0,34.9,25,0.0,1005.4,7.4,72
2025-05-01 19:00:00,65.0,33.7,27,0.0,1005.2,8.5,90
2025-05-01 20:00:00,65.0,32.5,30,0.0,1006.3,9.0,85
2025-05-01 21:00:00,63.0,31.3,32,0.0,1007.3,10.1,88
2025-05-01 22:00:00,59.0,29.5,42,0.0,1008.0,12.9,96
2025-05-01 23:00:00,59.0,28.6,47,0.0,1008.0,12.7,106
2025-05-02 00:00:00,62.0,28.2,48,0.0,1007.6,12.0,109
2025-05-02 01:00:00,93.0,27.6,49,0.0,1007.1,11.4,123
2025-05-02 02:00:00,82.0,27.1,51,0.0,1007.5,10.6,118
2025-05-02 03:00:00,75.0,26.7,52,0.0,1007.6,11.1,113
2025-05-02 04:00:00,57.0,26.2,53,0.0,1008.0,11.6,108
2025-05-02 05:00:00,26.0,25.8,55,0.0,1008.4,10.9,109
2025-05-02 06:00:00,30.0,22.5,90,1.2,1012.1,6.3,360
2025-05-02 07:00:00,21.0,22.6,89,0.9,1012.6,5.4,20
2025-05-02 08:00:00,19.0,22.2,93,3.0,1012.9,8.0,80
2025-05-02 09:00:00,19.0,22.0,93,3.2,1012.2,13.3,81
2025-05-02 10:00:00,28.0,22.4,93,3.1,1011.6,9.0,106
2025-05-02 11:00:00,25.0,23.8,84,0.6,1011.4,5.9,92
2025-05-02 12:00:00,33.0,25.5,73,0.1,1010.9,9.4,114
2025-05-02 13:00:00,31.0,26.6,69,0.0,1009.7,8.5,89
2025-05-02 14:00:00,45.0,27.5,66,0.0,1008.1,7.7,89
2025-05-02 15:00:00,27.0,28.3,62,0.0,1006.8,6.3,88
2025-05-02 16:00:00,24.0,28.8,59,0.0,1006.1,3.1,97
2025-05-02 17:00:00,20.0,28.8,59,0.0,1005.9,2.9,68
2025-05-02 18:00:00,21.0,28.3,56,0.0,1006.8,4.0,51
2025-05-02 19:00:00,34.0,28.0,60,0.0,1007.0,1.0,45
2025-05-02 20:00:00,42.0,27.8,58,0.0,1007.5,3.5,28
2025-05-02 21:00:00,43.0,27.3,61,0.0,1007.9,4.2,25
2025-05-02 22:00:00,48.0,26.4,66,0.0,1007.9,2.8,40
2025-05-02 23:00:00,54.0,25.8,69,0.0,1007.8,2.5,60
2025-05-03 00:00:00,46.0,25.1,76,0.0,1007.1,1.9,73
2025-05-03 01:00:00,61.0,24.7,74,0.0,1006.2,3.3,77
2025-05-03 02:00:00,75.0,24.2,74,0.0,1005.8,3.9,68
2025-05-03 03:00:00,79.0,24.0,74,0.0,1005.6,5.4,70
2025-05-03 04:00:00,82.0,23.4,80,0.0,1005.9,2.7,70
2025-05-03 05:00:00,79.0,23.4,80,0.0,1006.7,0.4,63
2025-05-03 06:00:00,90.0,24.1,83,0.1,1008.0,6.5,272
2025-05-03 07:00:00,104.0,24.6,78,0.1,1008.2,8.3,106
2025-05-03 08:00:00,100.0,27.2,66,0.0,1008.6,4.8,112
2025-05-03 09:00:00,90.0,29.5,54,0.0,1008.3,7.2,125
2025-05-03 10:00:00,83.0,31.7,42,0.0,1008.1,3.8,121
2025-05-03 11:00:00,84.0,31.9,37,0.3,1007.9,2.5,98
2025-05-03 12:00:00,55.0,33.4,33,0.0,1006.0,5.8,154
2025-05-03 13:00:00,36.0,34.5,32,0.0,1005.2,5.8,90
2025-05-03 14:00:00,44.0,30.2,48,1.7,1006.4,7.1,216
2025-05-03 15:00:00,41.0,29.6,50,0.0,1004.4,0.6,146
2025-05-03 16:00:00,46.0,31.0,43,0.0,1004.1,3.1,140
2025-05-03 17:00:00,47.0,31.1,43,0.0,1004.0,4.8,151
2025-05-03 18:00:00,38.0,28.8,49,0.0,1003.8,14.3,187
2025-05-03 19:00:00,42.0,29.3,48,0.0,1003.1,4.6,191
2025-05-03 20:00:00,75.0,29.3,46,0.0,1003.9,6.0,219
2025-05-03 21:00:00,91.0,28.6,51,0.0,1004.0,3.5,192
2025-05-03 22:00:00,82.0,28.1,57,0.0,1004.1,2.7,152
2025-05-03 23:00:00,78.0,27.7,53,0.0,1003.9,4.0,201
2025-05-04 00:00:00,84.0,27.3,54,0.0,1003.4,4.0,201
2025-05-04 01:00:00,89.0,26.9,61,0.0,1003.2,1.3,124
2025-05-04 02:00:00,89.0,25.8,60,0.0,1003.3,4.7,106
2025-05-04 03:00:00,78.0,25.0,64,0.0,1003.4,4.6,103
2025-05-04 04:00:00,123.0,24.4,66,0.0,1003.6,4.7,113
2025-05-04 05:00:00,130.0,23.9,68,0.0,1004.1,4.5,119
2025-05-04 06:00:00,138.0,26.2,76,0.0,1004.4,3.8,45
2025-05-04 07:00:00,156.0,27.3,72,0.0,1004.8,3.1,90
2025-05-04 08:00:00,135.0,29.4,63,0.0,1005.6,3.5,99
2025-05-04 09:00:00,116.0,31.6,54,0.0,1005.5,5.1,122
2025-05-04 10:00:00,116.0,33.7,42,0.0,1005.0,5.3,125
2025-05-04 11:00:00,123.0,34.4,38,0.0,1004.4,2.9,137
2025-05-04 12:00:00,78.0,33.5,39,0.1,1004.2,5.6,180
2025-05-04 13:00:00,52.0,32.2,41,0.2,1003.9,9.6,133
2025-05-04 14:00:00,40.0,32.5,41,0.0,1003.4,3.3,119
2025-05-04 15:00:00,35.0,32.5,40,0.0,1002.2,2.3,90
2025-05-04 16:00:00,38.0,33.0,39,0.0,1002.2,4.9,80
2025-05-04 17:00:00,38.0,32.6,40,0.0,1002.4,7.5,63
2025-05-04 18:00:00,40.0,31.2,46,0.0,1001.6,7.6,89
2025-05-04 19:00:00,46.0,29.5,58,0.0,1002.9,3.0,76
2025-05-04 20:00:00,46.0,29.2,63,0.0,1003.9,2.5,135
2025-05-04 21:00:00,59.0,29.0,66,0.0,1005.0,2.1,20
2025-05-04 22:00:00,56.0,28.3,62,0.0,1005.4,4.1,61
2025-05-04 23:00:00,59.0,27.3,67,0.0,1005.5,4.5,92
2025-05-05 00:00:00,38.0,26.4,73,0.0,1005.0,4.9,86
2025-05-05 01:00:00,35.0,25.9,76,0.0,1004.6,5.2,102
2025-05-05 02:00:00,33.0,25.5,76,0.0,1004.4,6.7,110
2025-05-05 03:00:00,38.0,25.1,77,0.0,1004.4,6.2,105
2025-05-05 04:00:00,22.0,24.6,78,0.0,1004.7,5.6,69
2025-05-05 05:00:00,23.0,24.2,79,0.0,1005.0,4.8,70
2025-05-05 06:00:00,30.0,23.9,74,0.0,1005.6,7.2,103
2025-05-05 07:00:00,30.0,25.1,68,0.0,1006.3,7.8,113
2025-05-05 08:00:00,38.0,26.8,63,0.0,1007.0,9.3,115
2025-05-05 09:00:00,36.0,28.8,55,0.0,1007.3,10.3,123
2025-05-05 10:00:00,33.0,30.8,48,0.0,1006.9,9.4,122
2025-05-05 11:00:00,35.0,32.3,42,0.0,1006.4,8.3,134
2025-05-05 12:00:00,27.0,34.0,35,0.0,1005.6,7.1,161
2025-05-05 13:00:00,36.0,34.8,33,0.0,1004.5,3.2,124
2025-05-05 14:00:00,38.0,34.8,32,0.0,1003.3,4.4,27
2025-05-05 15:00:00,41.0,32.3,41,0.6,1003.1,9.8,20
2025-05-05 16:00:00,28.0,32.9,39,0.0,1002.5,10.6,44
2025-05-05 17:00:00,30.0,31.8,42,0.0,1002.9,10.6,44
2025-05-05 18:00:00,38.0,27.8,64,0.0,1004.6,6.6,57
2025-05-05 19:00:00,46.0,26.4,70,0.0,1005.2,8.0,70
2025-05-05 20:00:00,48.0,25.3,76,0.0,1005.4,6.3,66
2025-05-05 21:00:00,52.0,24.8,78,0.0,1006.5,6.7,82
2025-05-05 22:00:00,55.0,24.2,80,0.0,1006.9,5.2,88
2025-05-05 23:00:00,63.0,23.8,82,0.0,1007.0,5.2,104
2025-05-06 00:00:00,69.0,23.4,84,0.0,1006.7,5.2,94
2025-05-06 01:00:00,67.0,23.0,86,0.0,1006.1,3.8,121
2025-05-06 02:00:00,97.0,22.6,88,0.0,1005.8,3.0,128
2025-05-06 03:00:00,65.0,22.3,89,0.0,1006.0,3.5,75
2025-05-06 04:00:00,52.0,22.0,90,0.0,1006.3,4.5,53
2025-05-06 05:00:00,56.0,21.8,90,0.0,1006.5,5.0,60
2025-05-06 06:00:00,52.0,23.2,87,0.0,1006.8,5.6,69
2025-05-06 07:00:00,70.0,24.5,80,0.0,1007.0,4.6,77
2025-05-06 08:00:00,61.0,26.3,72,0.0,1007.5,5.1,86
2025-05-06 09:00:00,55.0,28.3,63,0.0,1007.3,6.7,81
2025-05-06 10:00:00,48.0,29.9,55,0.0,1006.9,6.6,81
2025-05-06 11:00:00,33.0,31.0,50,0.0,1006.1,6.3,77
2025-05-06 12:00:00,30.0,32.2,46,0.0,1005.4,7.3,79
2025-05-06 13:00:00,34.0,32.7,44,0.0,1004.5,7.5,82
2025-05-06 14:00:00,30.0,33.4,40,0.0,1003.4,7.2,96
2025-05-06 15:00:00,32.0,28.0,61,2.2,1003.7,8.9,114
2025-05-06 16:00:00,30.0,30.0,54,0.0,1003.0,6.6,112
2025-05-06 17:00:00,28.0,30.1,52,0.0,1002.8,7.9,107
2025-05-06 18:00:00,43.0,28.3,62,0.0,1003.4,5.6,84
2025-05-06 19:00:00,42.0,27.4,63,0.0,1003.9,6.8,101
2025-05-06 20:00:00,44.0,26.6,67,0.0,1004.7,5.4,86
2025-05-06 21:00:00,48.0,26.1,67,0.0,1005.2,7.3,97
2025-05-06 22:00:00,66.0,25.5,68,0.0,1005.4,7.9,102
2025-05-06 23:00:00,53.0,24.9,71,0.0,1005.5,6.4,117
2025-05-07 00:00:00,55.0,24.6,73,0.0,1005.3,6.1,114
2025-05-07 01:00:00,57.0,24.3,75,0.0,1005.0,6.0,106
2025-05-07 02:00:00,58.0,24.0,77,0.0,1005.0,5.7,99
2025-05-07 03:00:00,64.0,23.8,79,0.0,1005.0,5.8,94
2025-05-07 04:00:00,61.0,23.5,81,0.0,1005.4,5.8,92
2025-05-07 05:00:00,59.0,23.3,82,0.0,1006.0,6.2,120
2025-05-07 06:00:00,59.0,24.5,83,0.0,1006.5,6.5,87
2025-05-07 07:00:00,65.0,25.5,79,0.0,1007.0,6.5,103
2025-05-07 08:00:00,58.0,27.2,71,0.0,1006.9,7.1,114
2025-05-07 09:00:00,65.0,28.8,63,0.0,1007.1,7.9,114
2025-05-07 10:00:00,71.0,29.6,57,0.0,1006.9,10.1,119
2025-05-07 11:00:00,61.0,30.2,53,0.0,1006.4,8.9,115
2025-05-07 12:00:00,50.0,31.2,48,0.0,1005.5,7.8,99
2025-05-07 13:00:00,46.0,31.7,47,0.0,1004.1,8.4,74
2025-05-07 14:00:00,37.0,32.0,46,0.0,1002.7,8.6,64
2025-05-07 15:00:00,38.0,32.1,43,0.0,1002.1,6.6,68
2025-05-07 16:00:00,42.0,32.0,42,0.0,1001.9,10.1,55
2025-05-07 17:00:00,32.0,31.2,46,0.0,1002.2,8.3,70
2025-05-07 18:00:00,30.0,27.1,74,0.0,1003.1,3.3,351
2025-05-07 19:00:00,44.0,26.8,79,0.0,1003.5,1.9,22
2025-05-07 20:00:00,42.0,26.3,74,0.0,1004.3,5.6,33
2025-05-07 21:00:00,47.0,25.5,77,0.0,1004.8,3.8,49
2025-05-07 22:00:00,50.0,25.1,80,0.0,1005.0,2.8,101
2025-05-07 23:00:00,57.0,25.0,81,0.0,1004.9,1.5,97
2025-05-08 00:00:00,66.0,24.9,80,0.0,1004.4,1.2,39
2025-05-08 01:00:00,74.0,24.5,82,0.0,1004.0,1.7,72
2025-05-08 02:00:00,74.0,24.0,85,0.0,1004.0,3.1,69
2025-05-08 03:00:00,71.0,23.8,85,0.0,1004.1,3.7,43
2025-05-08 04:00:00,117.0,23.6,85,0.0,1004.5,4.2,65
2025-05-08 05:00:00,106.0,23.3,85,0.0,1004.9,4.2,65
2025-05-08 06:00:00,109.0,24.6,80,0.4,1005.9,9.8,276
2025-05-08 07:00:00,130.0,24.2,82,0.0,1007.0,8.2,29
2025-05-08 08:00:00,106.0,26.0,76,0.0,1006.6,7.3,60
2025-05-08 09:00:00,81.0,28.8,63,0.0,1007.0,7.6,43
2025-05-08 10:00:00,66.0,30.7,53,0.0,1006.4,9.0,46
2025-05-08 11:00:00,49.0,29.8,57,1.1,1006.3,11.2,108
2025-05-08 12:00:00,47.0,30.3,55,0.0,1005.6,9.6,93
2025-05-08 13:00:00,70.0,31.9,48,0.0,1004.8,8.8,110
2025-05-08 14:00:00,40.0,31.5,50,0.3,1004.1,6.6,135
2025-05-08 15:00:00,28.0,31.1,53,0.0,1003.8,4.7,97
2025-05-08 16:00:00,36.0,29.6,60,1.2,1003.9,3.0,128
2025-05-08 17:00:00,43.0,29.2,63,0.0,1003.9,4.5,53
2025-05-08 18:00:00,42.0,31.0,52,0.0,1003.4,2.3,61
2025-05-08 19:00:00,42.0,29.5,57,0.0,1004.0,5.1,63
2025-05-08 20:00:00,49.0,28.3,62,0.0,1004.9,4.1,77
2025-05-08 21:00:00,67.0,27.4,70,0.0,1005.7,2.7,58
2025-05-08 22:00:00,79.0,26.8,72,0.0,1006.2,2.7,90
2025-05-08 23:00:00,104.0,26.3,71,0.0,1006.2,4.5,53
2025-05-09 00:00:00,122.0,25.9,70,0.0,1006.2,8.4,37
2025-05-09 01:00:00,84.0,25.6,70,0.0,1005.6,6.2,54
2025-05-09 02:00:00,71.0,25.2,72,0.0,1005.4,4.6,64
2025-05-09 03:00:00,63.0,25.0,75,0.0,1005.5,3.8,93
2025-05-09 04:00:00,70.0,24.7,79,0.0,1005.7,2.8,101
2025-05-09 05:00:00,77.0,24.1,80,0.0,1006.1,3.5,125
2025-05-09 06:00:00,85.0,25.9,73,0.0,1007.4,6.0,97
2025-05-09 07:00:00,103.0,26.9,68,0.0,1007.8,2.9,90
2025-05-09 08:00:00,65.0,29.2,59,0.0,1008.2,2.8,125
2025-05-09 09:00:00,79.0,31.2,51,0.0,1008.2,3.9,143
2025-05-09 10:00:00,71.0,32.6,46,0.0,1008.1,5.4,146
2025-05-09 11:00:00,57.0,33.7,41,0.0,1007.6,6.2,134
2025-05-09 12:00:00,33.0,34.9,37,0.0,1006.5,6.1,133
2025-05-09 13:00:00,32.0,36.1,33,0.0,1005.5,7.4,139
2025-05-11 10:00:00,59.0,33.5,43,0.0,1006.5,5.3,327
2025-05-11 11:00:00,48.0,35.0,37,0.0,1005.7,6.0,335
2025-05-11 12:00:00,41.0,36.2,32,0.0,1004.4,6.5,336
2025-05-11 13:00:00,39.0,37.2,29,0.0,1003.1,7.1,336
2025-05-11 14:00:00,34.0,37.9,26,0.0,1001.9,8.3,333
2025-05-11 15:00:00,35.0,38.1,23,0.0,1000.9,9.5,327
2025-05-11 16:00:00,33.0,38.2,22,0.0,1000.3,8.8,337
2025-05-11 17:00:00,36.0,37.8,22,0.0,1000.3,9.0,345
2025-05-11 18:00:00,46.0,35.4,41,0.0,999.6,2.5,30
2025-05-11 19:00:00,55.0,33.8,43,0.0,1000.4,1.0,68
2025-05-11 20:00:00,71.0,33.1,33,0.0,1002.3,12.1,303
2025-05-11 21:00:00,29.0,32.2,32,0.0,1003.2,11.1,318
2025-05-11 22:00:00,22.0,31.0,37,0.0,1003.6,7.1,304
2025-05-11 23:00:00,25.0,30.4,38,0.0,1003.5,7.6,304
2025-05-12 00:00:00,27.0,29.7,39,0.0,1003.1,8.1,315
2025-05-12 01:00:00,24.0,28.4,45,0.0,1002.5,5.4,330
2025-05-12 02:00:00,42.0,27.6,54,0.0,1002.1,3.3,319
2025-05-12 03:00:00,41.0,27.3,54,0.0,1001.9,1.5,263
2025-05-12 04:00:00,50.0,26.2,58,0.0,1002.2,3.6,303
2025-05-12 05:00:00,36.0,25.8,56,0.0,1002.5,4.8,304
2025-05-12 06:00:00,48.0,26.6,57,0.0,1004.1,4.6,231
2025-05-12 07:00:00,45.0,28.1,52,0.0,1004.6,5.3,260
2025-05-12 08:00:00,44.0,30.5,43,0.0,1004.9,5.0,283
2025-05-12 09:00:00,71.0,32.9,35,0.0,1005.3,6.6,287
2025-05-12 10:00:00,48.0,35.1,28,0.0,1005.0,8.3,288
2025-05-12 11:00:00,62.0,36.9,24,0.0,1004.5,10.0,285
2025-05-12 12:00:00,40.0,38.2,22,0.0,1003.5,10.7,287
2025-05-12 13:00:00,33.0,39.1,20,0.0,1002.4,10.5,295
2025-05-12 14:00:00,38.0,39.5,18,0.0,1001.2,11.8,303
2025-05-12 15:00:00,42.0,39.5,18,0.0,1000.5,12.8,312
2025-05-12 16:00:00,44.0,39.3,18,0.0,1000.2,12.5,319
2025-05-12 17:00:00,45.0,38.5,18,0.0,1000.0,11.2,328
2025-05-12 18:00:00,41.0,36.7,20,0.0,1000.0,6.3,340
2025-05-12 19:00:00,55.0,34.7,35,0.0,1000.5,2.2,355
2025-05-12 20:00:00,66.0,33.7,37,0.0,1000.9,0.9,169
2025-05-12 21:00:00,59.0,31.8,39,0.0,1001.5,3.6,72
2025-05-12 22:00:00,28.0,30.8,45,0.0,1002.0,4.3,88
2025-05-12 23:00:00,24.0,30.5,41,0.0,1002.3,7.5,190
2025-05-13 00:00:00,28.0,29.9,40,0.0,1001.7,5.4,194
2025-05-13 01:00:00,30.0,29.5,39,0.0,1001.3,5.4,194
2025-05-13 02:00:00,28.0,29.1,39,0.0,1001.1,5.5,216
2025-05-13 03:00:00,13.0,29.3,35,0.0,1001.0,7.1,223
2025-05-13 04:00:00,17.0,29.0,35,0.0,1001.6,9.7,246
2025-05-13 05:00:00,14.0,28.6,35,0.0,1002.3,8.7,253
2025-05-13 06:00:00,14.0,30.3,38,0.0,1003.9,8.2,279
2025-05-13 07:00:00,21.0,31.2,36,0.0,1004.6,7.8,304
2025-05-13 08:00:00,31.0,32.8,32,0.0,1004.9,8.0,298
2025-05-13 09:00:00,45.0,34.9,28,0.0,1005.0,9.3,286
2025-05-13 10:00:00,35.0,37.0,24,0.0,1004.9,11.8,290
2025-05-13 11:00:00,35.0,38.9,19,0.0,1004.2,13.6,294
2025-05-13 12:00:00,35.0,40.1,17,0.0,1003.4,13.0,301
2025-05-13 13:00:00,34.0,41.0,15,0.0,1002.2,12.4,298
2025-05-13 14:00:00,38.0,41.2,14,0.0,1001.2,13.9,300
2025-05-13 15:00:00,34.0,40.7,14,0.0,1000.5,14.0,300
2025-05-13 16:00:00,25.0,40.7,14,0.0,1000.0,13.9,294
2025-05-13 17:00:00,31.0,39.5,16,0.0,999.9,16.6,300
2025-05-13 18:00:00,21.0,38.0,18,0.0,1000.8,9.1,324
2025-05-13 19:00:00,25.0,36.4,20,0.0,1001.2,9.2,332
2025-05-13 20:00:00,22.0,34.8,23,0.0,1001.8,5.3,303
2025-05-13 21:00:00,27.0,33.5,28,0.0,1002.0,4.3,246
2025-05-13 22:00:00,29.0,32.7,29,0.0,1001.9,5.2,245
2025-05-13 23:00:00,27.0,32.7,25,0.0,1001.7,5.9,256
2025-05-14 00:00:00,29.0,31.8,29,0.0,1001.1,5.3,246
2025-05-14 01:00:00,27.0,31.3,28,0.0,1000.6,5.9,250
2025-05-14 02:00:00,25.0,30.8,28,0.0,1000.6,6.0,254
2025-05-14 03:00:00,26.0,29.2,32,0.0,1001.2,5.0,305
2025-05-14 04:00:00,27.0,29.2,30,0.0,1001.7,7.9,266
2025-05-14 05:00:00,36.0,28.7,30,0.0,1002.6,10.3,283
2025-05-14 06:00:00,48.0,28.3,39,0.0,1003.9,7.2,292
2025-05-14 07:00:00,73.0,30.1,35,0.0,1004.6,6.6,292
2025-05-14 08:00:00,59.0,32.5,30,0.0,1005.1,6.3,290
2025-05-14 09:00:00,44.0,35.4,25,0.0,1005.2,6.9,284
2025-05-14 10:00:00,46.0,37.6,21,0.0,1005.1,9.1,280
2025-05-14 11:00:00,59.0,39.1,18,0.0,1004.7,10.1,292
2025-05-14 12:00:00,48.0,40.4,15,0.0,1003.9,11.1,304
2025-05-14 13:00:00,45.0,41.0,13,0.0,1003.0,12.0,307
2025-05-14 14:00:00,36.0,41.2,13,0.0,1002.1,12.7,309
2025-05-14 15:00:00,24.0,41.1,12,0.0,1001.3,13.3,306
2025-05-14 16:00:00,19.0,40.9,12,0.0,1000.7,13.9,311
2025-05-14 17:00:00,31.0,40.0,12,0.0,1000.5,14.4,318
2025-05-14 18:00:00,33.0,39.5,13,0.0,1000.0,10.9,310
2025-05-14 19:00:00,37.0,38.9,14,0.0,1000.5,11.2,288
2025-05-14 20:00:00,44.0,36.4,19,0.0,1001.2,5.0,311
2025-05-14 21:00:00,61.0,34.5,24,0.0,1002.0,5.9,18
2025-05-14 22:00:00,288.0,33.0,37,0.0,1002.2,1.2,243
2025-05-14 23:00:00,420.0,32.4,39,0.0,1002.4,1.3,8
2025-05-15 00:00:00,478.0,32.2,38,0.0,1002.1,1.5,284
2025-05-15 01:00:00,463.0,31.7,37,0.0,1001.7,2.3,293
2025-05-15 02:00:00,483.0,30.9,40,0.0,1001.7,2.3,342
2025-05-15 03:00:00,459.0,30.6,43,0.0,1001.8,0.4,90
2025-05-15 04:00:00,416.0,29.8,43,0.0,1001.9,0.7,180
2025-05-15 05:00:00,399.0,29.1,44,0.0,1002.3,2.1,232
2025-05-15 06:00:00,396.0,30.2,35,0.0,1003.5,6.3,288
2025-05-15 07:00:00,460.0,31.8,33,0.0,1004.1,6.4,295
2025-05-15 08:00:00,372.0,34.1,29,0.0,1004.4,5.8,300
2025-05-15 09:00:00,217.0,36.7,23,0.0,1004.6,6.1,310
2025-05-15 10:00:00,121.0,38.7,19,0.0,1004.7,8.3,314
2025-05-15 11:00:00,66.0,40.0,17,0.0,1004.2,9.3,306
2025-05-15 12:00:00,49.0,41.0,15,0.0,1003.5,10.0,304
2025-05-15 13:00:00,58.0,41.6,13,0.0,1002.7,11.0,305
2025-05-15 14:00:00,71.0,41.9,13,0.0,1001.6,12.5,307
2025-05-15 15:00:00,70.0,41.7,13,0.0,1000.9,13.0,308
2025-05-15 16:00:00,50.0,41.4,13,0.0,1000.5,11.9,305
2025-05-15 17:00:00,35.0,40.8,13,0.0,1000.2,10.2,312
2025-05-15 18:00:00,47.0,40.1,14,0.0,999.9,7.2,276
2025-05-15 19:00:00,59.0,37.9,17,0.0,1000.2,5.0,270
2025-05-15 20:00:00,68.0,36.8,19,0.0,1000.7,5.8,274
2025-05-15 21:00:00,68.0,35.8,20,0.0,1001.1,5.5,257
2025-05-15 22:00:00,79.0,34.3,25,0.0,1001.7,4.7,286
2025-05-15 23:00:00,79.0,33.6,26,0.0,1001.8,4.8,323
2025-05-16 00:00:00,84.0,32.8,25,0.0,1001.2,5.0,255
2025-05-16 01:00:00,84.0,32.0,27,0.0,1000.6,5.2,248
2025-05-16 02:00:00,133.0,31.1,32,0.0,1000.4,4.1,299
2025-05-16 03:00:00,158.0,30.4,35,0.0,1000.8,2.7,298
2025-05-16 04:00:00,154.0,29.6,31,0.0,1001.3,5.0,249
2025-05-16 05:00:00,149.0,28.8,33,0.0,1001.9,4.5,275
2025-05-16 06:00:00,133.0,30.6,37,0.0,1002.4,3.4,174
2025-05-16 07:00:00,151.0,33.2,28,0.0,1002.4,4.3,185
2025-05-16 08:00:00,145.0,36.3,22,0.0,1002.9,5.1,225
2025-05-16 09:00:00,67.0,37.9,19,0.0,1003.2,7.3,277
2025-05-16 10:00:00,48.0,39.3,18,0.0,1003.2,11.0,298
2025-05-16 11:00:00,40.0,40.7,16,0.0,1002.7,13.0,307
2025-05-16 12:00:00,46.0,41.8,14,0.0,1002.0,16.2,304
2025-05-16 13:00:00,42.0,42.4,13,0.0,1001.5,14.8,310
2025-05-16 14:00:00,85.0,42.4,14,0.0,1000.5,15.3,323
2025-05-16 15:00:00,89.0,42.2,14,0.0,1000.2,16.2,351
2025-05-16 16:00:00,73.0,39.9,18,0.0,999.8,12.7,36
2025-05-16 17:00:00,21.0,38.6,20,0.0,999.9,12.9,40
2025-05-16 18:00:00,38.0,35.6,34,0.0,1000.6,14.4,48
2025-05-16 19:00:00,35.0,34.5,38,0.0,1001.0,7.8,64
2025-05-16 20:00:00,40.0,33.7,38,0.0,1001.1,5.7,103
2025-05-16 21:00:00,47.0,32.9,39,0.0,1001.2,5.8,160
2025-05-16 22:00:00,39.0,32.3,40,0.0,1001.4,6.9,171
2025-05-16 23:00:00,40.0,31.7,41,0.0,1001.1,5.0,161
2025-05-17 00:00:00,39.0,31.2,44,0.0,1001.2,4.5,185
2025-05-17 01:00:00,32.0,30.1,50,0.0,1000.7,3.7,145
2025-05-17 02:00:00,34.0,29.4,56,0.0,1000.5,3.1,159
2025-05-17 03:00:00,28.0,29.0,53,0.0,1000.8,3.6,174
2025-05-17 04:00:00,29.0,28.7,51,0.0,1000.7,4.3,163
2025-05-17 05:00:00,35.0,28.2,53,0.0,1000.9,3.6,143
2025-05-17 06:00:00,39.0,31.8,32,0.0,1002.0,6.2,339
2025-05-17 07:00:00,33.0,32.7,32,0.0,1002.3,1.7,162
2025-05-17 08:00:00,53.0,34.1,29,0.0,1003.5,8.5,2
2025-05-17 09:00:00,47.0,36.3,26,0.0,1002.7,2.8,281
2025-05-17 10:00:00,40.0,38.4,23,0.0,1002.9,4.8,331
2025-05-17 11:00:00,44.0,40.5,20,0.0,1002.4,8.8,305
2025-05-17 12:00:00,48.0,41.5,19,0.0,1001.6,13.4,297
2025-05-17 13:00:00,50.0,41.1,18,0.0,1001.3,15.8,294
2025-05-17 14:00:00,46.0,42.9,15,0.0,999.7,14.0,300
2025-05-17 15:00:00,33.0,42.0,15,0.0,999.1,19.3,309
2025-05-17 16:00:00,28.0,41.9,15,0.0,998.7,18.1,310
2025-05-17 17:00:00,28.0,41.7,15,0.0,998.4,17.3,298
2025-05-17 18:00:00,28.0,37.7,25,0.0,999.4,10.2,103
2025-05-17 19:00:00,35.0,36.3,26,0.0,999.7,11.1,153
2025-05-17 20:00:00,33.0,34.6,31,0.0,1000.6,3.2,124
2025-05-17 21:00:00,30.0,33.8,32,0.0,1001.2,5.3,135
2025-05-17 22:00:00,32.0,32.9,34,0.0,1001.3,6.3,153
2025-05-17 23:00:00,26.0,31.9,37,0.0,1001.1,6.1,157
2025-05-18 00:00:00,31.0,31.2,38,0.0,1000.9,7.2,168
2025-05-18 01:00:00,22.0,30.5,39,0.0,1000.2,7.6,176
2025-05-18 02:00:00,26.0,29.8,41,0.0,1000.2,7.4,198
2025-05-18 03:00:00,26.0,29.2,40,0.0,1000.4,5.4,220
2025-05-18 04:00:00,27.0,29.0,44,0.0,1001.0,3.9,304
2025-05-18 05:00:00,29.0,28.4,40,0.0,1002.2,5.5,27
2025-05-18 06:00:00,55.0,29.3,44,0.0,1002.8,4.6,77
2025-05-18 07:00:00,82.0,30.3,46,0.0,1003.5,4.4,81
2025-05-18 08:00:00,99.0,33.0,38,0.0,1003.8,2.7,98
2025-05-18 09:00:00,66.0,35.7,30,0.0,1003.7,2.0,333
2025-05-18 10:00:00,51.0,38.1,25,0.0,1003.3,6.6,313
2025-05-18 11:00:00,58.0,39.6,23,0.0,1002.8,10.1,317
2025-05-18 12:00:00,48.0,40.7,22,0.0,1002.0,11.0,322
2025-05-18 13:00:00,46.0,41.2,22,0.0,1001.0,10.8,324
2025-05-18 14:00:00,50.0,41.8,20,0.0,999.9,10.2,318
2025-05-18 15:00:00,70.0,41.8,18,0.0,999.1,10.9,326
2025-05-18 16:00:00,69.0,41.0,19,0.0,998.5,9.6,356
2025-05-18 17:00:00,72.0,38.3,35,0.0,998.3,11.0,56
2025-05-18 18:00:00,74.0,36.5,37,0.0,998.6,11.2,105
2025-05-18 19:00:00,73.0,35.0,42,0.0,999.3,9.8,104
2025-05-18 20:00:00,76.0,33.6,49,0.0,1000.2,9.2,79
2025-05-18 21:00:00,78.0,32.8,51,0.0,1000.9,8.0,100
2025-05-18 22:00:00,70.0,32.2,53,0.0,1001.4,8.0,124
2025-05-18 23:00:00,74.0,31.6,54,0.0,1001.5,8.2,119
2025-05-19 00:00:00,81.0,31.1,54,0.0,1001.4,9.3,137
2025-05-19 01:00:00,69.0,30.3,57,0.0,1001.0,9.1,131
2025-05-19 02:00:00,74.0,29.6,60,0.0,1001.0,8.3,131
2025-05-19 03:00:00,73.0,29.0,63,0.0,1001.3,7.8,124
2025-05-19 04:00:00,70.0,28.3,67,0.0,1001.8,7.6,112
2025-05-19 05:00:00,74.0,27.8,70,0.0,1002.6,7.9,111
2025-05-19 06:00:00,71.0,28.8,67,0.0,1003.1,9.2,106
2025-05-19 07:00:00,73.0,29.8,64,0.0,1003.7,9.8,110
2025-05-19 08:00:00,70.0,31.3,59,0.0,1004.0,9.9,112
2025-05-19 09:00:00,69.0,33.6,51,0.0,1004.1,8.2,113
2025-05-19 10:00:00,80.0,35.6,45,0.0,1004.0,5.4,105
2025-05-19 11:00:00,77.0,37.4,39,0.0,1003.7,5.0,55
2025-05-19 12:00:00,68.0,38.8,35,0.0,1002.6,5.7,37
2025-05-19 13:00:00,71.0,39.7,33,0.0,1001.3,3.4,43
2025-05-19 14:00:00,75.0,40.5,29,0.0,1000.2,7.0,357
2025-05-19 15:00:00,71.0,40.3,26,0.0,999.0,8.2,351
2025-05-19 16:00:00,76.0,40.2,27,0.0,998.2,8.9,9
2025-05-19 17:00:00,74.0,37.5,39,0.0,998.3,11.9,39
2025-05-19 18:00:00,69.0,36.3,42,0.0,998.7,10.6,69
2025-05-19 19:00:00,77.0,34.8,47,0.0,999.6,11.8,67
2025-05-19 20:00:00,76.0,33.9,50,0.0,1000.1,8.0,99
2025-05-19 21:00:00,87.0,33.2,53,0.0,1000.2,7.7,149
2025-05-19 22:00:00,79.0,32.5,55,0.0,1000.7,5.2,139
2025-05-19 23:00:00,71.0,31.7,57,0.0,1001.0,7.8,136
2025-05-20 00:00:00,79.0,31.3,59,0.0,1000.9,6.8,148
2025-05-20 01:00:00,75.0,30.7,61,0.0,1000.8,4.8,112
2025-05-20 02:00:00,80.0,30.0,63,0.0,1000.5,6.9,131
2025-05-20 03:00:00,74.0,29.2,67,0.0,1000.5,6.8,108
2025-05-20 04:00:00,64.0,28.3,71,0.0,1001.1,8.6,106
2025-05-20 05:00:00,62.0,27.7,73,0.0,1001.3,8.5,118
2025-05-20 06:00:00,59.0,29.2,68,0.0,1001.7,9.7,125
2025-05-20 07:00:00,51.0,30.2,63,0.0,1002.0,9.0,127
2025-05-20 08:00:00,51.0,31.9,57,0.0,1002.1,7.8,122
2025-05-20 09:00:00,59.0,34.0,50,0.0,1001.9,8.0,118
2025-05-20 10:00:00,62.0,36.0,43,0.0,1001.4,5.8,124
2025-05-20 11:00:00,69.0,38.1,37,0.0,1000.7,2.7,122
2025-05-20 12:00:00,73.0,40.2,30,0.0,999.6,0.4,63
2025-05-20 13:00:00,67.0,42.0,22,0.0,998.5,6.0,316
2025-05-20 14:00:00,67.0,42.4,21,0.0,997.2,10.5,319
2025-05-20 15:00:00,66.0,41.9,21,0.0,996.9,12.7,337
2025-05-20 16:00:00,69.0,37.5,31,0.0,998.3,16.2,19
2025-05-20 17:00:00,82.0,38.9,24,0.0,997.0,12.1,359
2025-05-20 18:00:00,81.0,37.0,44,0.0,996.6,11.7,86
2025-05-20 19:00:00,87.0,35.1,50,0.0,997.0,9.2,93
2025-05-20 20:00:00,91.0,34.1,53,0.0,997.8,6.9,110
2025-05-20 21:00:00,84.0,33.6,55,0.0,998.6,6.5,104
2025-05-20 22:00:00,82.0,32.9,57,0.0,999.2,7.1,153
2025-05-20 23:00:00,66.0,32.4,57,0.0,999.0,8.6,158
2025-05-21 00:00:00,65.0,32.3,55,0.0,998.8,10.0,160
2025-05-21 01:00:00,65.0,32.1,55,0.0,998.7,9.4,172
2025-05-21 02:00:00,66.0,31.3,57,0.0,998.8,6.1,130
2025-05-21 03:00:00,69.0,30.5,60,0.0,999.2,6.5,134
2025-05-21 04:00:00,69.0,29.7,63,0.0,999.8,6.8,127
2025-05-21 05:00:00,86.0,28.9,67,0.0,1000.6,6.8,112
2025-05-21 06:00:00,74.0,31.2,64,0.0,1001.4,9.0,84
2025-05-21 07:00:00,64.0,30.3,63,0.0,1002.5,10.3,109
2025-05-21 08:00:00,63.0,31.7,53,0.0,1002.6,10.7,119
2025-05-21 09:00:00,63.0,34.2,45,0.0,1002.5,9.3,137
2025-05-21 10:00:00,66.0,36.5,38,0.0,1002.4,6.6,125
2025-05-21 11:00:00,66.0,38.3,34,0.0,1001.8,6.0,119
2025-05-21 12:00:00,67.0,40.0,30,0.0,1001.0,5.8,124
2025-05-21 13:00:00,71.0,41.1,26,0.0,999.9,6.4,128
2025-05-21 14:00:00,67.0,41.9,24,0.0,998.7,5.7,114
2025-05-21 15:00:00,62.0,41.6,22,0.0,998.0,10.4,72
2025-05-21 16:00:00,66.0,39.3,28,0.0,999.3,19.7,347
2025-05-21 17:00:00,65.0,37.0,34,0.0,999.1,12.3,23
2025-05-21 18:00:00,65.0,35.1,48,0.0,997.9,11.9,80
2025-05-21 19:00:00,58.0,34.0,50,0.0,999.4,14.3,67
2025-05-21 20:00:00,40.0,32.9,55,0.0,999.8,12.3,86
2025-05-21 21:00:00,15.0,32.5,57,0.0,1000.4,10.5,114
2025-05-21 22:00:00,20.0,31.9,59,0.0,1000.3,11.1,133
2025-05-21 23:00:00,16.0,31.3,61,0.0,1000.4,11.2,150
2025-05-22 00:00:00,18.0,30.8,62,0.0,1000.3,9.9,135
2025-05-22 01:00:00,23.0,30.3,63,0.0,1000.1,9.1,131
2025-05-22 02:00:00,17.0,29.9,65,0.0,1000.3,9.3,130
2025-05-22 03:00:00,23.0,29.4,66,0.0,1000.6,8.8,113
2025-05-22 04:00:00,32.0,28.6,69,0.0,1001.2,9.1,97
2025-05-22 05:00:00,29.0,28.0,72,0.0,1001.8,10.8,89
2025-05-22 06:00:00,22.0,24.5,81,0.0,1003.2,7.5,117
2025-05-22 07:00:00,28.0,25.9,74,0.0,1003.6,9.3,114
2025-05-22 08:00:00,27.0,27.8,67,0.0,1004.5,11.5,104
2025-05-22 09:00:00,27.0,29.8,61,0.0,1004.7,13.6,121
2025-05-22 10:00:00,22.0,31.9,55,0.0,1004.1,14.0,120
2025-05-22 11:00:00,17.0,33.5,49,0.0,1003.4,14.0,119
2025-05-22 12:00:00,28.0,34.7,45,0.0,1002.3,12.9,122
2025-05-22 13:00:00,27.0,35.9,41,0.0,1001.3,10.8,127
2025-05-22 14:00:00,20.0,36.6,38,0.0,1000.1,8.9,130
2025-05-22 15:00:00,17.0,36.9,37,0.0,999.3,8.6,129
2025-05-22 16:00:00,19.0,36.6,37,0.0,998.9,9.1,131
2025-05-22 17:00:00,15.0,36.0,39,0.0,998.5,10.3,126
2025-05-22 18:00:00,21.0,32.7,49,0.0,999.5,10.9,106
2025-05-22 19:00:00,30.0,31.6,53,0.0,999.7,10.5,96
2025-05-22 20:00:00,34.0,30.6,57,0.0,1000.2,10.6,104
2025-05-22 21:00:00,41.0,30.0,58,0.0,1000.9,10.9,110
2025-05-22 22:00:00,38.0,29.4,60,0.0,1001.4,10.2,114
2025-05-22 23:00:00,38.0,28.8,62,0.0,1001.5,9.1,117
2025-05-23 00:00:00,42.0,28.2,64,0.0,1001.2,9.9,115
2025-05-23 01:00:00,44.0,27.9,65,0.0,1001.0,10.6,111
2025-05-23 02:00:00,43.0,27.4,67,0.0,1000.8,10.3,109
2025-05-23 03:00:00,40.0,27.0,69,0.0,1000.9,10.1,109
2025-05-23 04:00:00,38.0,26.6,72,0.0,1001.3,10.0,110
2025-05-23 05:00:00,41.0,26.3,75,0.0,1001.3,10.5,106
2025-05-23 06:00:00,52.0,27.2,73,0.0,1002.0,9.1,105
2025-05-23 07:00:00,55.0,28.3,71,0.0,1002.3,10.2,107
2025-05-23 08:00:00,46.0,30.0,65,0.0,1002.2,11.7,107
2025-05-23 09:00:00,48.0,32.0,55,0.0,1002.0,13.3,106
2025-05-23 10:00:00,34.0,33.8,48,0.0,1001.4,12.9,110
2025-05-23 11:00:00,39.0,35.3,43,0.0,1000.6,12.5,115
2025-05-23 12:00:00,28.0,36.5,39,0.0,999.6,11.7,121
2025-05-23 13:00:00,30.0,37.3,37,0.0,998.4,10.4,124
2025-05-23 14:00:00,36.0,37.7,36,0.0,997.2,9.9,122
2025-05-23 15:00:00,31.0,37.8,36,0.0,996.5,10.6,113
2025-05-23 16:00:00,29.0,37.2,37,0.0,996.3,11.9,101
2025-05-23 17:00:00,32.0,36.2,39,0.0,996.4,12.1,105
2025-05-23 18:00:00,35.0,35.3,40,0.0,996.7,11.7,108
2025-05-23 19:00:00,43.0,34.2,43,0.0,997.2,12.1,97
2025-05-23 20:00:00,52.0,33.3,47,0.0,997.9,11.0,91
2025-05-23 21:00:00,48.0,32.5,49,0.0,998.8,10.0,97
2025-05-23 22:00:00,47.0,31.6,51,0.0,999.4,10.5,96
2025-05-23 23:00:00,61.0,31.0,55,0.0,999.6,9.1,100
2025-05-24 00:00:00,46.0,30.4,58,0.0,999.8,9.3,103
2025-05-24 01:00:00,45.0,29.9,59,0.0,999.5,10.7,107
2025-05-24 02:00:00,53.0,29.5,61,0.0,999.5,10.6,105
2025-05-24 03:00:00,61.0,29.1,63,0.0,999.8,10.3,102
2025-05-24 04:00:00,56.0,28.7,64,0.0,1000.3,10.4,99
2025-05-24 05:00:00,52.0,28.3,65,0.0,1000.9,11.1,102
2025-05-24 06:00:00,60.0,30.6,60,0.0,1001.1,12.1,107
2025-05-24 07:00:00,60.0,31.4,59,0.0,1001.2,12.0,116
2025-05-24 08:00:00,55.0,32.7,55,0.0,1001.3,14.6,111
2025-05-24 09:00:00,48.0,34.0,50,0.0,1001.4,15.8,109
2025-05-24 10:00:00,46.0,35.0,48,0.0,1001.2,15.0,109
2025-05-24 11:00:00,44.0,36.0,44,0.0,1001.0,13.6,105
2025-05-24 12:00:00,53.0,36.6,42,0.0,1000.4,13.0,107
2025-05-24 13:00:00,55.0,37.3,40,0.0,999.1,12.8,110
2025-05-24 14:00:00,53.0,37.7,39,0.0,998.3,11.4,105
2025-05-24 15:00:00,50.0,36.6,39,0.1,998.2,12.7,105
2025-05-24 16:00:00,50.0,36.1,41,0.0,998.1,9.6,113
2025-05-24 17:00:00,48.0,35.9,41,0.0,998.3,10.8,100
2025-05-24 18:00:00,47.0,36.3,37,0.0,996.9,14.8,113
2025-05-24 19:00:00,56.0,35.1,40,0.0,998.3,12.5,102
2025-05-24 20:00:00,52.0,34.0,43,0.0,999.4,13.5,109
2025-05-24 21:00:00,64.0,33.5,44,0.0,1000.5,14.1,115
2025-05-24 22:00:00,63.0,32.4,48,0.0,1001.7,13.0,112
2025-05-24 23:00:00,57.0,31.5,51,0.0,1002.3,13.9,107
2025-05-25 00:00:00,54.0,30.9,53,0.0,1002.1,14.6,111
2025-05-25 01:00:00,21.0,30.5,54,0.0,1001.9,12.5,102
2025-05-25 02:00:00,0.0,29.9,57,0.0,1002.1,10.8,89
2025-05-25 03:00:00,2.0,29.2,60,0.0,1001.9,12.5,95
2025-05-25 04:00:00,3.0,28.6,64,0.0,1002.8,10.6,81
2025-05-25 05:00:00,8.0,27.3,68,0.0,1003.5,11.0,65
2025-05-25 06:00:00,9.0,22.7,93,0.0,1003.2,8.6,106
2025-05-25 07:00:00,9.0,23.6,89,0.0,1004.5,5.6,97
2025-05-25 08:00:00,20.0,25.1,82,0.0,1005.1,8.6,79
2025-05-25 09:00:00,23.0,26.6,71,0.0,1005.8,11.7,115
2025-05-25 10:00:00,26.0,27.3,61,0.0,1005.8,9.6,127
2025-05-25 11:00:00,29.0,28.7,59,0.0,1005.0,8.2,123
2025-05-25 12:00:00,20.0,28.9,60,0.0,1004.2,4.3,138
2025-05-25 13:00:00,22.0,30.7,58,0.0,1003.1,2.7,143
2025-05-25 14:00:00,19.0,31.0,58,0.0,1002.1,2.8,125
2025-05-25 15:00:00,22.0,31.4,56,0.0,1001.4,3.8,5
2025-05-25 16:00:00,22.0,31.7,54,0.0,1000.7,4.0,352
2025-05-25 17:00:00,18.0,31.3,55,0.0,1000.4,5.7,9
2025-05-25 18:00:00,27.0,30.0,69,0.0,1001.6,6.2,105
2025-05-25 19:00:00,30.0,28.8,75,0.0,1001.8,6.7,87
2025-05-25 20:00:00,36.0,27.5,77,0.3,1002.8,10.8,11
2025-05-25 21:00:00,54.0,26.1,85,0.1,1003.8,6.1,45
2025-05-25 22:00:00,53.0,26.3,87,0.0,1004.4,6.3,59
2025-05-25 23:00:00,52.0,26.2,85,0.1,1004.4,5.2,61
2025-05-26 00:00:00,87.0,26.1,83,0.0,1004.1,5.6,63
2025-05-26 01:00:00,122.0,25.6,83,0.6,1003.9,4.9,92
2025-05-26 02:00:00,64.0,25.1,85,0.3,1003.8,12.5,70
2025-05-26 03:00:00,50.0,24.3,85,0.1,1004.0,10.4,113
2025-05-26 04:00:00,49.0,24.0,86,0.2,1004.3,10.4,107
2025-05-26 05:00:00,44.0,23.9,87,0.5,1004.0,9.2,149
2025-05-26 06:00:00,48.0,26.9,79,2.8,1004.0,10.9,114
2025-05-26 07:00:00,65.0,27.5,78,0.3,1004.5,10.7,78
2025-05-26 08:00:00,50.0,28.4,73,0.0,1004.6,8.7,95
2025-05-26 09:00:00,46.0,29.7,69,0.0,1004.5,6.9,115
2025-05-26 10:00:00,31.0,31.2,64,0.0,1004.0,6.9,141
2025-05-26 11:00:00,25.0,32.4,57,0.0,1003.2,6.7,161
2025-05-26 12:00:00,26.0,33.7,52,0.0,1002.1,6.0,163
2025-05-26 13:00:00,27.0,34.8,46,0.0,1000.7,3.7,166
2025-05-26 14:00:00,30.0,35.3,43,0.0,999.5,1.1,198
2025-05-26 15:00:00,31.0,35.6,42,0.0,998.4,0.5,315
2025-05-26 16:00:00,29.0,35.5,42,0.0,997.8,2.2,355
2025-05-26 17:00:00,35.0,34.5,48,0.0,997.5,4.5,34
2025-05-26 18:00:00,31.0,32.0,59,0.0,998.5,5.0,46
2025-05-26 19:00:00,37.0,30.3,63,0.0,998.7,6.3,59
2025-05-26 20:00:00,40.0,29.5,67,0.0,999.1,5.6,63
2025-05-26 21:00:00,53.0,28.8,73,0.0,999.9,4.9,54
2025-05-26 22:00:00,51.0,28.3,78,0.0,1000.4,4.2,72
2025-05-26 23:00:00,50.0,27.9,79,0.0,1000.6,4.3,85
2025-05-27 00:00:00,48.0,27.6,79,0.0,1000.7,4.8,68
2025-05-27 01:00:00,48.0,27.3,80,0.0,1000.7,5.0,71
2025-05-27 02:00:00,44.0,26.9,80,0.0,1000.5,6.1,78
2025-05-27 03:00:00,40.0,26.6,80,0.0,1000.7,6.2,80
2025-05-27 04:00:00,37.0,26.3,80,0.0,1000.9,6.3,97
2025-05-27 05:00:00,35.0,26.2,79,0.0,1001.0,7.7,106
2025-05-27 06:00:00,43.0,27.5,81,0.0,1001.3,6.1,90
2025-05-27 07:00:00,57.0,28.7,78,0.0,1001.4,4.5,95
2025-05-27 08:00:00,47.0,30.2,72,0.0,1001.5,5.8,95
2025-05-27 09:00:00,42.0,31.5,64,0.0,1001.3,8.3,103
2025-05-27 10:00:00,31.0,32.7,57,0.0,1000.9,7.0,102
2025-05-27 11:00:00,29.0,33.6,53,0.0,1000.4,4.9,96
2025-05-27 12:00:00,37.0,34.3,50,0.0,999.7,3.4,93
2025-05-27 13:00:00,35.0,35.1,46,0.0,998.7,2.1,75
2025-05-27 14:00:00,41.0,35.4,45,0.0,997.5,2.4,48
2025-05-27 15:00:00,36.0,35.5,46,0.0,996.6,3.9,53
2025-05-27 16:00:00,37.0,35.2,47,0.0,996.2,4.5,34
2025-05-27 17:00:00,44.0,34.5,50,0.0,995.7,5.5,36
2025-05-27 18:00:00,49.0,34.2,51,0.0,995.4,4.8,63
2025-05-27 19:00:00,46.0,31.8,63,0.0,995.8,5.4,82
2025-05-27 20:00:00,55.0,30.8,67,0.0,996.7,5.1,100
2025-05-27 21:00:00,59.0,30.1,70,0.0,998.1,4.5,95
2025-05-27 22:00:00,58.0,29.5,71,0.0,999.1,5.2,86
2025-05-27 23:00:00,57.0,29.0,73,0.0,999.3,5.3,100
2025-05-28 00:00:00,57.0,28.6,75,0.0,999.3,5.2,131
2025-05-28 01:00:00,57.0,28.0,78,0.0,998.9,5.1,141
2025-05-28 02:00:00,65.0,27.7,78,0.0,998.9,5.5,136
2025-05-28 03:00:00,68.0,27.4,79,0.0,998.6,5.6,138
2025-05-28 04:00:00,54.0,27.2,80,0.0,998.7,6.9,118
2025-05-28 05:00:00,62.0,26.9,81,0.0,998.8,6.6,103
2025-05-28 06:00:00,57.0,29.1,77,0.0,998.9,4.0,120
2025-05-28 07:00:00,50.0,30.1,74,0.0,999.6,3.3,45
2025-05-28 08:00:00,39.0,31.3,68,0.0,1000.3,5.9,52
2025-05-28 09:00:00,38.0,32.8,61,0.0,1000.3,3.6,72
2025-05-28 10:00:00,26.0,34.2,54,0.0,999.8,2.7,143
2025-05-28 11:00:00,28.0,35.3,49,0.0,999.0,1.3,146
2025-05-28 12:00:00,31.0,36.2,45,0.0,998.3,1.0,22
2025-05-28 13:00:00,38.0,37.1,42,0.0,997.3,3.1,45
2025-05-28 14:00:00,43.0,37.6,41,0.0,996.3,5.6,57
2025-05-28 15:00:00,49.0,38.0,40,0.0,995.3,6.7,44
2025-05-28 16:00:00,47.0,37.3,41,0.0,995.0,10.4,23
2025-05-28 17:00:00,51.0,36.1,45,0.0,994.9,7.7,21
2025-05-28 18:00:00,57.0,34.6,48,0.0,995.0,8.1,55
2025-05-28 19:00:00,69.0,32.3,58,0.0,995.2,10.2,60
2025-05-28 20:00:00,76.0,30.5,70,0.0,995.5,3.3,99
2025-05-28 21:00:00,75.0,29.7,73,0.0,996.3,5.0,154
2025-05-28 22:00:00,80.0,29.3,76,0.0,996.9,5.9,130
2025-05-28 23:00:00,57.0,28.7,79,0.0,997.1,6.1,137
2025-05-29 00:00:00,47.0,28.0,81,0.0,996.9,6.8,119
2025-05-29 01:00:00,54.0,27.6,84,0.0,996.6,5.0,131
2025-05-29 02:00:00,55.0,27.3,85,0.0,996.3,4.8,124
2025-05-29 03:00:00,62.0,27.1,87,0.0,996.3,4.0,126
2025-05-29 04:00:00,64.0,27.0,88,0.0,996.6,4.2,115
2025-05-29 05:00:00,70.0,26.7,89,0.0,997.1,4.4,99
2025-05-29 06:00:00,67.0,29.5,78,0.0,997.6,1.0,112
2025-05-29 07:00:00,53.0,30.7,73,0.0,997.6,4.3,135
2025-05-29 08:00:00,48.0,32.4,63,0.0,998.1,5.3,198
2025-05-29 09:00:00,38.0,34.7,51,0.0,998.0,6.4,190
2025-05-29 10:00:00,35.0,35.7,45,0.0,997.6,6.4,196
2025-05-29 11:00:00,46.0,37.8,38,0.0,996.9,3.6,198
2025-05-29 12:00:00,48.0,38.7,34,0.0,995.9,3.8,180
2025-05-29 13:00:00,51.0,39.4,32,0.0,994.8,4.7,176
2025-05-29 14:00:00,58.0,39.9,30,0.0,993.8,4.7,173
2025-05-29 15:00:00,55.0,39.0,30,0.0,993.0,2.2,189
2025-05-29 16:00:00,51.0,39.4,28,0.0,992.6,1.1,18
2025-05-29 17:00:00,61.0,38.1,32,0.0,992.4,3.3,13
2025-05-29 18:00:00,40.0,36.2,49,0.0,992.5,2.4,207
2025-05-29 19:00:00,51.0,34.8,46,0.0,992.7,3.7,203
2025-05-29 20:00:00,46.0,34.2,46,0.0,993.4,5.0,182
2025-05-29 21:00:00,43.0,33.2,50,0.0,994.2,5.1,170
2025-05-29 22:00:00,41.0,32.1,52,0.0,994.9,4.7,178
2025-05-29 23:00:00,42.0,31.3,52,0.0,994.8,5.1,190
2025-05-30 00:00:00,42.0,30.6,53,0.0,994.4,5.6,207
2025-05-30 01:00:00,41.0,29.7,56,0.0,993.9,5.0,193
2025-05-30 02:00:00,52.0,29.2,57,0.0,993.7,5.0,232
2025-05-30 03:00:00,67.0,29.1,59,0.0,993.8,0.4,90
2025-05-30 04:00:00,74.0,27.7,63,0.0,994.1,4.9,98
2025-05-30 05:00:00,69.0,26.8,71,0.0,994.4,3.1,126
2025-05-30 06:00:00,73.0,27.9,67,0.0,995.5,3.3,84
2025-05-30 07:00:00,63.0,29.2,63,0.0,996.1,1.8,37
2025-05-30 08:00:00,57.0,31.9,55,0.0,996.7,3.2,313
2025-05-30 09:00:00,84.0,34.4,40,0.0,996.8,7.0,339
2025-05-30 10:00:00,66.0,34.7,36,0.0,997.1,12.7,353
2025-05-30 11:00:00,67.0,33.9,37,0.0,996.7,9.2,359
2025-05-30 12:00:00,57.0,33.9,42,0.0,996.1,7.6,22
2025-05-30 13:00:00,43.0,34.4,44,0.0,995.3,6.9,70
2025-05-30 14:00:00,39.0,33.8,46,0.0,994.7,5.8,97
2025-05-30 15:00:00,44.0,34.5,42,0.0,993.9,2.9,97
2025-05-30 16:00:00,48.0,35.4,38,0.0,993.2,1.4,180
2025-05-30 17:00:00,48.0,35.4,36,0.0,992.9,2.7,203
2025-05-30 18:00:00,51.0,33.2,48,0.0,993.8,4.6,191
2025-05-30 19:00:00,60.0,31.5,58,0.0,994.1,3.9,193
2025-05-30 20:00:00,56.0,31.0,56,0.0,994.7,4.5,223
2025-05-30 21:00:00,69.0,30.2,53,0.0,995.4,5.5,224
2025-05-30 22:00:00,65.0,29.9,56,0.0,996.1,5.0,224
2025-05-30 23:00:00,68.0,29.5,59,0.0,996.5,2.4,222
2025-05-31 00:00:00,64.0,28.4,62,0.0,996.2,1.4,157
2025-05-31 01:00:00,72.0,27.2,67,0.0,995.8,1.9,158
2025-05-31 02:00:00,75.0,26.7,70,0.0,995.7,2.5,159
2025-05-31 03:00:00,64.0,26.2,71,0.0,995.7,3.6,153
2025-05-31 04:00:00,69.0,26.0,68,0.0,996.0,4.2,185
2025-05-31 05:00:00,65.0,26.1,67,0.0,996.7,5.2,207
2025-05-31 06:00:00,77.0,28.7,64,0.0,997.7,4.0,219
2025-05-31 07:00:00,102.0,30.4,60,0.0,998.0,0.9,79
2025-05-31 08:00:00,101.0,32.6,52,0.0,998.5,1.7,162
2025-05-31 09:00:00,74.0,34.8,42,0.0,998.5,3.2,207
2025-05-31 10:00:00,54.0,36.7,34,0.0,998.1,1.2,219
2025-05-31 11:00:00,66.0,38.2,29,0.0,997.5,0.5,135
2025-05-31 12:00:00,64.0,39.4,25,0.0,996.9,2.6,115
2025-05-31 13:00:00,56.0,40.1,23,0.0,996.0,4.5,106
2025-05-31 14:00:00,58.0,40.0,22,0.0,995.7,4.0,188
2025-05-31 15:00:00,61.0,37.7,28,0.0,995.8,11.9,4
2025-05-31 16:00:00,53.0,37.6,31,0.0,995.6,4.3,22
2025-05-31 17:00:00,38.0,37.0,23,0.0,995.5,9.4,234
2025-05-31 18:00:00,41.0,29.9,55,1.8,997.3,11.4,244
2025-05-31 19:00:00,44.0,30.5,55,0.0,997.5,1.5,30
2025-05-31 20:00:00,61.0,29.4,61,0.0,997.6,6.5,71
2025-05-31 21:00:00,61.0,29.1,56,0.0,998.1,6.5,76
2025-05-31 22:00:00,60.0,28.8,62,0.0,998.3,4.3,88
2025-05-31 23:00:00,42.0,28.6,61,0.0,998.2,4.4,168
2025-06-01 00:00:00,45.0,27.8,62,0.0,998.4,7.6,62
2025-06-01 01:00:00,60.0,27.0,67,0.0,998.1,5.1,190
2025-06-01 02:00:00,50.0,27.0,64,0.0,997.5,6.7,180
2025-06-01 03:00:00,49.0,27.6,56,0.0,997.0,9.9,171
2025-06-01 04:00:00,39.0,27.8,51,0.0,997.3,9.8,204
2025-06-01 05:00:00,49.0,27.2,54,0.0,997.8,11.5,197
2025-06-01 06:00:00,41.0,29.7,51,0.0,998.6,7.5,210
2025-06-01 07:00:00,41.0,31.4,47,0.0,998.8,7.1,227
2025-06-01 08:00:00,46.0,33.8,42,0.0,999.2,8.9,256
2025-06-01 09:00:00,55.0,35.2,40,0.0,999.3,13.7,275
2025-06-01 10:00:00,51.0,34.9,37,0.0,999.3,13.7,305
2025-06-01 11:00:00,53.0,34.8,37,0.0,999.3,7.5,318
2025-06-01 12:00:00,54.0,35.4,36,0.0,998.9,2.2,5
2025-06-01 13:00:00,54.0,37.3,31,0.0,998.1,4.0,302
2025-06-01 14:00:00,65.0,35.6,30,0.0,998.0,7.5,278
2025-06-01 15:00:00,69.0,36.9,27,0.0,997.1,7.9,267
2025-06-01 16:00:00,62.0,35.8,31,0.0,996.8,7.7,246
2025-06-01 17:00:00,26.0,35.9,30,0.0,996.4,4.5,256
2025-06-01 18:00:00,22.0,27.5,64,2.2,998.6,13.4,219
2025-06-01 19:00:00,32.0,27.1,71,0.9,998.3,12.1,203
2025-06-01 20:00:00,34.0,27.6,69,0.0,997.7,14.7,174
2025-06-01 21:00:00,36.0,27.8,59,0.0,998.2,9.2,186
2025-06-01 22:00:00,37.0,28.0,58,0.0,998.0,7.2,174
2025-06-01 23:00:00,36.0,27.5,64,0.0,997.6,4.6,219
2025-06-02 00:00:00,16.0,27.5,61,0.0,997.1,5.7,233
2025-06-02 01:00:00,31.0,27.5,58,0.0,996.6,7.2,233
2025-06-02 02:00:00,32.0,26.8,58,0.0,996.5,6.9,221
2025-06-02 03:00:00,29.0,26.2,59,0.0,996.6,7.9,237
2025-06-02 04:00:00,25.0,25.4,62,0.0,997.8,9.3,32
2025-06-02 05:00:00,26.0,24.7,72,0.0,998.1,3.1,159
2025-06-02 06:00:00,30.0,28.1,60,0.0,999.2,4.6,13
2025-06-02 07:00:00,37.0,29.1,56,0.0,999.9,5.6,33
2025-06-02 08:00:00,43.0,30.6,51,0.0,999.8,3.9,74
2025-06-02 09:00:00,64.0,32.2,48,0.0,999.7,3.5,111
2025-06-02 10:00:00,57.0,33.9,43,0.0,999.6,1.6,153
2025-06-02 11:00:00,52.0,35.6,37,0.0,999.0,2.3,209
2025-06-02 12:00:00,54.0,36.8,31,0.0,998.0,4.4,261
2025-06-02 13:00:00,54.0,37.6,26,0.0,997.0,8.9,276
2025-06-02 14:00:00,55.0,37.8,22,0.0,996.8,12.7,291
2025-06-02 15:00:00,50.0,36.3,26,0.1,996.8,11.5,293
2025-06-02 16:00:00,52.0,35.6,32,0.2,996.7,4.3,24
2025-06-02 17:00:00,38.0,34.0,35,0.0,996.7,9.0,70
2025-06-02 18:00:00,46.0,33.3,37,0.0,997.5,6.3,275
2025-06-02 19:00:00,33.0,32.4,41,0.0,998.2,7.8,247
2025-06-02 20:00:00,30.0,31.7,43,0.0,998.9,6.0,277
2025-06-02 21:00:00,40.0,30.6,43,0.0,1000.0,7.1,243
2025-06-02 22:00:00,33.0,29.7,48,0.0,1000.1,2.8,255
2025-06-02 23:00:00,48.0,29.3,49,0.0,999.8,2.7,203
2025-06-03 00:00:00,42.0,28.6,52,0.0,999.8,2.9,248
2025-06-03 01:00:00,38.0,28.0,60,0.0,999.0,1.8,259
2025-06-03 02:00:00,39.0,27.5,60,0.0,998.3,2.2,194
2025-06-03 03:00:00,31.0,27.0,52,0.0,998.2,5.4,214
2025-06-03 04:00:00,37.0,26.6,51,0.0,998.8,6.0,185
2025-06-03 05:00:00,46.0,25.6,60,0.0,999.8,4.2,187
2025-06-03 06:00:00,29.0,25.9,64,0.0,1001.3,5.4,30
2025-06-03 07:00:00,22.0,27.1,59,0.0,1001.5,4.1,2
2025-06-03 08:00:00,27.0,29.1,51,0.0,1001.4,4.6,59
2025-06-03 09:00:00,42.0,31.2,42,0.0,1001.5,2.0,85
2025-06-03 10:00:00,47.0,32.6,38,0.0,1001.3,3.2,142
2025-06-03 11:00:00,49.0,34.5,32,0.0,1001.0,3.9,214
2025-06-03 12:00:00,37.0,34.8,29,0.0,1000.5,7.9,258
2025-06-03 13:00:00,32.0,34.2,31,0.0,1000.1,10.8,281
2025-06-03 14:00:00,36.0,34.7,32,0.0,999.5,10.6,288
2025-06-03 15:00:00,22.0,33.6,35,0.0,999.2,8.5,299
2025-06-03 16:00:00,40.0,33.5,35,0.0,999.1,7.3,344
2025-06-03 17:00:00,27.0,33.5,34,0.0,998.9,7.0,29
2025-06-03 18:00:00,38.0,30.8,44,0.0,1000.0,6.1,337
2025-06-03 19:00:00,39.0,29.6,53,0.0,1000.7,4.5,358
2025-06-03 20:00:00,40.0,29.1,62,0.0,1001.5,2.7,23
2025-06-03 21:00:00,50.0,28.3,66,0.0,1002.3,2.9,43
2025-06-03 22:00:00,54.0,27.7,65,0.0,1003.0,4.4,128
2025-06-03 23:00:00,53.0,26.2,68,0.0,1003.3,7.3,138
2025-06-04 00:00:00,45.0,25.4,71,0.0,1002.8,6.8,138
2025-06-04 01:00:00,47.0,25.1,74,0.0,1001.9,6.8,143
2025-06-04 02:00:00,48.0,24.9,75,0.0,1001.5,4.9,141
2025-06-04 03:00:00,50.0,24.4,81,0.0,1001.8,2.5,150
2025-06-04 04:00:00,55.0,24.5,78,0.0,1001.8,3.3,221
2025-06-04 05:00:00,62.0,24.7,75,0.0,1002.9,4.7,313
2025-06-04 06:00:00,63.0,25.2,77,0.0,1003.6,5.8,54
2025-06-04 07:00:00,56.0,25.5,76,0.0,1004.3,5.7,66
2025-06-04 08:00:00,66.0,26.7,70,0.0,1004.6,5.9,76
2025-06-04 09:00:00,71.0,27.1,68,0.0,1005.1,5.1,100
2025-06-04 10:00:00,65.0,30.2,57,0.0,1004.8,4.6,101
2025-06-04 11:00:00,72.0,32.2,49,0.0,1004.0,5.5,101
2025-06-04 12:00:00,57.0,33.4,45,0.0,1003.4,3.8,93
2025-06-04 13:00:00,51.0,35.1,37,0.0,1002.4,5.2,49
2025-06-04 14:00:00,39.0,28.0,60,2.6,1004.0,8.1,78
2025-06-04 15:00:00,35.0,29.9,56,0.0,1002.7,3.3,126
2025-06-04 16:00:00,28.0,31.5,49,0.0,1002.8,3.6,225
2025-06-04 17:00:00,22.0,31.4,48,0.0,1002.0,3.4,198
2025-06-04 18:00:00,21.0,32.0,35,0.0,1002.9,6.6,319
2025-06-04 19:00:00,38.0,30.1,43,0.0,1003.5,6.7,3
2025-06-04 20:00:00,36.0,28.7,51,0.0,1004.6,8.3,24
2025-06-04 21:00:00,41.0,27.1,63,0.0,1005.6,3.8,19
2025-06-04 22:00:00,46.0,26.5,69,0.0,1005.9,2.6,51
2025-06-04 23:00:00,49.0,26.1,73,0.0,1005.7,2.5,98
2025-06-05 00:00:00,53.0,25.9,69,0.0,1005.1,3.7,113
2025-06-05 01:00:00,47.0,25.4,72,0.0,1005.1,3.1,69
2025-06-05 02:00:00,47.0,24.9,74,0.0,1004.3,4.5,127
2025-06-05 03:00:00,38.0,24.7,74,0.0,1004.8,5.2,158
2025-06-05 04:00:00,42.0,24.0,78,0.0,1005.3,4.1,139
2025-06-05 05:00:00,63.0,23.9,78,0.0,1006.5,4.4,238
2025-06-05 06:00:00,57.0,25.5,79,0.0,1007.3,0.8,153
2025-06-05 07:00:00,73.0,27.3,68,0.0,1007.9,2.3,212
2025-06-05 08:00:00,47.0,29.3,54,0.0,1008.5,3.8,265
2025-06-05 09:00:00,24.0,31.0,45,0.0,1008.6,2.9,317
2025-06-05 10:00:00,23.0,32.4,41,0.0,1008.2,2.3,39
2025-06-05 11:00:00,43.0,33.6,37,0.0,1007.6,3.7,79
2025-06-05 12:00:00,53.0,34.6,35,0.0,1006.8,4.6,81
2025-06-05 13:00:00,53.0,35.5,32,0.0,1005.9,4.4,83
2025-06-05 14:00:00,48.0,36.2,29,0.0,1004.9,4.0,72
2025-06-05 15:00:00,36.0,36.5,28,0.0,1004.2,5.8,51
2025-06-05 16:00:00,35.0,35.7,30,0.0,1004.0,7.3,50
2025-06-05 17:00:00,36.0,34.0,37,0.2,1004.2,9.9,37
2025-06-05 18:00:00,34.0,33.8,45,0.0,1004.3,1.3,326
2025-06-05 19:00:00,34.0,31.6,50,0.0,1005.0,2.0,45
2025-06-05 20:00:00,32.0,30.6,56,0.0,1005.8,3.1,93
2025-06-05 21:00:00,32.0,30.1,62,0.0,1006.4,2.6,102
2025-06-05 22:00:00,31.0,29.8,60,0.0,1006.8,1.2,141
2025-06-05 23:00:00,30.0,28.9,62,0.0,1006.7,3.1,180
2025-06-06 00:00:00,35.0,28.0,60,0.0,1006.1,3.7,166
2025-06-06 01:00:00,31.0,27.3,63,0.0,1005.6,3.5,159
2025-06-06 02:00:00,35.0,27.0,63,0.0,1005.5,3.8,169
2025-06-06 03:00:00,29.0,26.9,60,0.0,1005.5,4.2,175
2025-06-06 04:00:00,33.0,26.4,65,0.0,1005.8,3.5,195
2025-06-06 05:00:00,32.0,25.9,65,0.0,1006.0,3.6,207
2025-06-06 06:00:00,39.0,28.2,63,0.0,1006.8,3.3,324
2025-06-06 07:00:00,36.0,29.8,55,0.0,1007.0,2.7,4
2025-06-06 08:00:00,37.0,32.0,42,0.0,1007.1,3.9,34
2025-06-06 09:00:00,36.0,33.5,38,0.0,1007.1,2.7,67
2025-06-06 10:00:00,32.0,35.2,32,0.0,1006.9,1.6,63
2025-06-06 11:00:00,41.0,36.4,28,0.0,1006.1,1.9,163
2025-06-06 12:00:00,34.0,37.5,27,0.0,1005.2,3.7,191
2025-06-06 13:00:00,37.0,38.2,26,0.0,1004.4,3.5,195
2025-06-06 14:00:00,40.0,38.7,25,0.0,1003.6,2.2,222
2025-06-06 15:00:00,34.0,38.5,25,0.0,1002.8,2.4,351
2025-06-06 16:00:00,40.0,37.9,26,0.0,1002.4,5.7,13
2025-06-06 17:00:00,43.0,37.1,27,0.0,1002.4,8.4,34
2025-06-06 18:00:00,57.0,35.0,35,0.0,1002.9,12.0,62
2025-06-06 19:00:00,55.0,33.9,38,0.0,1003.4,9.3,62
2025-06-06 20:00:00,57.0,32.9,41,0.0,1003.7,6.2,52
2025-06-06 21:00:00,53.0,32.1,44,0.0,1004.4,4.0,90
2025-06-06 22:00:00,65.0,31.0,50,0.0,1004.5,2.8,105
2025-06-06 23:00:00,58.0,30.4,53,0.0,1004.1,3.3,139
2025-06-07 00:00:00,60.0,30.0,52,0.0,1003.6,4.5,173
2025-06-07 01:00:00,60.0,29.5,53,0.0,1003.6,5.1,172
2025-06-07 02:00:00,77.0,29.1,53,0.0,1003.4,5.8,182
2025-06-07 03:00:00,82.0,28.8,53,0.0,1003.3,6.0,183
2025-06-07 04:00:00,72.0,28.4,53,0.0,1003.6,5.8,185
2025-06-07 05:00:00,71.0,27.7,57,0.0,1004.2,4.3,185
2025-06-07 06:00:00,60.0,30.4,51,0.0,1004.9,5.8,185
2025-06-07 07:00:00,59.0,32.0,47,0.0,1005.4,4.1,182
2025-06-07 08:00:00,43.0,34.3,41,0.0,1005.6,4.5,196
2025-06-07 09:00:00,40.0,36.8,30,0.0,1005.4,5.2,214
2025-06-07 10:00:00,39.0,38.3,26,0.0,1004.8,0.9,169
2025-06-07 11:00:00,48.0,39.5,24,0.0,1004.3,3.6,45
2025-06-07 12:00:00,43.0,41.2,20,0.0,1003.2,7.7,28
2025-06-07 13:00:00,51.0,39.4,27,0.1,1003.0,16.3,25
2025-06-07 14:00:00,53.0,38.1,31,0.1,1002.4,15.2,44
2025-06-07 15:00:00,58.0,38.9,29,0.0,1001.4,11.7,27
2025-06-07 16:00:00,57.0,37.9,32,0.0,1001.1,13.2,38
2025-06-07 17:00:00,60.0,36.8,34,0.0,1000.9,12.3,55
2025-06-07 18:00:00,56.0,35.9,34,0.0,1001.4,10.0,67
2025-06-07 19:00:00,56.0,34.9,37,0.0,1001.6,4.7,113
2025-06-07 20:00:00,64.0,34.3,40,0.0,1001.6,4.8,101
2025-06-07 21:00:00,74.0,33.5,44,0.0,1002.0,3.5,114
2025-06-07 22:00:00,81.0,32.7,47,0.0,1002.3,3.5,156
2025-06-07 23:00:00,81.0,32.2,49,0.0,1002.1,4.1,178
2025-06-08 00:00:00,75.0,31.8,50,0.0,1001.7,4.0,183
2025-06-08 01:00:00,73.0,31.5,50,0.0,1001.5,4.7,196
2025-06-08 02:00:00,64.0,30.8,51,0.0,1001.4,4.8,200
2025-06-08 03:00:00,63.0,30.4,52,0.0,1001.6,5.3,208
2025-06-08 04:00:00,63.0,29.9,53,0.0,1002.0,5.4,210
2025-06-08 05:00:00,66.0,29.3,56,0.0,1002.3,4.3,182
2025-06-08 06:00:00,68.0,31.8,48,0.0,1003.5,5.7,204
2025-06-08 07:00:00,62.0,33.0,45,0.0,1004.1,2.6,155
2025-06-08 08:00:00,55.0,34.6,42,0.0,1004.3,3.7,104
2025-06-08 09:00:00,50.0,36.6,37,0.0,1004.1,3.4,133
2025-06-08 10:00:00,53.0,38.8,31,0.0,1003.6,2.4,167
2025-06-08 11:00:00,51.0,40.8,25,0.0,1002.8,1.8,315
2025-06-08 12:00:00,49.0,42.0,22,0.0,1001.7,6.9,343
2025-06-08 13:00:00,57.0,42.3,23,0.0,1000.7,11.1,351
2025-06-08 14:00:00,53.0,42.1,24,0.0,999.9,11.8,354
2025-06-08 15:00:00,54.0,42.5,21,0.0,999.1,10.6,346
2025-06-08 16:00:00,51.0,42.0,22,0.0,998.7,11.4,331
2025-06-08 17:00:00,44.0,41.2,24,0.0,998.5,10.9,308
2025-06-08 18:00:00,47.0,41.8,19,0.0,998.5,10.7,314
2025-06-08 19:00:00,57.0,39.0,31,0.0,998.8,7.5,20
2025-06-08 20:00:00,67.0,37.1,45,0.0,999.5,3.3,77
2025-06-08 21:00:00,73.0,36.4,46,0.0,999.8,4.8,151
2025-06-08 22:00:00,74.0,35.5,47,0.0,999.7,4.3,175
2025-06-08 23:00:00,75.0,35.0,46,0.0,999.4,4.1,218
2025-06-09 00:00:00,87.0,34.5,50,0.0,999.2,3.2,251
2025-06-09 01:00:00,90.0,34.1,43,0.0,999.1,4.9,260
2025-06-09 02:00:00,87.0,33.2,41,0.0,999.4,6.0,253
2025-06-09 03:00:00,87.0,31.4,48,0.0,999.6,3.7,281
2025-06-09 04:00:00,97.0,31.0,52,0.0,999.8,1.0,225
2025-06-09 05:00:00,73.0,30.2,56,0.0,1000.4,1.5,300
2025-06-09 06:00:00,65.0,32.8,44,0.0,1001.4,3.9,304
2025-06-09 07:00:00,87.0,34.2,41,0.0,1001.8,4.7,293
2025-06-09 08:00:00,74.0,36.5,35,0.0,1002.0,3.9,283
2025-06-09 09:00:00,84.0,38.6,30,0.0,1002.2,7.6,282
2025-06-09 10:00:00,66.0,40.4,24,0.0,1002.0,9.7,292
2025-06-09 11:00:00,48.0,41.8,20,0.0,1001.5,10.4,302
2025-06-09 12:00:00,59.0,42.8,19,0.0,1000.7,10.6,317
2025-06-09 13:00:00,48.0,43.4,18,0.0,999.6,11.6,330
2025-06-09 14:00:00,44.0,43.6,17,0.0,998.5,12.6,331
2025-06-09 15:00:00,54.0,43.6,16,0.0,997.6,13.8,318
2025-06-09 16:00:00,38.0,42.8,18,0.0,997.0,15.5,308
2025-06-09 17:00:00,41.0,42.0,20,0.0,996.9,14.4,306
2025-06-09 18:00:00,41.0,42.2,18,0.0,996.7,17.9,289
2025-06-09 19:00:00,41.0,41.3,17,0.0,996.8,16.1,288
2025-06-09 20:00:00,49.0,39.9,17,0.0,997.3,12.1,303
2025-06-09 21:00:00,49.0,38.0,20,0.0,997.6,7.3,306
2025-06-09 22:00:00,68.0,36.9,22,0.0,997.6,6.7,297
2025-06-09 23:00:00,70.0,36.3,22,0.0,997.6,6.8,297
2025-06-10 00:00:00,82.0,35.4,24,0.0,997.5,6.3,285
2025-06-10 01:00:00,71.0,34.0,27,0.0,997.4,5.6,263
2025-06-10 02:00:00,63.0,32.7,29,0.0,997.5,5.1,266
2025-06-10 03:00:00,50.0,31.8,30,0.0,998.1,5.1,266
2025-06-10 04:00:00,49.0,30.9,31,0.0,998.7,4.7,268
2025-06-10 05:00:00,42.0,30.6,29,0.0,999.5,6.2,277
2025-06-10 06:00:00,44.0,32.7,31,0.0,1000.6,7.3,287
2025-06-10 07:00:00,68.0,34.2,27,0.0,1001.0,7.0,291
2025-06-10 08:00:00,63.0,36.3,22,0.0,1001.2,8.9,298
2025-06-10 09:00:00,80.0,38.3,19,0.0,1001.2,12.0,302
2025-06-10 10:00:00,55.0,40.1,18,0.0,1001.1,13.6,313
2025-06-10 11:00:00,44.0,41.2,18,0.0,1000.7,13.8,319
2025-06-10 12:00:00,44.0,42.1,17,0.0,1000.0,13.0,323
2025-06-10 13:00:00,48.0,42.8,16,0.0,999.0,13.8,323
2025-06-10 14:00:00,33.0,43.1,16,0.0,998.0,13.6,323
2025-06-10 15:00:00,30.0,42.9,16,0.0,997.1,13.6,319
2025-06-10 16:00:00,34.0,42.6,16,0.0,996.6,13.0,312
2025-06-10 17:00:00,34.0,41.8,17,0.0,996.7,11.6,314
2025-06-10 18:00:00,41.0,42.0,17,0.0,996.5,11.1,302
2025-06-10 19:00:00,49.0,40.5,19,0.0,997.0,5.6,315
2025-06-10 20:00:00,60.0,38.7,29,0.0,997.4,2.3,342
2025-06-10 21:00:00,69.0,37.1,30,0.0,998.1,3.5,69
2025-06-10 22:00:00,82.0,35.7,40,0.0,998.6,3.4,137
2025-06-10 23:00:00,88.0,34.8,41,0.0,998.7,3.7,151
2025-06-11 00:00:00,88.0,34.0,43,0.0,998.8,4.1,139
2025-06-11 01:00:00,80.0,33.3,42,0.0,998.5,5.0,165
2025-06-11 02:00:00,85.0,32.4,43,0.0,998.2,4.5,187
2025-06-11 03:00:00,101.0,31.3,52,0.0,998.5,2.2,104
2025-06-11 04:00:00,102.0,30.9,57,0.0,999.5,0.4,207
2025-06-11 05:00:00,94.0,30.1,54,0.0,1000.2,2.6,168
2025-06-11 06:00:00,48.0,33.5,30,0.0,1000.2,8.0,278
2025-06-11 07:00:00,37.0,34.5,27,0.0,1000.9,6.7,290
2025-06-11 08:00:00,48.0,36.2,25,0.0,1001.1,7.6,313
2025-06-11 09:00:00,49.0,37.8,24,0.0,1001.5,8.9,339
2025-06-11 10:00:00,48.0,38.9,24,0.0,1001.2,8.5,354
2025-06-11 11:00:00,47.0,40.3,23,0.0,1000.8,7.9,349
2025-06-11 12:00:00,55.0,41.4,22,0.0,1000.2,7.7,357
2025-06-11 13:00:00,62.0,42.4,21,0.0,999.2,7.2,354
2025-06-11 14:00:00,62.0,42.8,21,0.0,998.2,8.5,359
2025-06-11 15:00:00,65.0,42.3,23,0.0,997.3,9.9,4
2025-06-11 16:00:00,66.0,41.3,27,0.0,997.1,10.9,9
2025-06-11 17:00:00,75.0,40.0,31,0.0,997.2,11.1,16
2025-06-11 18:00:00,78.0,39.0,35,0.0,997.9,10.2,56
2025-06-11 19:00:00,90.0,37.4,42,0.0,998.4,9.3,82
2025-06-11 20:00:00,88.0,36.4,48,0.0,998.7,8.9,108
2025-06-11 21:00:00,81.0,35.3,54,0.0,999.3,9.2,87
2025-06-11 22:00:00,74.0,34.4,59,0.0,999.7,7.8,99
2025-06-11 23:00:00,67.0,33.8,61,0.0,999.6,6.0,123
2025-06-12 00:00:00,68.0,33.4,61,0.0,999.6,6.5,141
2025-06-12 01:00:00,55.0,32.9,61,0.0,999.3,6.2,134
2025-06-12 02:00:00,56.0,32.4,63,0.0,999.5,5.9,128
2025-06-12 03:00:00,57.0,31.8,64,0.0,999.7,6.9,110
2025-06-12 04:00:00,64.0,31.2,66,0.0,1000.1,6.7,110
2025-06-12 05:00:00,69.0,30.7,68,0.0,1000.6,6.7,109
2025-06-12 06:00:00,70.0,32.2,64,0.0,1000.4,5.6,121
2025-06-12 07:00:00,70.0,33.6,58,0.0,1000.7,5.9,135
2025-06-12 08:00:00,71.0,35.5,50,0.0,1001.0,5.1,129
2025-06-12 09:00:00,86.0,37.1,47,0.0,1001.1,7.1,97
2025-06-12 10:00:00,86.0,38.8,42,0.0,1000.9,8.3,112
2025-06-12 11:00:00,77.0,39.6,42,0.0,1000.6,10.3,103
2025-06-12 12:00:00,73.0,40.0,42,0.0,999.8,10.3,106
2025-06-12 13:00:00,68.0,41.1,38,0.0,998.8,7.8,112
2025-06-12 14:00:00,58.0,41.8,36,0.0,997.6,6.1,113
2025-06-12 15:00:00,59.0,42.1,34,0.0,996.7,7.1,84
2025-06-12 16:00:00,55.0,40.6,38,0.0,996.9,7.7,91
2025-06-12 17:00:00,61.0,39.5,40,0.0,997.3,6.8,153
2025-06-12 18:00:00,72.0,39.2,36,0.0,997.8,10.1,79
2025-06-12 19:00:00,75.0,37.8,41,0.0,998.4,9.7,92
2025-06-12 20:00:00,74.0,37.0,45,0.0,998.8,8.6,90
2025-06-12 21:00:00,81.0,36.2,49,0.0,999.3,9.6,93
2025-06-12 22:00:00,78.0,35.2,53,0.0,999.6,8.9,96
2025-06-12 23:00:00,75.0,34.3,54,0.0,999.7,7.3,110
2025-06-13 00:00:00,75.0,33.5,55,0.0,999.8,8.8,107
2025-06-13 01:00:00,60.0,32.9,56,0.0,999.9,8.4,110
2025-06-13 02:00:00,59.0,32.4,56,0.0,1000.1,8.1,118
2025-06-13 03:00:00,55.0,31.9,58,0.0,1000.3,7.6,118
2025-06-13 04:00:00,52.0,31.3,61,0.0,1000.7,6.9,113
2025-06-13 05:00:00,56.0,31.0,63,0.0,1001.3,7.8,109
2025-06-13 06:00:00,67.0,33.1,62,0.0,1000.8,6.4,119
2025-06-13 07:00:00,67.0,34.3,58,0.0,1000.9,7.9,135
2025-06-13 08:00:00,84.0,36.1,49,0.0,1001.0,9.1,146
2025-06-13 09:00:00,70.0,38.0,42,0.0,1001.6,7.9,120
2025-06-13 10:00:00,66.0,39.2,39,0.0,1001.9,9.3,103
2025-06-13 11:00:00,57.0,39.7,40,0.0,1001.4,11.1,102
2025-06-13 12:00:00,57.0,39.0,45,0.0,1000.7,12.5,97
2025-06-13 13:00:00,77.0,38.8,47,0.0,1000.1,12.8,119
2025-06-13 14:00:00,48.0,39.8,43,0.0,999.1,8.7,137
2025-06-13 15:00:00,41.0,39.8,42,0.0,997.9,9.7,124
2025-06-13 16:00:00,34.0,39.4,43,0.0,997.9,10.3,101
2025-06-13 17:00:00,36.0,38.3,47,0.0,997.9,11.9,87
2025-06-13 18:00:00,36.0,35.6,49,0.0,999.4,12.1,105
2025-06-13 19:00:00,37.0,34.6,54,0.0,999.5,11.3,108
2025-06-13 20:00:00,39.0,34.0,57,0.0,999.9,9.2,94
2025-06-13 21:00:00,42.0,33.4,60,0.0,1000.3,6.7,88
2025-06-13 22:00:00,45.0,32.9,62,0.0,1000.3,6.7,93
2025-06-13 23:00:00,48.0,32.4,64,0.0,1000.0,7.1,105
2025-06-14 00:00:00,47.0,32.0,64,0.0,999.7,7.3,113
2025-06-14 01:00:00,54.0,31.7,65,0.0,999.4,7.8,116
2025-06-14 02:00:00,57.0,31.4,65,0.0,999.4,5.7,114
2025-06-14 03:00:00,61.0,31.0,67,0.0,999.5,5.1,113
2025-06-14 04:00:00,60.0,30.7,68,0.0,999.8,5.4,116
2025-06-14 05:00:00,58.0,30.3,70,0.0,1000.2,5.5,101
2025-06-14 06:00:00,55.0,30.7,69,0.0,1000.8,6.0,81
2025-06-14 07:00:00,53.0,32.1,64,0.0,1000.9,6.0,83
2025-06-14 08:00:00,52.0,34.0,58,0.0,1001.1,6.0,81
2025-06-14 09:00:00,48.0,35.9,52,0.0,1001.0,5.9,88
2025-06-14 10:00:00,52.0,37.7,46,0.0,1000.3,5.5,101
2025-06-14 11:00:00,63.0,39.4,39,0.0,999.4,4.8,110
2025-06-14 12:00:00,66.0,40.8,34,0.0,998.3,3.0,104
2025-06-14 13:00:00,57.0,42.0,31,0.0,997.2,1.7,72
2025-06-14 14:00:00,62.0,42.6,28,0.0,996.2,1.7,72
2025-06-14 15:00:00,61.0,42.6,28,0.0,995.0,6.5,24
2025-06-14 16:00:00,59.0,40.1,40,0.0,994.9,13.8,26
2025-06-14 17:00:00,63.0,38.6,42,0.0,995.0,5.6,68
2025-06-14 18:00:00,62.0,38.4,35,0.0,994.6,9.6,76
2025-06-14 19:00:00,68.0,37.3,38,0.0,995.3,7.8,95
2025-06-14 20:00:00,64.0,37.0,38,0.0,996.1,5.9,113
2025-06-14 21:00:00,62.0,36.3,39,0.0,996.8,7.6,137
2025-06-14 22:00:00,66.0,35.3,45,0.0,997.4,8.8,145
2025-06-14 23:00:00,67.0,34.8,47,0.0,997.4,8.1,155
2025-06-15 00:00:00,71.0,34.3,48,0.0,997.3,6.7,146
2025-06-15 01:00:00,65.0,33.6,49,0.0,997.2,6.2,134
2025-06-15 02:00:00,61.0,32.8,52,0.0,997.1,5.9,117
2025-06-15 03:00:00,36.0,32.1,54,0.0,997.4,5.3,147
2025-06-15 04:00:00,15.0,31.6,55,0.0,997.5,4.4,111
2025-06-15 05:00:00,15.0,31.2,57,0.0,997.9,4.0,117
2025-06-15 06:00:00,22.0,30.5,65,0.0,998.0,13.0,175
2025-06-15 07:00:00,31.0,32.0,60,0.0,998.1,13.5,193
2025-06-15 08:00:00,57.0,32.4,50,0.0,998.8,7.3,208
2025-06-15 09:00:00,49.0,35.2,41,0.0,998.7,2.6,141
2025-06-15 10:00:00,50.0,34.7,51,0.0,999.3,14.7,54
2025-06-15 11:00:00,42.0,32.3,61,0.0,998.9,13.7,69
2025-06-15 12:00:00,53.0,35.4,49,0.0,997.6,10.8,85
2025-06-15 13:00:00,53.0,37.5,42,0.0,996.6,11.2,92
2025-06-15 14:00:00,28.0,38.4,40,0.0,995.8,9.7,108
2025-06-15 15:00:00,27.0,37.6,41,0.0,995.4,7.6,115
2025-06-15 16:00:00,27.0,37.8,41,0.0,994.5,6.0,136
2025-06-15 17:00:00,24.0,37.8,41,0.0,994.3,4.6,129
2025-06-15 18:00:00,25.0,33.8,60,0.0,995.2,5.9,160
2025-06-15 19:00:00,30.0,33.4,61,0.0,996.2,5.5,169
2025-06-15 20:00:00,37.0,33.2,62,0.0,996.9,4.0,162
2025-06-15 21:00:00,35.0,32.8,67,0.0,998.2,2.4,117
2025-06-15 22:00:00,32.0,32.3,68,0.0,998.6,4.2,97
2025-06-15 23:00:00,34.0,31.7,72,0.0,998.6,4.7,99
2025-06-16 00:00:00,51.0,30.9,75,0.0,998.5,4.8,75
2025-06-16 01:00:00,52.0,30.2,80,0.0,997.9,5.2,56
2025-06-16 02:00:00,43.0,29.6,82,0.0,997.2,5.3,35
2025-06-16 03:00:00,48.0,29.4,83,0.0,997.6,5.4,82
2025-06-16 04:00:00,50.0,28.5,85,1.4,998.8,14.7,108
2025-06-16 05:00:00,41.0,25.4,92,4.2,999.4,13.5,128
2025-06-16 06:00:00,39.0,25.4,93,8.7,1000.4,6.9,189
2025-06-16 07:00:00,52.0,25.7,95,1.7,1000.0,6.1,71
2025-06-16 08:00:00,51.0,27.3,88,0.4,999.9,1.9,131
2025-06-16 09:00:00,50.0,27.5,88,0.1,1000.3,2.0,117
2025-06-16 10:00:00,40.0,27.6,88,0.1,1000.0,4.1,52
2025-06-16 11:00:00,42.0,30.6,75,0.0,999.6,8.4,100
2025-06-16 12:00:00,34.0,31.3,73,0.0,998.9,5.4,76
2025-06-16 13:00:00,41.0,31.5,72,0.0,998.1,6.2,73
2025-06-16 14:00:00,37.0,32.2,69,0.0,997.4,5.8,85
2025-06-16 15:00:00,32.0,32.4,67,0.0,996.7,3.4,72
2025-06-16 16:00:00,28.0,32.5,67,0.0,995.8,3.6,63
2025-06-16 17:00:00,35.0,32.2,69,0.0,995.4,5.2,56
2025-06-16 18:00:00,33.0,31.6,71,0.0,996.5,5.0,26
2025-06-16 19:00:00,35.0,30.4,76,0.0,997.2,6.3,35
2025-06-16 20:00:00,41.0,29.9,79,0.0,997.9,4.2,54
2025-06-16 21:00:00,42.0,29.7,80,0.0,998.7,5.8,36
2025-06-16 22:00:00,36.0,29.3,79,1.7,999.4,0.6,214
2025-06-16 23:00:00,32.0,27.0,95,6.2,999.8,7.0,13
2025-06-17 00:00:00,35.0,27.2,94,0.8,999.7,5.6,237
2025-06-17 01:00:00,38.0,26.8,93,0.3,999.0,10.1,123
2025-06-17 02:00:00,29.0,26.7,93,1.3,998.6,3.4,72
2025-06-17 03:00:00,26.0,26.6,94,0.9,998.6,4.8,79
2025-06-17 04:00:00,29.0,26.1,94,3.9,999.1,5.2,354
2025-06-17 05:00:00,27.0,25.5,93,1.8,1000.1,9.8,97
2025-06-17 06:00:00,35.0,26.5,93,0.7,999.9,5.2,34
2025-06-17 07:00:00,34.0,27.2,90,0.0,999.9,1.6,360
2025-06-17 08:00:00,41.0,28.1,85,0.2,1000.4,5.0,26
2025-06-17 09:00:00,47.0,29.6,79,0.0,1000.1,5.0,21
2025-06-17 10:00:00,48.0,31.2,74,0.0,1000.1,5.1,51
2025-06-17 11:00:00,69.0,32.4,68,0.0,999.7,5.5,77
2025-06-17 12:00:00,74.0,33.2,65,0.0,999.0,4.4,81
2025-06-17 13:00:00,77.0,33.7,64,0.0,998.3,3.9,74
2025-06-17 14:00:00,55.0,34.0,63,0.0,997.3,3.7,55
2025-06-17 15:00:00,27.0,33.8,64,0.0,996.3,5.9,47
2025-06-17 16:00:00,7.0,33.4,64,0.1,995.9,6.1,60
2025-06-17 17:00:00,12.0,33.2,66,0.0,996.0,4.6,64
2025-06-17 18:00:00,16.0,31.1,78,0.0,997.5,0.6,236
2025-06-17 19:00:00,11.0,30.4,82,0.0,998.0,1.9,214
2025-06-17 20:00:00,6.0,29.7,79,0.2,999.1,8.0,218
2025-06-17 21:00:00,11.0,28.2,84,0.4,1000.3,9.3,224
2025-06-17 22:00:00,15.0,27.3,84,0.3,1000.5,6.6,227
2025-06-17 23:00:00,16.0,27.0,81,0.5,1000.5,5.0,224
2025-06-18 00:00:00,18.0,26.3,84,0.9,1000.0,2.3,219
2025-06-18 01:00:00,18.0,25.6,88,0.6,999.5,4.6,149
2025-06-18 02:00:00,28.0,25.4,88,1.3,999.6,5.6,151
2025-06-18 03:00:00,22.0,24.9,86,0.5,999.2,5.5,58
2025-06-18 04:00:00,21.0,24.5,89,0.9,999.4,8.2,36
2025-06-18 05:00:00,24.0,24.4,91,0.7,999.3,5.1,67
2025-06-18 06:00:00,37.0,26.2,88,0.0,998.7,2.8,55
2025-06-18 07:00:00,32.0,26.9,86,0.0,999.0,6.1,148
2025-06-18 08:00:00,39.0,27.9,83,0.0,999.1,4.3,163
2025-06-18 09:00:00,49.0,29.1,79,0.0,999.4,3.8,172
2025-06-18 10:00:00,46.0,30.3,74,0.0,998.7,2.8,162
2025-06-18 11:00:00,56.0,31.4,69,0.0,998.3,3.4,162
2025-06-18 12:00:00,62.0,32.2,66,0.0,997.4,3.2,180
2025-06-18 13:00:00,67.0,32.8,63,0.0,996.6,2.5,176
2025-06-18 14:00:00,59.0,33.3,61,0.0,995.8,1.3,135
2025-06-18 15:00:00,60.0,33.5,59,0.0,994.9,2.3,157
2025-06-18 16:00:00,55.0,33.6,56,0.0,994.3,2.5,150
2025-06-18 17:00:00,36.0,33.6,55,0.0,994.2,1.9,124
2025-06-18 18:00:00,34.0,32.0,69,0.0,995.5,4.2,187
2025-06-18 19:00:00,38.0,30.8,74,0.0,996.0,5.5,191
2025-06-18 20:00:00,39.0,30.0,77,0.0,996.6,5.6,178
2025-06-18 21:00:00,47.0,29.4,80,0.0,997.1,4.9,163
2025-06-18 22:00:00,41.0,29.1,83,0.0,997.4,3.9,143
2025-06-18 23:00:00,29.0,28.8,84,0.0,996.9,3.9,127
2025-06-19 00:00:00,51.0,28.5,86,0.0,996.4,3.5,105
2025-06-19 01:00:00,53.0,28.1,88,0.0,996.0,4.4,128
2025-06-19 02:00:00,55.0,27.9,89,0.0,995.7,3.7,101
2025-06-19 03:00:00,48.0,27.7,89,0.0,995.4,4.4,97
2025-06-19 04:00:00,34.0,27.6,87,0.0,995.6,5.3,125
2025-06-19 05:00:00,30.0,27.5,84,0.0,996.1,6.7,153
2025-06-19 06:00:00,38.0,27.2,87,0.0,996.3,4.9,176
2025-06-19 07:00:00,38.0,28.3,83,0.0,996.8,2.2,145
2025-06-19 08:00:00,41.0,29.7,76,0.0,997.1,3.0,115
2025-06-19 09:00:00,50.0,30.8,73,0.0,997.5,5.3,100
2025-06-19 10:00:00,33.0,31.5,70,0.0,997.2,7.2,103
2025-06-19 11:00:00,25.0,31.6,68,0.1,996.8,7.1,105
2025-06-19 12:00:00,18.0,32.4,66,0.0,996.5,8.5,117
2025-06-19 13:00:00,19.0,32.5,63,0.0,996.1,9.7,132
2025-06-19 14:00:00,13.0,32.9,61,0.0,995.5,8.7,128
2025-06-19 15:00:00,16.0,32.7,61,0.0,994.8,8.4,118
2025-06-19 16:00:00,23.0,32.8,61,0.0,994.1,8.5,115
2025-06-19 17:00:00,20.0,32.0,65,0.0,994.5,9.1,122
2025-06-19 18:00:00,26.0,31.6,68,0.0,995.0,4.3,112
2025-06-19 19:00:00,23.0,30.4,75,0.0,995.8,5.5,113
2025-06-19 20:00:00,28.0,29.8,79,0.0,995.9,5.0,103
2025-06-19 21:00:00,25.0,29.4,82,0.0,996.9,5.4,105
2025-06-19 22:00:00,35.0,28.9,85,0.0,997.7,5.7,125
2025-06-19 23:00:00,31.0,28.3,87,0.0,997.8,3.7,129
2025-06-20 00:00:00,21.0,27.9,87,0.0,997.9,4.9,126
2025-06-20 01:00:00,18.0,27.6,87,0.1,998.1,4.6,108
2025-06-20 02:00:00,16.0,27.4,89,0.0,997.2,3.9,103
2025-06-20 03:00:00,15.0,26.4,93,1.1,998.4,10.3,133
2025-06-20 04:00:00,20.0,26.0,95,0.2,998.2,7.1,135
2025-06-20 05:00:00,22.0,26.0,94,0.0,998.5,6.9,110
2025-06-20 06:00:00,22.0,27.5,92,0.0,998.4,5.7,114
2025-06-20 07:00:00,18.0,28.2,89,0.0,999.1,5.3,98
2025-06-20 08:00:00,21.0,29.1,83,0.0,999.6,7.2,109
2025-06-20 09:00:00,47.0,30.0,79,0.2,999.8,9.5,112
2025-06-20 10:00:00,40.0,30.4,77,0.1,999.6,9.5,111
2025-06-20 11:00:00,48.0,31.4,74,0.1,999.3,8.2,99
2025-06-20 12:00:00,41.0,31.4,73,0.1,999.0,10.1,102
2025-06-20 13:00:00,31.0,30.0,77,0.7,998.6,10.0,98
2025-06-20 14:00:00,27.0,30.6,74,0.0,998.0,9.2,91
2025-06-20 15:00:00,21.0,31.0,72,0.0,997.3,8.4,106
2025-06-20 16:00:00,27.0,30.8,73,0.0,997.4,7.9,106
2025-06-20 17:00:00,20.0,30.6,75,0.0,997.3,9.0,87
2025-06-20 18:00:00,22.0,30.3,78,0.0,998.1,6.5,124
2025-06-20 19:00:00,26.0,29.3,83,0.0,998.9,6.4,117
2025-06-20 20:00:00,24.0,28.6,86,0.0,999.3,6.1,113
2025-06-20 21:00:00,31.0,28.2,88,0.0,1000.2,6.6,116
2025-06-20 22:00:00,24.0,27.8,90,0.0,1000.4,6.3,121
2025-06-20 23:00:00,23.0,27.6,91,0.0,1000.6,6.6,116
2025-06-21 00:00:00,23.0,27.4,93,0.0,1000.4,6.4,115
2025-06-21 01:00:00,29.0,27.0,94,0.0,999.9,6.7,114
2025-06-21 02:00:00,44.0,26.8,93,0.0,999.7,6.8,119
2025-06-21 03:00:00,42.0,26.6,93,0.0,999.5,4.8,112
2025-06-21 04:00:00,44.0,26.4,93,0.0,999.8,3.8,109
2025-06-21 05:00:00,37.0,26.2,94,0.0,1000.2,2.5,94
2025-06-21 06:00:00,47.0,27.3,92,0.9,1001.2,5.3,152
2025-06-21 07:00:00,26.0,28.1,90,0.2,1001.3,1.8,96
2025-06-21 08:00:00,37.0,29.4,84,0.0,1001.2,3.6,117
2025-06-21 09:00:00,36.0,31.0,73,0.0,1001.2,5.9,128
2025-06-21 10:00:00,34.0,32.4,65,0.0,1000.7,6.9,131
2025-06-21 11:00:00,27.0,33.4,61,0.0,1000.1,7.3,132
2025-06-21 12:00:00,23.0,34.1,57,0.1,999.2,6.6,139
2025-06-21 13:00:00,21.0,34.6,55,0.1,998.4,5.3,142
2025-06-21 14:00:00,24.0,35.1,54,0.2,997.4,4.6,149
2025-06-21 15:00:00,21.0,35.0,55,0.2,997.0,3.7,151
2025-06-21 16:00:00,12.0,34.9,56,0.0,996.5,2.9,137
2025-06-21 17:00:00,14.0,34.5,59,0.0,996.5,2.3,135
2025-06-21 18:00:00,21.0,32.6,69,0.0,997.4,2.5,120
2025-06-21 19:00:00,24.0,31.4,77,0.0,998.0,3.7,113
2025-06-21 20:00:00,26.0,31.0,80,0.0,998.4,4.0,120
2025-06-21 21:00:00,32.0,30.5,82,0.0,999.0,3.6,108
2025-06-21 22:00:00,33.0,30.0,85,0.0,999.5,3.8,85
2025-06-21 23:00:00,26.0,29.6,87,0.0,999.4,5.1,107
2025-06-22 00:00:00,35.0,29.2,88,0.0,999.3,5.2,117
2025-06-22 01:00:00,41.0,29.0,88,0.0,998.8,4.7,148
2025-06-22 02:00:00,44.0,28.7,87,0.0,998.0,4.5,164
2025-06-22 03:00:00,35.0,28.5,87,0.0,998.1,5.2,168
2025-06-22 04:00:00,26.0,28.3,88,0.0,998.6,3.7,169
2025-06-22 05:00:00,27.0,28.2,88,0.0,999.0,4.0,175
2025-06-22 06:00:00,27.0,29.8,81,0.0,999.3,4.7,178
2025-06-22 07:00:00,30.0,30.6,79,0.0,999.7,4.4,161
2025-06-22 08:00:00,24.0,31.7,71,0.0,1000.2,2.2,189
2025-06-22 09:00:00,12.0,32.9,64,0.0,1000.2,3.9,196
2025-06-22 10:00:00,16.0,33.8,60,0.0,1000.2,3.8,175
2025-06-22 11:00:00,22.0,34.3,59,0.0,999.8,3.1,173
2025-06-22 12:00:00,23.0,31.8,69,1.2,999.5,12.8,106
2025-06-22 13:00:00,27.0,32.2,68,0.2,998.5,3.5,69
2025-06-22 14:00:00,44.0,33.2,65,0.1,997.3,2.9,68
2025-06-22 15:00:00,53.0,33.8,63,0.0,996.5,3.6,63
2025-06-22 16:00:00,47.0,33.8,63,0.0,996.0,5.0,88
2025-06-22 17:00:00,37.0,33.5,64,0.0,995.8,4.8,105
2025-06-22 18:00:00,39.0,32.2,68,0.0,996.6,7.3,101
2025-06-22 19:00:00,38.0,31.1,74,0.0,997.1,4.9,114
2025-06-22 20:00:00,35.0,30.6,78,0.0,997.6,4.5,127
2025-06-22 21:00:00,41.0,30.1,80,0.0,998.3,5.3,142
2025-06-22 22:00:00,34.0,29.6,82,0.0,998.5,3.6,147
2025-06-22 23:00:00,35.0,29.3,84,0.0,998.6,4.1,146
2025-06-23 00:00:00,33.0,29.1,85,0.0,998.3,5.0,136
2025-06-23 01:00:00,40.0,28.8,86,0.0,997.9,5.2,136
2025-06-23 02:00:00,39.0,28.4,88,0.0,997.5,3.5,129
2025-06-23 03:00:00,33.0,28.2,89,0.0,997.5,3.3,135
2025-06-23 04:00:00,33.0,27.9,92,0.0,998.0,1.9,158
2025-06-23 05:00:00,47.0,27.9,92,0.0,997.9,2.0,117
2025-06-23 06:00:00,46.0,29.4,89,0.0,997.3,0.4,297
2025-06-23 07:00:00,59.0,30.4,81,0.0,997.6,6.2,134
2025-06-23 08:00:00,51.0,31.2,78,0.0,997.9,3.9,146
2025-06-23 09:00:00,47.0,32.4,72,0.0,998.2,1.5,135
2025-06-23 10:00:00,54.0,33.6,64,0.0,998.2,4.9,80
2025-06-23 11:00:00,50.0,34.5,59,0.0,997.4,7.7,60
2025-06-23 12:00:00,57.0,35.0,57,0.0,996.4,6.8,73
2025-06-23 13:00:00,50.0,35.6,54,0.0,995.2,6.1,58
2025-06-23 14:00:00,52.0,35.7,53,0.0,994.4,6.4,45
2025-06-23 15:00:00,52.0,35.7,53,0.0,993.3,7.7,49
2025-06-23 16:00:00,48.0,35.3,54,0.0,992.6,8.6,54
2025-06-23 17:00:00,27.0,34.3,59,0.0,992.4,8.9,76
2025-06-23 18:00:00,27.0,33.0,65,0.0,994.5,8.5,148
2025-06-23 19:00:00,22.0,32.0,70,0.0,994.9,6.8,138
2025-06-23 20:00:00,15.0,31.2,75,0.0,995.5,5.3,114
2025-06-23 21:00:00,21.0,30.6,79,0.0,996.5,5.3,114
2025-06-23 22:00:00,24.0,29.8,83,0.0,996.8,6.2,126
2025-06-23 23:00:00,24.0,29.4,84,0.0,996.8,5.7,125
2025-06-24 00:00:00,25.0,28.9,85,0.0,997.0,5.4,116
2025-06-24 01:00:00,34.0,28.5,87,0.0,996.3,5.5,117
2025-06-24 02:00:00,33.0,28.2,88,0.0,995.9,6.3,121
2025-06-24 03:00:00,34.0,27.9,90,0.0,995.5,7.1,120
2025-06-24 04:00:00,32.0,27.6,91,0.0,995.7,5.1,126
2025-06-24 05:00:00,41.0,27.4,92,0.0,996.6,5.1,135
2025-06-24 06:00:00,80.0,27.8,86,0.0,996.5,5.2,76
2025-06-24 07:00:00,67.0,28.3,84,0.0,997.0,4.2,121
2025-06-24 08:00:00,57.0,30.2,76,0.0,997.1,3.7,104
2025-06-24 09:00:00,46.0,31.8,70,0.0,997.4,4.2,137
2025-06-24 10:00:00,37.0,33.1,65,0.0,997.1,4.2,155
2025-06-24 11:00:00,36.0,34.4,59,0.0,996.7,3.2,161
2025-06-24 12:00:00,38.0,35.9,53,0.0,995.9,3.5,156
2025-06-24 13:00:00,35.0,36.6,50,0.0,994.9,3.7,141
2025-06-24 14:00:00,35.0,36.8,48,0.1,994.0,1.5,135
2025-06-24 15:00:00,47.0,36.5,48,0.3,993.4,2.5,82
2025-06-24 16:00:00,55.0,36.0,50,0.1,992.7,6.7,85
2025-06-24 17:00:00,57.0,35.2,54,0.0,992.7,7.9,90
2025-06-24 18:00:00,35.0,32.0,77,0.0,994.3,3.8,93
2025-06-24 19:00:00,30.0,31.7,78,0.0,994.9,3.5,105
2025-06-24 20:00:00,37.0,31.3,81,0.0,995.4,4.1,124
2025-06-24 21:00:00,37.0,31.2,82,0.0,996.3,3.3,126
2025-06-24 22:00:00,41.0,30.8,83,0.0,996.9,6.0,117
2025-06-24 23:00:00,38.0,30.4,83,0.0,997.1,6.2,102
2025-06-25 00:00:00,37.0,30.0,83,0.0,997.2,7.3,107
2025-06-25 01:00:00,47.0,29.7,81,0.2,997.2,8.1,114
2025-06-25 02:00:00,50.0,29.1,82,0.0,996.7,9.1,128
2025-06-25 03:00:00,48.0,28.4,84,0.6,997.5,9.2,206
2025-06-25 04:00:00,57.0,27.0,93,3.7,998.1,9.4,35
2025-06-25 05:00:00,59.0,26.7,94,1.1,998.1,4.2,83
2025-06-25 06:00:00,74.0,27.4,94,0.1,998.4,5.2,86
2025-06-25 07:00:00,85.0,27.9,92,0.0,998.9,9.0,85
2025-06-25 08:00:00,81.0,28.3,89,0.1,1000.3,10.5,96
2025-06-25 09:00:00,71.0,28.4,87,0.1,1000.6,10.6,92
2025-06-25 10:00:00,50.0,28.2,88,0.2,1000.8,10.6,92
2025-06-25 11:00:00,56.0,28.5,86,0.4,1000.8,12.0,97
2025-06-25 12:00:00,47.0,28.5,86,0.7,1000.4,11.4,93
2025-06-25 13:00:00,51.0,30.1,79,0.1,999.6,8.7,94
2025-06-25 14:00:00,60.0,31.3,72,0.0,998.6,9.2,94
2025-06-25 15:00:00,57.0,31.7,71,0.0,997.5,9.7,93
2025-06-25 16:00:00,48.0,32.0,70,0.0,996.8,8.7,96
2025-06-25 17:00:00,47.0,32.0,69,0.0,996.3,7.3,97
2025-06-25 18:00:00,44.0,30.9,79,0.0,997.6,5.8,76
2025-06-25 19:00:00,47.0,29.8,84,0.0,998.2,6.3,77
2025-06-25 20:00:00,53.0,29.2,87,0.0,999.1,5.8,85
2025-06-25 21:00:00,50.0,28.8,89,0.0,1000.0,8.3,88
2025-06-25 22:00:00,43.0,28.5,89,0.0,1000.6,8.8,94
2025-06-25 23:00:00,41.0,28.4,89,0.0,1001.3,8.5,89
2025-06-26 00:00:00,32.0,28.2,90,0.0,1000.4,9.5,91
2025-06-26 01:00:00,33.0,28.1,91,0.0,1000.6,6.1,88
2025-06-26 02:00:00,49.0,26.8,94,6.3,1000.9,6.4,164
2025-06-26 03:00:00,59.0,25.9,95,6.4,1000.4,4.4,102
2025-06-26 04:00:00,48.0,26.2,94,0.9,1001.1,7.1,135
2025-06-26 05:00:00,41.0,26.2,95,6.2,1001.7,8.0,95
2025-06-26 06:00:00,34.0,28.4,88,0.0,1001.4,6.7,117
2025-06-26 07:00:00,42.0,29.2,85,0.0,1002.1,6.4,100
2025-06-26 08:00:00,31.0,30.4,81,0.0,1002.4,6.3,105
2025-06-26 09:00:00,28.0,31.6,73,0.1,1002.6,8.6,119
2025-06-26 10:00:00,21.0,32.5,68,0.0,1002.6,8.2,98
2025-06-26 11:00:00,23.0,33.3,64,0.0,1002.0,9.1,97
2025-06-26 12:00:00,21.0,33.8,62,0.0,1001.2,10.7,102
2025-06-26 13:00:00,21.0,34.3,60,0.0,1000.2,10.2,97
2025-06-26 14:00:00,20.0,34.5,58,0.0,999.1,9.4,90
2025-06-26 15:00:00,22.0,34.4,58,0.0,998.0,9.0,84
2025-06-26 16:00:00,18.0,34.0,60,0.0,997.4,9.0,80
2025-06-26 17:00:00,20.0,33.5,64,0.0,997.2,8.6,91
2025-06-26 18:00:00,17.0,32.5,71,0.0,998.2,6.1,76
2025-06-26 19:00:00,21.0,31.4,77,0.0,998.8,4.7,81
2025-06-26 20:00:00,13.0,30.9,78,0.0,999.1,7.6,93
2025-06-26 21:00:00,25.0,30.5,79,0.0,999.6,8.9,97
2025-06-26 22:00:00,29.0,30.1,79,0.0,1000.4,8.7,108
2025-06-26 23:00:00,29.0,29.6,80,0.0,1000.4,8.0,106
2025-06-27 00:00:00,29.0,29.2,81,0.0,1000.5,7.7,99
2025-06-27 01:00:00,25.0,28.8,83,0.0,1000.3,6.2,97
2025-06-27 02:00:00,21.0,28.5,85,0.0,1000.3,6.3,83
2025-06-27 03:00:00,20.0,28.2,86,0.0,1000.0,7.7,79
2025-06-27 04:00:00,14.0,27.9,86,0.0,999.9,8.1,86
2025-06-27 05:00:00,17.0,27.7,86,0.0,999.7,7.9,93
2025-06-27 06:00:00,19.0,29.2,83,0.0,1000.6,6.8,112
2025-06-27 07:00:00,26.0,29.9,80,0.0,1001.3,6.5,104
2025-06-27 08:00:00,20.0,30.4,77,0.4,1001.0,7.5,100
2025-06-27 09:00:00,22.0,30.7,75,1.5,1001.4,8.1,103
2025-06-27 10:00:00,21.0,31.4,74,0.1,1001.7,6.3,127
2025-06-27 11:00:00,22.0,32.1,71,0.1,1001.1,5.2,119
2025-06-27 12:00:00,21.0,32.6,69,0.1,1000.1,4.5,104
2025-06-27 13:00:00,24.0,33.4,67,0.1,999.0,5.7,101
2025-06-27 14:00:00,25.0,33.7,65,0.2,998.2,7.9,106
2025-06-27 15:00:00,18.0,33.7,63,0.0,996.9,7.6,91
2025-06-27 16:00:00,15.0,33.5,63,0.0,996.4,7.1,83
2025-06-27 17:00:00,20.0,33.0,66,0.0,996.4,6.9,83
2025-06-27 18:00:00,21.0,32.7,69,0.0,997.4,5.9,76
2025-06-27 19:00:00,21.0,31.6,74,0.0,997.7,5.5,103
2025-06-27 20:00:00,22.0,30.9,76,0.0,998.5,6.5,124
2025-06-27 21:00:00,31.0,30.2,79,0.0,999.6,5.0,128
2025-06-27 22:00:00,20.0,29.8,82,0.0,1000.1,4.2,130
2025-06-27 23:00:00,13.0,29.4,85,0.0,1000.6,3.7,104
2025-06-28 00:00:00,15.0,28.7,86,0.1,1000.6,9.3,82
2025-06-28 01:00:00,15.0,27.2,91,1.3,1000.7,2.4,167
2025-06-28 02:00:00,14.0,26.7,93,4.6,1000.7,5.9,149
2025-06-28 03:00:00,17.0,26.0,95,1.5,1000.3,8.4,124
2025-06-28 04:00:00,13.0,25.7,95,0.0,999.8,6.2,123
2025-06-28 05:00:00,20.0,25.6,94,0.0,1000.3,4.8,153
2025-06-28 06:00:00,29.0,28.3,90,0.0,999.9,2.5,240
2025-06-28 07:00:00,39.0,29.5,82,0.0,999.9,1.8,37
2025-06-28 08:00:00,34.0,30.5,79,0.0,1000.1,3.4,87
2025-06-28 09:00:00,40.0,31.8,71,0.0,999.7,4.0,95
2025-06-28 10:00:00,54.0,32.9,63,0.0,999.4,4.0,108
2025-06-28 11:00:00,48.0,33.9,59,0.0,999.0,4.4,111
2025-06-28 12:00:00,52.0,34.8,55,0.0,998.2,3.4,115
2025-06-28 13:00:00,44.0,35.5,54,0.0,997.1,1.7,122
2025-06-28 14:00:00,43.0,36.0,53,0.0,995.8,2.0,153
2025-06-28 15:00:00,11.0,36.2,52,0.0,994.9,3.1,187
2025-06-28 16:00:00,8.0,35.8,52,0.0,994.4,5.2,229
2025-06-28 17:00:00,10.0,35.0,54,0.0,994.5,3.4,295
2025-06-28 18:00:00,17.0,31.4,75,0.0,996.1,2.7,138
2025-06-28 19:00:00,16.0,31.0,80,0.0,996.7,2.6,102
2025-06-28 20:00:00,27.0,30.7,81,0.0,996.9,3.9,124
2025-06-28 21:00:00,22.0,30.5,83,0.0,997.8,3.7,141
2025-06-28 22:00:00,11.0,30.0,84,0.0,998.0,5.3,118
2025-06-28 23:00:00,19.0,29.3,88,0.0,998.0,5.3,98
2025-06-29 00:00:00,15.0,27.5,93,9.4,997.7,8.4,135
2025-06-29 01:00:00,13.0,26.9,95,5.7,997.8,10.1,130
2025-06-29 02:00:00,27.0,26.5,97,0.1,997.0,6.2,100
2025-06-29 03:00:00,36.0,26.3,96,0.2,996.6,4.7,92
2025-06-29 04:00:00,52.0,26.2,96,0.2,996.8,7.1,97
2025-06-29 05:00:00,57.0,26.1,97,0.1,996.8,6.3,117
2025-06-29 06:00:00,61.0,28.3,95,0.0,996.5,4.6,162
2025-06-29 07:00:00,45.0,29.0,90,0.0,996.5,1.0,112
2025-06-29 08:00:00,38.0,29.8,83,0.0,996.9,3.3,103
2025-06-29 09:00:00,39.0,30.0,81,0.0,996.9,4.6,111
2025-06-29 10:00:00,38.0,30.8,77,0.0,996.6,6.7,121
2025-06-29 11:00:00,67.0,31.9,70,0.0,996.6,6.1,140
2025-06-29 12:00:00,60.0,33.2,62,0.0,995.9,5.3,147
2025-06-29 13:00:00,49.0,33.3,62,0.2,995.5,2.3,135
2025-06-29 14:00:00,43.0,32.0,68,0.4,994.9,3.7,235
2025-06-29 15:00:00,34.0,32.0,67,0.0,994.1,5.9,232
2025-06-29 16:00:00,25.0,31.6,70,0.1,993.5,3.9,227
2025-06-29 17:00:00,34.0,31.5,71,0.0,993.1,2.3,231
2025-06-29 18:00:00,23.0,30.6,74,0.0,995.1,6.3,195
2025-06-29 19:00:00,10.0,30.0,78,0.0,995.6,5.1,190
2025-06-29 20:00:00,14.0,29.5,81,0.0,996.2,3.8,177
2025-06-29 21:00:00,13.0,29.1,83,0.0,996.6,5.7,134
2025-06-29 22:00:00,32.0,28.8,85,0.0,997.0,5.5,131
2025-06-29 23:00:00,28.0,28.5,86,0.0,996.8,5.2,146
2025-06-30 00:00:00,21.0,28.2,88,0.0,996.4,3.9,146
2025-06-30 01:00:00,23.0,27.5,88,1.3,996.5,6.4,36
2025-06-30 02:00:00,23.0,25.5,96,3.0,996.4,8.3,114
2025-06-30 03:00:00,19.0,25.2,98,1.7,996.9,7.9,94
2025-06-30 04:00:00,11.0,25.3,96,0.1,996.9,3.8,115
2025-06-30 05:00:00,14.0,25.3,96,0.2,997.2,4.9,94
2025-06-30 06:00:00,16.0,26.1,95,0.7,997.6,6.6,49
2025-06-30 07:00:00,10.0,26.0,94,0.3,998.0,8.5,136
2025-06-30 08:00:00,8.0,26.7,86,0.1,998.5,6.3,153
2025-06-30 09:00:00,22.0,28.2,79,0.1,998.8,7.4,184
2025-06-30 10:00:00,36.0,29.6,76,0.0,998.7,5.0,251
2025-06-30 11:00:00,31.0,30.4,74,0.1,998.7,4.7,288
2025-06-30 12:00:00,39.0,31.1,73,0.3,998.0,0.0,270
2025-06-30 13:00:00,34.0,31.6,73,0.3,997.2,1.1,342
2025-06-30 14:00:00,39.0,32.0,71,0.2,996.0,1.5,7
2025-06-30 15:00:00,43.0,29.7,79,7.3,995.9,6.8,138
2025-06-30 16:00:00,41.0,26.7,93,4.1,996.1,0.5,315
2025-06-30 17:00:00,39.0,27.0,92,0.3,995.5,3.1,121
2025-06-30 18:00:00,50.0,28.7,85,0.0,996.5,2.0,170
2025-06-30 19:00:00,26.0,28.2,88,0.1,997.4,5.6,21
2025-06-30 20:00:00,33.0,27.5,92,0.6,997.7,6.5,71
2025-06-30 21:00:00,32.0,26.7,96,0.6,999.1,2.1,200
2025-06-30 22:00:00,31.0,26.7,97,0.8,999.1,3.7,67
2025-06-30 23:00:00,33.0,26.5,97,0.0,999.3,2.5,98
2025-07-01 00:00:00,36.0,26.3,98,0.0,998.8,2.0,135
2025-07-01 01:00:00,34.0,26.2,98,0.0,998.4,1.1,9
2025-07-01 02:00:00,39.0,25.9,96,0.0,998.0,5.2,61
2025-07-01 03:00:00,49.0,25.4,95,0.0,998.2,6.6,47
2025-07-01 04:00:00,28.0,24.8,97,0.0,998.4,4.7,58
2025-07-01 05:00:00,15.0,25.0,96,0.0,998.9,5.0,69
2025-07-01 06:00:00,19.0,26.0,98,0.6,998.8,6.7,99
2025-07-01 07:00:00,24.0,26.4,97,1.6,999.7,4.8,59
2025-07-01 08:00:00,21.0,26.8,97,2.3,1000.8,4.6,45
2025-07-01 09:00:00,27.0,26.7,95,1.4,1001.1,4.9,33
2025-07-01 10:00:00,27.0,28.2,87,0.2,1000.4,4.9,57
2025-07-01 11:00:00,37.0,30.9,71,0.0,999.9,7.1,84
2025-07-01 12:00:00,39.0,32.0,65,0.0,998.9,7.4,94
2025-07-01 13:00:00,38.0,32.8,61,0.0,997.7,8.1,90
2025-07-01 14:00:00,23.0,33.0,59,0.0,996.2,7.1,99
2025-07-01 15:00:00,14.0,33.2,60,0.0,995.7,6.0,99
2025-07-01 16:00:00,21.0,32.9,61,0.0,995.3,5.1,86
2025-07-01 17:00:00,13.0,32.4,64,0.0,995.1,4.8,68
2025-07-01 18:00:00,15.0,30.9,74,0.0,996.5,4.4,125
2025-07-01 19:00:00,19.0,29.8,81,0.0,997.1,2.9,133
2025-07-01 20:00:00,23.0,29.7,84,0.0,997.7,1.2,129
2025-07-01 21:00:00,20.0,29.3,85,0.0,998.4,2.6,102
2025-07-01 22:00:00,27.0,28.8,86,0.0,998.9,3.5,102
2025-07-01 23:00:00,27.0,28.4,89,0.0,998.9,3.1,103
2025-07-02 00:00:00,26.0,28.0,91,0.0,999.1,2.8,101
2025-07-02 01:00:00,41.0,27.8,92,0.0,998.6,3.1,87
2025-07-02 02:00:00,39.0,27.6,92,0.0,998.5,4.2,102
2025-07-02 03:00:00,37.0,27.3,93,0.0,998.3,3.4,115
2025-07-02 04:00:00,30.0,27.1,94,0.0,998.5,3.8,93
2025-07-02 05:00:00,27.0,27.0,94,0.0,998.9,3.6,90
2025-07-02 06:00:00,37.0,27.5,91,0.1,998.9,5.2,92
2025-07-02 07:00:00,29.0,28.4,88,0.0,999.4,3.9,74
2025-07-02 08:00:00,22.0,29.8,81,0.0,999.5,5.2,86
2025-07-02 09:00:00,21.0,31.1,73,0.1,999.5,8.3,89
2025-07-02 10:00:00,27.0,31.7,73,0.1,999.3,9.0,93
2025-07-02 11:00:00,19.0,32.6,69,0.0,998.9,9.6,102
2025-07-02 12:00:00,17.0,32.3,67,1.1,998.5,11.4,103
2025-07-02 13:00:00,18.0,31.9,70,0.9,997.6,6.9,70
2025-07-02 14:00:00,17.0,32.8,70,0.0,996.5,6.4,74
2025-07-02 15:00:00,17.0,33.1,69,0.0,995.6,6.8,87
2025-07-02 16:00:00,14.0,32.8,70,0.1,995.3,6.2,102
2025-07-02 17:00:00,14.0,31.9,71,1.3,995.6,6.1,95
2025-07-02 18:00:00,19.0,31.6,73,0.0,996.3,7.9,103
2025-07-02 19:00:00,25.0,30.5,79,0.0,997.0,6.2,112
2025-07-02 20:00:00,25.0,30.0,83,0.0,998.0,5.2,119
2025-07-02 21:00:00,27.0,29.6,84,0.0,998.7,7.0,111
2025-07-02 22:00:00,28.0,29.2,85,0.0,999.1,6.5,113
2025-07-02 23:00:00,25.0,28.7,87,0.0,999.1,6.4,100
2025-07-03 00:00:00,23.0,28.2,87,0.0,999.1,7.6,97
2025-07-03 01:00:00,27.0,27.8,88,0.0,999.0,8.4,97
2025-07-03 02:00:00,26.0,27.5,90,0.0,998.7,6.2,111
2025-07-03 03:00:00,33.0,27.2,92,0.0,998.6,7.2,109
2025-07-03 04:00:00,29.0,27.0,93,0.0,999.0,7.0,116
2025-07-03 05:00:00,20.0,26.8,93,0.0,999.6,8.5,107
2025-07-03 06:00:00,17.0,27.4,89,0.0,999.4,7.0,93
2025-07-03 07:00:00,28.0,28.0,87,0.0,999.8,5.8,92
2025-07-03 08:00:00,29.0,29.3,81,0.0,1000.4,6.3,90
2025-07-03 09:00:00,34.0,30.8,72,0.0,1000.2,10.6,109
2025-07-03 10:00:00,34.0,31.8,68,0.1,1000.1,9.6,110
2025-07-03 11:00:00,28.0,32.5,64,0.1,999.6,9.9,119
2025-07-03 12:00:00,29.0,33.0,64,0.1,999.0,8.4,127
2025-07-03 13:00:00,26.0,33.4,62,0.1,997.9,6.8,127
2025-07-03 14:00:00,19.0,33.5,62,0.1,997.2,6.0,117
2025-07-03 15:00:00,17.0,33.3,62,0.1,996.4,5.4,111
2025-07-03 16:00:00,20.0,33.4,63,0.0,995.7,5.3,100
2025-07-03 17:00:00,22.0,32.8,65,0.2,995.9,5.6,73
2025-07-03 18:00:00,19.0,32.0,71,0.0,997.1,4.6,101
2025-07-03 19:00:00,29.0,31.1,78,0.0,997.9,3.2,93
2025-07-03 20:00:00,32.0,30.5,81,0.0,998.6,4.0,95
2025-07-03 21:00:00,36.0,29.9,84,0.0,999.4,4.7,81
2025-07-03 22:00:00,41.0,29.5,85,0.0,999.8,6.0,80
2025-07-03 23:00:00,45.0,29.1,85,0.0,999.8,7.4,96
2025-07-04 00:00:00,40.0,28.7,85,0.0,999.6,7.6,105
2025-07-04 01:00:00,29.0,28.1,87,0.0,999.4,8.0,106
2025-07-04 02:00:00,24.0,27.7,88,0.0,999.3,6.9,113
2025-07-04 03:00:00,25.0,27.4,90,0.0,999.3,6.4,126
2025-07-04 04:00:00,19.0,27.1,91,0.0,999.7,6.3,129
2025-07-04 05:00:00,19.0,26.8,93,0.0,999.9,3.7,119
2025-07-04 06:00:00,21.0,28.2,91,0.0,1000.0,6.2,120
2025-07-04 07:00:00,20.0,28.9,86,0.0,1000.3,5.0,109
2025-07-04 08:00:00,19.0,29.9,80,0.0,1000.3,3.9,112
2025-07-04 09:00:00,23.0,31.2,74,0.0,1000.3,4.2,108
2025-07-04 10:00:00,27.0,32.3,68,0.0,1000.2,4.2,115
2025-07-04 11:00:00,26.0,33.3,62,0.0,999.9,4.8,112
2025-07-04 12:00:00,21.0,34.1,60,0.0,999.1,5.1,113
2025-07-04 13:00:00,28.0,34.3,60,0.0,998.3,4.4,117
2025-07-04 14:00:00,29.0,34.2,61,0.2,997.6,2.8,50
2025-07-04 15:00:00,23.0,34.1,62,0.1,996.7,2.6,34
2025-07-04 16:00:00,20.0,34.1,61,0.0,995.7,3.3,29
2025-07-04 17:00:00,25.0,33.8,63,0.0,995.6,5.8,39
2025-07-04 18:00:00,28.0,30.0,78,0.2,997.4,4.1,41
2025-07-04 19:00:00,36.0,29.5,81,0.0,997.1,4.3,75
2025-07-04 20:00:00,32.0,29.5,83,0.0,998.3,3.2,164
2025-07-04 21:00:00,29.0,29.4,85,0.0,998.9,4.1,131
2025-07-04 22:00:00,31.0,29.1,87,0.1,999.4,4.0,87
2025-07-04 23:00:00,27.0,28.8,88,0.0,999.3,6.7,95
2025-07-05 00:00:00,18.0,28.6,87,0.0,999.0,6.5,98
2025-07-05 01:00:00,23.0,28.4,88,0.0,999.2,6.4,140
2025-07-05 02:00:00,34.0,27.1,92,2.1,999.4,6.1,34
2025-07-05 03:00:00,36.0,26.8,94,0.6,999.1,2.0,170
2025-07-05 04:00:00,32.0,26.7,94,0.2,998.6,4.9,73
2025-07-05 05:00:00,30.0,26.5,95,0.0,999.0,1.7,58
2025-07-05 06:00:00,29.0,29.3,84,0.0,998.7,3.3,171
2025-07-05 07:00:00,30.0,30.1,80,0.0,998.6,3.1,208
2025-07-05 08:00:00,33.0,31.2,74,0.0,998.6,1.2,219
2025-07-05 09:00:00,43.0,32.7,66,0.0,998.7,1.3,254
2025-07-05 10:00:00,43.0,33.8,62,0.0,998.3,2.1,232
2025-07-05 11:00:00,36.0,34.9,57,0.0,997.9,1.0,329
2025-07-05 12:00:00,17.0,35.4,55,0.2,997.2,1.6,360
2025-07-05 13:00:00,27.0,35.5,55,0.1,996.5,1.3,352
2025-07-05 14:00:00,29.0,35.9,54,0.0,995.5,1.0,112
2025-07-05 15:00:00,33.0,35.6,54,0.0,994.6,6.0,131
2025-07-05 16:00:00,26.0,34.8,58,0.2,994.2,6.2,105
2025-07-05 17:00:00,31.0,34.3,60,0.0,994.0,6.3,93
2025-07-05 18:00:00,28.0,33.1,62,0.3,995.5,6.8,88
2025-07-05 19:00:00,40.0,31.7,70,0.1,996.3,5.4,111
2025-07-05 20:00:00,42.0,30.7,77,0.0,997.1,8.9,119
2025-07-05 21:00:00,30.0,29.8,80,0.0,998.2,7.9,123
2025-07-05 22:00:00,21.0,29.4,82,0.0,998.7,4.2,144
2025-07-05 23:00:00,18.0,29.2,83,0.0,999.0,4.2,144
2025-07-06 00:00:00,21.0,28.7,85,0.0,998.6,3.8,109
2025-07-06 01:00:00,18.0,28.4,86,0.0,998.1,5.2,153
2025-07-06 02:00:00,23.0,28.2,87,0.0,998.0,5.8,194
2025-07-06 03:00:00,21.0,27.6,89,0.1,997.9,4.7,230
2025-07-06 04:00:00,24.0,27.4,91,0.0,997.8,4.0,210
2025-07-06 05:00:00,23.0,27.4,92,0.0,997.7,2.9,330
2025-07-06 06:00:00,18.0,27.8,85,0.6,997.8,5.6,312
2025-07-06 07:00:00,15.0,28.9,79,0.1,998.1,3.8,360
2025-07-06 08:00:00,9.0,30.3,74,0.0,999.1,5.2,346
2025-07-06 09:00:00,17.0,31.4,71,0.0,999.5,5.2,333
2025-07-06 10:00:00,20.0,33.0,64,0.0,999.1,5.2,326
2025-07-06 11:00:00,16.0,34.4,58,0.1,998.2,3.3,36
2025-07-06 12:00:00,16.0,34.7,57,0.5,997.6,2.2,55
2025-07-06 13:00:00,20.0,35.6,55,0.0,996.6,1.0,68
2025-07-06 14:00:00,25.0,35.6,55,0.1,995.8,2.0,90
2025-07-06 15:00:00,28.0,35.4,55,0.0,994.9,3.5,118
2025-07-06 16:00:00,30.0,35.3,55,0.0,994.3,2.1,165
2025-07-06 17:00:00,41.0,35.1,56,0.0,994.4,2.8,162
2025-07-06 18:00:00,47.0,33.1,66,0.0,994.7,2.3,122
2025-07-06 19:00:00,50.0,32.8,69,0.0,995.4,2.5,150
2025-07-06 20:00:00,55.0,32.1,72,0.0,996.5,2.3,148
2025-07-06 21:00:00,66.0,31.1,77,0.0,997.4,6.0,131
2025-07-06 22:00:00,62.0,30.2,79,0.0,997.4,7.7,150
2025-07-06 23:00:00,64.0,27.6,87,6.5,999.7,5.9,305
2025-07-07 00:00:00,48.0,26.5,94,5.1,999.4,4.1,285
2025-07-07 01:00:00,4.0,26.5,94,0.0,999.3,0.4,117
2025-07-07 02:00:00,9.0,26.5,94,0.0,998.4,1.6,243
2025-07-07 03:00:00,6.0,26.4,94,0.0,998.3,3.0,107
2025-07-07 04:00:00,1.0,26.2,96,0.0,998.4,4.9,98
2025-07-07 05:00:00,0.0,26.0,97,0.0,999.1,5.2,65
2025-07-07 06:00:00,0.0,26.1,97,1.2,999.7,3.3,135
2025-07-07 07:00:00,1.0,26.3,95,2.3,999.8,3.7,305
2025-07-07 08:00:00,6.0,26.4,97,3.3,998.9,6.8,360
2025-07-07 09:00:00,10.0,27.4,93,1.0,999.8,1.5,201
2025-07-07 10:00:00,17.0,28.5,86,0.0,1000.1,2.8,225
2025-07-07 11:00:00,27.0,30.1,79,0.0,999.8,1.8,360
2025-07-07 12:00:00,13.0,31.8,71,0.0,999.1,3.4,106
2025-07-07 13:00:00,17.0,32.8,66,0.0,997.9,2.4,153
2025-07-07 14:00:00,12.0,33.4,65,0.0,996.9,3.2,223
2025-07-07 15:00:00,13.0,33.5,65,0.0,996.0,4.8,239
2025-07-07 16:00:00,11.0,33.3,65,0.0,995.3,4.7,242
2025-07-07 17:00:00,16.0,33.1,66,0.0,995.5,3.8,265
2025-07-07 18:00:00,18.0,31.2,75,0.0,996.4,4.5,307
2025-07-07 19:00:00,22.0,30.2,78,0.0,996.9,5.8,279
2025-07-07 20:00:00,22.0,29.7,82,0.0,997.6,3.7,256
2025-07-07 21:00:00,33.0,29.6,83,0.0,998.7,2.1,250
2025-07-07 22:00:00,28.0,29.5,82,0.0,999.3,0.0,270
2025-07-07 23:00:00,29.0,28.7,87,0.0,999.5,2.4,73
2025-07-08 00:00:00,28.0,28.3,89,0.0,999.3,2.3,122
2025-07-08 01:00:00,24.0,28.0,90,0.0,998.9,2.9,120
2025-07-08 02:00:00,32.0,27.7,92,0.0,998.5,2.6,124
2025-07-08 03:00:00,31.0,27.4,92,0.0,998.0,4.0,144
2025-07-08 04:00:00,26.0,27.1,94,0.0,998.3,2.6,129
2025-07-08 05:00:00,32.0,27.0,94,0.0,999.0,3.5,111
2025-07-08 06:00:00,28.0,28.9,89,0.0,998.9,3.7,247
2025-07-08 07:00:00,31.0,29.9,85,0.0,999.5,3.6,300
2025-07-08 08:00:00,36.0,30.6,77,0.0,999.6,6.5,294
2025-07-08 09:00:00,35.0,31.4,73,0.0,999.9,4.0,302
2025-07-08 10:00:00,28.0,32.2,71,0.0,999.7,5.1,288
2025-07-08 11:00:00,23.0,33.1,66,0.0,999.4,7.8,308
2025-07-08 12:00:00,25.0,33.8,63,0.0,998.8,7.8,296
2025-07-08 13:00:00,23.0,34.1,62,0.0,997.9,7.6,285
2025-07-08 14:00:00,32.0,34.4,59,0.0,996.8,7.9,273
2025-07-08 15:00:00,20.0,34.2,60,0.0,995.5,8.3,272
2025-07-08 16:00:00,23.0,34.2,62,0.0,995.3,7.5,291
2025-07-08 17:00:00,24.0,33.9,63,0.0,995.9,4.5,317
2025-07-08 18:00:00,24.0,33.7,63,0.0,996.4,1.9,241
2025-07-08 19:00:00,34.0,31.9,78,0.0,996.8,1.9,248
2025-07-08 20:00:00,24.0,31.3,80,0.0,997.8,1.8,217
2025-07-08 21:00:00,28.0,30.8,83,0.0,998.8,0.5,90
2025-07-08 22:00:00,36.0,30.0,86,0.0,999.4,3.6,18
2025-07-08 23:00:00,34.0,29.5,87,0.0,999.4,2.8,11
2025-07-09 00:00:00,3.0,29.0,87,0.0,999.0,3.0,14
2025-07-09 01:00:00,3.0,28.9,87,0.0,999.0,2.6,168
2025-07-09 02:00:00,2.0,28.6,88,0.0,998.5,4.3,185
2025-07-09 03:00:00,1.0,28.1,89,0.0,998.2,2.0,117
2025-07-09 04:00:00,2.0,27.0,90,0.4,999.2,11.1,46
2025-07-09 05:00:00,3.0,26.7,92,0.1,999.3,7.2,19
2025-07-09 06:00:00,5.0,27.7,85,0.0,999.1,2.3,238
2025-07-09 07:00:00,20.0,28.4,83,0.0,999.5,2.5,262
2025-07-09 08:00:00,16.0,29.7,79,0.0,1000.1,3.2,236
2025-07-09 09:00:00,16.0,31.0,74,0.0,1000.5,4.6,228
2025-07-09 10:00:00,20.0,32.2,68,0.0,1000.9,4.2,252
2025-07-09 11:00:00,21.0,28.8,80,11.7,1001.6,11.9,293
2025-07-09 12:00:00,15.0,28.1,82,0.6,1000.6,4.2,265
2025-07-09 13:00:00,20.0,29.5,80,0.2,999.3,1.7,238
2025-07-09 14:00:00,23.0,30.7,76,0.0,998.5,0.9,323
2025-07-09 15:00:00,21.0,31.1,75,0.0,998.3,3.1,121
2025-07-09 16:00:00,21.0,30.8,77,0.0,997.4,4.1,113
2025-07-09 17:00:00,24.0,30.6,78,0.0,997.3,3.2,146
2025-07-09 18:00:00,23.0,30.3,79,0.0,999.0,5.6,68
2025-07-09 19:00:00,9.0,29.4,87,0.0,999.7,1.8,53
2025-07-09 20:00:00,8.0,29.0,89,0.0,1000.2,2.8,63
2025-07-09 21:00:00,5.0,28.6,91,0.0,1001.7,3.8,85
2025-07-09 22:00:00,5.0,27.9,93,0.5,1002.4,1.1,9
2025-07-09 23:00:00,7.0,27.1,88,3.5,1002.5,5.1,94
2025-07-10 00:00:00,5.0,26.7,92,0.1,1002.2,5.2,110
2025-07-10 01:00:00,5.0,26.5,94,0.1,1001.7,4.5,119
2025-07-10 02:00:00,3.0,26.4,95,0.2,1001.4,3.6,139
2025-07-10 03:00:00,3.0,26.3,96,0.2,1001.1,1.5,97
2025-07-10 04:00:00,5.0,26.1,97,0.2,1001.4,3.1,100
2025-07-10 05:00:00,5.0,25.7,96,0.3,1001.6,4.7,130
2025-07-10 06:00:00,6.0,26.3,92,0.3,1001.7,5.9,169
2025-07-10 07:00:00,5.0,26.7,87,0.0,1002.1,3.5,165
2025-07-10 08:00:00,10.0,27.3,82,0.0,1002.6,4.2,162
2025-07-10 09:00:00,27.0,27.7,79,0.0,1003.3,1.0,149
2025-07-10 10:00:00,24.0,27.9,78,0.0,1003.7,2.3,122
2025-07-10 11:00:00,21.0,28.1,77,0.0,1003.5,3.2,128
2025-07-10 12:00:00,11.0,29.2,74,0.0,1002.9,6.6,137
2025-07-10 13:00:00,16.0,29.4,72,0.0,1002.1,7.9,150
2025-07-10 14:00:00,11.0,29.1,75,0.0,1001.1,6.8,153
2025-07-10 15:00:00,23.0,28.8,78,0.0,999.9,8.0,149
2025-07-10 16:00:00,15.0,29.6,76,0.0,998.9,4.9,144
2025-07-10 17:00:00,11.0,29.4,76,0.0,998.9,3.3,139
2025-07-10 18:00:00,14.0,28.4,81,0.0,1000.6,3.6,200
2025-07-10 19:00:00,20.0,27.7,86,0.1,1001.5,3.6,237
2025-07-10 20:00:00,15.0,27.3,89,0.1,1002.2,1.8,281
2025-07-10 21:00:00,23.0,27.0,89,0.6,1002.8,2.3,247
2025-07-10 22:00:00,24.0,26.9,91,0.0,1003.1,1.5,216
2025-07-10 23:00:00,25.0,26.6,93,0.0,1003.0,3.1,149
2025-07-11 00:00:00,25.0,26.0,96,0.0,1002.4,2.7,152
2025-07-11 01:00:00,24.0,26.0,96,0.0,1001.9,0.5,225
2025-07-11 02:00:00,21.0,25.9,97,0.0,1001.5,0.9,307
2025-07-11 03:00:00,27.0,25.7,98,0.0,1001.0,1.1,171
2025-07-11 04:00:00,25.0,25.7,98,0.0,1001.3,1.2,141
2025-07-11 05:00:00,22.0,25.8,97,0.0,1001.9,0.4,117
2025-07-11 06:00:00,21.0,27.2,95,0.0,1001.9,3.6,180
2025-07-11 07:00:00,22.0,27.1,90,0.5,1002.2,4.8,200
2025-07-11 08:00:00,23.0,27.4,89,0.0,1002.2,2.2,204
2025-07-11 09:00:00,23.0,28.0,88,0.0,1002.7,2.8,243
2025-07-11 10:00:00,25.0,29.1,80,0.0,1002.9,3.4,223
2025-07-11 11:00:00,21.0,29.7,74,0.0,1002.8,4.0,188
2025-07-11 12:00:00,13.0,30.4,70,0.0,1002.0,3.3,193
2025-07-11 13:00:00,21.0,30.8,69,0.0,1000.9,2.8,215
2025-07-11 14:00:00,23.0,31.0,68,0.0,1000.0,1.5,201
2025-07-11 15:00:00,27.0,31.6,66,0.0,998.7,0.4,27
2025-07-11 16:00:00,25.0,31.6,66,0.0,997.9,2.1,31
2025-07-11 17:00:00,25.0,31.3,67,0.0,997.9,1.7,18
2025-07-11 18:00:00,29.0,30.2,76,0.0,999.5,1.8,360
2025-07-11 19:00:00,58.0,29.1,83,0.0,999.9,2.1,345
2025-07-11 20:00:00,57.0,28.7,84,0.0,1000.6,3.3,41
2025-07-11 21:00:00,48.0,28.6,85,0.0,1001.6,2.2,104
2025-07-11 22:00:00,51.0,28.4,85,0.0,1002.2,1.0,22
2025-07-11 23:00:00,62.0,27.8,89,0.0,1002.3,2.3,86
2025-07-12 00:00:00,58.0,27.4,91,0.0,1001.9,2.7,82
2025-07-12 01:00:00,26.0,27.0,93,0.0,1001.3,1.9,49
2025-07-12 02:00:00,21.0,26.7,95,0.0,1000.9,2.2,76
2025-07-12 03:00:00,15.0,26.6,96,0.0,1000.5,2.1,105
2025-07-12 04:00:00,14.0,26.6,96,0.0,1000.7,0.6,214
2025-07-12 05:00:00,19.0,26.3,97,0.0,1000.9,2.5,291
2025-07-12 06:00:00,28.0,26.8,92,0.0,1001.3,2.4,36
2025-07-12 07:00:00,23.0,27.9,86,0.0,1001.5,0.3,45
2025-07-12 08:00:00,40.0,29.3,79,0.0,1001.5,0.5,270
2025-07-12 09:00:00,37.0,30.4,75,0.0,1001.6,1.5,263
2025-07-12 10:00:00,42.0,31.5,70,0.0,1001.9,1.7,229
2025-07-12 11:00:00,32.0,32.4,65,0.0,1001.7,1.2,207
2025-07-12 12:00:00,41.0,33.1,64,0.0,1001.4,1.1,171
2025-07-12 13:00:00,38.0,33.6,63,0.0,1000.5,0.4,180
2025-07-12 14:00:00,48.0,33.7,61,0.0,999.6,1.3,56
2025-07-12 15:00:00,27.0,34.0,61,0.0,998.8,1.5,21
2025-07-12 16:00:00,20.0,33.2,61,0.2,998.5,2.8,63
2025-07-12 17:00:00,27.0,30.1,78,0.8,998.8,7.1,124
2025-07-12 18:00:00,29.0,28.8,84,0.1,1000.7,10.0,82
2025-07-12 19:00:00,43.0,27.9,88,0.0,1000.6,4.4,71
2025-07-12 20:00:00,24.0,27.6,90,0.0,1000.9,2.6,78
2025-07-12 21:00:00,19.0,27.5,91,0.0,1001.6,1.9,139
2025-07-12 22:00:00,21.0,27.3,93,0.0,1001.6,1.4,203
2025-07-12 23:00:00,27.0,27.2,94,0.0,1001.6,1.3,196
2025-07-13 00:00:00,25.0,27.1,94,0.0,1001.4,1.5,173
2025-07-13 01:00:00,26.0,26.8,95,0.0,1001.3,1.4,140
2025-07-13 02:00:00,29.0,26.7,95,0.0,1001.0,0.4,27
2025-07-13 03:00:00,31.0,26.4,97,0.0,1000.9,1.2,117
2025-07-13 04:00:00,35.0,26.4,97,0.0,1000.8,2.7,352
2025-07-13 05:00:00,34.0,26.3,97,0.0,1001.7,3.9,47
2025-07-13 06:00:00,47.0,27.8,94,0.0,1001.5,4.8,45
2025-07-13 07:00:00,41.0,28.9,90,0.0,1002.0,2.2,24
2025-07-13 08:00:00,30.0,29.0,74,5.1,1003.1,9.1,98
2025-07-13 09:00:00,30.0,28.9,80,0.1,1003.0,3.3,99
2025-07-13 10:00:00,24.0,30.1,78,0.0,1003.0,4.7,32
2025-07-13 11:00:00,21.0,31.5,74,0.1,1002.4,5.6,63
2025-07-13 12:00:00,21.0,32.0,71,0.2,1001.6,7.1,83
2025-07-13 13:00:00,43.0,32.4,70,0.1,1000.4,7.4,89
2025-07-13 14:00:00,54.0,32.5,70,0.1,999.1,6.8,88
2025-07-13 15:00:00,54.0,27.6,86,12.4,999.7,5.7,46
2025-07-13 16:00:00,23.0,27.4,88,0.4,998.5,4.3,48
2025-07-13 17:00:00,24.0,27.7,88,0.0,998.4,3.0,14
2025-07-13 18:00:00,23.0,27.9,87,0.7,999.0,6.3,193
2025-07-13 19:00:00,4.0,27.4,92,0.1,999.8,3.5,201
2025-07-13 20:00:00,3.0,27.4,93,0.3,1000.3,0.9,259
2025-07-13 21:00:00,12.0,27.8,92,0.0,1000.7,5.4,76
2025-07-13 22:00:00,17.0,28.2,89,0.0,1001.0,6.7,74
2025-07-13 23:00:00,19.0,28.2,88,0.0,1000.6,8.8,71
2025-07-14 00:00:00,26.0,28.2,87,0.0,1000.1,9.1,73
2025-07-14 01:00:00,24.0,28.1,87,0.0,999.8,7.9,78
2025-07-14 02:00:00,25.0,27.8,88,0.0,999.4,6.8,88
2025-07-14 03:00:00,13.0,27.5,90,0.0,999.0,6.6,77
2025-07-14 04:00:00,16.0,27.2,91,0.0,999.0,6.9,81
2025-07-14 05:00:00,15.0,27.1,90,0.0,999.3,8.1,86
2025-07-14 06:00:00,22.0,26.2,94,0.1,1000.0,11.9,92
2025-07-14 07:00:00,23.0,26.8,91,0.1,1000.2,15.1,99
2025-07-14 08:00:00,29.0,27.7,87,0.2,1000.2,15.7,103
2025-07-14 09:00:00,27.0,29.0,79,0.1,1000.2,17.3,104
2025-07-14 10:00:00,23.0,29.9,74,0.1,1000.1,17.2,103
2025-07-14 11:00:00,21.0,30.3,72,0.2,999.7,18.2,108
2025-07-14 12:00:00,25.0,30.5,74,0.2,999.1,15.6,105
2025-07-14 13:00:00,21.0,31.1,72,0.0,998.1,14.2,102
2025-07-14 14:00:00,14.0,30.5,73,0.3,997.2,12.4,99
2025-07-14 15:00:00,13.0,30.8,74,0.2,996.3,11.6,86
2025-07-14 16:00:00,10.0,30.7,77,0.6,996.1,13.8,103
2025-07-14 17:00:00,13.0,27.6,87,5.4,996.9,11.4,113
2025-07-14 18:00:00,15.0,28.4,87,0.7,997.5,10.8,111
2025-07-14 19:00:00,6.0,28.4,87,0.0,998.2,12.0,97
2025-07-14 20:00:00,6.0,28.1,88,0.0,998.7,12.5,102
2025-07-14 21:00:00,13.0,27.6,88,0.7,999.7,12.0,120
2025-07-14 22:00:00,17.0,27.5,88,0.0,999.9,15.1,112
2025-07-14 23:00:00,17.0,27.0,87,0.4,999.5,14.4,119
2025-07-15 00:00:00,12.0,26.1,91,2.1,999.4,14.7,123
2025-07-15 01:00:00,11.0,26.3,91,0.1,998.9,14.2,123
2025-07-15 02:00:00,9.0,26.2,92,0.0,998.5,13.6,126
2025-07-15 03:00:00,12.0,26.1,92,0.0,998.3,12.8,124
2025-07-15 04:00:00,13.0,25.9,93,0.0,998.7,12.9,125
2025-07-15 05:00:00,17.0,25.8,93,0.0,998.7,11.7,121
2025-07-15 06:00:00,19.0,26.2,93,0.0,998.5,16.8,120
2025-07-15 07:00:00,16.0,26.8,89,0.2,999.2,16.0,124
2025-07-15 08:00:00,7.0,27.6,86,0.0,999.1,15.7,123
2025-07-15 09:00:00,11.0,27.8,85,0.0,999.5,12.7,122
2025-07-15 10:00:00,17.0,29.1,78,0.0,999.3,14.9,133
2025-07-15 11:00:00,20.0,30.1,74,0.1,999.1,16.7,132
2025-07-15 12:00:00,23.0,30.7,70,0.0,998.4,15.8,133
2025-07-15 13:00:00,15.0,31.8,65,0.0,997.4,15.3,138
2025-07-15 14:00:00,15.0,32.6,62,0.0,996.5,15.2,138
2025-07-15 15:00:00,15.0,32.4,62,0.0,995.6,14.7,139
2025-07-15 16:00:00,12.0,31.7,64,0.1,995.3,13.7,148
2025-07-15 17:00:00,20.0,30.9,70,0.1,995.6,9.7,153
2025-07-15 18:00:00,19.0,29.9,76,0.0,997.4,7.6,158
2025-07-15 19:00:00,21.0,28.9,81,0.7,998.2,8.6,160
2025-07-15 20:00:00,20.0,27.7,89,2.5,999.1,8.7,138
2025-07-15 21:00:00,17.0,27.6,90,2.4,1000.0,9.2,129
2025-07-15 22:00:00,16.0,27.3,92,0.2,1000.4,9.7,129
2025-07-15 23:00:00,15.0,27.0,92,0.1,1000.5,8.3,120
2025-07-16 00:00:00,17.0,26.7,93,0.2,1000.4,9.0,127
2025-07-16 01:00:00,22.0,26.4,95,1.3,1000.0,9.0,120
2025-07-16 02:00:00,20.0,26.2,97,1.2,999.8,9.1,129
2025-07-16 03:00:00,24.0,26.1,96,1.0,999.9,9.8,130
2025-07-16 04:00:00,18.0,25.3,98,1.3,1000.0,11.0,125
2025-07-16 05:00:00,20.0,25.2,97,0.5,999.9,10.9,119
2025-07-16 06:00:00,28.0,26.7,91,0.0,1000.3,6.9,110
2025-07-16 07:00:00,30.0,27.5,88,0.0,1000.4,7.0,130
2025-07-16 08:00:00,33.0,28.8,83,0.0,1000.7,7.4,139
2025-07-16 09:00:00,30.0,30.4,76,0.0,1001.0,8.9,153
2025-07-16 10:00:00,30.0,31.7,68,0.0,1000.8,8.4,164
2025-07-16 11:00:00,26.0,32.3,65,0.1,1000.5,7.8,161
2025-07-16 12:00:00,27.0,32.6,64,0.1,999.7,6.9,149
2025-07-16 13:00:00,14.0,32.3,65,0.1,999.0,7.1,142
2025-07-16 14:00:00,15.0,30.9,69,0.0,998.6,7.4,119
2025-07-16 15:00:00,26.0,31.0,71,0.1,997.9,9.6,140
2025-07-16 16:00:00,20.0,30.7,73,0.1,997.8,10.9,141
2025-07-16 17:00:00,26.0,30.1,77,0.0,997.9,8.9,137
2025-07-16 18:00:00,22.0,30.0,78,0.0,999.3,3.9,158
2025-07-16 19:00:00,27.0,29.3,84,0.0,1000.1,2.2,114
2025-07-16 20:00:00,30.0,28.8,87,0.0,1000.6,3.8,107
2025-07-16 21:00:00,31.0,28.4,88,0.0,1001.2,5.0,103
2025-07-16 22:00:00,36.0,28.1,89,0.0,1001.5,4.4,117
2025-07-16 23:00:00,28.0,27.9,90,0.0,1001.6,5.1,108
2025-07-17 00:00:00,35.0,27.6,91,0.0,1001.1,5.2,110
2025-07-17 01:00:00,36.0,27.4,92,0.0,1001.0,6.2,116
2025-07-17 02:00:00,26.0,27.3,93,0.0,1000.8,5.2,112
2025-07-17 03:00:00,31.0,27.1,93,0.0,1000.9,6.4,115
2025-07-17 04:00:00,10.0,27.0,93,0.0,1001.1,6.4,112
2025-07-17 05:00:00,6.0,27.0,93,0.0,1001.7,8.1,141
2025-07-17 06:00:00,9.0,26.8,85,0.0,1002.8,9.2,118
2025-07-17 07:00:00,7.0,27.4,84,0.0,1003.3,7.2,117
2025-07-17 08:00:00,15.0,28.0,80,0.0,1003.5,9.3,124
2025-07-17 09:00:00,13.0,29.0,75,0.0,1003.8,9.2,135
2025-07-17 10:00:00,15.0,29.8,72,0.0,1003.7,8.7,133
2025-07-17 11:00:00,18.0,30.3,69,0.0,1003.5,12.5,131
2025-07-17 12:00:00,20.0,30.1,70,0.0,1003.1,12.3,129
2025-07-17 13:00:00,24.0,29.9,72,0.1,1002.5,11.4,123
2025-07-17 14:00:00,23.0,30.2,72,0.1,1001.5,9.7,124
2025-07-17 15:00:00,27.0,31.0,68,0.0,1000.6,7.4,122
2025-07-17 16:00:00,27.0,31.3,67,0.0,1000.0,7.9,110
2025-07-17 17:00:00,20.0,30.9,69,0.0,999.7,6.1,93
2025-07-17 18:00:00,19.0,29.6,81,0.0,1000.8,4.1,29
2025-07-17 19:00:00,16.0,28.9,87,0.0,1001.5,2.5,120
2025-07-17 20:00:00,24.0,28.3,88,0.0,1002.4,7.8,124
2025-07-17 21:00:00,13.0,27.5,91,0.3,1003.1,5.5,128
2025-07-17 22:00:00,8.0,27.4,92,0.1,1003.2,2.2,145
2025-07-17 23:00:00,9.0,27.0,94,0.3,1002.9,1.5,36
2025-07-18 00:00:00,7.0,26.6,95,0.0,1002.5,2.8,50
2025-07-18 01:00:00,12.0,26.7,94,0.0,1002.0,5.9,43
2025-07-18 02:00:00,28.0,26.8,91,0.0,1001.5,7.1,41
2025-07-18 03:00:00,14.0,26.8,90,0.0,1001.0,7.5,50
2025-07-18 04:00:00,15.0,26.7,91,0.0,1001.2,7.6,45
2025-07-18 05:00:00,14.0,26.6,91,0.0,1001.7,7.8,61
2025-07-18 06:00:00,18.0,27.2,85,0.0,1002.4,9.6,74
2025-07-18 07:00:00,20.0,27.8,82,0.0,1002.6,8.0,63
2025-07-18 08:00:00,23.0,28.9,77,0.0,1002.2,11.1,70
2025-07-18 09:00:00,26.0,30.1,70,0.0,1002.0,14.2,68
2025-07-18 10:00:00,31.0,31.1,68,0.0,1002.0,15.7,77
2025-07-18 11:00:00,22.0,31.4,68,0.0,1001.6,15.9,75
2025-07-18 12:00:00,44.0,31.8,67,0.0,1000.4,15.4,73
2025-07-18 13:00:00,32.0,32.4,65,0.2,999.6,15.9,72
2025-07-18 14:00:00,27.0,32.0,67,0.1,998.7,15.7,81
2025-07-18 15:00:00,25.0,29.3,80,3.5,998.6,9.2,74
2025-07-18 16:00:00,20.0,29.4,78,0.5,997.9,14.8,64
2025-07-18 17:00:00,26.0,29.4,79,0.0,997.4,10.6,42
2025-07-18 18:00:00,22.0,29.5,76,0.1,998.3,15.7,91
2025-07-18 19:00:00,17.0,28.6,80,0.0,998.7,14.1,88
2025-07-18 20:00:00,24.0,28.1,81,0.0,999.6,13.8,97
2025-07-18 21:00:00,23.0,27.9,82,0.0,1000.0,14.1,96
2025-07-18 22:00:00,21.0,27.5,83,0.0,999.8,12.9,98
2025-07-18 23:00:00,22.0,27.2,85,0.0,999.9,12.1,96
2025-07-19 00:00:00,18.0,26.8,87,0.0,999.5,12.6,99
2025-07-19 01:00:00,17.0,26.6,89,0.0,999.0,12.4,98
2025-07-19 02:00:00,10.0,26.3,90,0.0,998.6,11.9,101
2025-07-19 03:00:00,18.0,26.2,90,0.0,998.3,11.6,102
2025-07-19 04:00:00,12.0,26.0,91,0.0,998.4,11.2,106
2025-07-19 05:00:00,12.0,25.9,91,0.0,998.7,11.2,108
2025-07-19 06:00:00,18.0,26.4,91,0.0,999.4,11.6,120
2025-07-19 07:00:00,16.0,27.1,87,0.1,999.7,15.7,133
2025-07-19 08:00:00,19.0,28.1,82,0.1,1000.1,14.4,142
2025-07-19 09:00:00,20.0,29.2,76,0.0,1000.1,12.5,139
2025-07-19 10:00:00,15.0,30.4,70,0.0,999.6,13.0,138
2025-07-19 11:00:00,17.0,31.5,65,0.0,999.2,12.8,140
2025-07-19 12:00:00,17.0,32.3,61,0.0,998.7,11.9,146
2025-07-19 13:00:00,19.0,32.6,59,0.0,997.9,11.4,157
2025-07-19 14:00:00,16.0,32.9,57,0.0,997.0,11.2,159
2025-07-19 15:00:00,15.0,32.8,57,0.0,996.4,11.5,166
2025-07-19 16:00:00,9.0,32.6,58,0.0,995.8,10.1,164
2025-07-19 17:00:00,15.0,32.2,61,0.0,995.6,7.8,158
2025-07-19 18:00:00,19.0,31.5,71,0.0,996.3,2.2,138
2025-07-19 19:00:00,24.0,30.2,76,0.0,996.8,3.4,115
2025-07-19 20:00:00,20.0,29.5,79,0.0,997.1,3.5,141
2025-07-19 21:00:00,31.0,29.1,80,0.0,998.2,4.9,156
2025-07-19 22:00:00,27.0,28.7,81,0.0,998.8,5.5,169
2025-07-19 23:00:00,28.0,28.4,81,0.0,998.8,5.3,168
2025-07-20 00:00:00,47.0,28.0,83,0.0,999.0,5.1,170
2025-07-20 01:00:00,30.0,27.5,85,0.0,998.9,4.3,178
2025-07-20 02:00:00,17.0,27.1,87,0.0,998.5,3.5,195
2025-07-20 03:00:00,15.0,26.8,88,0.0,998.1,3.6,213
2025-07-20 04:00:00,16.0,26.6,89,0.0,998.4,3.6,225
2025-07-20 05:00:00,18.0,26.5,88,0.0,998.5,3.7,227
2025-07-20 06:00:00,17.0,27.8,85,0.0,998.6,4.8,214
2025-07-20 07:00:00,19.0,28.7,82,0.0,998.8,4.8,217
2025-07-20 08:00:00,31.0,29.9,75,0.0,998.9,6.1,236
2025-07-20 09:00:00,19.0,30.9,69,0.0,999.1,6.0,231
2025-07-20 10:00:00,19.0,31.9,65,0.0,999.1,6.4,225
2025-07-20 11:00:00,24.0,33.0,60,0.0,998.6,6.9,217
2025-07-20 12:00:00,18.0,33.9,56,0.0,998.0,7.2,215
2025-07-20 13:00:00,22.0,34.6,53,0.0,997.0,8.1,217
2025-07-20 14:00:00,18.0,34.9,51,0.0,996.3,8.4,220
2025-07-20 15:00:00,17.0,34.8,51,0.0,995.9,8.7,220
2025-07-20 16:00:00,12.0,34.6,50,0.0,995.6,7.6,225
2025-07-20 17:00:00,17.0,34.2,52,0.0,995.7,5.7,229
2025-07-20 18:00:00,14.0,32.7,62,0.0,997.2,6.1,178
2025-07-20 19:00:00,16.0,31.5,68,0.0,997.7,5.2,184
2025-07-20 20:00:00,27.0,30.8,73,0.0,998.3,4.5,180
2025-07-20 21:00:00,23.0,30.1,77,0.0,999.1,5.2,176
2025-07-20 22:00:00,23.0,29.5,80,0.0,999.9,5.0,178
2025-07-20 23:00:00,25.0,29.0,82,0.0,1000.0,5.1,186
2025-07-21 00:00:00,24.0,28.8,81,0.0,999.9,5.8,196
2025-07-21 01:00:00,26.0,28.4,80,0.0,999.6,6.0,213
2025-07-21 02:00:00,21.0,27.9,82,0.0,999.6,4.7,212
2025-07-21 03:00:00,27.0,27.6,82,0.0,999.2,5.4,228
2025-07-21 04:00:00,26.0,27.2,84,0.0,999.4,4.2,239
2025-07-21 05:00:00,20.0,26.9,85,0.0,1000.1,3.6,240
2025-07-21 06:00:00,22.0,28.4,83,0.0,1000.8,3.1,234
2025-07-21 07:00:00,27.0,28.8,82,0.0,1001.7,2.3,176
2025-07-21 08:00:00,25.0,29.5,77,0.1,1002.4,4.9,180
2025-07-21 09:00:00,33.0,30.6,70,0.0,1002.5,5.3,162
2025-07-21 10:00:00,38.0,30.1,73,0.0,1002.7,6.3,167
2025-07-21 11:00:00,51.0,29.9,74,0.0,1002.7,3.5,152
2025-07-21 12:00:00,57.0,29.9,74,0.3,1002.2,3.5,141
2025-07-21 13:00:00,55.0,30.6,71,0.1,1001.3,3.4,93
2025-07-21 14:00:00,44.0,31.4,68,0.0,1000.3,3.3,81
2025-07-21 15:00:00,35.0,31.4,67,0.1,999.5,3.6,81
2025-07-21 16:00:00,45.0,31.2,67,0.0,999.0,5.2,70
2025-07-21 17:00:00,26.0,30.7,70,0.0,998.6,5.8,60
2025-07-21 18:00:00,14.0,29.6,76,0.0,1000.2,4.8,48
2025-07-21 19:00:00,15.0,29.0,80,0.0,1000.3,4.0,98
2025-07-21 20:00:00,19.0,28.4,85,0.0,1000.3,2.9,94
2025-07-21 21:00:00,34.0,28.0,87,0.0,1000.9,2.9,90
2025-07-21 22:00:00,29.0,27.6,91,0.0,1001.2,1.6,84
2025-07-21 23:00:00,28.0,27.3,91,0.0,1001.6,1.6,153
2025-07-22 00:00:00,44.0,27.0,92,0.0,1001.3,2.3,157
2025-07-22 01:00:00,52.0,26.8,92,0.0,1000.9,2.3,157
2025-07-22 02:00:00,54.0,26.6,92,0.0,1000.7,1.5,144
2025-07-22 03:00:00,53.0,26.4,91,0.0,1000.6,2.5,135
2025-07-22 04:00:00,36.0,26.2,92,0.0,1000.8,2.8,145
2025-07-22 05:00:00,39.0,26.0,93,0.0,1000.9,2.6,129
2025-07-22 06:00:00,40.0,28.1,91,0.0,1001.1,1.7,212
2025-07-22 07:00:00,41.0,28.5,81,0.2,1001.3,6.2,221
2025-07-22 08:00:00,42.0,29.1,80,0.0,1001.4,2.9,338
2025-07-22 09:00:00,39.0,30.5,74,0.0,1001.3,3.9,317
2025-07-22 10:00:00,16.0,31.9,68,0.0,1000.8,3.6,327
2025-07-22 11:00:00,12.0,32.9,62,0.0,1000.0,2.7,20
2025-07-22 12:00:00,18.0,33.8,59,0.0,999.3,1.3,8
2025-07-22 13:00:00,6.0,34.1,57,0.0,998.4,1.6,297
2025-07-22 14:00:00,17.0,34.5,55,0.0,997.2,3.1,315
2025-07-22 15:00:00,18.0,34.7,53,0.0,996.2,4.5,304
2025-07-22 16:00:00,21.0,34.6,52,0.0,995.4,4.7,288
2025-07-22 17:00:00,26.0,34.2,53,0.0,994.9,4.7,288
2025-07-22 18:00:00,40.0,31.7,67,0.0,996.9,4.0,10
2025-07-22 19:00:00,46.0,30.7,77,0.0,997.1,2.1,59
2025-07-22 20:00:00,31.0,30.3,81,0.0,997.6,1.9,146
2025-07-22 21:00:00,32.0,29.8,83,0.0,998.2,3.6,162
2025-07-22 22:00:00,15.0,29.4,85,0.0,998.2,3.0,166
2025-07-22 23:00:00,6.0,29.0,88,0.0,998.2,2.0,175
2025-07-23 00:00:00,4.0,28.9,86,0.0,998.1,3.2,161
2025-07-23 01:00:00,5.0,28.4,89,0.1,997.9,2.0,135
2025-07-23 02:00:00,10.0,28.2,89,0.0,997.2,3.1,140
2025-07-23 03:00:00,9.0,27.9,89,0.0,997.1,4.9,144
2025-07-23 04:00:00,9.0,27.6,89,0.0,996.9,4.2,144
2025-07-23 05:00:00,6.0,27.4,89,0.0,997.2,3.9,167
2025-07-23 06:00:00,12.0,28.6,84,0.0,997.2,4.3,15
2025-07-23 07:00:00,24.0,29.3,81,0.0,997.7,0.9,323
2025-07-23 08:00:00,18.0,30.2,76,0.0,998.1,6.0,286
2025-07-23 09:00:00,16.0,29.8,73,2.3,998.7,9.4,299
2025-07-23 10:00:00,16.0,30.3,74,0.3,998.0,3.6,315
2025-07-23 11:00:00,17.0,31.5,71,0.0,997.3,1.7,283
2025-07-23 12:00:00,25.0,32.5,68,0.1,996.4,2.2,265
2025-07-23 13:00:00,25.0,33.1,66,0.0,995.3,5.0,283
2025-07-23 14:00:00,21.0,33.6,62,0.0,994.0,7.1,286
2025-07-23 15:00:00,33.0,32.9,63,0.3,993.3,9.8,294
2025-07-23 16:00:00,27.0,32.7,65,0.0,992.8,8.9,302
2025-07-23 17:00:00,17.0,32.4,69,0.0,992.6,8.7,312
2025-07-23 18:00:00,19.0,30.5,75,0.0,994.7,5.5,238
2025-07-23 19:00:00,24.0,29.6,84,0.0,995.2,4.6,211
2025-07-23 20:00:00,19.0,29.1,86,0.0,995.6,6.1,214
2025-07-23 21:00:00,15.0,28.8,88,0.0,996.2,5.4,222
2025-07-23 22:00:00,15.0,28.6,89,0.0,996.7,4.4,218
2025-07-23 23:00:00,20.0,28.3,90,0.0,996.8,4.2,198
2025-07-24 00:00:00,25.0,28.0,92,0.0,996.5,2.7,200
2025-07-24 01:00:00,20.0,27.8,92,0.0,996.2,1.9,158
2025-07-24 02:00:00,17.0,27.5,94,0.0,996.0,0.4,63
2025-07-24 03:00:00,7.0,27.1,96,0.0,995.6,1.5,111
2025-07-24 04:00:00,5.0,26.9,95,0.1,995.9,7.7,208
2025-07-24 05:00:00,2.0,26.4,90,0.4,996.3,4.8,191
2025-07-24 06:00:00,18.0,28.1,81,0.0,995.9,8.7,292
2025-07-24 07:00:00,21.0,28.7,81,0.0,996.3,6.1,282
2025-07-24 08:00:00,24.0,29.7,78,0.0,996.6,6.6,283
2025-07-24 09:00:00,24.0,31.6,70,0.0,997.0,7.6,282
2025-07-24 10:00:00,29.0,33.0,63,0.0,997.1,8.2,292
2025-07-24 11:00:00,34.0,34.0,57,0.0,996.7,8.0,304
2025-07-24 12:00:00,32.0,34.9,53,0.0,995.7,8.0,314
2025-07-24 13:00:00,31.0,35.4,52,0.0,994.4,8.0,318
2025-07-24 14:00:00,30.0,35.5,52,0.0,993.2,7.6,329
2025-07-24 15:00:00,28.0,35.8,51,0.0,992.3,8.9,328
2025-07-24 16:00:00,31.0,35.3,52,0.0,991.6,9.4,325
2025-07-24 17:00:00,40.0,34.6,54,0.0,991.5,9.0,317
2025-07-24 18:00:00,38.0,32.9,62,0.0,993.3,5.2,311
2025-07-24 19:00:00,40.0,31.6,72,0.0,993.7,3.8,287
2025-07-24 20:00:00,43.0,31.3,71,0.0,994.4,4.2,265
2025-07-24 21:00:00,45.0,30.7,73,0.0,995.2,8.2,278
2025-07-24 22:00:00,47.0,29.8,76,0.0,995.8,7.0,293
2025-07-24 23:00:00,48.0,29.0,79,0.0,996.1,4.6,291
2025-07-25 00:00:00,48.0,28.5,81,0.0,995.8,4.6,291
2025-07-25 01:00:00,46.0,28.1,83,0.0,995.5,5.2,286
2025-07-25 02:00:00,38.0,27.7,84,0.0,994.8,5.4,285
2025-07-25 03:00:00,35.0,27.4,85,0.0,994.3,5.8,290
2025-07-25 04:00:00,44.0,27.1,86,0.0,994.7,5.3,288
2025-07-25 05:00:00,46.0,26.9,88,0.0,995.2,4.7,288
2025-07-25 06:00:00,42.0,28.8,84,0.0,995.1,5.9,282
2025-07-25 07:00:00,27.0,29.4,82,0.0,995.5,3.8,265
2025-07-25 08:00:00,30.0,31.2,74,0.0,995.8,5.7,281
2025-07-25 09:00:00,33.0,33.3,62,0.0,996.1,8.0,280
2025-07-25 10:00:00,31.0,34.8,52,0.0,996.0,9.9,297
2025-07-25 11:00:00,32.0,35.6,48,0.0,995.5,10.7,316
2025-07-25 12:00:00,18.0,35.9,47,0.0,995.0,10.2,328
2025-07-25 13:00:00,43.0,36.1,47,0.0,994.1,9.8,324
2025-07-25 14:00:00,35.0,36.5,47,0.0,993.2,9.4,328
2025-07-25 15:00:00,33.0,36.3,47,0.0,992.6,10.0,332
2025-07-25 16:00:00,26.0,35.8,48,0.0,991.9,10.1,333
2025-07-25 17:00:00,26.0,35.2,52,0.0,992.2,8.0,344
2025-07-25 18:00:00,25.0,34.7,54,0.0,992.8,5.4,334
2025-07-25 19:00:00,20.0,33.8,65,0.0,993.7,1.4,337
2025-07-25 20:00:00,19.0,33.3,67,0.0,994.7,0.5,135
2025-07-25 21:00:00,26.0,32.0,74,0.0,996.0,2.6,164
2025-07-25 22:00:00,32.0,31.6,77,0.0,996.1,1.2,153
2025-07-25 23:00:00,37.0,30.8,82,0.0,996.6,2.5,159
2025-07-26 00:00:00,27.0,29.8,81,0.3,996.6,10.8,101
2025-07-26 01:00:00,16.0,28.2,86,0.0,996.3,7.6,90
2025-07-26 02:00:00,13.0,27.9,88,0.0,996.3,3.2,117
2025-07-26 03:00:00,14.0,27.6,89,0.0,996.1,4.9,88
2025-07-26 04:00:00,10.0,27.2,90,0.0,995.9,4.9,88
2025-07-26 05:00:00,13.0,27.0,92,0.0,996.1,2.3,94
2025-07-26 06:00:00,15.0,28.1,87,0.4,997.2,5.0,136
2025-07-26 07:00:00,21.0,28.4,86,0.1,997.2,5.2,196
2025-07-26 08:00:00,20.0,29.5,80,0.0,997.4,4.6,198
2025-07-26 09:00:00,21.0,30.9,73,0.1,997.8,4.0,183
2025-07-26 10:00:00,23.0,32.2,68,0.0,997.5,2.0,170
2025-07-26 11:00:00,31.0,33.3,63,0.0,997.0,1.5,187
2025-07-26 12:00:00,34.0,34.4,59,0.0,996.4,2.2,156
2025-07-26 13:00:00,37.0,35.2,56,0.0,995.5,3.6,160
2025-07-26 14:00:00,44.0,35.8,53,0.0,994.4,3.5,159
2025-07-26 15:00:00,32.0,36.1,51,0.0,993.3,2.1,149
2025-07-26 16:00:00,16.0,36.1,51,0.0,993.1,3.8,121
2025-07-26 17:00:00,15.0,35.1,53,0.0,993.5,5.9,140
2025-07-26 18:00:00,18.0,33.9,59,0.0,994.5,5.9,160
2025-07-26 19:00:00,23.0,33.2,63,0.0,995.5,7.0,181
2025-07-26 20:00:00,27.0,32.6,68,0.0,996.2,6.5,199
2025-07-26 21:00:00,30.0,32.0,73,0.0,996.9,5.6,195
2025-07-26 22:00:00,24.0,31.4,77,0.0,997.1,4.2,170
2025-07-26 23:00:00,26.0,30.7,83,0.0,997.1,1.7,131
2025-07-27 00:00:00,27.0,30.4,84,0.0,996.8,1.6,84
2025-07-27 01:00:00,30.0,29.9,85,0.0,996.8,4.0,108
2025-07-27 02:00:00,32.0,29.4,86,0.0,996.4,5.1,117
2025-07-27 03:00:00,140.0,29.1,85,0.0,996.3,4.0,120
2025-07-27 04:00:00,42.0,29.1,84,0.0,996.5,3.4,84
2025-07-27 05:00:00,23.0,28.9,83,0.0,996.9,4.5,124
2025-07-27 06:00:00,12.0,29.0,80,0.0,997.3,2.2,66
2025-07-27 07:00:00,15.0,30.2,74,0.0,997.7,3.1,59
2025-07-27 08:00:00,10.0,31.6,68,0.0,998.0,7.1,80
2025-07-27 09:00:00,11.0,32.5,63,0.1,997.6,11.3,103
2025-07-27 10:00:00,10.0,33.4,60,0.2,997.0,11.1,99
2025-07-27 11:00:00,15.0,34.3,57,0.2,996.4,10.3,102
2025-07-27 12:00:00,20.0,35.5,52,0.0,996.0,9.1,100
2025-07-27 13:00:00,12.0,35.8,50,0.0,995.3,7.9,93
2025-07-27 14:00:00,22.0,36.4,49,0.0,994.1,8.1,84
2025-07-27 15:00:00,17.0,36.4,49,0.0,993.3,7.6,78
2025-07-27 16:00:00,12.0,36.1,49,0.0,992.8,7.6,76
2025-07-27 17:00:00,18.0,35.3,52,0.0,992.9,8.1,77
2025-07-27 18:00:00,15.0,33.3,61,0.0,994.7,7.6,87
2025-07-27 19:00:00,22.0,32.6,64,0.0,995.0,6.5,90
2025-07-27 20:00:00,23.0,32.1,68,0.0,995.9,4.6,99
2025-07-27 21:00:00,19.0,31.5,72,0.0,996.8,4.0,80
2025-07-27 22:00:00,21.0,30.9,77,0.0,997.0,4.5,97
2025-07-27 23:00:00,17.0,30.4,80,0.0,996.9,4.7,94
2025-07-28 00:00:00,18.0,29.9,83,0.0,996.6,4.2,83
2025-07-28 01:00:00,15.0,29.6,84,0.0,996.3,3.8,79
2025-07-28 02:00:00,15.0,29.2,85,0.0,996.0,3.8,90
2025-07-28 03:00:00,16.0,28.9,86,0.0,995.7,3.3,96
2025-07-28 04:00:00,21.0,28.7,87,0.0,995.5,4.0,85
2025-07-28 05:00:00,23.0,28.4,87,0.0,995.9,3.5,118
2025-07-28 06:00:00,26.0,29.5,81,0.0,996.7,3.1,135
2025-07-28 07:00:00,30.0,30.6,75,0.0,997.1,4.8,146
2025-07-28 08:00:00,26.0,32.2,64,0.0,997.3,5.7,143
2025-07-28 09:00:00,34.0,33.5,58,0.0,997.4,4.6,141
2025-07-28 10:00:00,29.0,35.0,52,0.0,997.3,4.3,132
2025-07-28 11:00:00,35.0,36.0,48,0.0,996.6,4.0,95
2025-07-28 12:00:00,34.0,36.3,47,0.3,996.3,3.4,84
2025-07-28 13:00:00,37.0,36.6,46,0.5,995.6,2.3,86
2025-07-28 14:00:00,48.0,36.6,47,0.4,994.6,2.9,83
2025-07-28 15:00:00,55.0,36.9,47,0.0,993.6,3.7,55
2025-07-28 16:00:00,29.0,36.4,49,0.0,993.1,5.0,49
2025-07-28 17:00:00,49.0,35.2,53,0.3,993.4,5.8,30
2025-07-28 18:00:00,52.0,33.1,62,0.1,995.3,6.2,75
2025-07-28 19:00:00,57.0,32.5,65,0.1,996.1,5.5,113
2025-07-28 20:00:00,55.0,31.5,71,0.0,996.8,7.7,118
2025-07-28 21:00:00,29.0,30.4,78,0.0,997.7,9.2,118
2025-07-28 22:00:00,20.0,29.6,81,0.0,998.3,8.4,118
2025-07-28 23:00:00,18.0,29.1,83,0.0,998.0,8.3,120
2025-07-29 00:00:00,25.0,28.7,86,0.0,997.9,5.5,128
2025-07-29 01:00:00,22.0,28.4,88,0.0,997.4,5.0,134
2025-07-29 02:00:00,20.0,28.1,89,0.0,996.8,5.0,145
2025-07-29 03:00:00,22.0,27.8,91,0.0,996.7,4.3,135
2025-07-29 04:00:00,25.0,27.0,93,0.0,996.9,10.1,112
2025-07-29 05:00:00,11.0,26.9,93,0.0,997.0,5.9,145
2025-07-29 06:00:00,27.0,26.8,92,1.2,997.5,3.3,61
2025-07-29 07:00:00,35.0,27.1,91,0.1,998.2,3.4,93
2025-07-29 08:00:00,26.0,28.2,85,0.2,998.3,5.4,130
2025-07-29 09:00:00,7.0,30.1,77,0.0,998.4,3.8,135
2025-07-29 10:00:00,6.0,31.5,72,0.0,998.1,3.4,186
2025-07-29 11:00:00,7.0,32.5,66,0.0,997.4,4.9,188
2025-07-29 12:00:00,8.0,30.7,71,0.7,997.4,4.8,153
2025-07-29 13:00:00,12.0,31.6,70,0.3,996.6,2.9,4
2025-07-29 14:00:00,13.0,32.8,67,0.2,995.6,2.6,51
2025-07-29 15:00:00,11.0,30.7,75,0.8,994.9,9.9,102
2025-07-29 16:00:00,10.0,30.0,80,0.2,994.6,4.5,95
2025-07-29 17:00:00,11.0,30.5,79,0.0,994.7,4.6,45
2025-07-29 18:00:00,18.0,29.9,77,0.0,996.5,6.3,90
2025-07-29 19:00:00,26.0,29.2,81,0.0,997.1,5.8,85
2025-07-29 20:00:00,25.0,28.7,84,0.0,997.8,6.7,96
2025-07-29 21:00:00,23.0,28.4,85,0.0,998.7,5.6,96
2025-07-29 22:00:00,20.0,28.0,88,0.0,999.0,4.9,98
2025-07-29 23:00:00,18.0,27.7,90,0.0,999.1,4.0,90
2025-07-30 00:00:00,13.0,27.4,91,0.0,999.0,5.0,90
2025-07-30 01:00:00,17.0,27.1,92,0.0,998.4,6.3,93
2025-07-30 02:00:00,13.0,26.8,93,0.0,998.1,6.7,93
2025-07-30 03:00:00,21.0,26.6,93,0.0,997.9,7.1,96
2025-07-30 04:00:00,17.0,26.4,94,0.0,998.0,7.0,90
2025-07-30 05:00:00,18.0,26.3,94,0.0,998.1,6.0,95
2025-07-30 06:00:00,20.0,25.9,97,1.2,998.3,8.1,95
2025-07-30 07:00:00,17.0,26.4,96,1.9,998.4,7.6,104
2025-07-30 08:00:00,21.0,27.5,91,0.1,998.9,7.7,101
2025-07-30 09:00:00,20.0,29.1,85,0.2,999.3,10.0,107
2025-07-30 10:00:00,29.0,29.9,80,0.1,999.2,9.6,111
2025-07-30 11:00:00,21.0,31.3,74,0.1,998.5,9.8,107
2025-07-30 12:00:00,21.0,32.0,70,0.1,997.8,9.8,108
2025-07-30 13:00:00,23.0,30.4,76,4.6,997.3,11.0,118
2025-07-30 14:00:00,20.0,29.0,85,4.4,996.5,5.8,92
2025-07-30 15:00:00,26.0,30.1,80,0.3,995.9,5.8,97
2025-07-30 16:00:00,20.0,30.7,78,0.1,995.3,5.0,105
2025-07-30 17:00:00,12.0,30.2,78,2.5,995.8,5.7,148
2025-07-30 18:00:00,14.0,28.4,86,0.2,997.5,8.7,127
2025-07-30 19:00:00,22.0,27.4,91,0.2,998.1,6.7,128
2025-07-30 20:00:00,20.0,27.3,93,0.1,998.6,5.7,101
2025-07-30 21:00:00,10.0,27.1,93,0.9,999.3,7.7,115
2025-07-30 22:00:00,26.0,26.7,96,0.2,999.8,7.6,105
2025-07-30 23:00:00,13.0,26.7,94,0.5,999.7,9.9,127
2025-07-31 00:00:00,8.0,26.5,95,0.1,999.5,7.9,125
2025-07-31 01:00:00,8.0,26.2,95,1.8,999.0,8.3,139
2025-07-31 02:00:00,5.0,26.1,95,1.8,998.8,7.0,145
2025-07-31 03:00:00,6.0,25.7,97,1.8,998.3,7.1,128
2025-07-31 04:00:00,15.0,25.6,98,2.7,998.6,8.2,131
2025-07-31 05:00:00,2.0,25.5,98,1.3,998.8,6.2,134
2025-07-31 06:00:00,6.0,25.6,96,3.5,999.0,7.5,123
2025-07-31 07:00:00,20.0,25.6,97,4.2,999.6,6.9,155
2025-07-31 08:00:00,26.0,26.1,94,0.9,999.9,9.2,141
2025-07-31 09:00:00,29.0,27.0,89,0.2,1000.2,10.0,150
2025-07-31 10:00:00,45.0,28.9,82,0.1,1000.0,8.6,141
2025-07-31 11:00:00,45.0,29.8,78,0.1,999.4,8.3,160
2025-07-31 12:00:00,43.0,29.9,77,0.5,998.6,8.1,148
2025-07-31 13:00:00,6.0,30.2,75,0.0,997.7,6.6,154
2025-07-31 14:00:00,7.0,30.8,75,0.1,997.1,5.5,161
2025-07-31 15:00:00,6.0,31.1,74,0.0,996.5,4.8,158
2025-07-31 16:00:00,6.0,31.4,72,0.0,996.0,3.8,197
2025-07-31 17:00:00,6.0,30.7,73,0.0,996.2,5.9,63
2025-07-31 18:00:00,7.0,28.5,87,0.1,998.8,3.5,102
2025-07-31 19:00:00,19.0,28.0,91,0.2,998.9,1.8,37
2025-07-31 20:00:00,11.0,27.5,93,0.1,999.6,1.8,66
2025-07-31 21:00:00,11.0,27.3,94,0.1,1000.6,2.2,85
2025-07-31 22:00:00,11.0,27.0,95,0.0,1000.7,5.5,113
2025-07-31 23:00:00,11.0,26.6,95,0.0,1000.5,5.3,125
2025-08-01 00:00:00,14.0,26.4,95,0.0,1000.4,4.1,131
2025-08-01 01:00:00,18.0,26.1,95,1.1,1000.1,7.2,145
2025-08-01 02:00:00,14.0,25.9,96,0.1,999.4,6.8,127
2025-08-01 03:00:00,7.0,25.6,97,0.0,999.3,5.2,164
2025-08-01 04:00:00,5.0,25.4,98,0.0,999.7,4.5,178
2025-08-01 05:00:00,4.0,25.3,98,0.0,999.9,2.6,155
2025-08-01 06:00:00,3.0,26.1,94,0.0,1000.2,5.1,225
2025-08-01 07:00:00,8.0,26.5,93,0.0,1000.2,4.0,212
2025-08-01 08:00:00,27.0,27.9,86,0.0,1000.7,3.9,242
2025-08-01 09:00:00,35.0,29.2,79,0.0,1001.0,6.0,254
2025-08-01 10:00:00,28.0,30.1,76,0.1,1000.6,3.8,251
2025-08-01 11:00:00,28.0,30.9,73,0.1,1000.2,2.5,225
2025-08-01 12:00:00,24.0,31.5,72,0.2,999.6,2.7,180
2025-08-01 13:00:00,13.0,32.0,71,0.2,998.7,3.0,197
2025-08-01 14:00:00,23.0,32.1,70,0.2,997.6,3.9,236
2025-08-01 15:00:00,19.0,31.1,76,3.0,997.4,5.4,266
2025-08-01 16:00:00,16.0,29.1,82,8.5,997.7,4.0,280
2025-08-01 17:00:00,14.0,29.3,82,0.0,997.9,3.2,317
2025-08-01 18:00:00,16.0,29.0,86,0.0,999.3,0.0,270
2025-08-01 19:00:00,19.0,28.7,88,0.0,999.9,1.7,162
2025-08-01 20:00:00,17.0,28.3,92,0.0,1000.3,1.6,153
2025-08-01 21:00:00,16.0,28.2,93,0.0,1000.9,2.2,175
2025-08-01 22:00:00,6.0,28.1,91,0.0,1000.9,4.8,214
2025-08-01 23:00:00,15.0,27.9,88,0.0,1000.7,4.1,241
2025-08-02 00:00:00,15.0,27.5,88,0.0,1000.2,4.0,219
2025-08-02 01:00:00,13.0,27.1,87,0.0,999.5,4.6,234
2025-08-02 02:00:00,13.0,26.8,88,0.0,999.0,4.5,247
2025-08-02 03:00:00,26.0,26.6,89,0.0,999.3,3.5,246
2025-08-02 04:00:00,16.0,26.5,89,0.0,999.7,3.5,246
2025-08-02 05:00:00,19.0,26.3,90,0.0,1000.2,4.3,237
2025-08-02 06:00:00,25.0,27.6,86,0.0,1000.2,4.9,253
2025-08-02 07:00:00,39.0,28.2,84,0.0,1000.9,4.7,242
2025-08-02 08:00:00,23.0,29.0,80,0.0,1001.3,4.8,243
2025-08-02 09:00:00,30.0,29.3,77,0.0,1001.8,6.8,253
2025-08-02 10:00:00,32.0,30.4,72,0.0,1001.8,8.0,256
2025-08-02 11:00:00,26.0,31.3,69,0.0,1001.3,7.9,243
2025-08-02 12:00:00,28.0,31.8,68,0.2,1000.4,8.5,245
2025-08-02 13:00:00,25.0,32.2,67,0.3,999.0,9.5,251
2025-08-02 14:00:00,28.0,32.5,65,0.2,998.0,10.2,257
2025-08-02 15:00:00,28.0,32.9,63,0.0,997.6,10.8,260
2025-08-02 16:00:00,28.0,31.8,67,0.1,997.3,9.6,282
2025-08-02 17:00:00,21.0,31.3,72,0.0,997.4,5.3,258
2025-08-02 18:00:00,22.0,30.8,75,0.0,999.1,4.2,282
2025-08-02 19:00:00,20.0,29.9,77,0.0,999.8,6.2,262
2025-08-02 20:00:00,21.0,29.3,77,0.0,1000.6,6.9,242
2025-08-02 21:00:00,15.0,28.8,80,0.0,1001.0,5.9,247
2025-08-02 22:00:00,14.0,28.5,83,0.0,1000.9,4.0,231
2025-08-02 23:00:00,20.0,28.4,84,0.0,1000.9,4.1,214
2025-08-03 00:00:00,15.0,28.2,84,0.0,1001.0,4.8,195
2025-08-03 01:00:00,11.0,28.0,84,0.0,1000.5,6.1,214
2025-08-03 02:00:00,8.0,27.6,84,0.0,999.9,6.1,230
2025-08-03 03:00:00,6.0,27.4,84,0.0,1000.1,5.7,217
2025-08-03 04:00:00,12.0,27.2,86,0.0,1000.3,6.8,222
2025-08-03 05:00:00,13.0,27.0,88,0.0,1000.6,5.9,223
2025-08-03 06:00:00,17.0,26.9,92,0.2,1000.9,9.4,238
2025-08-03 07:00:00,22.0,27.8,88,0.0,1001.4,6.4,238
2025-08-03 08:00:00,23.0,29.4,79,0.0,1001.9,5.8,261
2025-08-03 09:00:00,26.0,30.4,71,0.0,1002.1,9.0,271
2025-08-03 10:00:00,26.0,31.4,67,0.0,1002.3,10.4,278
2025-08-03 11:00:00,28.0,32.5,65,0.0,1001.8,9.9,280
2025-08-03 12:00:00,26.0,32.9,65,0.0,1001.5,9.9,286
2025-08-03 13:00:00,31.0,33.1,65,0.0,1000.8,8.2,280
2025-08-03 14:00:00,35.0,33.3,65,0.0,1000.2,8.6,272
2025-08-03 15:00:00,39.0,32.8,67,0.0,999.4,7.5,281
2025-08-03 16:00:00,32.0,31.2,73,0.5,999.4,9.8,277
2025-08-03 17:00:00,33.0,31.3,74,0.0,999.2,5.8,274
2025-08-03 18:00:00,34.0,31.5,71,0.0,1000.4,5.8,274
2025-08-03 19:00:00,35.0,30.7,76,0.0,1000.7,4.5,270
2025-08-03 20:00:00,31.0,30.1,79,0.0,1001.3,4.1,229
2025-08-03 21:00:00,31.0,29.4,84,0.0,1002.3,3.3,209
2025-08-03 22:00:00,29.0,29.2,84,0.0,1002.6,1.3,254
2025-08-03 23:00:00,34.0,28.7,85,0.0,1002.6,1.1,198
2025-08-04 00:00:00,30.0,28.1,89,0.0,1002.4,1.6,117
2025-08-04 01:00:00,33.0,27.4,90,0.2,1002.4,6.7,52
2025-08-04 02:00:00,28.0,26.1,93,0.2,1002.3,6.4,122
2025-08-04 03:00:00,27.0,25.8,95,0.0,1002.0,4.4,128
2025-08-04 04:00:00,22.0,25.9,96,0.0,1002.2,2.8,117
2025-08-04 05:00:00,23.0,25.9,96,0.0,1002.4,2.8,108
2025-08-04 06:00:00,22.0,28.5,76,0.0,1002.3,9.4,269
2025-08-04 07:00:00,24.0,28.6,75,0.0,1002.9,10.6,266
2025-08-04 08:00:00,27.0,29.0,74,0.0,1003.3,10.9,262
2025-08-04 09:00:00,27.0,29.4,74,0.0,1003.7,10.5,257
2025-08-04 10:00:00,25.0,29.7,74,0.0,1003.9,10.3,269
2025-08-04 11:00:00,24.0,29.9,75,0.0,1003.9,7.0,266
2025-08-04 12:00:00,20.0,29.9,75,0.0,1003.2,8.4,250
2025-08-04 13:00:00,25.0,30.2,75,0.0,1002.6,8.7,240
2025-08-04 14:00:00,28.0,30.5,74,0.0,1001.9,8.6,247
2025-08-04 15:00:00,27.0,30.6,75,0.0,1001.1,7.1,251
2025-08-04 16:00:00,26.0,31.1,75,0.0,1000.6,7.3,250
2025-08-04 17:00:00,25.0,31.1,76,0.0,1000.6,5.8,244
2025-08-04 18:00:00,28.0,28.8,86,0.0,1001.6,5.0,165
2025-08-04 19:00:00,27.0,28.6,87,0.0,1002.0,4.7,171
2025-08-04 20:00:00,23.0,28.5,87,0.0,1002.5,4.2,173
2025-08-04 21:00:00,21.0,28.4,87,0.0,1003.3,4.4,189
2025-08-04 22:00:00,22.0,28.3,88,0.0,1003.3,5.6,195
2025-08-04 23:00:00,28.0,28.1,88,0.0,1003.0,5.8,202
2025-08-05 00:00:00,34.0,28.0,88,0.0,1002.6,6.0,207
2025-08-05 01:00:00,28.0,27.7,88,0.0,1002.0,5.6,197
2025-08-05 02:00:00,22.0,27.3,89,0.0,1001.5,3.5,201
2025-08-05 03:00:00,23.0,27.1,89,0.0,1001.4,4.1,209
2025-08-05 04:00:00,24.0,27.2,87,0.0,1001.5,5.4,240
2025-08-05 05:00:00,20.0,27.3,84,0.0,1001.8,7.9,274
2025-08-05 06:00:00,23.0,27.8,80,0.0,1001.8,9.2,264
2025-08-05 07:00:00,22.0,28.1,78,0.0,1002.4,9.5,269
2025-08-05 08:00:00,19.0,28.7,76,0.0,1002.9,6.4,299
2025-08-05 09:00:00,25.0,29.4,75,0.0,1003.3,2.9,266
2025-08-05 10:00:00,26.0,29.7,75,0.1,1004.0,4.4,279
2025-08-05 11:00:00,26.0,28.9,76,0.7,1004.3,12.1,293
2025-08-05 12:00:00,29.0,27.7,85,4.5,1003.9,5.0,249
2025-08-05 13:00:00,22.0,26.0,93,5.8,1003.3,7.5,150
2025-08-05 14:00:00,22.0,27.4,90,0.3,1002.4,5.6,173
2025-08-05 15:00:00,26.0,28.5,86,0.1,1002.0,4.4,192
2025-08-05 16:00:00,25.0,29.0,85,0.0,1002.0,4.1,182
2025-08-05 17:00:00,23.0,28.7,86,0.0,1002.0,2.1,195
2025-08-05 18:00:00,23.0,28.6,86,0.4,1002.7,4.7,148
2025-08-05 19:00:00,18.0,27.9,90,0.0,1003.0,6.0,143
2025-08-05 20:00:00,15.0,27.6,89,0.0,1003.5,5.9,145
2025-08-05 21:00:00,20.0,27.6,87,0.0,1004.1,6.5,152
2025-08-05 22:00:00,22.0,27.5,87,0.0,1004.3,6.8,151
2025-08-05 23:00:00,26.0,27.3,87,0.0,1003.8,6.6,158
2025-08-06 00:00:00,19.0,27.2,88,0.0,1003.6,6.4,164
2025-08-06 01:00:00,25.0,27.1,89,0.0,1003.0,8.1,162
2025-08-06 02:00:00,21.0,26.7,91,0.0,1002.4,6.9,166
2025-08-06 03:00:00,24.0,26.5,92,0.0,1002.6,4.5,180
2025-08-06 04:00:00,25.0,26.5,91,0.0,1003.3,4.8,225
2025-08-06 05:00:00,25.0,26.4,91,0.0,1003.8,3.8,301
2025-08-06 06:00:00,23.0,27.3,82,0.3,1004.1,8.2,255
2025-08-06 07:00:00,24.0,27.2,82,0.4,1004.2,8.0,250
2025-08-06 08:00:00,19.0,27.9,80,0.1,1004.8,7.3,250
2025-08-06 09:00:00,21.0,28.8,76,0.0,1005.1,5.2,250
2025-08-06 10:00:00,22.0,29.5,75,0.0,1005.0,5.0,255
2025-08-06 11:00:00,23.0,30.6,71,0.0,1004.9,4.7,254
2025-08-06 12:00:00,27.0,31.5,69,0.0,1004.4,4.7,261
2025-08-06 13:00:00,28.0,31.2,69,0.1,1003.6,4.9,268
2025-08-06 14:00:00,29.0,31.3,70,0.0,1002.6,4.3,253
2025-08-06 15:00:00,28.0,32.0,68,0.0,1001.6,4.8,245
2025-08-06 16:00:00,30.0,31.8,69,0.0,1000.8,3.2,254
2025-08-06 17:00:00,27.0,30.9,71,0.8,1000.7,8.9,249
2025-08-06 18:00:00,29.0,29.6,79,0.0,1001.6,3.1,310
2025-08-06 19:00:00,26.0,28.9,83,0.0,1002.1,2.9,292
2025-08-06 20:00:00,38.0,28.5,87,0.0,1002.5,2.3,266
2025-08-06 21:00:00,43.0,28.3,88,0.0,1003.2,2.3,274
2025-08-06 22:00:00,41.0,28.1,88,0.0,1003.3,1.0,202
2025-08-06 23:00:00,37.0,27.7,90,0.0,1003.2,3.1,230
2025-08-07 00:00:00,28.0,27.5,89,0.0,1002.9,3.8,211
2025-08-07 01:00:00,26.0,27.3,88,0.0,1002.3,4.4,210
2025-08-07 02:00:00,21.0,27.1,88,0.0,1002.0,4.6,228
2025-08-07 03:00:00,21.0,27.0,86,0.0,1002.2,6.0,263
2025-08-07 04:00:00,23.0,26.8,83,0.0,1002.5,7.2,273
2025-08-07 05:00:00,16.0,26.5,81,0.0,1002.7,7.6,269
2025-08-07 06:00:00,12.0,27.7,77,0.0,1002.6,10.0,279
2025-08-07 07:00:00,16.0,28.3,76,0.0,1003.0,9.9,275
2025-08-07 08:00:00,22.0,29.5,73,0.0,1003.6,8.6,285
2025-08-07 09:00:00,23.0,30.7,70,0.0,1003.7,8.4,285
2025-08-07 10:00:00,19.0,32.1,65,0.0,1003.5,9.8,284
2025-08-07 11:00:00,13.0,33.3,56,0.0,1003.1,11.0,295
2025-08-07 12:00:00,35.0,33.9,54,0.0,1002.5,10.7,293
2025-08-07 13:00:00,17.0,34.3,53,0.0,1001.2,10.8,281
2025-08-07 14:00:00,24.0,34.4,53,0.0,1000.2,11.2,275
2025-08-07 15:00:00,21.0,34.2,54,0.0,999.2,12.1,274
2025-08-07 16:00:00,21.0,34.0,54,0.0,998.7,12.7,277
2025-08-07 17:00:00,17.0,33.3,58,0.0,998.7,9.7,280
2025-08-07 18:00:00,21.0,31.9,66,0.0,999.7,5.6,295
2025-08-07 19:00:00,18.0,30.8,72,0.0,999.8,5.5,281
2025-08-07 20:00:00,25.0,30.2,74,0.0,1000.6,5.1,280
2025-08-07 21:00:00,29.0,29.7,76,0.0,1001.4,4.6,261
2025-08-07 22:00:00,51.0,29.0,79,0.0,1001.8,4.7,263
2025-08-07 23:00:00,25.0,28.6,79,0.0,1001.7,5.4,262
2025-08-08 00:00:00,24.0,28.3,78,0.0,1001.5,7.1,254
2025-08-08 01:00:00,24.0,28.0,77,0.0,1001.2,7.5,260
2025-08-08 02:00:00,20.0,27.8,77,0.0,1001.2,7.1,254
2025-08-08 03:00:00,20.0,27.6,77,0.0,1001.1,9.1,262
2025-08-08 04:00:00,20.0,27.3,76,0.0,1001.5,9.5,270
2025-08-08 05:00:00,24.0,26.9,76,0.0,1001.9,8.6,268
2025-08-08 06:00:00,23.0,28.2,71,0.0,1001.8,11.5,271
2025-08-08 07:00:00,21.0,28.9,68,0.0,1002.3,11.9,268
2025-08-08 08:00:00,22.0,29.7,68,0.0,1002.8,8.3,276
2025-08-08 09:00:00,22.0,31.0,63,0.0,1003.1,10.3,282
2025-08-08 10:00:00,23.0,32.4,59,0.0,1003.4,10.4,279
2025-08-08 11:00:00,32.0,33.0,57,0.0,1003.4,9.6,278
2025-08-08 12:00:00,29.0,32.7,60,0.0,1003.3,8.0,265
2025-08-08 13:00:00,33.0,33.4,58,0.0,1003.0,8.7,265
2025-08-08 14:00:00,31.0,33.7,55,0.0,1002.3,7.9,274
2025-08-08 15:00:00,26.0,33.7,54,0.0,1002.0,7.1,280
2025-08-08 16:00:00,28.0,33.3,55,0.0,1001.8,5.7,279
2025-08-08 17:00:00,27.0,32.9,60,0.0,1002.1,3.3,283
2025-08-08 18:00:00,26.0,32.4,62,0.0,1003.0,4.2,7
2025-08-08 19:00:00,27.0,30.9,71,0.0,1003.6,4.9,33
2025-08-08 20:00:00,30.0,30.2,75,0.0,1004.3,4.8,53
2025-08-08 21:00:00,27.0,29.6,79,0.0,1004.8,3.4,90
2025-08-08 22:00:00,19.0,29.1,80,0.0,1005.4,6.1,113
2025-08-08 23:00:00,18.0,28.3,86,0.0,1005.8,7.7,131
2025-08-09 00:00:00,7.0,28.0,87,0.0,1005.4,5.9,142
2025-08-09 01:00:00,5.0,27.9,87,0.0,1005.0,5.2,131
2025-08-09 02:00:00,13.0,27.8,88,0.0,1004.7,5.6,147
2025-08-09 03:00:00,16.0,27.7,89,0.0,1004.4,3.1,149
2025-08-09 04:00:00,17.0,27.4,89,0.0,1004.9,5.0,116
2025-08-09 05:00:00,30.0,27.2,91,0.0,1005.6,7.1,135
2025-08-09 06:00:00,18.0,27.7,83,0.0,1005.6,5.6,277
2025-08-09 07:00:00,0.0,28.0,82,0.0,1006.2,0.4,90
2025-08-09 08:00:00,13.0,27.8,84,0.4,1006.9,4.9,94
2025-08-09 09:00:00,13.0,27.0,90,7.4,1007.2,1.0,202
2025-08-09 10:00:00,14.0,26.5,90,4.6,1006.8,7.7,303
2025-08-09 11:00:00,19.0,27.6,84,0.3,1007.0,3.5,291
2025-08-09 12:00:00,29.0,28.4,80,0.0,1006.3,4.2,282
2025-08-09 13:00:00,15.0,29.4,77,0.2,1005.5,2.7,270
2025-08-09 14:00:00,19.0,30.4,73,0.0,1004.8,2.8,259
2025-08-09 15:00:00,15.0,30.2,73,0.0,1003.7,4.0,297
2025-08-09 16:00:00,16.0,30.3,72,0.0,1002.9,4.4,322
2025-08-09 17:00:00,19.0,30.1,74,0.0,1003.0,4.0,339
2025-08-09 18:00:00,20.0,27.7,83,0.0,1004.3,3.7,325
2025-08-09 19:00:00,23.0,27.1,87,0.0,1004.5,3.1,310
2025-08-09 20:00:00,22.0,26.9,88,0.0,1004.7,3.7,305
2025-08-09 21:00:00,17.0,26.8,89,0.0,1005.2,3.9,292
2025-08-09 22:00:00,29.0,26.6,91,0.0,1005.1,2.6,295
2025-08-09 23:00:00,38.0,26.5,91,0.0,1005.1,0.9,270
2025-08-10 00:00:00,31.0,26.2,92,0.0,1004.9,0.7,256
2025-08-10 01:00:00,27.0,26.3,93,0.0,1004.6,1.7,302
2025-08-10 02:00:00,27.0,26.4,92,0.0,1004.4,2.3,309
2025-08-10 03:00:00,27.0,26.2,93,0.0,1004.5,1.9,22
2025-08-10 04:00:00,27.0,26.0,93,0.9,1005.0,1.6,6
2025-08-10 05:00:00,28.0,25.9,93,0.1,1005.1,2.4,333
2025-08-10 06:00:00,23.0,26.5,93,0.2,1005.0,1.5,187
2025-08-10 07:00:00,35.0,27.1,92,0.1,1005.1,1.7,342
2025-08-10 08:00:00,40.0,28.2,87,0.0,1005.5,2.1,31
2025-08-10 09:00:00,34.0,28.9,83,0.1,1005.7,2.6,25
2025-08-10 10:00:00,35.0,29.8,79,0.0,1005.5,1.6,354
2025-08-10 11:00:00,27.0,31.0,74,0.1,1005.1,2.3,328
2025-08-10 12:00:00,29.0,31.7,72,0.1,1004.2,3.1,332
2025-08-10 13:00:00,27.0,32.1,72,0.1,1003.4,3.1,280
2025-08-10 14:00:00,32.0,32.4,71,0.1,1002.4,4.0,300
2025-08-10 15:00:00,29.0,32.3,71,0.1,1001.1,5.0,314
2025-08-10 16:00:00,25.0,32.3,69,0.0,1000.4,4.7,320
2025-08-10 17:00:00,30.0,32.0,71,0.0,1000.2,5.4,340
2025-08-10 18:00:00,28.0,31.1,75,0.0,1001.7,3.5,294
2025-08-10 19:00:00,26.0,30.4,81,0.0,1002.0,2.4,283
2025-08-10 20:00:00,27.0,30.0,82,0.0,1002.7,2.2,228
2025-08-10 21:00:00,31.0,29.5,84,0.0,1003.3,2.7,203
2025-08-10 22:00:00,34.0,29.0,86,0.0,1003.3,2.6,192
2025-08-10 23:00:00,26.0,28.5,88,0.0,1003.4,2.9,158
2025-08-11 00:00:00,22.0,28.2,89,0.0,1002.9,3.3,189
2025-08-11 01:00:00,19.0,28.0,87,0.0,1002.5,4.4,212
2025-08-11 02:00:00,22.0,27.7,86,0.0,1002.3,2.6,205
2025-08-11 03:00:00,19.0,27.5,84,0.0,1002.3,4.4,215
2025-08-11 04:00:00,23.0,27.1,86,0.0,1002.5,3.6,225
2025-08-11 05:00:00,27.0,27.0,86,0.0,1003.0,1.8,225
2025-08-11 06:00:00,20.0,28.4,80,0.0,1002.2,9.9,270
2025-08-11 07:00:00,20.0,28.8,78,0.0,1003.0,10.5,273
2025-08-11 08:00:00,22.0,29.7,77,0.0,1003.3,8.6,250
2025-08-11 09:00:00,21.0,30.9,71,0.0,1003.6,10.1,271
2025-08-11 10:00:00,19.0,31.6,68,0.0,1003.5,10.2,277
2025-08-11 11:00:00,19.0,32.6,66,0.0,1003.1,9.3,280
2025-08-11 12:00:00,24.0,33.4,63,0.0,1002.5,8.5,291
2025-08-11 13:00:00,22.0,33.9,61,0.0,1001.4,9.7,299
2025-08-11 14:00:00,21.0,33.9,60,0.0,1000.5,9.6,313
2025-08-11 15:00:00,23.0,32.7,64,0.4,1000.0,7.3,318
2025-08-11 16:00:00,25.0,32.6,66,0.0,999.9,3.6,342
2025-08-11 17:00:00,24.0,31.9,70,0.0,999.9,2.4,333
2025-08-11 18:00:00,26.0,30.8,77,0.0,1001.4,1.8,156
2025-08-11 19:00:00,39.0,29.9,83,0.0,1001.8,4.9,144
2025-08-11 20:00:00,49.0,28.4,90,1.0,1002.8,2.3,299
2025-08-11 21:00:00,48.0,27.7,94,0.6,1003.1,7.5,172
2025-08-11 22:00:00,52.0,27.7,93,0.1,1003.0,6.7,160
2025-08-11 23:00:00,45.0,27.7,94,0.0,1002.9,6.0,171
2025-08-12 00:00:00,41.0,27.6,93,0.0,1002.5,6.7,178
2025-08-12 01:00:00,44.0,27.4,91,0.0,1002.1,6.9,187
2025-08-12 02:00:00,44.0,27.3,88,0.2,1001.8,3.8,177
2025-08-12 03:00:00,17.0,27.2,89,0.3,1001.7,5.0,201
2025-08-12 04:00:00,13.0,26.8,92,0.0,1002.2,0.9,11
2025-08-12 05:00:00,11.0,26.6,94,0.0,1002.2,1.3,135
2025-08-12 06:00:00,23.0,27.5,88,0.0,1003.1,5.6,255
2025-08-12 07:00:00,17.0,27.8,84,0.0,1003.6,5.1,262
2025-08-12 08:00:00,21.0,27.7,83,0.0,1004.0,6.1,223
2025-08-12 09:00:00,20.0,27.7,82,0.0,1004.3,7.0,228
2025-08-12 10:00:00,22.0,28.7,79,0.0,1004.1,6.9,256
2025-08-12 11:00:00,30.0,29.4,76,0.0,1003.4,5.4,291
2025-08-12 12:00:00,25.0,31.3,70,0.0,1002.6,5.2,282
2025-08-12 13:00:00,27.0,32.5,65,0.0,1001.4,6.4,281
2025-08-12 14:00:00,36.0,33.2,63,0.0,1000.4,6.2,291
2025-08-12 15:00:00,32.0,33.4,62,0.0,999.3,6.9,295
2025-08-12 16:00:00,30.0,33.1,63,0.0,998.5,8.2,296
2025-08-12 17:00:00,28.0,32.5,65,0.0,998.1,7.3,290
2025-08-12 18:00:00,27.0,31.4,73,0.0,999.6,3.0,322
2025-08-12 19:00:00,29.0,30.6,78,0.0,1000.1,2.4,312
2025-08-12 20:00:00,32.0,30.1,81,0.0,1000.5,2.8,285
2025-08-12 21:00:00,35.0,29.6,83,0.0,1001.0,3.1,249
2025-08-12 22:00:00,42.0,29.4,84,0.0,1000.9,2.7,222
2025-08-12 23:00:00,39.0,28.9,86,0.0,1001.0,2.6,205
2025-08-13 00:00:00,41.0,28.5,86,0.0,1000.9,4.4,207
2025-08-13 01:00:00,33.0,28.1,87,0.0,1000.4,4.1,236
2025-08-13 02:00:00,37.0,27.9,87,0.0,999.9,4.4,251
2025-08-13 03:00:00,29.0,27.6,87,0.0,999.9,4.7,272
2025-08-13 04:00:00,32.0,27.4,87,0.0,1000.2,4.6,259
2025-08-13 05:00:00,44.0,27.2,86,0.0,1000.4,5.8,250
2025-08-13 06:00:00,47.0,28.3,87,0.0,1001.0,6.7,265
2025-08-13 07:00:00,31.0,28.9,84,0.0,1001.5,5.9,259
2025-08-13 08:00:00,23.0,29.6,79,0.0,1001.6,6.7,268
2025-08-13 09:00:00,22.0,30.7,71,0.0,1001.9,7.6,270
2025-08-13 10:00:00,25.0,31.9,66,0.0,1001.7,8.2,280
2025-08-13 11:00:00,18.0,32.7,62,0.0,1001.4,8.5,287
2025-08-13 12:00:00,23.0,32.8,62,0.0,1000.7,8.6,280
2025-08-13 13:00:00,29.0,33.2,59,0.0,1000.2,7.8,266
2025-08-13 14:00:00,29.0,33.9,57,0.0,999.2,7.7,269
2025-08-13 15:00:00,28.0,33.8,58,0.0,998.5,7.7,269
2025-08-13 16:00:00,23.0,33.4,58,0.0,998.2,6.5,275
2025-08-13 17:00:00,27.0,33.1,61,0.0,998.8,3.8,251
2025-08-13 18:00:00,28.0,32.1,68,0.0,999.9,5.0,289
2025-08-13 19:00:00,34.0,30.9,76,0.0,1000.3,3.4,317
2025-08-13 20:00:00,43.0,30.5,79,0.0,1001.3,2.4,42
2025-08-13 21:00:00,36.0,30.4,81,0.0,1002.0,1.5,76
2025-08-13 22:00:00,35.0,29.9,83,0.0,1002.1,1.9,112
2025-08-13 23:00:00,39.0,29.2,84,0.0,1002.4,3.9,152
2025-08-14 00:00:00,41.0,28.9,84,0.0,1002.2,4.3,147
2025-08-14 01:00:00,26.0,28.6,86,0.0,1002.1,4.7,152
2025-08-14 02:00:00,25.0,28.1,88,0.0,1002.2,4.9,114
2025-08-14 03:00:00,28.0,27.8,89,0.0,1002.5,6.6,116
2025-08-14 04:00:00,14.0,27.4,89,0.0,1002.7,5.8,129
2025-08-14 05:00:00,11.0,26.9,91,0.0,1003.0,5.0,120
2025-08-14 06:00:00,10.0,26.8,98,1.6,1004.2,5.5,171
2025-08-14 07:00:00,13.0,26.9,96,1.1,1004.6,4.9,170
2025-08-14 08:00:00,11.0,27.1,93,1.2,1004.9,2.6,129
2025-08-14 09:00:00,10.0,27.8,91,0.2,1005.8,6.1,122
2025-08-14 10:00:00,6.0,28.7,85,0.1,1005.7,6.2,111
2025-08-14 11:00:00,5.0,28.7,83,0.1,1005.4,4.9,123
2025-08-14 12:00:00,6.0,29.5,81,0.1,1004.7,5.4,120
2025-08-14 13:00:00,5.0,28.1,84,0.7,1004.4,7.9,123
2025-08-14 14:00:00,6.0,27.8,86,1.3,1003.7,5.1,100
2025-08-14 15:00:00,10.0,27.9,88,0.5,1002.6,2.7,67
2025-08-14 16:00:00,13.0,28.6,84,0.1,1001.6,5.1,48
2025-08-14 17:00:00,11.0,28.3,85,0.0,1001.5,5.6,45
2025-08-14 18:00:00,18.0,28.3,85,0.0,1002.9,5.0,30
2025-08-14 19:00:00,27.0,27.4,90,0.0,1003.2,5.2,31
2025-08-14 20:00:00,27.0,27.0,92,0.0,1003.8,3.9,62
2025-08-14 21:00:00,32.0,26.7,94,0.0,1004.4,2.7,70
2025-08-14 22:00:00,38.0,26.6,95,0.0,1004.5,2.8,108
2025-08-14 23:00:00,35.0,26.3,96,0.0,1004.4,2.6,129
2025-08-15 00:00:00,31.0,26.2,96,0.0,1004.0,3.9,133
2025-08-15 01:00:00,26.0,26.2,95,0.0,1003.7,4.2,115
2025-08-15 02:00:00,15.0,26.0,95,0.0,1003.4,4.0,100
2025-08-15 03:00:00,24.0,25.7,96,0.0,1003.2,5.5,67
2025-08-15 04:00:00,24.0,25.4,97,0.0,1003.2,5.2,59
2025-08-15 05:00:00,56.0,25.3,98,0.0,1003.5,4.2,70
2025-08-15 06:00:00,46.0,26.1,95,0.6,1004.0,7.1,97
2025-08-15 07:00:00,48.0,26.7,95,0.1,1004.2,3.2,137
2025-08-15 08:00:00,56.0,27.9,88,0.0,1004.2,1.9,124
2025-08-15 09:00:00,55.0,29.3,82,0.1,1004.5,3.6,135
2025-08-15 10:00:00,54.0,30.1,79,0.2,1004.2,3.2,153
2025-08-15 11:00:00,45.0,30.8,76,0.2,1003.8,3.1,193
2025-08-15 12:00:00,33.0,31.5,73,0.2,1003.2,2.4,207
2025-08-15 13:00:00,33.0,31.7,73,0.2,1002.1,0.8,207
2025-08-15 14:00:00,22.0,31.5,74,0.1,1001.0,0.8,153
2025-08-15 15:00:00,21.0,30.4,77,1.3,1000.0,4.2,95
2025-08-15 16:00:00,35.0,30.6,78,0.2,999.3,3.0,65
2025-08-15 17:00:00,43.0,30.3,80,0.0,999.1,4.1,90
2025-08-15 18:00:00,49.0,29.8,81,0.0,1000.0,3.0,57
2025-08-15 19:00:00,41.0,29.0,85,0.0,1000.5,3.1,69
2025-08-15 20:00:00,48.0,28.6,88,0.0,1001.4,2.5,111
2025-08-15 21:00:00,58.0,28.4,88,0.0,1002.2,4.3,138
2025-08-15 22:00:00,64.0,28.0,89,0.0,1002.1,4.5,143
2025-08-15 23:00:00,66.0,27.6,92,0.0,1002.2,4.8,151
2025-08-16 00:00:00,59.0,27.3,94,0.0,1002.3,4.5,137
2025-08-16 01:00:00,54.0,27.1,95,0.0,1002.0,4.5,113
2025-08-16 02:00:00,51.0,26.8,97,0.0,1001.7,4.7,94
2025-08-16 03:00:00,52.0,26.7,97,0.0,1001.6,4.9,86
2025-08-16 04:00:00,46.0,26.5,98,0.0,1001.7,3.1,77
2025-08-16 05:00:00,40.0,26.3,98,0.0,1001.9,2.9,101
2025-08-16 06:00:00,43.0,27.4,97,0.0,1001.7,4.8,121
2025-08-16 07:00:00,48.0,28.2,93,0.0,1002.3,3.9,118
2025-08-16 08:00:00,40.0,29.2,88,0.0,1002.7,3.7,119
2025-08-16 09:00:00,32.0,29.8,81,0.2,1003.1,6.6,116
2025-08-16 10:00:00,31.0,30.1,80,0.1,1002.9,5.6,155
2025-08-16 11:00:00,35.0,28.9,80,2.0,1003.0,7.0,136
2025-08-16 12:00:00,36.0,29.0,82,0.5,1002.2,1.7,131
2025-08-16 13:00:00,29.0,30.2,80,0.0,1001.1,1.2,153
2025-08-16 14:00:00,34.0,30.9,75,0.1,1000.0,1.3,172
2025-08-16 15:00:00,39.0,31.2,74,0.0,998.7,0.9,127
2025-08-16 16:00:00,46.0,31.1,75,0.0,998.1,3.5,28
2025-08-16 17:00:00,30.0,30.9,76,0.0,998.2,4.1,45
2025-08-16 18:00:00,40.0,28.8,88,0.0,999.3,4.8,27
2025-08-16 19:00:00,43.0,28.3,90,0.0,999.9,5.6,68
2025-08-16 20:00:00,43.0,28.3,91,0.0,1000.8,4.5,67
2025-08-16 21:00:00,44.0,28.2,92,0.0,1001.6,5.5,71
2025-08-16 22:00:00,43.0,28.1,92,0.0,1002.0,5.2,84
2025-08-16 23:00:00,42.0,27.8,92,0.0,1002.4,5.6,84
2025-08-17 00:00:00,40.0,27.6,92,0.0,1002.4,5.6,94
2025-08-17 01:00:00,41.0,27.5,92,0.0,1002.1,5.0,88
2025-08-17 02:00:00,39.0,27.4,92,0.0,1002.1,5.1,96
2025-08-17 03:00:00,33.0,27.3,92,0.0,1001.9,5.2,102
2025-08-17 04:00:00,33.0,27.3,93,0.0,1002.1,4.7,106
2025-08-17 05:00:00,28.0,27.4,93,0.0,1002.6,3.9,103
2025-08-17 06:00:00,25.0,27.6,93,0.0,1002.8,5.9,55
2025-08-17 07:00:00,24.0,27.5,93,0.0,1003.3,6.8,48
2025-08-17 08:00:00,26.0,27.8,91,0.2,1003.2,5.8,74
2025-08-17 09:00:00,28.0,29.6,85,0.0,1003.6,4.8,59
2025-08-17 10:00:00,24.0,31.3,78,0.1,1003.7,6.6,101
2025-08-17 11:00:00,25.0,31.4,75,2.3,1003.7,10.6,90
2025-08-17 12:00:00,18.0,27.8,89,2.5,1003.2,8.8,90
2025-08-17 13:00:00,36.0,29.1,85,0.3,1002.1,3.2,87
2025-08-17 14:00:00,28.0,30.7,80,0.0,1000.9,3.5,75
2025-08-17 15:00:00,11.0,31.6,75,0.0,1000.1,4.4,60
2025-08-17 16:00:00,21.0,31.8,73,0.0,999.6,4.9,73
2025-08-17 17:00:00,25.0,31.4,74,0.0,999.8,6.7,87
2025-08-17 18:00:00,24.0,30.2,81,0.0,1001.0,7.4,86
2025-08-17 19:00:00,21.0,29.1,88,0.0,1001.3,6.1,76
2025-08-17 20:00:00,28.0,28.7,90,0.0,1001.9,4.5,67
2025-08-17 21:00:00,32.0,28.5,90,0.0,1003.1,4.5,53
2025-08-17 22:00:00,44.0,28.3,91,0.0,1003.8,5.3,66
2025-08-17 23:00:00,51.0,28.2,90,0.0,1004.4,6.3,72
2025-08-18 00:00:00,48.0,28.0,90,0.0,1004.3,6.4,80
2025-08-18 01:00:00,34.0,27.7,91,0.0,1004.3,5.9,90
2025-08-18 02:00:00,28.0,27.6,92,0.0,1003.9,6.3,105
2025-08-18 03:00:00,28.0,27.5,93,0.0,1003.6,7.5,107
2025-08-18 04:00:00,27.0,27.3,94,0.0,1003.7,6.6,99
2025-08-18 05:00:00,22.0,27.2,94,0.0,1004.4,7.4,103
2025-08-18 06:00:00,27.0,28.0,91,0.0,1004.3,8.5,107
2025-08-18 07:00:00,35.0,28.4,90,0.0,1005.0,7.6,87
2025-08-18 08:00:00,31.0,27.9,88,4.9,1005.9,13.3,103
2025-08-18 09:00:00,39.0,28.4,87,0.2,1006.5,9.4,98
2025-08-18 10:00:00,45.0,30.0,81,0.1,1006.1,9.0,95
2025-08-18 11:00:00,47.0,31.0,76,0.1,1005.4,10.1,96
2025-08-18 12:00:00,47.0,31.4,73,0.2,1004.9,9.6,94
2025-08-18 13:00:00,26.0,31.7,71,0.0,1003.9,8.7,83
2025-08-18 14:00:00,27.0,32.1,66,0.0,1002.6,8.9,81
2025-08-18 15:00:00,18.0,32.0,68,0.0,1001.6,9.3,80
2025-08-18 16:00:00,10.0,31.6,71,0.0,1000.8,8.6,79
2025-08-18 17:00:00,16.0,30.8,75,0.0,1000.6,8.5,63
2025-08-18 18:00:00,17.0,30.7,75,0.0,1001.9,6.6,77
2025-08-18 19:00:00,21.0,29.4,80,0.0,1002.3,6.5,87
2025-08-18 20:00:00,29.0,28.9,83,0.0,1003.0,6.5,84
2025-08-18 21:00:00,27.0,28.6,85,0.0,1003.9,5.9,90
2025-08-18 22:00:00,26.0,28.4,87,0.0,1004.2,6.2,83
2025-08-18 23:00:00,33.0,28.1,89,0.0,1004.1,7.0,93
2025-08-19 00:00:00,37.0,27.7,89,0.0,1003.8,7.5,105
2025-08-19 01:00:00,36.0,27.4,89,0.0,1003.4,6.8,101
2025-08-19 02:00:00,25.0,27.2,89,0.0,1003.0,6.2,98
2025-08-19 03:00:00,41.0,27.1,90,0.0,1002.9,4.7,83
2025-08-19 04:00:00,22.0,27.0,91,0.0,1002.7,5.4,82
2025-08-19 05:00:00,22.0,26.7,92,0.0,1002.7,6.5,92
2025-08-19 06:00:00,32.0,27.9,91,0.0,1003.6,5.2,86
2025-08-19 07:00:00,32.0,28.7,90,0.0,1003.8,5.4,94
2025-08-19 08:00:00,29.0,29.8,85,0.1,1003.8,6.8,88
2025-08-19 09:00:00,23.0,30.8,80,0.2,1004.1,7.7,102
2025-08-19 10:00:00,18.0,32.1,72,0.1,1003.8,7.2,104
2025-08-19 11:00:00,21.0,30.8,75,4.2,1003.9,9.4,150
2025-08-19 12:00:00,20.0,31.9,68,0.1,1003.0,7.2,141
2025-08-19 13:00:00,16.0,30.5,74,0.6,1002.5,11.0,116
2025-08-19 14:00:00,9.0,31.0,75,0.1,1001.3,2.9,101
2025-08-19 15:00:00,13.0,31.6,71,0.0,999.9,4.2,50
2025-08-19 16:00:00,20.0,31.6,68,0.0,999.2,5.7,55
2025-08-19 17:00:00,20.0,31.5,68,0.0,998.8,5.9,63
2025-08-19 18:00:00,17.0,29.6,81,0.0,1000.7,7.2,28
2025-08-19 19:00:00,27.0,29.1,85,0.0,1000.9,7.6,38
2025-08-19 20:00:00,25.0,28.8,86,0.0,1001.6,7.2,53
2025-08-19 21:00:00,27.0,28.7,87,0.0,1002.4,7.0,69
2025-08-19 22:00:00,31.0,28.5,87,0.0,1002.7,7.2,87
2025-08-19 23:00:00,34.0,28.3,86,0.0,1003.0,8.3,104
2025-08-20 00:00:00,28.0,27.9,86,0.0,1002.7,8.0,108
2025-08-20 01:00:00,36.0,27.5,87,0.0,1002.5,7.6,104
2025-08-20 02:00:00,23.0,27.3,88,0.0,1002.3,7.3,99
2025-08-20 03:00:00,19.0,27.0,89,0.0,1002.6,6.1,95
2025-08-20 04:00:00,21.0,26.8,90,0.0,1002.7,5.8,85
2025-08-20 05:00:00,15.0,26.6,91,0.0,1003.0,6.7,63
2025-08-20 06:00:00,31.0,27.9,90,1.1,1003.0,8.7,95
2025-08-20 07:00:00,30.0,27.9,90,1.8,1003.2,11.3,121
2025-08-20 08:00:00,35.0,28.4,87,1.1,1003.7,8.6,110
2025-08-20 09:00:00,23.0,29.0,81,0.1,1003.8,8.3,110
2025-08-20 10:00:00,16.0,30.3,73,0.1,1003.8,10.2,97
2025-08-20 11:00:00,14.0,30.6,71,0.3,1003.2,11.6,98
2025-08-20 12:00:00,18.0,31.6,68,0.3,1002.1,10.6,101
2025-08-20 13:00:00,14.0,32.2,64,0.1,1000.8,10.4,99
2025-08-20 14:00:00,10.0,32.7,62,0.1,999.5,10.5,96
2025-08-20 15:00:00,10.0,32.3,64,0.1,998.5,10.7,82
2025-08-20 16:00:00,9.0,31.4,70,0.1,998.3,8.8,95
2025-08-20 17:00:00,13.0,30.7,73,0.1,998.4,9.2,87
2025-08-20 18:00:00,15.0,31.0,71,0.0,999.9,8.5,85
2025-08-20 19:00:00,17.0,30.1,76,0.0,1000.3,8.2,100
2025-08-20 20:00:00,23.0,29.7,78,0.0,1001.1,9.2,107
2025-08-20 21:00:00,26.0,29.3,81,0.0,1002.0,8.4,101
2025-08-20 22:00:00,16.0,28.8,84,0.0,1002.3,7.4,94
2025-08-20 23:00:00,19.0,28.4,87,0.0,1003.2,6.9,96
2025-08-21 00:00:00,15.0,28.0,89,0.0,1003.3,6.3,95
2025-08-21 01:00:00,15.0,27.8,90,0.0,1003.2,6.7,74
2025-08-21 02:00:00,45.0,27.6,90,0.0,1002.7,7.3,67
2025-08-21 03:00:00,23.0,26.6,90,9.7,1003.2,2.4,171
2025-08-21 04:00:00,27.0,25.1,98,9.0,1003.2,5.0,334
2025-08-21 05:00:00,19.0,25.2,98,0.4,1003.5,3.2,43
2025-08-21 06:00:00,23.0,26.6,90,0.1,1003.7,5.9,59
2025-08-21 07:00:00,26.0,27.4,86,0.0,1003.8,5.6,50
2025-08-21 08:00:00,29.0,29.0,81,0.0,1003.8,7.4,86
2025-08-21 09:00:00,31.0,30.6,72,0.0,1003.5,9.2,96
2025-08-21 10:00:00,22.0,31.9,64,0.1,1003.3,12.3,97
2025-08-21 11:00:00,25.0,32.4,62,0.0,1002.8,11.4,105
2025-08-21 12:00:00,27.0,33.2,59,0.1,1002.0,10.4,110
2025-08-21 13:00:00,26.0,33.5,59,0.1,1001.0,9.0,112
2025-08-21 14:00:00,27.0,33.6,57,0.0,999.9,8.0,104
2025-08-21 15:00:00,19.0,33.9,57,0.0,998.9,7.3,106
2025-08-21 16:00:00,12.0,32.2,63,0.6,998.8,8.1,115
2025-08-21 17:00:00,12.0,31.9,64,0.0,998.0,3.2,109
2025-08-21 18:00:00,22.0,31.6,69,0.0,999.4,2.9,101
2025-08-21 19:00:00,22.0,31.2,72,0.0,1000.2,2.5,94
2025-08-21 20:00:00,25.0,30.7,77,0.0,1001.1,3.1,126
2025-08-21 21:00:00,23.0,30.2,82,0.0,1001.6,2.3,141
2025-08-21 22:00:00,35.0,29.7,86,0.0,1001.7,1.3,124
2025-08-21 23:00:00,29.0,29.3,88,0.0,1001.7,1.2,51
2025-08-22 00:00:00,28.0,28.9,88,0.0,1002.0,2.8,72
2025-08-22 01:00:00,36.0,28.4,88,0.0,1001.3,5.6,61
2025-08-22 02:00:00,39.0,27.7,88,0.0,1000.7,6.3,85
2025-08-22 03:00:00,29.0,27.2,90,0.0,1001.0,4.7,108
2025-08-22 04:00:00,35.0,25.9,94,2.1,1001.0,6.2,102
2025-08-22 05:00:00,32.0,25.6,94,0.1,1001.1,4.2,160
2025-08-22 06:00:00,48.0,28.0,92,0.0,1000.4,3.0,25
2025-08-22 07:00:00,64.0,28.7,86,0.0,1000.7,3.7,35
2025-08-22 08:00:00,88.0,30.0,78,0.1,1000.7,1.1,72
2025-08-22 09:00:00,74.0,31.3,71,0.0,1000.8,2.1,110
2025-08-22 10:00:00,57.0,32.6,64,0.1,1000.8,4.0,120
2025-08-22 11:00:00,42.0,33.7,58,0.1,1000.1,4.8,110
2025-08-22 12:00:00,32.0,34.5,54,0.1,999.5,5.1,96
2025-08-22 13:00:00,19.0,34.2,55,0.2,998.6,5.6,88
2025-08-22 14:00:00,23.0,33.9,55,0.1,997.4,4.3,62
2025-08-22 15:00:00,38.0,34.5,53,0.0,996.0,4.6,42
2025-08-22 16:00:00,31.0,34.3,52,0.0,995.7,6.9,49
2025-08-22 17:00:00,39.0,33.7,55,0.0,995.9,6.1,60
2025-08-22 18:00:00,34.0,32.4,65,0.0,997.2,7.2,152
2025-08-22 19:00:00,34.0,31.6,69,0.0,998.3,5.1,163
2025-08-22 20:00:00,43.0,30.9,73,0.0,999.1,2.9,150
2025-08-22 21:00:00,48.0,30.1,76,0.4,1000.4,4.6,132
2025-08-22 22:00:00,49.0,29.5,82,0.0,1000.6,7.5,130
2025-08-22 23:00:00,39.0,28.9,85,0.0,1000.5,5.6,121
2025-08-23 00:00:00,36.0,28.3,88,0.0,1000.1,6.8,117
2025-08-23 01:00:00,43.0,27.8,88,0.0,999.6,5.2,112
2025-08-23 02:00:00,45.0,27.5,90,0.3,999.3,4.3,92
2025-08-23 03:00:00,41.0,26.5,93,1.9,999.5,1.5,45
2025-08-23 04:00:00,25.0,25.9,98,0.4,999.7,1.8,294
2025-08-23 05:00:00,18.0,25.8,97,0.2,1000.1,2.3,18
2025-08-23 06:00:00,19.0,26.5,93,0.0,999.8,2.5,60
2025-08-23 07:00:00,23.0,27.4,89,0.0,1000.1,2.5,69
2025-08-23 08:00:00,29.0,28.9,82,0.0,1000.7,4.2,100
2025-08-23 09:00:00,27.0,30.2,74,0.1,1000.9,7.0,100
2025-08-23 10:00:00,25.0,31.5,69,0.1,1001.2,7.1,105
2025-08-23 11:00:00,24.0,32.1,65,0.0,1000.5,6.3,85
2025-08-23 12:00:00,24.0,33.0,61,0.0,999.7,6.5,82
2025-08-23 13:00:00,27.0,30.0,73,1.6,999.1,8.0,98
2025-08-23 14:00:00,22.0,31.8,69,0.4,997.5,1.9,49
2025-08-23 15:00:00,17.0,30.2,73,0.7,997.5,11.1,78
2025-08-23 16:00:00,17.0,29.6,77,0.2,997.2,2.2,104
2025-08-23 17:00:00,14.0,29.1,80,0.1,997.5,0.2,90
2025-08-23 18:00:00,10.0,28.1,86,0.3,998.8,2.6,65
2025-08-23 19:00:00,9.0,27.6,89,0.4,999.5,4.7,32
2025-08-23 20:00:00,17.0,27.2,92,0.0,1000.3,6.3,59
2025-08-23 21:00:00,27.0,26.7,93,0.2,1001.0,7.1,69
2025-08-23 22:00:00,34.0,26.6,93,0.1,1001.3,6.4,74
2025-08-23 23:00:00,44.0,26.4,94,0.0,1000.8,6.1,78
2025-08-24 00:00:00,67.0,26.3,95,0.0,1000.9,4.5,97
2025-08-24 01:00:00,42.0,26.2,95,0.0,1000.2,3.4,74
2025-08-24 02:00:00,39.0,26.1,95,0.0,999.8,5.8,86
2025-08-24 03:00:00,16.0,26.0,95,0.0,1000.0,3.5,105
2025-08-24 04:00:00,31.0,26.0,95,0.0,1000.1,6.7,90
2025-08-24 05:00:00,30.0,25.9,95,0.0,1000.2,5.5,101
2025-08-24 06:00:00,24.0,26.3,92,0.0,1000.8,6.6,123
2025-08-24 07:00:00,28.0,27.0,89,0.0,1001.2,5.1,132
2025-08-24 08:00:00,31.0,28.3,85,0.0,1001.4,9.2,123
2025-08-24 09:00:00,21.0,29.5,79,0.1,1002.0,9.8,122
2025-08-24 10:00:00,12.0,30.5,75,0.1,1002.2,9.9,112
2025-08-24 11:00:00,13.0,31.6,70,0.2,1001.9,11.2,109
2025-08-24 12:00:00,17.0,29.5,78,3.6,1001.4,6.9,120
2025-08-24 13:00:00,15.0,31.2,73,0.0,1000.2,6.8,48
2025-08-24 14:00:00,8.0,28.6,82,2.9,999.4,8.8,85
2025-08-24 15:00:00,12.0,29.6,79,0.1,998.6,9.1,27
2025-08-24 16:00:00,7.0,29.3,82,0.3,998.4,7.2,89
2025-08-24 17:00:00,6.0,26.5,91,8.1,999.4,11.7,80
2025-08-24 18:00:00,17.0,28.7,82,0.0,999.7,9.0,125
2025-08-24 19:00:00,17.0,28.0,84,0.1,1000.3,7.7,121
2025-08-24 20:00:00,15.0,27.5,88,0.0,1000.8,4.3,75
2025-08-24 21:00:00,17.0,27.3,89,0.0,1001.1,4.9,73
2025-08-24 22:00:00,20.0,26.7,88,0.8,1001.6,7.0,64
2025-08-24 23:00:00,18.0,26.0,91,0.2,1001.8,12.9,75
2025-08-25 00:00:00,16.0,25.3,93,0.3,1001.7,9.5,80
2025-08-25 01:00:00,13.0,25.3,93,0.3,1000.8,9.3,99
2025-08-25 02:00:00,9.0,25.3,93,0.8,1000.6,9.0,102
2025-08-25 03:00:00,9.0,24.9,95,2.8,1000.6,9.7,121
2025-08-25 04:00:00,11.0,24.9,95,0.2,1000.5,9.5,129
2025-08-25 05:00:00,13.0,24.8,95,1.5,1000.8,12.3,104
2025-08-25 06:00:00,23.0,25.4,95,1.2,1000.1,11.4,121
2025-08-25 07:00:00,20.0,25.9,93,0.7,1000.5,10.9,117
2025-08-25 08:00:00,24.0,26.7,91,0.3,1000.8,16.3,112
2025-08-25 09:00:00,15.0,27.5,87,0.1,1001.4,13.4,114
2025-08-25 10:00:00,18.0,28.8,79,0.2,1001.0,15.6,111
2025-08-25 11:00:00,27.0,29.5,76,0.2,1000.6,17.1,112
2025-08-25 12:00:00,32.0,29.6,78,0.6,999.9,13.3,113
2025-08-25 13:00:00,28.0,29.3,77,0.3,998.5,14.5,107
2025-08-25 14:00:00,33.0,28.7,80,0.2,998.1,14.1,100
2025-08-25 15:00:00,29.0,29.4,77,0.3,997.1,12.5,115
2025-08-25 16:00:00,18.0,27.3,86,8.0,997.2,9.7,135
2025-08-25 17:00:00,17.0,26.9,90,0.4,997.5,5.2,92
2025-08-25 18:00:00,15.0,27.7,86,0.0,998.4,9.2,107
2025-08-25 19:00:00,27.0,27.4,87,0.1,999.0,10.1,112
2025-08-25 20:00:00,20.0,27.1,88,0.1,999.8,10.7,115
2025-08-25 21:00:00,13.0,26.8,89,0.0,1000.8,10.2,113
2025-08-25 22:00:00,14.0,26.3,91,0.3,1001.2,13.2,124
2025-08-25 23:00:00,12.0,26.2,93,0.2,1001.4,11.2,125
2025-08-26 00:00:00,12.0,26.0,94,0.0,1001.5,10.9,130
2025-08-26 01:00:00,7.0,25.7,95,0.6,1001.4,14.2,131
2025-08-26 02:00:00,7.0,25.2,94,0.3,1001.3,13.0,118
2025-08-26 03:00:00,3.0,25.5,94,0.1,1001.4,16.6,124
2025-08-26 04:00:00,3.0,25.5,94,0.3,1001.6,16.0,125
2025-08-26 05:00:00,6.0,25.4,95,0.1,1002.1,13.5,128
2025-08-26 06:00:00,18.0,26.1,93,0.1,1002.3,11.8,118
2025-08-26 07:00:00,14.0,26.0,87,2.7,1003.5,15.6,126
2025-08-26 08:00:00,17.0,26.5,91,0.6,1003.5,18.6,127
2025-08-26 09:00:00,14.0,27.7,88,0.3,1004.3,13.5,128
2025-08-26 10:00:00,14.0,29.2,80,0.1,1004.4,15.0,133
2025-08-26 11:00:00,10.0,29.5,77,0.2,1004.2,13.0,127
2025-08-26 12:00:00,10.0,29.7,75,0.0,1003.0,12.5,130
2025-08-26 13:00:00,17.0,30.3,75,0.3,1002.5,12.2,137
2025-08-26 14:00:00,16.0,28.6,81,1.5,1002.1,11.6,129
2025-08-26 15:00:00,14.0,29.2,81,0.1,1000.9,7.7,129
2025-08-26 16:00:00,5.0,29.7,80,0.0,1000.2,7.6,117
2025-08-26 17:00:00,4.0,29.7,79,0.0,1000.7,7.4,122
2025-08-26 18:00:00,4.0,27.9,89,0.0,1001.7,3.1,135
2025-08-26 19:00:00,5.0,27.3,90,0.0,1002.5,6.7,110
2025-08-26 20:00:00,9.0,26.8,92,0.3,1002.8,8.0,126
2025-08-26 21:00:00,16.0,26.5,93,0.0,1003.6,5.1,117
2025-08-26 22:00:00,31.0,26.5,94,0.0,1003.7,7.7,115
2025-08-26 23:00:00,25.0,26.3,95,0.0,1003.8,7.3,118
2025-08-27 00:00:00,26.0,26.1,95,0.0,1003.8,7.5,110
2025-08-27 01:00:00,28.0,25.9,96,0.0,1003.2,7.3,106
2025-08-27 02:00:00,26.0,25.7,96,0.0,1002.9,6.2,112
2025-08-27 03:00:00,61.0,25.5,98,0.0,1002.8,6.7,117
2025-08-27 04:00:00,33.0,25.4,98,0.1,1003.0,3.6,108
2025-08-27 05:00:00,31.0,25.3,97,0.0,1003.2,5.6,105
2025-08-27 06:00:00,36.0,26.3,96,0.1,1003.2,6.1,114
2025-08-27 07:00:00,48.0,27.1,93,0.6,1003.8,2.3,135
2025-08-27 08:00:00,41.0,27.5,85,1.1,1004.1,6.0,151
2025-08-27 09:00:00,38.0,28.5,84,0.1,1004.4,8.1,119
2025-08-27 10:00:00,22.0,29.8,80,0.0,1004.2,6.5,132
2025-08-27 11:00:00,8.0,30.9,77,0.0,1003.6,6.1,146
2025-08-27 12:00:00,6.0,31.4,75,0.2,1002.7,6.7,142
2025-08-27 13:00:00,15.0,32.0,71,0.0,1001.8,5.5,139
2025-08-27 14:00:00,6.0,32.6,69,0.0,1000.7,4.9,144
2025-08-27 15:00:00,18.0,32.6,69,0.0,999.6,4.1,151
2025-08-27 16:00:00,18.0,32.5,68,0.0,998.7,3.3,135
2025-08-27 17:00:00,14.0,31.7,71,0.0,998.6,3.8,115
2025-08-27 18:00:00,16.0,29.0,84,0.0,1000.4,1.0,68
2025-08-27 19:00:00,19.0,28.5,89,0.0,1001.0,1.9,29
2025-08-27 20:00:00,28.0,28.4,91,0.0,1001.9,1.3,146
2025-08-27 21:00:00,30.0,28.2,92,0.0,1002.7,2.1,75
2025-08-27 22:00:00,32.0,27.7,93,0.0,1003.0,8.3,101
2025-08-27 23:00:00,29.0,27.2,92,0.2,1003.2,5.9,153
2025-08-28 00:00:00,23.0,27.0,94,0.1,1002.8,5.2,119
2025-08-28 01:00:00,33.0,26.3,96,0.3,1002.6,6.5,62
2025-08-28 02:00:00,29.0,26.1,95,1.1,1002.7,5.9,130
2025-08-28 03:00:00,38.0,26.1,96,0.2,1002.5,5.1,98
2025-08-28 04:00:00,50.0,25.7,98,0.0,1002.4,2.2,76
2025-08-28 05:00:00,42.0,25.8,96,0.0,1002.6,4.5,146
2025-08-28 06:00:00,52.0,26.9,93,0.0,1003.0,6.7,90
2025-08-28 07:00:00,96.0,27.3,93,0.0,1003.5,4.0,90
2025-08-28 08:00:00,68.0,28.3,89,0.0,1003.7,4.4,97
2025-08-28 09:00:00,62.0,29.7,81,0.0,1003.5,6.6,111
2025-08-28 10:00:00,44.0,30.9,77,0.0,1003.4,6.1,122
2025-08-28 11:00:00,64.0,31.6,75,0.1,1002.6,6.0,131
2025-08-28 12:00:00,48.0,32.1,73,0.1,1001.6,5.8,144
2025-08-28 13:00:00,33.0,32.2,73,0.1,1000.6,5.5,153
2025-08-28 14:00:00,28.0,32.5,71,0.0,999.3,4.8,155
2025-08-28 15:00:00,24.0,32.7,70,0.0,998.3,4.1,167
2025-08-28 16:00:00,30.0,32.1,71,0.0,997.8,4.0,190
2025-08-28 17:00:00,42.0,30.2,76,0.8,998.3,4.5,265
2025-08-28 18:00:00,38.0,29.0,86,0.7,1000.0,7.9,120
2025-08-28 19:00:00,40.0,28.9,90,0.0,1000.5,8.6,129
2025-08-28 20:00:00,46.0,28.6,90,0.0,1001.8,6.5,166
2025-08-28 21:00:00,49.0,28.3,91,0.0,1002.7,4.5,173
2025-08-28 22:00:00,50.0,26.8,93,8.6,1003.4,6.0,53
2025-08-28 23:00:00,48.0,25.5,97,9.4,1003.5,7.0,90
2025-08-29 00:00:00,49.0,25.9,96,0.2,1003.2,6.1,118
2025-08-29 01:00:00,48.0,26.1,96,0.1,1002.4,7.7,102
2025-08-29 02:00:00,37.0,26.1,95,1.2,1002.2,8.1,114
2025-08-29 03:00:00,49.0,25.8,96,0.8,1002.1,1.9,41
2025-08-29 04:00:00,62.0,25.0,99,5.8,1002.7,1.3,16
2025-08-29 05:00:00,47.0,25.2,97,1.2,1003.0,3.6,70
2025-08-29 06:00:00,46.0,27.4,95,0.0,1003.1,7.6,118
2025-08-29 07:00:00,48.0,27.1,89,1.9,1003.9,12.1,131
2025-08-29 08:00:00,38.0,27.6,91,0.1,1003.9,10.3,136
2025-08-29 09:00:00,26.0,28.5,86,0.0,1004.2,9.9,143
2025-08-29 10:00:00,12.0,29.1,87,0.1,1003.8,7.8,124
2025-08-29 11:00:00,12.0,30.1,83,0.1,1003.7,7.3,140
2025-08-29 12:00:00,43.0,31.1,78,0.2,1003.1,9.0,134
2025-08-29 13:00:00,52.0,31.5,72,0.1,1002.1,7.1,131
2025-08-29 14:00:00,23.0,29.7,79,0.6,1001.4,12.5,105
2025-08-29 15:00:00,25.0,29.3,82,0.1,1000.8,7.4,96
2025-08-29 16:00:00,14.0,29.3,81,0.0,1001.1,8.6,120
2025-08-29 17:00:00,22.0,29.1,82,0.0,1001.1,8.5,97
2025-08-29 18:00:00,27.0,28.5,84,0.0,1002.1,7.5,101
2025-08-29 19:00:00,23.0,28.0,86,0.0,1003.3,7.0,90
2025-08-29 20:00:00,25.0,27.6,88,0.0,1004.2,7.4,89
2025-08-29 21:00:00,28.0,27.2,89,0.0,1004.7,7.8,97
2025-08-29 22:00:00,29.0,27.0,90,0.0,1005.5,7.5,98
2025-08-29 23:00:00,29.0,26.9,91,0.0,1005.9,7.4,93
2025-08-30 00:00:00,18.0,26.6,92,0.0,1005.6,7.9,94
2025-08-30 01:00:00,19.0,26.5,93,0.0,1005.2,8.5,92
2025-08-30 02:00:00,13.0,26.4,93,0.0,1005.2,7.6,108
2025-08-30 03:00:00,19.0,26.3,93,0.0,1004.8,8.7,95
2025-08-30 04:00:00,15.0,26.2,93,0.0,1005.0,7.5,107
2025-08-30 05:00:00,14.0,26.1,94,0.0,1005.2,8.4,97
2025-08-30 06:00:00,18.0,26.6,93,0.1,1005.7,11.3,99
2025-08-30 07:00:00,27.0,26.7,89,0.1,1006.4,10.0,104
2025-08-30 08:00:00,32.0,27.2,89,0.0,1006.1,12.4,121
2025-08-30 09:00:00,23.0,28.2,85,0.0,1006.2,10.2,120
2025-08-30 10:00:00,25.0,29.3,80,0.1,1006.4,10.2,122
2025-08-30 11:00:00,26.0,30.3,74,0.1,1005.9,8.5,118
2025-08-30 12:00:00,26.0,31.1,70,0.1,1005.1,6.9,113
2025-08-30 13:00:00,25.0,31.5,68,0.0,1003.9,6.9,110
2025-08-30 14:00:00,27.0,31.8,67,0.0,1002.8,6.3,117
2025-08-30 15:00:00,21.0,32.0,65,0.0,1002.1,6.2,116
2025-08-30 16:00:00,20.0,31.6,67,0.0,1001.7,6.7,98
2025-08-30 17:00:00,12.0,30.5,73,0.0,1001.4,5.9,101
2025-08-30 18:00:00,14.0,29.7,79,0.0,1003.0,5.6,94
2025-08-30 19:00:00,20.0,29.0,83,0.0,1003.3,5.1,84
2025-08-30 20:00:00,19.0,28.6,85,0.0,1004.5,5.6,86
2025-08-30 21:00:00,34.0,28.2,87,0.0,1005.1,6.3,97
2025-08-30 22:00:00,39.0,27.9,88,0.0,1005.0,6.4,100
2025-08-30 23:00:00,38.0,27.6,89,0.0,1004.9,5.9,101
2025-08-31 00:00:00,29.0,27.2,91,0.0,1004.5,5.5,101
2025-08-31 01:00:00,34.0,27.0,92,0.0,1004.3,5.8,104
2025-08-31 02:00:00,26.0,26.7,93,0.0,1003.4,8.8,105
2025-08-31 03:00:00,26.0,25.9,94,0.1,1002.4,8.6,123
2025-08-31 04:00:00,28.0,24.9,96,3.6,1003.7,7.3,115
2025-08-31 05:00:00,35.0,24.5,97,0.4,1004.4,14.3,118
2025-08-31 06:00:00,31.0,25.7,95,0.1,1003.2,8.9,122
2025-08-31 07:00:00,7.0,25.9,93,0.0,1004.5,7.4,133
2025-08-31 08:00:00,6.0,25.6,94,1.2,1004.7,8.0,138
2025-08-31 09:00:00,6.0,26.8,90,1.3,1004.9,9.2,137
2025-08-31 10:00:00,7.0,28.1,86,0.2,1005.0,9.6,133
2025-08-31 11:00:00,13.0,28.6,83,0.2,1004.6,8.5,126
2025-08-31 12:00:00,15.0,29.2,81,0.1,1003.0,6.1,133
2025-08-31 13:00:00,19.0,29.7,80,0.1,1001.9,5.7,125
2025-08-31 14:00:00,11.0,30.1,79,0.2,1000.6,6.2,123
2025-08-31 15:00:00,17.0,26.7,88,10.2,1000.6,9.8,116
2025-08-31 16:00:00,27.0,26.9,86,0.5,1000.0,8.1,119
2025-08-31 17:00:00,26.0,27.3,87,0.1,1000.3,7.1,137
2025-08-31 18:00:00,23.0,26.0,91,0.0,1001.3,4.2,85
2025-08-31 19:00:00,22.0,26.0,93,0.0,1001.5,5.1,84
2025-08-31 20:00:00,21.0,26.0,93,0.0,1001.8,5.9,102
2025-08-31 21:00:00,20.0,25.9,94,0.2,1002.4,6.6,103
2025-08-31 22:00:00,16.0,25.9,95,0.3,1002.4,7.8,109
2025-08-31 23:00:00,17.0,25.8,95,0.5,1002.0,9.7,112
2025-09-01 00:00:00,18.0,25.7,95,1.2,1001.3,11.8,116
2025-09-01 01:00:00,14.0,25.2,96,3.3,1000.8,8.5,138
2025-09-01 02:00:00,8.0,24.9,97,1.1,1000.1,9.8,133
2025-09-01 03:00:00,6.0,24.5,98,2.2,1000.0,10.5,119
2025-09-01 04:00:00,8.0,24.4,98,2.5,999.7,9.3,118
2025-09-01 05:00:00,10.0,24.3,97,1.3,1000.1,10.0,116
2025-09-01 06:00:00,9.0,24.8,96,1.7,999.8,5.6,92
2025-09-01 07:00:00,17.0,24.6,97,3.7,1000.1,7.2,115
2025-09-01 08:00:00,10.0,24.8,96,2.6,999.9,6.9,121
2025-09-01 09:00:00,10.0,25.0,94,1.1,1000.4,7.5,130
2025-09-01 10:00:00,13.0,25.6,92,0.6,1000.4,9.0,128
2025-09-01 11:00:00,10.0,26.8,88,0.1,1000.3,6.9,121
2025-09-01 12:00:00,9.0,28.7,81,0.3,999.6,7.0,125
2025-09-01 13:00:00,10.0,28.5,79,0.6,998.5,9.7,137
2025-09-01 14:00:00,9.0,27.5,84,2.9,997.6,13.3,111
2025-09-01 15:00:00,9.0,27.7,82,0.2,996.8,15.5,112
2025-09-01 16:00:00,7.0,27.0,84,3.9,997.4,13.6,139
2025-09-01 17:00:00,2.0,26.0,90,0.5,997.4,11.9,117
2025-09-01 19:00:00,2.0,24.9,93,1.4,999.0,14.4,106
2025-09-01 20:00:00,8.0,24.6,96,1.6,1000.0,14.2,114
2025-09-01 21:00:00,7.0,24.5,96,1.0,1000.6,13.5,113
2025-09-01 22:00:00,5.0,24.6,96,1.6,1000.7,14.0,110
2025-09-01 23:00:00,9.0,24.7,95,1.9,1000.4,14.3,114
2025-09-02 00:00:00,9.0,24.4,96,7.7,999.9,13.6,119
2025-09-02 01:00:00,8.0,24.2,98,5.1,999.4,9.7,145
2025-09-02 02:00:00,5.0,24.0,98,3.1,999.0,12.8,158
2025-09-02 03:00:00,6.0,24.2,98,2.6,998.6,13.7,142
2025-09-02 04:00:00,4.0,24.0,98,3.0,998.8,10.8,132
2025-09-02 05:00:00,2.0,24.0,98,1.4,999.2,12.8,119
2025-09-02 06:00:00,5.0,24.5,95,0.6,1000.4,15.7,112
2025-09-02 07:00:00,16.0,24.5,94,0.2,1001.0,12.9,126
2025-09-02 08:00:00,11.0,24.8,92,0.2,1001.4,10.6,111
2025-09-02 09:00:00,17.0,25.8,86,0.0,1002.1,15.3,118
2025-09-02 10:00:00,19.0,26.7,84,0.1,1002.2,13.1,126
2025-09-02 11:00:00,21.0,27.1,81,0.1,1002.2,15.4,131
2025-09-02 12:00:00,23.0,26.9,83,0.2,1001.9,10.5,121
2025-09-02 13:00:00,8.0,26.0,88,0.3,1001.2,14.4,113
2025-09-02 14:00:00,7.0,27.5,81,0.6,1000.2,11.8,117
2025-09-02 15:00:00,6.0,26.2,87,5.3,1000.0,10.7,103
2025-09-02 16:00:00,6.0,26.2,87,0.4,999.8,13.5,103
2025-09-02 17:00:00,10.0,26.3,88,0.4,999.9,12.3,100
2025-09-02 18:00:00,8.0,24.7,96,3.6,1001.0,12.7,122
2025-09-02 19:00:00,6.0,24.8,96,2.1,1001.6,13.8,122
2025-09-02 20:00:00,5.0,25.0,95,0.2,1002.4,13.0,124
2025-09-02 21:00:00,5.0,25.1,96,0.0,1002.8,11.3,126
2025-09-02 22:00:00,6.0,25.1,96,0.0,1003.4,9.9,111
2025-09-02 23:00:00,10.0,25.1,96,0.0,1003.8,9.4,121
2025-09-03 00:00:00,20.0,24.9,96,0.0,1003.7,9.8,131
2025-09-03 01:00:00,19.0,24.7,96,0.0,1003.2,8.9,132
2025-09-03 02:00:00,19.0,24.5,96,0.0,1003.1,7.1,133
2025-09-03 03:00:00,22.0,24.3,97,0.0,1003.1,8.6,113
2025-09-03 04:00:00,16.0,24.3,97,0.0,1003.1,8.6,120
2025-09-03 05:00:00,6.0,24.2,98,0.0,1003.3,5.8,112
2025-09-03 06:00:00,7.0,24.5,95,7.3,1004.1,5.6,151
2025-09-03 07:00:00,12.0,25.1,94,0.2,1005.1,3.6,180
2025-09-03 08:00:00,17.0,25.8,92,0.0,1004.9,2.2,215
2025-09-03 09:00:00,20.0,26.7,89,0.2,1005.3,4.8,115
2025-09-03 10:00:00,23.0,27.8,85,0.0,1005.3,1.3,8
2025-09-03 11:00:00,24.0,29.5,80,0.2,1005.0,6.3,31
2025-09-03 12:00:00,25.0,27.7,82,4.1,1004.9,9.5,68
2025-09-03 13:00:00,12.0,28.3,79,0.1,1004.0,10.0,72
2025-09-03 14:00:00,8.0,28.6,78,0.1,1002.7,9.5,75
2025-09-03 15:00:00,3.0,28.9,77,0.4,1001.7,8.6,78
2025-09-03 16:00:00,2.0,28.5,79,0.2,1001.5,8.5,77
2025-09-03 17:00:00,16.0,28.3,80,0.0,1001.3,7.9,78
2025-09-03 18:00:00,18.0,26.2,87,0.0,1003.0,8.2,76
2025-09-03 19:00:00,15.0,26.0,88,0.1,1003.4,7.3,79
2025-09-03 20:00:00,18.0,25.8,90,0.3,1004.1,6.5,71
2025-09-03 21:00:00,20.0,25.7,90,0.5,1004.7,6.3,75
2025-09-03 22:00:00,12.0,25.5,92,1.0,1004.7,6.2,57
2025-09-03 23:00:00,9.0,25.4,94,0.3,1005.1,4.8,29
2025-09-04 00:00:00,37.0,25.2,96,0.3,1005.1,5.1,8
2025-09-04 01:00:00,23.0,25.1,96,0.9,1004.7,7.4,13
2025-09-04 02:00:00,10.0,24.9,96,0.5,1004.3,7.1,19
2025-09-04 03:00:00,8.0,24.8,97,0.3,1003.7,8.4,25
2025-09-04 04:00:00,7.0,25.0,96,0.1,1003.8,9.4,30
2025-09-04 05:00:00,17.0,24.6,96,1.4,1004.1,8.0,27
2025-09-04 06:00:00,25.0,24.0,96,9.6,1005.4,12.0,19
2025-09-04 07:00:00,33.0,24.5,92,0.0,1005.4,7.1,38
2025-09-04 08:00:00,36.0,25.5,92,0.0,1005.7,2.7,42
2025-09-04 09:00:00,33.0,27.1,87,0.0,1005.9,3.8,25
2025-09-04 10:00:00,20.0,28.9,82,0.0,1006.0,3.1,28
2025-09-04 11:00:00,10.0,30.2,77,0.0,1005.6,3.6,53
2025-09-04 12:00:00,9.0,31.2,72,0.0,1004.9,3.1,50
2025-09-04 13:00:00,13.0,31.6,69,0.0,1003.5,3.6,30
2025-09-04 14:00:00,16.0,31.8,66,0.0,1002.8,6.9,59
2025-09-04 15:00:00,17.0,29.9,75,0.1,1002.1,9.7,90
2025-09-04 16:00:00,15.0,29.1,80,0.0,1001.8,5.8,39
2025-09-04 17:00:00,12.0,28.7,82,0.0,1001.7,4.5,40
2025-09-04 18:00:00,10.0,28.1,86,0.0,1002.7,4.3,24
2025-09-04 19:00:00,12.0,27.5,88,0.0,1003.2,4.6,31
2025-09-04 20:00:00,20.0,27.1,89,0.0,1003.8,4.7,40
2025-09-04 21:00:00,25.0,26.8,90,0.0,1004.1,4.7,40
2025-09-04 22:00:00,24.0,26.5,91,0.0,1004.1,4.3,42
2025-09-04 23:00:00,25.0,26.2,92,0.0,1004.6,3.9,37
2025-09-05 00:00:00,31.0,26.0,92,0.0,1004.1,4.7,18
2025-09-05 01:00:00,58.0,25.8,93,0.0,1004.1,5.0,69
2025-09-05 02:00:00,32.0,25.6,94,0.0,1003.9,4.7,18
2025-09-05 03:00:00,22.0,25.5,92,0.6,1004.1,5.5,46
2025-09-05 04:00:00,12.0,25.4,93,0.4,1004.1,6.0,27
2025-09-05 05:00:00,7.0,25.4,93,0.0,1004.4,5.5,36
2025-09-05 06:00:00,13.0,26.8,86,0.0,1004.6,9.3,77
2025-09-05 07:00:00,14.0,27.3,83,0.0,1005.1,9.7,90
2025-09-05 08:00:00,18.0,28.2,79,0.0,1005.6,10.3,89
2025-09-05 09:00:00,13.0,29.2,73,0.0,1005.8,15.9,99
2025-09-05 10:00:00,23.0,30.1,73,0.0,1005.5,12.2,88
2025-09-05 11:00:00,17.0,30.8,72,0.1,1005.0,12.6,88
2025-09-05 12:00:00,20.0,31.3,71,0.1,1004.0,13.1,82
2025-09-05 13:00:00,18.0,30.9,73,0.1,1003.0,13.5,100
2025-09-05 14:00:00,27.0,30.8,73,0.1,1001.7,10.5,63
2025-09-05 15:00:00,17.0,29.7,75,2.1,1001.3,10.8,95
2025-09-05 16:00:00,17.0,28.7,82,1.2,1001.6,12.9,97
2025-09-05 17:00:00,14.0,27.2,88,0.2,1001.6,7.7,118
2025-09-05 18:00:00,19.0,27.3,89,0.0,1003.0,7.0,89
2025-09-05 19:00:00,24.0,27.1,91,0.0,1004.1,5.4,76
2025-09-05 20:00:00,27.0,26.9,92,0.0,1004.6,7.0,78
2025-09-05 21:00:00,25.0,26.8,91,0.0,1005.3,8.3,86
2025-09-05 22:00:00,26.0,26.7,91,0.0,1005.4,7.8,81
2025-09-05 23:00:00,33.0,26.6,92,0.0,1005.5,8.1,84
2025-09-06 00:00:00,23.0,26.0,92,1.6,1005.3,8.1,122
2025-09-06 01:00:00,26.0,25.0,95,3.5,1005.1,11.2,108
2025-09-06 02:00:00,18.0,24.5,94,0.2,1004.8,13.6,101
2025-09-06 03:00:00,20.0,24.6,95,0.5,1004.8,10.5,106
2025-09-06 04:00:00,23.0,24.8,96,0.1,1004.8,8.6,105
2025-09-06 05:00:00,20.0,24.7,96,0.0,1005.2,6.5,93
2025-09-06 06:00:00,27.0,26.3,91,0.0,1005.0,6.3,97
2025-09-06 07:00:00,36.0,26.9,91,0.0,1005.7,6.0,93
2025-09-06 08:00:00,36.0,28.1,86,0.0,1006.0,9.3,108
2025-09-06 09:00:00,25.0,29.5,77,0.0,1006.3,12.3,119
2025-09-06 10:00:00,32.0,30.5,73,0.2,1006.3,12.5,117
2025-09-06 11:00:00,23.0,31.0,71,0.1,1006.0,11.0,114
2025-09-06 12:00:00,27.0,31.5,71,0.1,1005.2,11.1,115
2025-09-06 13:00:00,22.0,31.4,72,0.2,1003.8,11.2,111
2025-09-06 14:00:00,25.0,31.8,72,0.3,1002.3,9.6,110
2025-09-06 15:00:00,17.0,29.8,78,3.0,1001.6,5.6,119
2025-09-06 16:00:00,20.0,29.1,81,0.7,1001.7,6.6,116
2025-09-06 17:00:00,17.0,28.6,84,0.1,1002.2,6.9,84
2025-09-06 18:00:00,20.0,29.0,83,0.0,1003.3,6.9,81
2025-09-06 19:00:00,25.0,28.3,86,0.0,1004.1,8.9,62
2025-09-06 20:00:00,22.0,27.6,88,0.0,1004.5,9.4,86
2025-09-06 21:00:00,32.0,26.9,88,0.0,1005.3,7.9,102
2025-09-06 22:00:00,46.0,26.6,89,0.0,1005.5,8.4,100
2025-09-06 23:00:00,30.0,26.4,89,0.0,1005.6,8.7,111
2025-09-07 00:00:00,31.0,26.4,90,0.0,1005.0,9.8,121
2025-09-07 01:00:00,32.0,25.5,93,1.0,1005.1,9.4,135
2025-09-07 02:00:00,30.0,25.5,94,0.0,1004.3,8.8,123
2025-09-07 03:00:00,34.0,25.3,95,0.0,1004.8,6.1,150
2025-09-07 04:00:00,34.0,25.1,96,0.0,1004.4,5.9,140
2025-09-07 05:00:00,34.0,24.9,96,0.0,1005.0,5.4,104
2025-09-07 06:00:00,28.0,25.9,95,0.0,1004.4,7.7,102
2025-09-07 07:00:00,29.0,26.7,94,0.0,1005.1,7.0,87
2025-09-07 08:00:00,27.0,28.0,88,0.0,1005.3,8.0,100
2025-09-07 09:00:00,23.0,29.4,82,0.0,1005.6,8.0,117
2025-09-07 10:00:00,27.0,30.8,74,0.0,1005.9,8.8,129
2025-09-07 11:00:00,22.0,31.5,72,0.0,1005.5,8.4,140
2025-09-07 12:00:00,18.0,32.0,69,0.0,1004.7,8.3,141
2025-09-07 13:00:00,21.0,32.1,69,0.0,1003.5,7.8,136
2025-09-07 14:00:00,13.0,32.2,70,0.1,1001.9,6.7,136
2025-09-07 15:00:00,14.0,30.5,77,0.6,1001.1,9.2,113
2025-09-07 16:00:00,15.0,30.7,77,0.0,1000.8,5.6,86
2025-09-07 17:00:00,19.0,30.0,78,0.4,1001.2,4.3,132
2025-09-07 18:00:00,19.0,27.7,88,0.0,1002.9,6.4,98
2025-09-07 19:00:00,15.0,27.2,89,0.0,1003.8,4.6,111
2025-09-07 20:00:00,19.0,27.0,90,0.0,1004.7,4.7,108
2025-09-07 21:00:00,25.0,26.7,91,0.0,1005.5,4.5,106
2025-09-07 22:00:00,23.0,26.4,92,0.0,1005.8,5.4,110
2025-09-07 23:00:00,26.0,26.2,93,0.0,1005.5,4.7,94
2025-09-08 00:00:00,32.0,25.9,94,0.0,1004.9,4.7,118
2025-09-08 01:00:00,31.0,25.6,95,0.0,1004.2,3.9,124
2025-09-08 02:00:00,26.0,25.4,96,0.0,1003.9,2.8,105
2025-09-08 03:00:00,22.0,25.2,97,0.0,1003.9,2.4,99
2025-09-08 04:00:00,24.0,25.1,98,0.0,1004.3,2.6,102
2025-09-08 05:00:00,25.0,25.0,98,0.0,1004.6,3.3,135
2025-09-08 06:00:00,28.0,25.5,96,0.0,1005.4,5.1,126
2025-09-08 07:00:00,32.0,26.6,92,0.0,1005.7,5.0,139
2025-09-08 08:00:00,32.0,28.0,88,0.0,1005.8,4.8,146
2025-09-08 09:00:00,16.0,29.4,81,0.1,1006.6,5.5,161
2025-09-08 10:00:00,32.0,30.4,75,0.1,1006.7,4.4,171
2025-09-08 11:00:00,6.0,31.2,72,0.1,1006.4,3.5,168
2025-09-08 12:00:00,9.0,31.7,69,0.1,1005.9,3.1,170
2025-09-08 13:00:00,9.0,31.8,70,0.1,1004.9,3.5,195
2025-09-08 14:00:00,7.0,31.8,70,0.1,1003.8,4.2,223
2025-09-08 15:00:00,15.0,32.0,67,0.1,1003.2,4.2,227
2025-09-08 16:00:00,7.0,31.4,67,0.0,1002.6,0.3,135
2025-09-08 17:00:00,4.0,30.3,75,0.0,1003.4,5.3,45
2025-09-08 18:00:00,6.0,30.2,79,0.0,1004.6,1.8,79
2025-09-08 19:00:00,13.0,29.1,85,0.0,1005.5,2.6,56
2025-09-08 20:00:00,14.0,28.3,91,0.0,1006.2,3.4,74
2025-09-08 21:00:00,10.0,27.9,93,0.0,1006.9,3.8,95
2025-09-08 22:00:00,22.0,27.5,94,0.0,1006.9,3.3,96
2025-09-08 23:00:00,25.0,27.1,95,0.0,1006.6,3.2,128
2025-09-09 00:00:00,24.0,26.8,95,0.0,1006.5,4.0,144
2025-09-09 01:00:00,24.0,26.6,93,0.0,1006.2,4.3,165
2025-09-09 02:00:00,20.0,26.4,90,0.0,1005.9,4.2,211
2025-09-09 03:00:00,17.0,26.2,88,0.0,1005.6,4.6,244
2025-09-09 04:00:00,15.0,26.2,86,0.0,1005.9,7.0,269
2025-09-09 05:00:00,13.0,26.1,87,0.0,1006.3,7.6,274
2025-09-09 06:00:00,18.0,27.1,85,0.0,1006.7,7.2,276
2025-09-09 07:00:00,16.0,27.8,84,0.0,1007.4,6.3,277
2025-09-09 08:00:00,25.0,28.9,80,0.0,1007.7,7.3,287
2025-09-09 09:00:00,26.0,30.2,74,0.0,1008.1,7.6,288
2025-09-09 10:00:00,22.0,30.8,70,0.3,1008.3,8.5,295
2025-09-09 11:00:00,21.0,31.6,65,0.1,1008.2,8.3,294
2025-09-09 12:00:00,21.0,32.2,63,0.1,1007.5,8.1,288
2025-09-09 13:00:00,12.0,32.5,63,0.0,1006.6,8.5,288
2025-09-09 14:00:00,18.0,32.6,64,0.0,1005.4,9.7,286
2025-09-09 15:00:00,16.0,32.5,62,0.0,1004.7,10.1,289
2025-09-09 16:00:00,16.0,32.1,62,0.0,1004.3,10.4,296
2025-09-09 17:00:00,11.0,31.3,67,0.0,1004.1,8.4,298
2025-09-09 18:00:00,17.0,30.5,72,0.0,1005.3,6.0,291
2025-09-09 19:00:00,17.0,29.7,77,0.0,1005.6,7.2,288
2025-09-09 20:00:00,24.0,29.3,78,0.0,1005.9,8.2,285
2025-09-09 21:00:00,32.0,28.9,77,0.0,1006.6,7.8,285
2025-09-09 22:00:00,27.0,28.4,78,0.0,1006.7,6.9,285
2025-09-09 23:00:00,18.0,27.9,79,0.0,1006.7,6.8,282
2025-09-10 00:00:00,15.0,27.4,81,0.0,1006.3,7.1,285
2025-09-10 01:00:00,16.0,27.0,81,0.0,1006.1,7.3,287
2025-09-10 02:00:00,17.0,26.6,82,0.0,1005.9,7.2,282
2025-09-10 03:00:00,17.0,26.2,82,0.0,1005.9,7.1,276
2025-09-10 04:00:00,19.0,26.0,83,0.0,1006.0,8.0,279
2025-09-10 05:00:00,20.0,25.8,84,0.0,1006.2,9.1,279
2025-09-10 06:00:00,21.0,27.3,88,0.0,1006.1,10.4,287
2025-09-10 07:00:00,18.0,28.0,86,0.0,1007.0,8.0,279
2025-09-10 08:00:00,19.0,29.2,82,0.0,1007.1,9.1,279
2025-09-10 09:00:00,24.0,30.4,75,0.1,1007.5,13.4,288
2025-09-10 10:00:00,26.0,31.3,69,0.0,1007.5,13.7,291
2025-09-10 11:00:00,20.0,32.2,63,0.0,1007.3,14.1,297
2025-09-10 12:00:00,22.0,32.6,61,0.1,1006.4,14.4,300
2025-09-10 13:00:00,24.0,33.3,57,0.0,1005.3,14.4,298
2025-09-10 14:00:00,23.0,33.4,54,0.0,1004.2,15.5,296
2025-09-10 15:00:00,16.0,33.1,55,0.0,1003.2,15.2,296
2025-09-10 16:00:00,19.0,32.6,58,0.0,1002.7,15.1,293
2025-09-10 17:00:00,17.0,31.6,62,0.0,1002.3,13.6,296
2025-09-10 18:00:00,17.0,30.5,65,0.0,1003.1,12.1,291
2025-09-10 19:00:00,15.0,29.6,69,0.0,1003.3,11.3,290
2025-09-10 20:00:00,20.0,29.0,72,0.0,1003.9,10.1,294
2025-09-10 21:00:00,22.0,28.4,74,0.0,1004.7,9.0,283
2025-09-10 22:00:00,21.0,27.8,77,0.0,1004.7,8.3,283
2025-09-10 23:00:00,17.0,27.3,79,0.0,1004.9,7.6,285
2025-09-11 00:00:00,23.0,26.8,80,0.0,1004.8,7.8,279
2025-09-11 01:00:00,24.0,26.4,82,0.0,1004.8,7.6,274
2025-09-11 02:00:00,21.0,26.0,82,0.0,1004.4,8.0,275
2025-09-11 03:00:00,21.0,25.8,81,0.0,1004.4,8.4,281
2025-09-11 04:00:00,17.0,25.5,80,0.0,1004.7,8.5,271
2025-09-11 05:00:00,17.0,25.2,79,0.0,1005.2,9.6,266
2025-09-11 06:00:00,21.0,26.6,77,0.0,1005.3,11.6,278
2025-09-11 07:00:00,21.0,27.4,75,0.0,1005.8,11.2,280
2025-09-11 08:00:00,19.0,28.7,71,0.0,1006.0,10.8,280
2025-09-11 09:00:00,20.0,30.1,66,0.0,1006.3,12.7,286
2025-09-11 10:00:00,30.0,31.4,61,0.0,1006.4,15.1,295
2025-09-11 11:00:00,23.0,32.3,56,0.0,1006.1,14.9,298
2025-09-11 12:00:00,22.0,33.0,52,0.0,1005.3,13.5,293
2025-09-11 13:00:00,20.0,33.3,49,0.0,1004.7,13.4,284
2025-09-11 14:00:00,17.0,33.5,48,0.0,1003.7,13.9,281
2025-09-11 15:00:00,24.0,33.5,48,0.0,1003.1,14.3,280
2025-09-11 16:00:00,19.0,32.9,49,0.0,1002.7,14.7,281
2025-09-11 17:00:00,21.0,32.1,52,0.0,1003.0,11.7,284
2025-09-11 18:00:00,19.0,30.6,63,0.0,1004.0,8.2,310
2025-09-11 19:00:00,22.0,29.8,66,0.0,1004.4,6.5,294
2025-09-11 20:00:00,21.0,29.2,69,0.0,1005.2,5.9,293
2025-09-11 21:00:00,21.0,28.5,73,0.0,1006.1,4.0,267
2025-09-11 22:00:00,25.0,28.1,74,0.0,1006.3,4.5,265
2025-09-11 23:00:00,30.0,27.7,76,0.0,1006.2,4.0,297
2025-09-12 00:00:00,25.0,27.0,81,0.0,1006.2,3.3,276
2025-09-12 01:00:00,20.0,26.6,82,0.0,1005.9,4.2,239
2025-09-12 02:00:00,18.0,26.3,83,0.0,1005.6,4.4,251
2025-09-12 03:00:00,20.0,26.0,82,0.0,1005.4,5.4,264
2025-09-12 04:00:00,19.0,25.6,78,0.0,1005.7,7.6,263
2025-09-12 05:00:00,20.0,25.3,76,0.0,1005.9,7.5,262
2025-09-12 06:00:00,17.0,26.4,78,0.0,1006.9,10.1,271
2025-09-12 07:00:00,23.0,27.3,74,0.0,1007.5,8.3,270
2025-09-12 08:00:00,25.0,28.8,68,0.0,1008.0,9.4,272
2025-09-12 09:00:00,31.0,30.6,61,0.0,1008.4,10.3,275
2025-09-12 10:00:00,20.0,31.9,56,0.0,1008.3,11.0,293
2025-09-12 11:00:00,21.0,32.9,51,0.0,1007.9,10.5,297
2025-09-12 12:00:00,28.0,33.8,48,0.0,1007.0,9.6,296
2025-09-12 13:00:00,17.0,34.3,45,0.0,1006.1,9.4,290
2025-09-12 14:00:00,20.0,34.4,44,0.0,1005.1,10.0,288
2025-09-12 15:00:00,21.0,34.3,45,0.0,1004.3,11.2,285
2025-09-12 16:00:00,27.0,33.8,46,0.0,1003.7,11.4,288
2025-09-12 17:00:00,18.0,32.7,51,0.0,1003.7,11.4,297
2025-09-12 18:00:00,14.0,31.8,55,0.0,1005.1,7.0,331
2025-09-12 19:00:00,18.0,31.2,58,0.0,1005.2,5.1,343
2025-09-12 20:00:00,18.0,30.9,60,0.0,1006.1,2.4,333
2025-09-12 21:00:00,22.0,30.5,68,0.0,1007.0,0.2,270
2025-09-12 22:00:00,34.0,30.0,65,0.0,1007.3,0.7,194
2025-09-12 23:00:00,26.0,29.6,66,0.0,1007.3,2.0,170
2025-09-13 00:00:00,24.0,29.2,68,0.0,1007.3,2.6,192
2025-09-13 01:00:00,23.0,29.0,70,0.0,1007.1,3.8,239
2025-09-13 02:00:00,48.0,28.7,72,0.0,1006.8,4.8,255
2025-09-13 03:00:00,29.0,28.3,73,0.0,1006.4,3.4,270
2025-09-13 04:00:00,31.0,28.0,74,0.0,1006.3,3.2,267
2025-09-13 05:00:00,21.0,27.5,76,0.0,1006.6,3.6,276
2025-09-13 06:00:00,18.0,28.5,70,0.0,1007.4,5.0,268
2025-09-13 07:00:00,12.0,29.2,66,0.0,1008.1,5.6,277
2025-09-13 08:00:00,22.0,29.7,63,0.0,1008.4,6.3,283
2025-09-13 09:00:00,26.0,31.7,55,0.0,1008.8,5.7,281
2025-09-13 10:00:00,22.0,33.8,45,0.0,1008.4,6.6,305
2025-09-13 11:00:00,28.0,34.9,42,0.0,1007.9,7.0,316
2025-09-13 12:00:00,16.0,35.7,40,0.0,1007.0,7.3,316
2025-09-13 13:00:00,11.0,35.9,40,0.1,1005.9,8.1,307
2025-09-13 14:00:00,26.0,35.8,39,0.2,1004.7,9.5,292
2025-09-13 15:00:00,16.0,35.3,40,0.3,1004.0,10.5,292
2025-09-13 16:00:00,14.0,34.4,44,0.2,1003.7,11.5,302
2025-09-13 17:00:00,15.0,33.2,50,0.1,1003.9,9.5,306
2025-09-13 18:00:00,14.0,33.0,48,0.0,1004.6,7.0,312
2025-09-13 19:00:00,19.0,32.5,51,0.0,1004.9,3.6,315
2025-09-13 20:00:00,22.0,31.9,54,0.0,1005.7,0.9,11
2025-09-13 21:00:00,22.0,31.3,56,0.0,1006.3,1.8,114
2025-09-13 22:00:00,19.0,30.7,61,0.0,1006.5,3.8,135
2025-09-13 23:00:00,21.0,30.1,65,0.0,1006.5,5.1,148
2025-09-14 00:00:00,22.0,29.4,69,0.0,1006.4,5.6,149
2025-09-14 01:00:00,28.0,29.1,69,0.0,1006.3,5.3,172
2025-09-14 02:00:00,36.0,28.9,68,0.0,1006.1,5.0,199
2025-09-14 03:00:00,37.0,28.6,69,0.0,1006.1,3.6,213
2025-09-14 04:00:00,32.0,28.2,72,0.0,1006.4,2.3,203
2025-09-14 05:00:00,30.0,27.8,74,0.0,1006.6,2.2,228
2025-09-14 06:00:00,38.0,28.6,73,0.0,1007.0,6.2,232
2025-09-14 07:00:00,44.0,29.7,68,0.0,1007.6,4.3,248
2025-09-14 08:00:00,45.0,31.7,58,0.0,1007.9,3.2,317
2025-09-14 09:00:00,35.0,33.3,51,0.0,1008.0,4.6,334
2025-09-14 10:00:00,23.0,34.7,45,0.0,1007.9,6.9,337
2025-09-14 11:00:00,20.0,35.5,42,0.0,1007.2,8.9,332
2025-09-14 12:00:00,19.0,36.1,40,0.1,1006.4,8.9,331
2025-09-14 13:00:00,20.0,36.3,39,0.1,1005.2,8.6,327
2025-09-14 14:00:00,18.0,36.6,39,0.0,1004.1,8.7,323
2025-09-14 15:00:00,15.0,36.5,39,0.0,1003.1,10.5,311
2025-09-14 16:00:00,22.0,35.6,41,0.0,1002.7,10.6,314
2025-09-14 17:00:00,20.0,34.5,45,0.0,1002.8,10.8,314
2025-09-14 18:00:00,22.0,33.3,51,0.0,1004.0,8.2,319
2025-09-14 19:00:00,26.0,32.9,52,0.0,1004.7,4.6,329
2025-09-14 20:00:00,33.0,32.8,54,0.0,1005.3,1.3,286
2025-09-14 21:00:00,41.0,32.2,54,0.0,1005.8,1.8,169
2025-09-14 22:00:00,36.0,31.7,55,0.0,1005.8,3.8,161
2025-09-14 23:00:00,33.0,31.0,60,0.0,1005.9,4.4,153
2025-09-15 00:00:00,29.0,30.5,64,0.0,1005.5,3.9,164
2025-09-15 01:00:00,34.0,30.1,65,0.0,1005.3,2.7,176
2025-09-15 02:00:00,40.0,29.6,67,0.0,1004.8,3.5,219
2025-09-15 03:00:00,44.0,29.3,68,0.0,1004.7,4.8,233
2025-09-15 04:00:00,44.0,28.9,69,0.0,1004.8,3.2,243
2025-09-15 05:00:00,40.0,28.6,70,0.0,1005.0,4.5,254
2025-09-15 06:00:00,31.0,29.5,70,0.0,1005.0,5.6,248
2025-09-15 07:00:00,31.0,30.2,63,0.0,1005.3,5.6,270
2025-09-15 08:00:00,18.0,32.1,52,0.0,1005.4,5.8,279
2025-09-15 09:00:00,20.0,34.3,40,0.0,1005.6,8.6,290
2025-09-15 10:00:00,24.0,35.5,37,0.0,1005.4,9.7,297
2025-09-15 11:00:00,18.0,36.4,36,0.0,1004.8,9.3,289
2025-09-15 12:00:00,17.0,37.1,35,0.0,1003.9,10.5,286
2025-09-15 13:00:00,16.0,37.3,35,0.0,1002.8,11.3,284
2025-09-15 14:00:00,15.0,37.2,35,0.0,1001.5,12.2,284
2025-09-15 15:00:00,14.0,36.6,37,0.0,1000.8,13.0,284
2025-09-15 16:00:00,18.0,35.7,40,0.0,1000.6,13.5,286
2025-09-15 17:00:00,18.0,34.7,44,0.0,1000.9,11.3,288
2025-09-15 18:00:00,21.0,34.0,46,0.0,1001.8,6.6,279
2025-09-15 19:00:00,25.0,33.6,47,0.0,1002.6,4.0,306
2025-09-15 20:00:00,21.0,33.3,49,0.0,1003.8,2.5,339
2025-09-15 21:00:00,24.0,32.9,51,0.0,1004.6,2.7,86
2025-09-15 22:00:00,34.0,32.3,54,0.0,1004.7,5.1,135
2025-09-15 23:00:00,28.0,31.4,60,0.0,1005.0,6.0,139
2025-09-16 00:00:00,31.0,30.6,64,0.0,1004.6,5.7,145
2025-09-16 01:00:00,32.0,29.8,67,0.0,1004.1,5.2,149
2025-09-16 02:00:00,32.0,29.1,70,0.0,1003.9,5.9,145
2025-09-16 03:00:00,37.0,28.5,72,0.0,1003.9,4.6,129
2025-09-16 04:00:00,37.0,27.6,76,0.0,1004.5,6.7,104
2025-09-16 05:00:00,30.0,26.7,83,0.0,1004.9,6.5,98
2025-09-16 06:00:00,22.0,29.6,62,0.0,1005.0,2.2,305
2025-09-16 07:00:00,19.0,29.8,61,0.0,1005.6,3.5,325
2025-09-16 08:00:00,22.0,31.2,56,0.0,1005.9,2.0,315
2025-09-16 09:00:00,20.0,33.1,47,0.0,1006.0,2.7,312
2025-09-16 10:00:00,29.0,34.8,42,0.0,1006.1,4.5,317
2025-09-16 11:00:00,33.0,36.1,38,0.0,1005.3,4.2,317
2025-09-16 12:00:00,30.0,36.8,37,0.0,1004.3,4.7,332
2025-09-16 13:00:00,30.0,36.7,38,0.0,1003.1,5.7,347
2025-09-16 14:00:00,33.0,36.4,39,0.0,1001.9,5.8,346
2025-09-16 15:00:00,29.0,36.2,39,0.0,1001.1,4.1,308
2025-09-16 16:00:00,26.0,35.2,42,0.1,1001.2,2.8,342
2025-09-16 17:00:00,27.0,34.0,45,0.4,1001.8,3.9,13
2025-09-16 18:00:00,25.0,32.6,56,0.5,1003.0,2.3,51
2025-09-16 19:00:00,27.0,32.0,58,0.0,1004.2,5.4,75
2025-09-16 20:00:00,32.0,30.4,68,0.0,1005.1,6.4,128
2025-09-16 21:00:00,40.0,29.4,73,0.0,1005.8,7.4,112
2025-09-16 22:00:00,58.0,28.6,75,0.0,1006.1,7.2,104
2025-09-16 23:00:00,49.0,27.9,77,0.0,1006.2,7.0,130
2025-09-17 00:00:00,45.0,27.5,77,0.0,1006.0,5.9,137
2025-09-17 01:00:00,50.0,27.2,78,0.0,1005.5,5.4,146
2025-09-17 02:00:00,42.0,27.1,78,0.0,1005.1,4.8,169
2025-09-17 03:00:00,43.0,27.1,79,0.0,1005.1,2.3,151
2025-09-17 04:00:00,37.0,26.8,81,0.0,1005.6,4.0,60
2025-09-17 05:00:00,29.0,25.9,85,0.0,1006.1,6.2,69
2025-09-17 06:00:00,32.0,26.5,82,0.0,1005.9,0.4,90
2025-09-17 07:00:00,34.0,27.8,76,0.0,1006.5,4.2,36
2025-09-17 08:00:00,43.0,29.8,67,0.0,1006.9,1.8,53
2025-09-17 09:00:00,51.0,32.2,58,0.0,1007.1,1.3,360
2025-09-17 10:00:00,45.0,33.8,50,0.1,1006.8,5.4,345
2025-09-17 11:00:00,49.0,34.9,45,0.0,1006.2,6.1,360
2025-09-17 12:00:00,49.0,35.8,42,0.0,1005.5,7.9,3
2025-09-17 13:00:00,51.0,35.8,42,0.0,1004.5,8.6,358
2025-09-17 14:00:00,49.0,35.7,42,0.0,1003.1,8.6,352
2025-09-17 15:00:00,54.0,35.3,43,0.0,1002.0,9.6,347
2025-09-17 16:00:00,23.0,34.8,45,0.0,1001.9,9.6,347
2025-09-17 17:00:00,20.0,34.0,48,0.0,1001.9,8.2,345
2025-09-17 18:00:00,24.0,31.7,63,0.0,1003.4,1.8,354
2025-09-17 19:00:00,27.0,31.7,64,0.0,1004.0,2.2,42
2025-09-17 20:00:00,45.0,31.1,66,0.0,1004.9,3.1,83
2025-09-17 21:00:00,53.0,29.8,74,0.0,1006.1,7.6,94
2025-09-17 22:00:00,56.0,28.6,80,0.0,1006.2,7.1,114
2025-09-17 23:00:00,57.0,27.8,84,0.0,1006.3,5.8,126
2025-09-18 00:00:00,56.0,27.2,86,0.0,1005.9,5.6,119
2025-09-18 01:00:00,56.0,26.4,88,0.0,1005.9,9.0,93
2025-09-18 02:00:00,66.0,25.7,88,0.0,1005.4,6.2,105
2025-09-18 03:00:00,71.0,25.6,87,0.0,1005.4,5.5,122
2025-09-18 04:00:00,53.0,25.1,90,0.0,1005.7,6.9,95
2025-09-18 05:00:00,55.0,24.9,91,0.0,1006.0,5.1,113
2025-09-18 06:00:00,45.0,26.7,83,0.0,1006.1,4.0,100
2025-09-18 07:00:00,35.0,27.6,78,0.0,1006.9,4.8,124
2025-09-18 08:00:00,25.0,29.4,71,0.0,1006.8,3.5,145
2025-09-18 09:00:00,17.0,31.5,62,0.0,1007.1,2.3,122
2025-09-18 10:00:00,32.0,33.4,52,0.0,1006.9,3.2,16
2025-09-18 11:00:00,39.0,34.6,46,0.0,1006.4,6.6,22
2025-09-18 12:00:00,44.0,33.9,50,0.4,1005.4,7.9,3
2025-09-18 13:00:00,35.0,33.6,52,0.8,1004.6,2.3,356
2025-09-18 14:00:00,51.0,32.8,52,0.5,1003.1,6.2,308
2025-09-18 15:00:00,24.0,32.6,55,0.8,1002.4,5.9,313
2025-09-18 16:00:00,33.0,32.0,59,0.0,1002.4,4.5,337
2025-09-18 17:00:00,36.0,31.3,65,0.0,1002.7,3.8,11
2025-09-18 18:00:00,40.0,31.5,63,0.0,1003.9,6.6,29
2025-09-18 19:00:00,51.0,31.0,66,0.0,1004.8,4.7,32
2025-09-18 20:00:00,45.0,30.9,66,0.0,1005.5,4.5,37
2025-09-18 21:00:00,43.0,30.4,67,0.0,1006.2,4.0,60
2025-09-18 22:00:00,46.0,29.8,70,0.0,1006.3,4.7,86
2025-09-18 23:00:00,49.0,29.2,73,0.0,1006.2,4.9,98
2025-09-19 00:00:00,57.0,28.7,77,0.0,1005.8,3.6,123
2025-09-19 01:00:00,63.0,28.1,81,0.0,1005.5,3.4,115
2025-09-19 02:00:00,69.0,27.6,84,0.0,1005.5,4.8,132
2025-09-19 03:00:00,67.0,27.0,87,0.0,1005.5,4.9,141
2025-09-19 04:00:00,63.0,26.7,89,0.0,1005.9,3.9,158
2025-09-19 05:00:00,56.0,26.6,90,0.0,1006.2,3.1,177
2025-09-19 06:00:00,60.0,28.2,76,0.0,1006.4,5.8,178
2025-09-19 07:00:00,60.0,29.2,71,0.0,1007.1,3.2,199
2025-09-19 08:00:00,43.0,31.1,62,0.0,1007.7,1.9,253
2025-09-19 09:00:00,47.0,32.9,52,0.0,1007.8,3.9,313
2025-09-19 10:00:00,41.0,32.3,55,0.5,1008.4,12.0,323
2025-09-19 11:00:00,36.0,33.4,48,0.0,1008.1,7.2,338
2025-09-19 12:00:00,33.0,34.5,44,0.0,1007.0,8.0,344
2025-09-19 13:00:00,33.0,35.1,42,0.0,1006.0,8.8,337
2025-09-19 14:00:00,28.0,35.3,41,0.0,1004.3,9.4,342
2025-09-19 15:00:00,23.0,35.2,41,0.0,1003.4,10.9,343
2025-09-19 16:00:00,23.0,34.4,45,0.0,1002.9,10.6,341
2025-09-19 17:00:00,24.0,33.5,49,0.0,1002.9,11.2,342
2025-09-19 18:00:00,27.0,32.6,55,0.0,1004.2,9.6,334
2025-09-19 19:00:00,25.0,32.1,58,0.0,1004.9,7.1,344
2025-09-19 20:00:00,43.0,31.4,60,0.0,1005.5,6.4,342
2025-09-19 21:00:00,38.0,30.8,63,0.0,1006.2,3.4,335
2025-09-19 22:00:00,32.0,30.3,68,0.0,1006.3,2.0,315
2025-09-19 23:00:00,37.0,29.8,68,0.0,1005.9,2.5,330
2025-09-20 00:00:00,35.0,29.3,70,0.0,1005.4,2.4,343
2025-09-20 01:00:00,47.0,29.0,73,0.0,1005.3,0.8,297
2025-09-20 02:00:00,51.0,28.3,73,0.0,1005.3,2.4,253
2025-09-20 03:00:00,45.0,28.1,73,0.0,1005.5,3.2,286
2025-09-20 04:00:00,49.0,27.7,73,0.0,1005.5,4.4,289
2025-09-20 05:00:00,54.0,27.3,75,0.0,1005.8,4.0,288
2025-09-20 06:00:00,46.0,28.9,74,0.0,1006.4,7.2,271
2025-09-20 07:00:00,47.0,30.0,69,0.0,1006.8,6.1,273
2025-09-20 08:00:00,42.0,32.1,55,0.0,1007.1,9.6,290
2025-09-20 09:00:00,34.0,33.8,43,0.0,1007.5,11.9,311
2025-09-20 10:00:00,30.0,34.8,39,0.0,1007.2,12.5,319
2025-09-20 11:00:00,27.0,35.5,38,0.0,1006.8,13.2,321
2025-09-20 12:00:00,25.0,35.8,38,0.0,1005.9,13.0,322
2025-09-20 13:00:00,27.0,36.2,38,0.0,1004.9,13.0,325
2025-09-20 14:00:00,25.0,36.2,38,0.0,1003.7,13.6,319
2025-09-20 15:00:00,26.0,35.8,38,0.0,1002.8,14.4,319
2025-09-20 16:00:00,24.0,35.3,39,0.0,1002.6,14.8,316
2025-09-20 17:00:00,21.0,34.3,41,0.0,1002.2,14.7,312
2025-09-20 18:00:00,18.0,33.1,45,0.0,1003.3,9.8,316
2025-09-20 19:00:00,29.0,32.3,50,0.0,1003.6,6.8,328
2025-09-20 20:00:00,30.0,31.6,54,0.0,1004.1,5.9,325
2025-09-20 21:00:00,31.0,31.0,57,0.0,1004.7,4.2,320
2025-09-20 22:00:00,33.0,30.4,58,0.0,1004.9,3.6,270
2025-09-20 23:00:00,37.0,29.8,61,0.0,1005.2,4.1,257
2025-09-21 00:00:00,37.0,29.2,62,0.0,1005.0,4.2,275
2025-09-21 01:00:00,39.0,28.5,64,0.0,1004.8,5.9,268
2025-09-21 02:00:00,34.0,27.8,65,0.0,1004.6,6.1,267
2025-09-21 03:00:00,29.0,27.3,66,0.0,1004.4,5.9,258
2025-09-21 04:00:00,27.0,26.8,68,0.0,1004.8,6.0,254
2025-09-21 05:00:00,30.0,26.4,68,0.0,1005.5,5.5,259
2025-09-21 06:00:00,32.0,27.8,71,0.0,1006.0,4.8,285
2025-09-21 07:00:00,31.0,28.8,66,0.0,1006.2,4.9,294
2025-09-21 08:00:00,41.0,30.9,59,0.0,1006.6,6.0,299
2025-09-21 09:00:00,43.0,33.1,50,0.0,1006.4,10.7,307
2025-09-21 10:00:00,35.0,34.5,43,0.0,1006.0,13.3,306
2025-09-21 11:00:00,39.0,35.5,39,0.0,1005.3,14.4,307
2025-09-21 12:00:00,33.0,36.0,37,0.0,1004.4,14.4,308
2025-09-21 13:00:00,36.0,36.6,34,0.0,1003.3,14.1,309
2025-09-21 14:00:00,25.0,36.5,34,0.0,1002.3,13.9,312
2025-09-21 15:00:00,27.0,36.2,35,0.0,1001.8,13.5,314
2025-09-21 16:00:00,27.0,35.5,37,0.0,1001.6,13.9,311
2025-09-21 17:00:00,31.0,34.4,43,0.0,1001.5,13.5,311
2025-09-21 18:00:00,30.0,33.6,43,0.0,1002.4,10.9,299
2025-09-21 19:00:00,33.0,33.2,44,0.0,1002.7,8.9,295
2025-09-21 20:00:00,32.0,32.4,47,0.0,1003.2,7.1,304
2025-09-21 21:00:00,30.0,31.6,52,0.0,1004.0,5.9,284
2025-09-21 22:00:00,32.0,30.9,54,0.0,1004.3,5.1,280
2025-09-21 23:00:00,31.0,30.3,57,0.0,1004.5,4.4,322
2025-09-22 00:00:00,30.0,29.4,60,0.0,1004.7,3.0,256
2025-09-22 01:00:00,35.0,28.9,61,0.0,1004.9,4.1,255
2025-09-22 02:00:00,38.0,28.3,63,0.0,1004.7,3.2,251
2025-09-22 03:00:00,48.0,27.7,66,0.0,1004.8,3.0,245
2025-09-22 04:00:00,39.0,27.4,66,0.0,1005.0,3.4,264
2025-09-22 05:00:00,35.0,27.1,66,0.0,1005.4,3.6,276
2025-09-22 06:00:00,34.0,28.3,69,0.0,1005.8,5.4,262
2025-09-22 07:00:00,34.0,29.4,64,0.0,1006.5,4.9,272
2025-09-22 08:00:00,43.0,31.6,55,0.0,1006.6,6.7,270
2025-09-22 09:00:00,50.0,33.9,45,0.0,1006.7,9.4,282
2025-09-22 10:00:00,36.0,35.4,37,0.0,1006.2,12.3,292
2025-09-22 11:00:00,53.0,36.3,33,0.0,1005.5,12.7,297
2025-09-22 12:00:00,25.0,37.1,30,0.0,1004.7,14.2,305
2025-09-22 13:00:00,11.0,37.3,29,0.0,1003.7,15.2,309
2025-09-22 14:00:00,33.0,37.3,30,0.0,1002.8,15.4,311
2025-09-22 15:00:00,19.0,36.8,31,0.0,1002.7,15.2,312
2025-09-22 16:00:00,22.0,35.7,37,0.0,1002.5,15.6,309
2025-09-22 17:00:00,24.0,35.0,39,0.0,1002.3,15.0,304
2025-09-22 18:00:00,23.0,34.5,39,0.0,1003.1,12.5,311
2025-09-22 19:00:00,25.0,33.5,44,0.0,1003.5,10.5,305
2025-09-22 20:00:00,28.0,32.8,46,0.0,1003.9,10.7,300
2025-09-22 21:00:00,30.0,31.9,48,0.0,1004.7,9.9,291
2025-09-22 22:00:00,27.0,31.2,50,0.0,1005.0,9.6,296
2025-09-22 23:00:00,27.0,30.8,51,0.0,1005.0,8.7,297
2025-09-23 00:00:00,30.0,30.2,51,0.0,1005.0,7.0,314
2025-09-23 01:00:00,24.0,29.7,53,0.0,1004.7,6.1,304
2025-09-23 02:00:00,27.0,28.9,55,0.0,1004.8,5.4,268
2025-09-23 03:00:00,60.0,28.3,57,0.0,1004.8,5.2,268
2025-09-23 04:00:00,43.0,27.8,59,0.0,1004.9,6.0,261
2025-09-23 05:00:00,31.0,27.3,60,0.0,1005.3,6.7,264
2025-09-23 06:00:00,30.0,28.0,65,0.0,1005.9,6.3,288
2025-09-23 07:00:00,35.0,28.7,64,0.0,1006.3,7.2,283
2025-09-23 08:00:00,35.0,30.7,55,0.0,1006.5,7.9,281
2025-09-23 09:00:00,27.0,33.0,46,0.0,1006.5,11.1,286
2025-09-23 10:00:00,30.0,34.7,41,0.0,1006.4,13.3,298
2025-09-23 11:00:00,27.0,36.1,36,0.0,1005.7,15.0,313
2025-09-23 12:00:00,19.0,36.9,32,0.0,1004.9,15.2,317
2025-09-23 13:00:00,14.0,37.1,31,0.0,1003.8,16.1,319
2025-09-23 14:00:00,17.0,37.0,31,0.0,1002.6,16.4,315
2025-09-23 15:00:00,21.0,36.3,33,0.0,1002.0,15.8,313
2025-09-23 16:00:00,18.0,35.6,35,0.0,1001.6,16.1,310
2025-09-23 17:00:00,16.0,34.7,36,0.0,1001.5,14.7,305
2025-09-23 18:00:00,18.0,33.8,36,0.0,1002.5,13.0,298
2025-09-23 19:00:00,25.0,33.1,38,0.0,1002.8,11.5,300
2025-09-23 20:00:00,26.0,32.6,39,0.0,1003.3,10.1,309
2025-09-23 21:00:00,30.0,32.1,40,0.0,1004.0,7.8,299
2025-09-23 22:00:00,36.0,31.6,42,0.0,1004.0,7.4,296
2025-09-23 23:00:00,34.0,31.2,43,0.0,1003.9,7.1,291
2025-09-24 00:00:00,40.0,30.1,47,0.0,1003.7,7.2,264
2025-09-24 01:00:00,44.0,29.1,52,0.0,1003.5,7.0,271
2025-09-24 02:00:00,42.0,28.5,55,0.0,1003.2,6.3,272
2025-09-24 03:00:00,34.0,27.9,58,0.0,1003.3,6.5,272
2025-09-24 04:00:00,33.0,27.4,59,0.0,1003.5,6.7,276
2025-09-24 05:00:00,33.0,26.9,60,0.0,1003.5,6.4,278
2025-09-24 06:00:00,36.0,27.4,65,0.0,1004.1,9.6,278
2025-09-24 07:00:00,27.0,28.0,61,0.0,1004.7,7.6,278
2025-09-24 08:00:00,23.0,29.8,54,0.0,1005.1,9.3,285
2025-09-24 09:00:00,23.0,31.9,48,0.0,1005.3,11.5,292
2025-09-24 10:00:00,32.0,33.8,43,0.0,1004.9,14.5,300
2025-09-24 11:00:00,20.0,35.3,36,0.0,1004.2,15.9,305
2025-09-24 12:00:00,24.0,36.2,32,0.0,1003.2,15.0,309
2025-09-24 13:00:00,20.0,36.6,31,0.0,1002.0,14.7,309
2025-09-24 14:00:00,17.0,36.6,29,0.0,1000.5,14.6,305
2025-09-24 15:00:00,12.0,36.3,30,0.0,1000.0,14.0,301
2025-09-24 16:00:00,20.0,35.4,33,0.0,999.8,13.8,301
2025-09-24 17:00:00,13.0,34.3,38,0.0,999.9,13.2,301
2025-09-24 18:00:00,18.0,33.6,43,0.0,1001.0,10.7,301
2025-09-24 19:00:00,28.0,33.1,45,0.0,1001.5,7.7,306
2025-09-24 20:00:00,27.0,32.6,47,0.0,1002.2,6.6,327
2025-09-24 21:00:00,28.0,31.8,50,0.0,1002.8,6.2,339
2025-09-24 22:00:00,35.0,30.9,55,0.0,1003.0,5.1,342
2025-09-24 23:00:00,28.0,30.1,57,0.0,1003.1,3.9,286
2025-09-25 00:00:00,27.0,29.4,60,0.0,1003.4,6.3,268
2025-09-25 01:00:00,40.0,28.8,62,0.0,1003.1,5.0,291
2025-09-25 02:00:00,35.0,28.3,64,0.0,1003.0,3.7,293
2025-09-25 03:00:00,38.0,27.6,67,0.0,1003.2,2.9,281
2025-09-25 04:00:00,34.0,27.3,67,0.0,1003.4,4.4,277
2025-09-25 05:00:00,31.0,26.9,69,0.0,1003.8,5.7,283
2025-09-25 06:00:00,32.0,27.1,71,0.0,1004.5,8.2,279
2025-09-25 07:00:00,25.0,27.8,67,0.0,1005.1,7.1,280
2025-09-25 08:00:00,26.0,29.9,57,0.0,1005.6,6.9,284
2025-09-25 09:00:00,25.0,32.5,46,0.0,1005.8,9.5,292
2025-09-25 10:00:00,23.0,34.5,37,0.0,1005.5,12.1,302
2025-09-25 11:00:00,21.0,35.7,33,0.0,1004.9,12.1,311
2025-09-25 12:00:00,25.0,36.3,31,0.0,1004.1,12.0,315
2025-09-25 13:00:00,21.0,36.6,32,0.0,1003.0,12.5,315
2025-09-25 14:00:00,17.0,36.5,32,0.0,1001.9,13.0,316
2025-09-25 15:00:00,23.0,36.2,33,0.0,1001.5,13.1,316
2025-09-25 16:00:00,23.0,35.4,36,0.0,1001.5,13.2,314
2025-09-25 17:00:00,21.0,34.2,40,0.0,1001.7,12.7,309
2025-09-25 18:00:00,28.0,33.4,43,0.0,1002.9,9.6,313
2025-09-25 19:00:00,27.0,33.1,44,0.0,1003.8,6.9,301
2025-09-25 20:00:00,36.0,32.5,46,0.0,1004.4,6.1,294
2025-09-25 21:00:00,36.0,31.8,48,0.0,1005.0,5.4,300
2025-09-25 22:00:00,33.0,31.1,50,0.0,1004.8,6.2,308
2025-09-25 23:00:00,27.0,30.4,52,0.0,1004.8,6.8,310
2025-09-26 00:00:00,27.0,29.7,53,0.0,1004.6,6.0,311
2025-09-26 01:00:00,23.0,29.2,55,0.0,1004.4,5.2,319
2025-09-26 02:00:00,23.0,28.4,58,0.0,1004.5,4.0,306
2025-09-26 03:00:00,27.0,27.7,61,0.0,1004.4,5.0,289
2025-09-26 04:00:00,30.0,27.1,64,0.0,1004.8,5.1,293
2025-09-26 05:00:00,41.0,26.6,67,0.0,1005.4,4.7,293
2025-09-26 06:00:00,43.0,27.0,75,0.0,1006.0,6.8,310
2025-09-26 07:00:00,41.0,28.0,70,0.0,1006.7,5.4,304
2025-09-26 08:00:00,44.0,30.2,61,0.0,1006.8,6.8,310
2025-09-26 09:00:00,42.0,32.8,49,0.0,1007.0,9.8,322
2025-09-26 10:00:00,30.0,34.5,40,0.0,1006.6,14.1,328
2025-09-26 11:00:00,26.0,35.7,36,0.0,1005.9,14.0,327
2025-09-26 12:00:00,24.0,36.7,32,0.0,1005.0,13.0,326
2025-09-26 13:00:00,25.0,37.0,31,0.0,1003.9,13.0,326
2025-09-26 14:00:00,29.0,37.2,30,0.0,1002.8,13.1,324
2025-09-26 15:00:00,13.0,36.6,33,0.0,1002.4,13.5,326
2025-09-26 16:00:00,33.0,35.4,41,0.0,1002.3,13.5,324
2025-09-26 17:00:00,18.0,34.3,44,0.0,1002.4,12.2,324
2025-09-26 18:00:00,23.0,33.8,48,0.0,1003.5,10.8,322
2025-09-26 19:00:00,26.0,33.4,50,0.0,1004.4,8.1,329
2025-09-26 20:00:00,33.0,32.7,53,0.0,1005.3,7.0,328
2025-09-26 21:00:00,30.0,32.0,55,0.0,1006.3,6.7,314
2025-09-26 22:00:00,32.0,31.3,56,0.0,1006.6,6.4,315
2025-09-26 23:00:00,39.0,30.7,57,0.0,1006.9,6.0,321
2025-09-27 00:00:00,32.0,30.1,58,0.0,1006.9,5.0,339
2025-09-27 01:00:00,35.0,29.4,60,0.0,1006.9,4.7,356
2025-09-27 02:00:00,35.0,28.7,63,0.0,1006.6,4.1,358
2025-09-27 03:00:00,40.0,28.0,67,0.0,1006.5,4.5,355
2025-09-27 04:00:00,48.0,27.5,69,0.0,1006.7,5.8,340
2025-09-27 05:00:00,44.0,27.0,72,0.0,1007.2,5.4,345
2025-09-27 06:00:00,51.0,27.7,75,0.0,1007.9,5.0,358
2025-09-27 07:00:00,53.0,28.6,71,0.0,1008.4,3.2,357
2025-09-27 08:00:00,54.0,31.1,61,0.0,1008.8,3.1,3
2025-09-27 09:00:00,58.0,33.4,51,0.0,1009.1,3.2,34
2025-09-27 10:00:00,62.0,35.0,45,0.0,1008.9,3.9,53
2025-09-27 11:00:00,61.0,36.4,40,0.0,1008.0,4.7,40
2025-09-27 12:00:00,61.0,37.4,37,0.0,1007.1,5.7,53
2025-09-27 13:00:00,60.0,38.1,35,0.0,1005.8,7.2,53
2025-09-27 14:00:00,54.0,37.9,36,0.0,1004.8,8.8,49
2025-09-27 15:00:00,56.0,37.4,36,0.0,1004.5,7.6,76
2025-09-27 16:00:00,61.0,36.3,40,0.0,1004.6,6.3,88
2025-09-27 17:00:00,70.0,35.2,44,0.0,1004.3,5.8,81
2025-09-27 18:00:00,65.0,34.4,48,0.0,1005.5,8.3,41
2025-09-27 19:00:00,68.0,33.8,52,0.0,1006.3,7.9,24
2025-09-27 20:00:00,77.0,33.0,56,0.0,1006.8,6.1,30
2025-09-27 21:00:00,85.0,32.6,59,0.0,1007.3,4.0,87
2025-09-27 22:00:00,83.0,32.2,61,0.0,1007.3,4.4,109
2025-09-27 23:00:00,87.0,31.6,64,0.0,1007.3,5.0,103
2025-09-28 00:00:00,87.0,31.0,65,0.0,1007.0,4.3,92
2025-09-28 01:00:00,79.0,30.5,67,0.0,1006.8,5.1,100
2025-09-28 02:00:00,61.0,29.9,69,0.0,1006.8,5.4,96
2025-09-28 03:00:00,30.0,29.3,72,0.0,1006.6,6.3,95
2025-09-28 04:00:00,26.0,28.9,75,0.0,1007.3,7.3,110
2025-09-28 05:00:00,19.0,28.7,76,0.0,1007.6,6.5,120
2025-09-28 06:00:00,17.0,29.5,75,0.0,1008.2,7.3,136
2025-09-28 07:00:00,20.0,30.1,71,0.0,1008.4,7.0,111
2025-09-28 08:00:00,23.0,31.3,66,0.0,1008.7,10.0,108
2025-09-28 09:00:00,22.0,32.8,59,0.0,1008.7,10.0,107
2025-09-28 10:00:00,28.0,34.5,49,0.0,1008.4,11.9,100
2025-09-28 11:00:00,15.0,35.6,44,0.0,1007.7,12.7,98
2025-09-28 12:00:00,17.0,36.1,42,0.0,1006.7,12.0,99
2025-09-28 13:00:00,8.0,36.3,42,0.0,1005.5,10.9,97
2025-09-28 14:00:00,7.0,36.6,42,0.0,1004.1,9.7,91
2025-09-28 15:00:00,8.0,36.3,42,0.0,1003.1,9.4,87
2025-09-28 16:00:00,17.0,35.8,44,0.0,1003.1,8.7,85
2025-09-28 17:00:00,22.0,34.8,48,0.0,1003.2,9.0,84
2025-09-28 18:00:00,24.0,33.7,55,0.0,1004.1,8.2,113
2025-09-28 19:00:00,25.0,33.3,57,0.0,1004.7,7.3,118
2025-09-28 20:00:00,33.0,32.8,59,0.0,1005.2,7.0,111
2025-09-28 21:00:00,36.0,32.0,63,0.0,1005.6,6.6,106
2025-09-28 22:00:00,36.0,31.3,66,0.0,1005.9,6.9,107
2025-09-28 23:00:00,39.0,30.5,69,0.0,1005.7,6.9,118
2025-09-29 00:00:00,38.0,29.9,72,0.0,1005.7,6.0,119
2025-09-29 01:00:00,39.0,29.3,74,0.0,1005.6,6.1,113
2025-09-29 02:00:00,34.0,28.8,76,0.0,1005.6,6.0,107
2025-09-29 03:00:00,33.0,28.4,78,0.0,1005.5,6.0,119
2025-09-29 04:00:00,31.0,28.0,80,0.0,1005.8,5.8,106
2025-09-29 05:00:00,35.0,27.6,82,0.0,1006.3,6.3,92
2025-09-29 06:00:00,39.0,28.0,77,0.0,1006.2,4.3,85
2025-09-29 07:00:00,48.0,28.7,75,0.0,1006.6,5.2,94
2025-09-29 08:00:00,32.0,30.6,68,0.0,1007.1,6.5,124
2025-09-29 09:00:00,36.0,32.6,58,0.0,1007.1,7.4,131
2025-09-29 10:00:00,28.0,34.1,49,0.0,1006.9,8.3,120
2025-09-29 11:00:00,26.0,35.1,44,0.0,1005.8,8.3,110
2025-09-29 12:00:00,26.0,35.9,41,0.0,1005.0,7.9,107
2025-09-29 13:00:00,21.0,36.3,40,0.1,1003.9,6.4,106
2025-09-29 14:00:00,26.0,36.4,40,0.0,1002.6,6.1,95
2025-09-29 15:00:00,28.0,36.3,40,0.0,1001.6,6.5,87
2025-09-29 16:00:00,28.0,35.7,40,0.1,1001.2,6.8,90
2025-09-29 17:00:00,27.0,34.7,44,0.0,1001.4,5.7,108
2025-09-29 18:00:00,29.0,34.0,49,0.0,1002.6,5.2,104
2025-09-29 19:00:00,40.0,33.4,51,0.0,1003.0,5.6,117
2025-09-29 20:00:00,46.0,32.8,52,0.0,1003.5,4.3,132
2025-09-29 21:00:00,45.0,32.1,56,0.0,1003.7,2.7,118
2025-09-29 22:00:00,43.0,31.6,58,0.0,1003.8,3.1,130
2025-09-29 23:00:00,52.0,31.1,60,0.0,1004.0,4.7,173
2025-09-30 00:00:00,46.0,30.3,67,0.0,1003.7,1.4,180
2025-09-30 01:00:00,43.0,29.5,69,0.0,1003.0,1.5,291
2025-09-30 02:00:00,42.0,29.3,71,0.0,1002.1,1.5,284
2025-09-30 03:00:00,49.0,26.9,80,5.4,1003.1,11.4,147
2025-09-30 04:00:00,48.0,24.8,91,5.6,1003.1,7.1,240
2025-09-30 05:00:00,46.0,24.9,92,0.1,1003.9,5.3,172
2025-09-30 06:00:00,48.0,26.4,86,0.0,1004.9,2.0,260
2025-09-30 07:00:00,53.0,27.2,85,0.0,1004.8,2.7,4
2025-09-30 08:00:00,44.0,28.8,80,0.0,1005.1,1.6,90
2025-09-30 09:00:00,48.0,30.7,72,0.0,1005.1,3.2,93
2025-09-30 10:00:00,35.0,32.1,64,0.0,1004.6,3.5,55
2025-09-30 11:00:00,34.0,33.1,57,0.0,1003.9,3.9,47
2025-09-30 12:00:00,3.0,33.5,54,0.0,1003.1,4.9,84
2025-09-30 13:00:00,8.0,33.4,54,0.0,1002.3,4.6,72
2025-09-30 14:00:00,8.0,33.7,52,0.0,1001.4,4.4,69
2025-09-30 15:00:00,19.0,33.0,54,0.0,1000.5,3.1,28
2025-09-30 16:00:00,16.0,32.7,56,0.0,1000.1,2.2,346
2025-09-30 17:00:00,27.0,32.2,67,0.0,1000.4,0.5,270
2025-09-30 18:00:00,27.0,31.7,67,0.0,1001.1,0.7,284
2025-09-30 19:00:00,45.0,31.1,72,0.0,1001.8,0.5,315
2025-09-30 20:00:00,50.0,30.5,74,0.0,1002.5,0.6,146
2025-09-30 21:00:00,34.0,29.8,77,0.0,1002.9,2.7,180
2025-09-30 22:00:00,22.0,29.4,76,0.0,1003.1,3.2,199
2025-09-30 23:00:00,13.0,29.0,74,0.0,1003.2,4.9,197
2025-10-01 00:00:00,12.0,28.5,76,0.0,1002.9,4.7,212
2025-10-01 01:00:00,9.0,28.2,77,0.0,1002.3,3.8,239
2025-10-01 02:00:00,13.0,27.8,78,0.0,1001.6,3.6,270
2025-10-01 03:00:00,12.0,27.4,79,0.0,1001.5,4.4,249
2025-10-01 04:00:00,14.0,26.9,83,0.0,1001.5,3.1,270
2025-10-01 05:00:00,13.0,23.8,96,0.0,1003.5,6.0,10
2025-10-01 06:00:00,14.0,24.0,96,0.0,1003.5,1.0,121
2025-10-01 07:00:00,47.0,24.8,95,0.0,1004.1,1.0,149
2025-10-01 08:00:00,53.0,26.5,89,0.0,1004.9,1.4,23
2025-10-01 09:00:00,41.0,28.1,78,0.0,1005.1,3.0,343
2025-10-01 10:00:00,51.0,29.3,73,0.0,1004.8,2.4,347
2025-10-01 11:00:00,53.0,30.8,70,0.0,1004.2,4.1,345
2025-10-01 12:00:00,43.0,31.4,66,0.2,1003.6,2.4,347
2025-10-01 13:00:00,50.0,31.9,60,0.2,1002.8,1.4,23
2025-10-01 14:00:00,50.0,32.3,58,0.0,1001.5,2.4,36
2025-10-01 15:00:00,54.0,29.4,73,4.1,1001.7,11.2,159
2025-10-01 16:00:00,49.0,27.7,80,0.8,1001.9,3.6,200
2025-10-01 17:00:00,41.0,28.3,77,0.0,1001.8,4.8,248
2025-10-01 18:00:00,59.0,28.0,83,0.0,1002.1,1.1,189
2025-10-01 19:00:00,56.0,27.7,85,0.0,1002.9,3.5,156
2025-10-01 20:00:00,53.0,27.5,87,0.0,1004.2,2.0,225
2025-10-01 21:00:00,62.0,27.4,87,0.0,1004.9,1.0,211
2025-10-01 22:00:00,81.0,27.2,85,0.0,1005.1,4.6,154
2025-10-01 23:00:00,44.0,26.4,88,0.0,1005.3,7.9,192
2025-10-02 00:00:00,33.0,26.5,84,0.0,1004.8,6.1,199
2025-10-02 01:00:00,30.0,26.2,85,0.0,1004.4,4.5,217
2025-10-02 02:00:00,27.0,26.0,87,0.0,1004.4,3.5,208
2025-10-02 03:00:00,29.0,25.8,87,0.0,1004.8,5.4,124
2025-10-02 04:00:00,24.0,24.9,90,0.0,1005.7,6.9,137
2025-10-02 05:00:00,21.0,23.9,93,2.0,1005.7,4.0,58
2025-10-02 06:00:00,29.0,24.4,93,0.0,1006.2,1.2,207
2025-10-02 07:00:00,26.0,25.4,89,0.0,1007.3,1.7,167
2025-10-02 08:00:00,36.0,27.2,82,0.0,1008.2,4.0,21
2025-10-02 09:00:00,53.0,29.0,73,0.0,1008.2,4.0,32
2025-10-02 10:00:00,44.0,30.4,66,0.0,1008.1,5.8,74
2025-10-02 11:00:00,52.0,31.1,64,0.0,1008.1,4.6,101
2025-10-02 12:00:00,55.0,30.3,65,2.0,1008.1,7.8,81
2025-10-02 13:00:00,63.0,30.3,60,0.9,1007.7,7.2,96
2025-10-02 14:00:00,48.0,30.4,63,0.2,1006.8,4.1,105
2025-10-02 15:00:00,48.0,30.8,62,0.0,1006.2,4.0,117
2025-10-02 16:00:00,46.0,30.9,62,0.0,1006.2,6.2,111
2025-10-02 17:00:00,51.0,29.0,73,0.0,1006.4,5.1,170
2025-10-02 18:00:00,26.0,28.2,75,0.0,1007.3,7.5,169
2025-10-02 19:00:00,12.0,27.7,81,0.0,1008.2,1.3,106
2025-10-02 20:00:00,25.0,27.6,80,0.0,1009.0,2.5,82
2025-10-02 21:00:00,38.0,27.2,82,0.0,1010.0,4.6,99
2025-10-02 22:00:00,42.0,26.9,84,0.0,1010.2,5.8,110
2025-10-02 23:00:00,34.0,26.8,90,0.0,1010.5,5.6,96
2025-10-03 00:00:00,26.0,25.9,94,0.6,1010.6,2.5,86
2025-10-03 01:00:00,28.0,25.4,94,0.0,1010.0,4.9,54
2025-10-03 02:00:00,26.0,24.9,95,0.0,1009.8,4.8,53
2025-10-03 03:00:00,24.0,24.6,96,0.0,1009.9,6.3,66
2025-10-03 04:00:00,22.0,24.3,97,0.0,1009.7,4.6,69
2025-10-03 05:00:00,25.0,24.6,97,0.0,1009.9,5.2,90
2025-10-03 06:00:00,24.0,24.7,97,0.0,1010.2,3.5,75
2025-10-03 07:00:00,23.0,25.4,93,0.0,1010.9,2.9,83
2025-10-03 08:00:00,27.0,26.8,85,0.0,1011.5,3.8,85
2025-10-03 09:00:00,25.0,28.5,74,0.0,1011.7,4.6,77
2025-10-03 10:00:00,18.0,29.8,65,0.0,1011.7,5.4,76
2025-10-03 11:00:00,17.0,30.6,63,0.0,1011.8,5.8,90
2025-10-03 12:00:00,16.0,32.0,57,0.0,1011.0,5.0,92
2025-10-03 13:00:00,11.0,32.5,55,0.0,1010.0,5.3,72
2025-10-03 14:00:00,44.0,32.7,53,0.0,1008.9,6.3,53
2025-10-03 15:00:00,37.0,32.4,53,0.0,1008.1,6.7,54
2025-10-03 16:00:00,29.0,31.5,56,0.1,1007.8,6.5,58
2025-10-03 17:00:00,20.0,30.9,61,0.0,1007.6,6.0,39
2025-10-03 18:00:00,18.0,30.0,73,0.0,1008.4,1.8,53
2025-10-03 19:00:00,30.0,29.5,73,0.0,1008.9,3.1,28
2025-10-03 20:00:00,36.0,28.8,76,0.0,1009.8,3.3,36
2025-10-03 21:00:00,34.0,28.0,80,0.0,1010.2,3.1,45
2025-10-03 22:00:00,37.0,27.5,84,0.0,1010.3,2.7,42
2025-10-03 23:00:00,42.0,27.7,85,0.0,1009.6,3.2,38
2025-10-04 00:00:00,42.0,27.3,87,0.0,1009.6,2.4,54
2025-10-04 01:00:00,36.0,26.9,86,0.0,1009.6,6.2,120
2025-10-04 02:00:00,54.0,26.4,89,0.0,1009.3,3.4,164
2025-10-04 03:00:00,70.0,26.1,90,0.0,1009.2,3.1,183
2025-10-04 04:00:00,56.0,25.8,91,0.0,1009.2,1.9,287
2025-10-04 05:00:00,54.0,26.0,90,0.0,1009.3,3.6,360
2025-10-04 06:00:00,51.0,25.9,90,0.0,1009.7,2.6,326
2025-10-04 07:00:00,79.0,26.9,83,0.0,1009.9,3.0,295
2025-10-04 08:00:00,98.0,29.0,68,0.0,1010.3,3.0,308
2025-10-04 09:00:00,65.0,31.0,56,0.0,1010.0,5.4,304
2025-10-04 10:00:00,40.0,32.5,48,0.0,1009.2,7.9,303
2025-10-04 11:00:00,46.0,33.5,45,0.0,1008.9,9.2,301
2025-10-04 12:00:00,36.0,34.0,42,0.0,1007.6,10.7,310
2025-10-04 13:00:00,44.0,34.5,40,0.0,1006.6,12.0,315
2025-10-04 14:00:00,42.0,34.4,39,0.0,1005.6,12.4,319
2025-10-04 15:00:00,39.0,34.1,40,0.0,1004.7,11.8,317
2025-10-04 16:00:00,40.0,33.4,43,0.0,1004.5,11.6,314
2025-10-04 17:00:00,50.0,32.2,48,0.0,1004.3,9.8,298
2025-10-04 18:00:00,63.0,31.0,54,0.0,1004.6,6.6,279
2025-10-04 19:00:00,79.0,30.5,57,0.0,1005.2,6.5,256
2025-10-04 20:00:00,77.0,29.9,60,0.0,1006.3,5.8,250
2025-10-04 21:00:00,83.0,29.4,62,0.0,1006.8,5.4,290
2025-10-04 22:00:00,70.0,28.9,64,0.0,1007.0,6.2,306
2025-10-04 23:00:00,76.0,27.9,67,0.0,1006.9,5.3,280
2025-10-05 00:00:00,73.0,27.3,68,0.0,1006.5,6.2,278
2025-10-05 01:00:00,65.0,26.8,68,0.0,1005.9,6.6,292
2025-10-05 02:00:00,70.0,26.3,69,0.0,1005.4,6.2,287
2025-10-05 03:00:00,72.0,25.7,71,0.0,1005.0,5.2,270
2025-10-05 04:00:00,78.0,25.2,74,0.0,1005.5,4.5,265
2025-10-05 05:00:00,77.0,25.8,86,0.0,1005.9,7.2,270
2025-10-05 06:00:00,69.0,25.9,84,0.0,1006.9,8.0,275
2025-10-05 07:00:00,54.0,26.8,79,0.0,1007.9,6.4,260
2025-10-05 08:00:00,37.0,28.5,67,0.0,1008.3,7.6,265
2025-10-05 09:00:00,25.0,30.6,57,0.0,1008.5,10.4,279
2025-10-05 10:00:00,26.0,31.9,51,0.0,1008.6,11.6,305
2025-10-05 11:00:00,40.0,30.9,58,0.0,1008.9,7.5,339
2025-10-05 12:00:00,74.0,32.3,51,0.0,1008.1,3.9,323
2025-10-05 13:00:00,69.0,33.3,43,0.0,1007.1,4.2,313
2025-10-05 14:00:00,58.0,34.1,36,0.0,1005.8,4.7,298
2025-10-05 15:00:00,39.0,34.1,35,0.0,1004.9,5.8,275
2025-10-05 16:00:00,40.0,33.6,37,0.0,1004.3,7.6,267
2025-10-05 17:00:00,43.0,32.7,42,0.0,1004.1,6.0,297
2025-10-05 18:00:00,44.0,31.1,51,0.0,1004.8,3.5,282
2025-10-05 19:00:00,57.0,30.3,60,0.0,1005.6,2.3,270
2025-10-05 20:00:00,65.0,30.1,61,0.0,1006.4,1.0,248
2025-10-05 21:00:00,63.0,29.4,63,0.0,1006.9,1.4,220
2025-10-05 22:00:00,73.0,28.9,65,0.0,1007.5,1.1,171
2025-10-05 23:00:00,57.0,25.9,71,0.0,1009.1,13.6,211
2025-10-06 00:00:00,13.0,22.6,92,8.9,1009.5,13.1,330
2025-10-06 01:00:00,12.0,23.5,86,0.1,1009.3,4.3,292
2025-10-06 02:00:00,12.0,23.3,87,0.0,1009.2,1.7,131
2025-10-06 03:00:00,13.0,22.9,91,0.0,1008.6,2.0,170
2025-10-06 04:00:00,11.0,22.7,92,0.1,1008.4,1.0,31
2025-10-06 05:00:00,14.0,24.1,81,0.0,1007.9,4.7,92
2025-10-06 06:00:00,16.0,24.1,82,0.0,1008.9,2.5,45
2025-10-06 07:00:00,18.0,24.9,78,0.0,1008.9,1.8,90
2025-10-06 08:00:00,26.0,26.2,70,0.0,1009.4,3.8,177
2025-10-06 09:00:00,33.0,26.4,69,0.0,1009.8,3.3,193
2025-10-06 10:00:00,37.0,27.1,65,0.0,1010.1,4.5,223
2025-10-06 11:00:00,33.0,29.7,46,0.0,1010.2,9.0,196
2025-10-06 12:00:00,34.0,24.8,80,2.3,1010.1,7.7,18
2025-10-06 13:00:00,35.0,24.9,82,1.4,1010.2,7.6,289
2025-10-06 14:00:00,26.0,23.8,91,2.6,1009.3,6.5,293
2025-10-06 15:00:00,22.0,24.4,86,0.8,1008.8,4.5,337
2025-10-06 16:00:00,22.0,24.0,88,0.8,1008.2,6.1,66
2025-10-06 17:00:00,19.0,23.4,92,0.2,1008.0,9.8,60
2025-10-06 18:00:00,30.0,22.7,94,0.0,1008.7,7.5,60
2025-10-06 19:00:00,19.0,22.6,94,0.0,1009.1,8.8,78
2025-10-06 20:00:00,33.0,22.6,94,0.0,1009.5,7.2,102
2025-10-06 21:00:00,37.0,22.4,95,0.0,1009.8,7.2,122
2025-10-06 22:00:00,31.0,22.3,96,0.0,1010.0,7.8,132
2025-10-06 23:00:00,27.0,22.7,95,0.0,1010.0,6.7,88
2025-10-07 00:00:00,26.0,22.7,95,0.0,1009.7,5.7,127
2025-10-07 01:00:00,26.0,22.3,96,0.0,1009.4,0.7,90
2025-10-07 02:00:00,21.0,21.8,98,0.0,1009.3,0.4,333
2025-10-07 03:00:00,22.0,22.1,98,0.0,1009.0,3.1,90
2025-10-07 04:00:00,19.0,22.4,97,0.0,1008.3,5.9,140
2025-10-07 05:00:00,9.0,22.3,96,0.0,1008.4,6.1,157
2025-10-07 06:00:00,18.0,22.2,97,0.1,1009.0,6.9,137
2025-10-07 07:00:00,18.0,22.7,94,0.1,1010.1,5.7,191
2025-10-07 08:00:00,22.0,23.2,91,0.3,1010.5,6.4,153
2025-10-07 09:00:00,15.0,24.6,85,0.1,1010.7,7.0,148
2025-10-07 10:00:00,10.0,25.8,80,0.1,1011.0,8.0,155
2025-10-07 11:00:00,14.0,27.0,67,0.1,1010.6,6.2,163
2025-10-07 12:00:00,25.0,27.7,66,0.0,1009.8,4.9,172
2025-10-07 13:00:00,16.0,28.3,65,0.0,1009.1,4.0,159
2025-10-07 14:00:00,12.0,28.7,63,0.0,1008.3,4.3,165
2025-10-07 15:00:00,22.0,25.5,75,0.5,1008.2,8.6,143
2025-10-07 16:00:00,12.0,26.0,73,0.0,1007.7,6.1,120
2025-10-07 17:00:00,13.0,21.3,93,5.1,1009.6,13.0,315
2025-10-07 18:00:00,11.0,21.5,88,1.7,1009.1,5.0,52
2025-10-07 19:00:00,15.0,21.3,92,0.2,1010.2,7.5,101
2025-10-07 20:00:00,18.0,21.0,96,0.0,1010.9,5.0,103
2025-10-07 21:00:00,28.0,21.0,96,0.0,1011.4,5.4,82
2025-10-07 22:00:00,39.0,20.8,96,0.0,1011.3,2.0,170
2025-10-07 23:00:00,36.0,21.1,98,0.0,1011.4,2.2,125
2025-10-08 00:00:00,26.0,20.8,98,0.0,1011.2,0.7,194
2025-10-08 01:00:00,26.0,20.4,98,0.0,1010.9,1.8,294
2025-10-08 02:00:00,29.0,20.8,98,0.0,1010.3,5.5,259
2025-10-08 03:00:00,35.0,20.7,98,0.0,1010.1,5.8,270
2025-10-08 04:00:00,34.0,20.0,99,0.0,1010.3,2.9,349
2025-10-08 05:00:00,41.0,20.7,99,0.1,1010.9,3.2,3
2025-10-08 06:00:00,38.0,20.9,97,0.0,1011.5,3.8,341
2025-10-08 07:00:00,32.0,21.4,94,0.0,1011.6,5.9,317
2025-10-08 08:00:00,34.0,22.4,87,0.0,1012.4,4.0,324
2025-10-08 09:00:00,36.0,23.4,82,0.1,1013.1,4.5,323
2025-10-08 10:00:00,41.0,24.4,79,0.0,1013.3,1.8,354
2025-10-08 11:00:00,44.0,25.1,76,0.0,1013.0,0.9,11
2025-10-08 12:00:00,47.0,26.0,71,0.0,1012.0,0.6,252
2025-10-08 13:00:00,32.0,26.2,67,0.0,1010.8,2.7,242
2025-10-08 14:00:00,33.0,24.3,71,0.3,1010.5,10.4,296
2025-10-08 15:00:00,40.0,23.0,79,0.4,1010.0,6.0,319
2025-10-08 16:00:00,32.0,24.1,76,0.0,1009.7,4.7,310
2025-10-08 17:00:00,28.0,22.6,87,0.0,1010.0,5.2,286
2025-10-08 18:00:00,34.0,22.8,90,0.0,1010.3,6.4,297
2025-10-08 19:00:00,45.0,22.8,87,0.0,1011.1,4.6,315
2025-10-08 20:00:00,47.0,22.5,86,0.0,1011.7,5.2,338
2025-10-08 21:00:00,49.0,21.8,88,0.0,1012.1,3.8,352
2025-10-08 22:00:00,38.0,21.2,90,0.0,1012.5,2.8,325
2025-10-08 23:00:00,45.0,21.9,92,0.0,1013.0,4.6,296
2025-10-09 00:00:00,49.0,22.1,92,0.0,1013.3,5.1,288
2025-10-09 01:00:00,45.0,21.8,92,0.0,1012.8,4.7,298
2025-10-09 02:00:00,40.0,21.5,93,0.0,1012.8,4.8,301
2025-10-09 03:00:00,37.0,21.1,94,0.0,1013.0,4.3,318
2025-10-09 04:00:00,46.0,20.8,95,0.0,1013.2,3.9,313
2025-10-09 05:00:00,38.0,20.8,95,0.0,1013.6,4.5,304
2025-10-09 06:00:00,41.0,20.9,95,0.0,1014.2,5.3,315
2025-10-09 07:00:00,39.0,21.5,93,0.0,1014.4,6.3,323
2025-10-09 08:00:00,43.0,22.8,89,0.0,1015.0,5.6,327
2025-10-09 09:00:00,54.0,24.2,83,0.0,1015.4,8.5,348
2025-10-09 10:00:00,43.0,25.1,77,0.1,1015.1,7.0,348
2025-10-09 11:00:00,33.0,26.9,66,0.0,1014.5,7.5,316
2025-10-09 12:00:00,17.0,27.7,56,0.0,1013.7,8.0,318
2025-10-09 13:00:00,34.0,28.4,49,0.0,1012.9,7.6,322
2025-10-09 14:00:00,36.0,28.4,48,0.0,1011.8,8.2,311
2025-10-09 15:00:00,44.0,28.1,48,0.0,1011.2,8.4,310
2025-10-09 16:00:00,29.0,27.4,53,0.0,1011.1,6.9,319
2025-10-09 17:00:00,28.0,26.6,61,0.0,1010.8,5.6,295
2025-10-09 18:00:00,33.0,24.9,66,0.0,1011.3,6.3,290
2025-10-09 19:00:00,43.0,24.0,70,0.0,1012.0,6.8,287
2025-10-09 20:00:00,57.0,23.3,72,0.0,1012.4,8.3,283
2025-10-09 21:00:00,72.0,22.6,73,0.0,1012.4,7.9,287
2025-10-09 22:00:00,70.0,22.0,74,0.0,1012.6,7.2,298
2025-10-09 23:00:00,66.0,22.0,78,0.0,1012.7,7.4,299
2025-10-10 00:00:00,73.0,21.6,80,0.0,1012.7,6.7,290
2025-10-10 01:00:00,64.0,21.2,81,0.0,1012.5,6.5,284
2025-10-10 02:00:00,64.0,20.7,83,0.0,1012.0,6.4,281
2025-10-10 03:00:00,70.0,20.3,84,0.0,1011.9,5.9,284
2025-10-10 04:00:00,59.0,19.9,84,0.0,1011.8,5.2,284
2025-10-10 05:00:00,53.0,19.9,88,0.0,1012.2,4.8,283
2025-10-10 06:00:00,54.0,20.0,87,0.0,1012.5,4.8,290
2025-10-10 07:00:00,65.0,20.8,86,0.0,1012.9,6.0,287
2025-10-10 08:00:00,63.0,22.3,81,0.0,1013.4,4.0,288
2025-10-10 09:00:00,44.0,24.1,74,0.0,1013.6,4.1,283
2025-10-10 10:00:00,62.0,25.8,66,0.0,1013.3,4.8,290
2025-10-10 11:00:00,64.0,27.1,57,0.0,1013.3,5.2,292
2025-10-10 12:00:00,56.0,27.9,52,0.0,1012.7,4.7,279
2025-10-10 13:00:00,54.0,28.4,48,0.0,1011.8,4.9,272
2025-10-10 14:00:00,60.0,28.6,44,0.0,1010.9,5.1,274
2025-10-10 15:00:00,67.0,28.5,44,0.0,1010.4,4.9,278
2025-10-10 16:00:00,68.0,27.9,49,0.0,1010.2,3.8,287
2025-10-10 17:00:00,63.0,26.3,60,0.0,1010.4,3.9,298
2025-10-10 18:00:00,67.0,24.6,65,0.0,1010.6,4.8,312
2025-10-10 19:00:00,71.0,23.4,74,0.0,1011.1,4.1,315
2025-10-10 20:00:00,100.0,22.8,75,0.0,1011.2,1.9,319
2025-10-10 21:00:00,75.0,22.3,77,0.0,1011.3,1.0,329
2025-10-10 22:00:00,73.0,22.0,77,0.0,1011.4,0.4,207
2025-10-10 23:00:00,76.0,21.7,81,0.0,1011.5,1.1,288
2025-10-11 00:00:00,80.0,21.3,83,0.0,1011.4,1.5,263
2025-10-11 01:00:00,89.0,20.7,85,0.0,1011.2,2.9,266
2025-10-11 02:00:00,97.0,20.3,86,0.0,1011.1,3.6,273
2025-10-11 03:00:00,94.0,19.9,86,0.0,1011.1,3.8,267
2025-10-11 04:00:00,92.0,19.6,86,0.0,1011.2,4.0,273
2025-10-11 05:00:00,82.0,19.9,89,0.0,1011.7,4.5,268
2025-10-11 06:00:00,77.0,20.3,87,0.0,1012.2,5.1,278
2025-10-11 07:00:00,77.0,21.1,85,0.0,1012.7,6.4,281
2025-10-11 08:00:00,67.0,22.8,80,0.0,1013.4,4.0,288
2025-10-11 09:00:00,67.0,24.9,70,0.0,1013.6,4.0,291
2025-10-11 10:00:00,59.0,26.6,60,0.0,1013.4,5.4,296
2025-10-11 11:00:00,62.0,27.4,54,0.0,1013.1,6.1,298
2025-10-11 12:00:00,56.0,28.2,50,0.0,1012.5,5.8,309
2025-10-11 13:00:00,54.0,28.8,47,0.0,1011.7,6.5,316
2025-10-11 14:00:00,53.0,28.9,47,0.0,1010.9,7.4,317
2025-10-11 15:00:00,48.0,28.8,45,0.0,1010.3,8.5,322
2025-10-11 16:00:00,49.0,28.0,49,0.0,1010.2,7.4,319
2025-10-11 17:00:00,47.0,27.2,61,0.0,1010.1,3.8,265
2025-10-11 18:00:00,51.0,25.5,65,0.0,1010.2,4.7,261
2025-10-11 19:00:00,62.0,24.9,67,0.0,1010.7,5.4,266
2025-10-11 20:00:00,70.0,24.3,69,0.0,1011.2,6.3,265
2025-10-11 21:00:00,66.0,23.6,70,0.0,1011.2,6.3,265
2025-10-11 22:00:00,80.0,22.9,73,0.0,1011.2,6.2,280
2025-10-11 23:00:00,73.0,23.2,74,0.0,1011.5,7.9,309
2025-10-12 00:00:00,69.0,22.9,75,0.0,1011.4,6.4,308
2025-10-12 01:00:00,55.0,22.0,79,0.0,1010.8,4.5,299
2025-10-12 02:00:00,63.0,21.6,79,0.0,1010.6,4.8,297
2025-10-12 03:00:00,65.0,21.0,79,0.0,1010.4,5.2,295
2025-10-12 04:00:00,73.0,20.6,79,0.0,1010.4,5.6,299
2025-10-12 05:00:00,78.0,20.8,86,0.0,1011.1,5.0,314
2025-10-12 06:00:00,75.0,21.2,84,0.0,1011.8,5.5,311
2025-10-12 07:00:00,75.0,22.0,82,0.0,1012.3,6.5,309
2025-10-12 08:00:00,76.0,23.7,76,0.0,1012.8,4.1,311
2025-10-12 09:00:00,80.0,25.7,68,0.0,1012.9,3.6,311
2025-10-12 10:00:00,78.0,27.7,59,0.0,1012.5,5.2,314
2025-10-12 11:00:00,69.0,29.2,48,0.0,1012.2,6.5,309
2025-10-12 12:00:00,55.0,30.2,43,0.0,1011.4,7.0,312
2025-10-12 13:00:00,48.0,30.7,39,0.0,1010.5,8.5,318
2025-10-12 14:00:00,43.0,30.7,40,0.0,1009.9,9.4,318
2025-10-12 15:00:00,38.0,30.4,41,0.0,1009.6,9.6,317
2025-10-12 16:00:00,34.0,29.7,44,0.0,1009.6,8.4,315
2025-10-12 17:00:00,37.0,28.4,48,0.0,1009.6,6.7,297
2025-10-12 18:00:00,46.0,26.7,55,0.0,1010.1,5.5,287
2025-10-12 19:00:00,61.0,26.0,58,0.0,1010.6,5.5,279
2025-10-12 20:00:00,74.0,25.3,61,0.0,1011.1,6.0,277
2025-10-12 21:00:00,74.0,24.3,67,0.0,1011.5,5.2,286
2025-10-12 22:00:00,81.0,23.4,71,0.0,1011.6,5.0,300
2025-10-12 23:00:00,87.0,23.2,73,0.0,1012.0,5.1,306
2025-10-13 00:00:00,75.0,22.9,73,0.0,1011.6,5.0,314
2025-10-13 01:00:00,76.0,22.3,75,0.0,1011.3,5.0,319
2025-10-13 02:00:00,65.0,21.6,77,0.0,1011.2,4.6,321
2025-10-13 03:00:00,68.0,21.3,78,0.0,1011.0,4.4,325
2025-10-13 04:00:00,60.0,21.0,78,0.0,1011.0,4.5,326
2025-10-13 05:00:00,68.0,20.6,86,0.0,1011.6,2.8,297
2025-10-13 06:00:00,99.0,20.6,86,0.0,1012.3,2.8,297
2025-10-13 07:00:00,103.0,21.9,81,0.0,1013.1,3.3,292
2025-10-13 08:00:00,107.0,23.9,73,0.0,1013.7,1.9,299
2025-10-13 09:00:00,96.0,26.2,62,0.0,1014.1,2.2,318
2025-10-13 10:00:00,70.0,28.3,51,0.0,1013.8,3.0,346
2025-10-13 11:00:00,64.0,29.8,41,0.0,1013.4,3.8,352
2025-10-13 12:00:00,56.0,31.1,35,0.0,1012.6,4.0,357
2025-10-13 13:00:00,57.0,31.7,33,0.0,1012.1,4.7,9
2025-10-13 14:00:00,53.0,31.7,33,0.0,1011.1,6.0,17
2025-10-13 15:00:00,48.0,31.4,34,0.0,1010.6,7.7,21
2025-10-13 16:00:00,48.0,30.6,36,0.0,1010.4,8.8,23
2025-10-13 17:00:00,49.0,29.4,38,0.0,1010.9,6.6,33
2025-10-13 18:00:00,67.0,27.6,46,0.0,1011.3,3.9,43
2025-10-13 19:00:00,68.0,27.1,54,0.0,1011.9,0.4,117
2025-10-13 20:00:00,75.0,25.7,57,0.0,1012.2,2.7,208
2025-10-13 21:00:00,83.0,25.0,60,0.0,1012.5,4.0,210
2025-10-13 22:00:00,86.0,24.6,62,0.0,1012.3,3.6,189
2025-10-13 23:00:00,93.0,24.5,69,0.0,1012.3,3.9,208
2025-10-14 00:00:00,97.0,23.6,71,0.0,1012.1,3.6,297
2025-10-14 01:00:00,102.0,23.3,72,0.0,1011.6,2.2,318
2025-10-14 02:00:00,102.0,22.5,72,0.0,1011.0,4.1,311
2025-10-14 03:00:00,95.0,22.0,72,0.0,1010.5,4.5,307
2025-10-14 04:00:00,99.0,21.3,75,0.0,1010.2,4.3,315
2025-10-14 05:00:00,92.0,21.3,80,0.0,1010.4,4.4,305
2025-10-14 06:00:00,91.0,21.4,81,0.0,1010.9,3.5,309
2025-10-14 07:00:00,96.0,22.8,75,0.0,1011.4,3.9,304
2025-10-14 08:00:00,97.0,25.2,66,0.0,1012.2,1.5,263
2025-10-14 09:00:00,106.0,27.9,51,0.0,1012.4,1.7,283
2025-10-14 10:00:00,80.0,29.9,36,0.0,1012.5,3.5,325
2025-10-14 11:00:00,53.0,30.6,33,0.0,1012.3,4.4,330
2025-10-14 12:00:00,51.0,31.4,31,0.0,1011.7,5.0,347
2025-10-14 13:00:00,43.0,31.8,30,0.0,1010.9,6.7,2
2025-10-14 14:00:00,48.0,31.7,31,0.0,1010.0,7.9,11
2025-10-14 15:00:00,47.0,31.3,31,0.0,1009.6,8.3,18
2025-10-14 16:00:00,52.0,30.6,32,0.0,1009.7,8.5,27
2025-10-14 17:00:00,51.0,29.4,32,0.0,1010.2,6.8,32
2025-10-14 18:00:00,53.0,27.7,46,0.0,1010.4,2.8,40
2025-10-14 19:00:00,63.0,27.5,49,0.0,1011.0,0.3,135
2025-10-14 20:00:00,65.0,26.6,51,0.0,1011.3,0.6,252
2025-10-14 21:00:00,73.0,25.9,52,0.0,1011.5,0.6,288
2025-10-14 22:00:00,71.0,25.2,53,0.0,1011.4,0.9,259
2025-10-14 23:00:00,64.0,25.0,59,0.0,1011.4,1.4,270
2025-10-15 00:00:00,72.0,24.3,61,0.0,1011.1,0.9,281
2025-10-15 01:00:00,69.0,23.5,64,0.0,1010.7,0.3,45
2025-10-15 02:00:00,78.0,22.3,68,0.0,1010.4,0.6,56
2025-10-15 03:00:00,94.0,21.2,73,0.0,1010.1,1.7,32
2025-10-15 04:00:00,97.0,20.6,75,0.0,1010.0,1.9,17
2025-10-15 05:00:00,98.0,20.8,81,0.0,1010.5,2.3,4
2025-10-15 06:00:00,100.0,20.9,80,0.0,1011.3,1.3,304
2025-10-15 07:00:00,108.0,22.2,74,0.0,1012.2,3.3,234
2025-10-15 08:00:00,116.0,24.5,63,0.0,1013.0,2.0,280
2025-10-15 09:00:00,110.0,27.0,53,0.0,1013.4,1.8,323
2025-10-15 10:00:00,75.0,29.1,43,0.0,1013.1,1.6,333
2025-10-15 11:00:00,42.0,30.6,30,0.0,1012.6,4.4,322
2025-10-15 12:00:00,46.0,31.6,29,0.0,1011.9,4.5,337
2025-10-15 13:00:00,62.0,31.9,28,0.0,1011.1,5.3,352
2025-10-15 14:00:00,50.0,31.9,28,0.0,1010.1,6.7,3
2025-10-15 15:00:00,50.0,31.6,28,0.0,1010.0,8.0,6
2025-10-15 17:00:00,48.0,29.4,31,0.0,1010.0,8.0,18
2025-10-15 18:00:00,52.0,27.6,41,0.0,1010.5,3.8,11
2025-10-15 19:00:00,57.0,26.7,50,0.0,1010.9,2.9,11
2025-10-15 20:00:00,71.0,26.1,51,0.0,1011.2,1.7,18
2025-10-15 21:00:00,75.0,25.7,52,0.0,1011.2,1.2,321
2025-10-15 22:00:00,92.0,25.4,53,0.0,1011.1,0.6,108
2025-10-15 23:00:00,90.0,24.8,56,0.0,1010.9,0.3,135
2025-10-16 00:00:00,93.0,23.4,60,0.0,1010.7,0.5,180
2025-10-16 01:00:00,94.0,22.6,64,0.0,1010.6,1.7,198
2025-10-16 02:00:00,98.0,22.0,67,0.0,1010.2,3.3,279
2025-10-16 03:00:00,103.0,21.4,67,0.0,1010.1,4.3,287
2025-10-16 04:00:00,100.0,20.9,68,0.0,1010.1,4.8,281
2025-10-16 05:00:00,95.0,20.6,76,0.0,1010.7,4.5,293
2025-10-16 06:00:00,104.0,20.8,74,0.0,1011.3,4.0,278
2025-10-16 07:00:00,119.0,22.3,66,0.0,1011.9,5.2,274
2025-10-16 08:00:00,111.0,24.6,60,0.0,1012.4,3.4,302
2025-10-16 09:00:00,116.0,27.2,49,0.0,1012.9,3.6,315
2025-10-16 10:00:00,101.0,29.2,41,0.0,1012.8,3.6,311
2025-10-16 11:00:00,81.0,30.3,36,0.0,1012.2,5.3,327
2025-10-16 12:00:00,67.0,30.9,35,0.0,1011.4,5.5,333
2025-10-16 13:00:00,59.0,31.3,35,0.0,1010.5,5.6,338
2025-10-16 14:00:00,65.0,31.3,36,0.0,1009.7,6.1,348
2025-10-16 15:00:00,62.0,31.0,37,0.0,1009.5,6.3,353
2025-10-16 16:00:00,61.0,30.4,38,0.0,1009.4,6.9,354
2025-10-16 17:00:00,60.0,29.4,39,0.0,1009.8,6.3,2
2025-10-16 18:00:00,63.0,27.6,52,0.0,1010.2,3.2,344
2025-10-16 19:00:00,69.0,26.9,58,0.0,1011.0,2.8,320
2025-10-16 20:00:00,87.0,26.3,57,0.0,1011.6,2.2,346
2025-10-16 21:00:00,96.0,25.9,58,0.0,1012.1,1.4,337
2025-10-16 22:00:00,108.0,25.4,59,0.0,1012.1,0.8,243
2025-10-16 23:00:00,114.0,24.9,62,0.0,1011.9,0.8,207
2025-10-17 00:00:00,130.0,24.1,64,0.0,1011.9,0.9,259
2025-10-17 01:00:00,137.0,23.5,65,0.0,1011.6,1.1,279
2025-10-17 02:00:00,127.0,22.5,69,0.0,1011.5,2.2,270
2025-10-17 03:00:00,124.0,21.6,72,0.0,1011.6,3.1,273
2025-10-17 04:00:00,128.0,20.9,75,0.0,1011.6,4.2,277
2025-10-17 05:00:00,115.0,21.3,72,0.0,1012.3,5.3,282
2025-10-17 06:00:00,102.0,21.2,72,0.0,1013.1,4.6,288
2025-10-17 07:00:00,88.0,22.4,66,0.0,1013.9,5.3,298
2025-10-17 08:00:00,94.0,24.6,58,0.0,1014.4,3.1,298
2025-10-17 09:00:00,101.0,27.1,52,0.0,1014.6,3.1,320
2025-10-17 10:00:00,102.0,29.5,47,0.0,1014.3,3.9,344
2025-10-17 11:00:00,96.0,30.6,42,0.0,1013.9,5.5,347
2025-10-17 12:00:00,78.0,31.3,40,0.0,1012.9,5.6,353
2025-10-17 13:00:00,81.0,31.8,39,0.0,1012.0,6.5,2
2025-10-17 14:00:00,72.0,31.9,37,0.0,1011.0,7.3,11
2025-10-17 15:00:00,76.0,31.7,36,0.0,1010.6,7.4,18
2025-10-17 16:00:00,76.0,31.1,37,0.0,1010.4,7.4,18
2025-10-17 17:00:00,73.0,30.6,36,0.0,1010.6,7.2,18
2025-10-17 18:00:00,77.0,29.1,43,0.0,1011.1,3.4,3
2025-10-17 19:00:00,93.0,28.1,53,0.0,1011.6,1.5,306
2025-10-17 20:00:00,96.0,27.2,55,0.0,1012.0,2.6,254
2025-10-17 21:00:00,110.0,26.5,56,0.0,1012.1,2.8,255
2025-10-17 22:00:00,116.0,25.9,59,0.0,1012.3,2.9,259
2025-10-17 23:00:00,121.0,25.5,62,0.0,1012.2,3.8,245
2025-10-18 00:00:00,137.0,24.6,64,0.0,1011.9,3.5,291
2025-10-18 01:00:00,136.0,23.9,67,0.0,1011.9,3.6,311
2025-10-18 02:00:00,118.0,23.4,70,0.0,1011.5,3.4,313
2025-10-18 03:00:00,119.0,22.9,71,0.0,1011.5,3.4,317
2025-10-18 04:00:00,124.0,22.3,74,0.0,1011.8,3.6,300
2025-10-18 05:00:00,113.0,22.3,79,0.0,1012.1,3.1,280
2025-10-18 06:00:00,104.0,22.3,77,0.0,1012.7,3.9,283
2025-10-18 07:00:00,111.0,23.1,73,0.0,1013.3,4.3,272
2025-10-18 08:00:00,122.0,25.0,64,0.0,1013.9,2.9,270
2025-10-18 09:00:00,146.0,27.6,53,0.0,1014.1,2.6,282
2025-10-18 10:00:00,144.0,29.9,44,0.0,1013.8,2.6,286
2025-10-18 11:00:00,102.0,31.1,38,0.0,1013.4,2.6,335
2025-10-18 12:00:00,93.0,32.6,33,0.0,1012.3,2.8,11
2025-10-18 13:00:00,84.0,33.1,31,0.0,1010.9,3.6,41
2025-10-18 14:00:00,93.0,33.1,30,0.0,1009.9,5.4,50
2025-10-18 15:00:00,94.0,32.9,31,0.0,1009.4,7.3,52
2025-10-18 16:00:00,83.0,32.1,34,0.0,1009.4,7.8,52
2025-10-18 17:00:00,100.0,30.7,37,0.0,1009.7,7.7,33
2025-10-18 18:00:00,95.0,29.3,49,0.0,1010.1,2.6,34
2025-10-18 19:00:00,94.0,28.8,53,0.0,1010.7,0.4,243
2025-10-18 20:00:00,107.0,27.8,55,0.0,1011.2,2.4,253
2025-10-18 21:00:00,107.0,27.1,54,0.0,1011.3,2.8,243
2025-10-18 22:00:00,120.0,26.8,56,0.0,1011.5,1.1,261
2025-10-18 23:00:00,123.0,26.0,63,0.0,1011.3,1.1,18
2025-10-19 00:00:00,136.0,25.4,65,0.0,1011.1,1.1,360
2025-10-19 01:00:00,141.0,24.8,68,0.0,1010.8,1.4,310
2025-10-19 02:00:00,139.0,24.4,69,0.0,1010.6,0.6,288
2025-10-19 03:00:00,141.0,23.4,73,0.0,1010.7,0.3,45
2025-10-19 04:00:00,125.0,22.5,76,0.0,1010.8,1.1,360
2025-10-19 05:00:00,128.0,22.5,82,0.0,1011.1,0.2,360
2025-10-19 06:00:00,137.0,22.1,84,0.0,1011.9,1.2,27
2025-10-19 07:00:00,127.0,23.3,78,0.0,1012.5,1.3,82
2025-10-19 08:00:00,118.0,26.2,61,0.0,1013.1,1.2,153
2025-10-19 09:00:00,119.0,28.9,49,0.0,1013.6,0.9,169
2025-10-19 10:00:00,112.0,30.9,40,0.0,1013.4,0.4,153
2025-10-19 11:00:00,115.0,31.5,37,0.0,1012.6,0.9,53
2025-10-19 12:00:00,84.0,33.1,32,0.0,1011.9,3.0,65
2025-10-19 13:00:00,105.0,33.6,31,0.0,1011.0,5.0,64
2025-10-19 14:00:00,132.0,33.6,30,0.0,1009.9,7.3,67
2025-10-19 15:00:00,97.0,33.2,30,0.0,1009.2,8.9,71
2025-10-19 16:00:00,98.0,31.9,36,0.0,1008.9,9.3,75
2025-10-19 17:00:00,101.0,30.5,35,0.0,1009.1,7.0,23
2025-10-19 18:00:00,107.0,29.2,48,0.0,1009.7,2.0,355
2025-10-19 19:00:00,124.0,28.5,51,0.0,1010.2,2.1,329
2025-10-19 20:00:00,140.0,27.6,51,0.0,1010.4,2.6,344
2025-10-19 21:00:00,173.0,27.0,53,0.0,1010.6,2.9,338
2025-10-19 22:00:00,193.0,26.6,57,0.0,1010.8,3.0,322
2025-10-19 23:00:00,211.0,26.6,58,0.0,1010.5,1.5,284
2025-10-20 00:00:00,199.0,26.1,60,0.0,1010.5,0.6,326
2025-10-20 01:00:00,215.0,25.1,63,0.0,1010.3,0.3,45
2025-10-20 02:00:00,249.0,23.9,66,0.0,1010.2,1.3,45
2025-10-20 03:00:00,276.0,23.5,70,0.0,1010.4,0.0,270
2025-10-20 04:00:00,251.0,22.8,71,0.0,1010.5,1.8,323
2025-10-20 05:00:00,229.0,22.7,79,0.0,1011.3,0.6,288
2025-10-20 06:00:00,228.0,22.4,80,0.0,1011.9,2.3,209
2025-10-20 07:00:00,211.0,23.6,72,0.0,1012.7,2.1,110
2025-10-20 08:00:00,192.0,25.6,64,0.0,1013.3,2.0,95
2025-10-20 09:00:00,191.0,28.0,53,0.0,1013.9,2.3,90
2025-10-20 10:00:00,196.0,30.1,43,0.0,1013.5,3.6,90
2025-10-20 11:00:00,153.0,31.6,36,0.0,1012.8,6.1,93
2025-10-20 12:00:00,103.0,32.7,32,0.0,1012.1,6.7,88
2025-10-20 13:00:00,94.0,33.1,30,0.0,1011.2,7.1,80
2025-10-20 14:00:00,94.0,32.9,29,0.0,1010.2,6.9,75
2025-10-20 15:00:00,84.0,32.5,30,0.0,1009.7,6.6,81
2025-10-20 16:00:00,82.0,31.9,31,0.0,1009.7,6.5,84
2025-10-20 17:00:00,90.0,30.7,37,0.0,1009.8,7.7,51
2025-10-20 18:00:00,93.0,29.7,42,0.0,1010.4,5.6,33
2025-10-20 19:00:00,107.0,28.8,46,0.0,1011.0,4.5,16
2025-10-20 20:00:00,156.0,27.8,51,0.0,1011.3,3.8,25
2025-10-20 21:00:00,346.0,27.0,54,0.0,1011.7,3.6,49
2025-10-20 22:00:00,346.0,25.9,59,0.0,1011.9,3.1,62
2025-10-21 09:00:00,273.0,28.5,53,0.0,1015.0,3.4,177
2025-10-21 10:00:00,174.0,30.2,44,0.0,1014.7,5.4,138
2025-10-21 11:00:00,104.0,29.8,42,0.0,1014.4,8.9,119
2025-10-21 12:00:00,123.0,30.5,39,0.1,1013.4,5.0,131
2025-10-21 13:00:00,83.0,30.8,37,0.1,1012.7,6.0,147
2025-10-21 14:00:00,102.0,30.6,38,0.1,1011.8,7.4,154
2025-10-21 15:00:00,97.0,30.4,38,0.1,1011.4,5.8,160
2025-10-21 16:00:00,87.0,29.9,39,0.0,1011.3,5.3,172
2025-10-21 17:00:00,84.0,29.8,40,0.0,1010.8,0.7,346
2025-10-21 18:00:00,91.0,28.2,51,0.0,1011.5,2.9,349
2025-10-21 19:00:00,92.0,26.9,62,0.0,1012.3,3.5,12
2025-10-21 20:00:00,134.0,25.9,71,0.0,1012.9,3.1,45
2025-10-21 21:00:00,155.0,25.2,78,0.0,1012.9,1.7,18
2025-10-21 22:00:00,181.0,24.4,80,0.0,1013.1,2.4,17
2025-10-21 23:00:00,160.0,25.3,80,0.0,1013.1,0.6,146
2025-10-22 00:00:00,209.0,24.5,83,0.0,1012.9,2.0,45
2025-10-22 01:00:00,213.0,24.0,86,0.0,1013.1,2.9,7
2025-10-22 02:00:00,340.0,23.5,89,0.0,1013.2,2.3,356
2025-10-22 03:00:00,372.0,23.1,90,0.0,1013.1,0.6,34
2025-10-22 04:00:00,327.0,22.5,93,0.0,1013.3,2.1,340
2025-10-22 05:00:00,295.0,22.6,94,0.0,1013.1,1.1,72
2025-10-22 06:00:00,242.0,22.3,96,0.0,1013.9,0.3,225
2025-10-22 07:00:00,249.0,22.9,94,0.0,1014.7,3.5,261
2025-10-22 08:00:00,235.0,25.0,84,0.0,1015.3,3.7,305
2025-10-22 09:00:00,253.0,27.9,66,0.0,1015.6,3.8,311
2025-10-22 10:00:00,249.0,29.9,51,0.0,1015.2,3.8,319
2025-10-22 11:00:00,231.0,30.9,45,0.0,1014.6,5.7,305
2025-10-22 12:00:00,183.0,31.8,39,0.0,1013.2,5.5,322
2025-10-22 13:00:00,149.0,32.4,33,0.0,1012.2,6.5,330
2025-10-22 14:00:00,118.0,32.3,31,0.0,1011.3,6.8,325
2025-10-22 15:00:00,100.0,32.1,30,0.0,1010.7,7.3,320
2025-10-22 16:00:00,101.0,31.3,34,0.0,1010.5,8.9,326
2025-10-22 17:00:00,102.0,30.4,34,0.0,1010.5,9.0,334
2025-10-22 18:00:00,103.0,29.2,37,0.0,1011.1,7.7,323
2025-10-22 19:00:00,111.0,28.3,39,0.0,1011.9,5.4,323
2025-10-22 20:00:00,116.0,27.3,41,0.0,1012.3,4.3,294
2025-10-22 21:00:00,152.0,26.8,41,0.0,1012.7,5.0,285
2025-10-22 22:00:00,201.0,26.0,44,0.0,1012.7,5.9,297
2025-10-22 23:00:00,203.0,25.4,51,0.0,1012.8,5.9,308
2025-10-23 00:00:00,194.0,24.6,51,0.0,1012.8,6.1,310
2025-10-23 01:00:00,185.0,23.9,52,0.0,1012.7,6.0,307
2025-10-23 02:00:00,171.0,23.3,52,0.0,1012.2,5.8,309
2025-10-23 03:00:00,157.0,22.6,54,0.0,1012.1,4.9,306
2025-10-23 04:00:00,154.0,21.8,56,0.0,1012.3,5.1,324
2025-10-23 05:00:00,163.0,21.8,64,0.0,1012.5,4.8,315
2025-10-23 06:00:00,144.0,21.5,64,0.0,1013.2,5.6,320
2025-10-23 07:00:00,118.0,21.9,64,0.0,1013.9,6.5,312
2025-10-23 08:00:00,129.0,23.7,58,0.0,1014.4,4.1,315
2025-10-23 09:00:00,145.0,26.5,50,0.0,1014.7,4.3,332
2025-10-23 10:00:00,137.0,28.9,44,0.0,1014.4,5.8,346
2025-10-23 11:00:00,130.0,30.9,34,0.0,1013.8,7.6,345
2025-10-23 12:00:00,105.0,31.6,29,0.0,1013.0,7.6,342
2025-10-23 13:00:00,99.0,31.9,27,0.0,1012.0,7.2,342
2025-10-23 14:00:00,73.0,32.1,26,0.0,1010.9,7.2,341
2025-10-23 15:00:00,68.0,31.8,26,0.0,1010.5,7.6,333
2025-10-23 16:00:00,70.0,30.9,27,0.0,1010.6,8.9,328
2025-10-23 17:00:00,65.0,29.9,27,0.0,1010.7,8.2,322
2025-10-23 18:00:00,79.0,28.8,30,0.0,1011.5,7.4,313
2025-10-23 19:00:00,91.0,28.0,31,0.0,1012.0,5.3,308
2025-10-23 20:00:00,101.0,26.9,37,0.0,1012.4,3.7,305
2025-10-23 21:00:00,104.0,26.5,40,0.0,1012.5,1.6,297
2025-10-23 22:00:00,123.0,25.8,41,0.0,1012.4,2.0,265
2025-10-23 23:00:00,142.0,24.9,51,0.0,1012.5,3.7,299
2025-10-24 00:00:00,162.0,23.7,55,0.0,1012.4,1.9,299
2025-10-24 01:00:00,172.0,23.1,58,0.0,1012.1,2.2,275
2025-10-24 02:00:00,161.0,22.4,59,0.0,1011.9,4.3,272
2025-10-24 03:00:00,156.0,22.0,59,0.0,1011.8,5.0,270
2025-10-24 04:00:00,155.0,21.3,61,0.0,1012.0,4.5,265
2025-10-24 05:00:00,120.0,21.2,68,0.0,1012.5,5.6,277
2025-10-24 06:00:00,111.0,21.1,68,0.0,1013.2,4.6,281
2025-10-24 07:00:00,112.0,21.6,66,0.0,1014.0,4.2,335
2025-10-24 08:00:00,103.0,23.7,58,0.0,1014.6,1.3,278
2025-10-24 09:00:00,99.0,26.6,46,0.0,1014.8,1.2,309
2025-10-24 10:00:00,100.0,29.2,37,0.0,1014.4,1.8,349
2025-10-24 11:00:00,99.0,30.8,26,0.0,1013.7,2.9,349
2025-10-24 12:00:00,89.0,31.8,24,0.0,1012.9,4.7,356
2025-10-24 13:00:00,79.0,32.0,23,0.0,1011.8,6.9,6
2025-10-24 14:00:00,59.0,31.8,23,0.0,1010.9,8.6,10
2025-10-24 15:00:00,69.0,31.3,24,0.0,1010.2,9.7,10
2025-10-24 16:00:00,69.0,30.6,25,0.0,1010.1,8.9,9
2025-10-24 17:00:00,66.0,29.6,26,0.0,1010.2,5.2,340
2025-10-24 18:00:00,73.0,28.4,36,0.0,1010.7,1.4,320
2025-10-24 19:00:00,70.0,27.2,47,0.0,1011.1,0.0,270
2025-10-24 20:00:00,77.0,25.6,45,0.0,1011.4,2.4,77
2025-10-24 21:00:00,90.0,25.1,49,0.0,1011.7,1.2,63
2025-10-24 22:00:00,90.0,24.8,51,0.0,1011.9,1.1,189
2025-10-24 23:00:00,94.0,24.4,51,0.0,1011.6,1.7,212
2025-10-25 00:00:00,95.0,23.7,50,0.0,1011.2,4.1,209
2025-10-25 01:00:00,100.0,23.2,51,0.0,1010.7,4.5,203
2025-10-25 02:00:00,101.0,22.4,56,0.0,1010.4,3.7,256
2025-10-25 03:00:00,108.0,21.8,58,0.0,1010.5,2.2,294
2025-10-25 04:00:00,100.0,20.8,61,0.0,1010.9,2.7,337
2025-10-25 05:00:00,104.0,20.5,75,0.0,1012.0,2.2,318
2025-10-25 06:00:00,114.0,20.3,77,0.0,1012.5,0.8,297
2025-10-25 07:00:00,110.0,21.2,70,0.0,1013.1,0.8,45
2025-10-25 08:00:00,110.0,23.5,61,0.0,1013.6,1.7,13
2025-10-25 10:00:00,152.0,29.0,37,0.0,1013.8,2.9,43
2025-10-25 11:00:00,173.0,30.0,30,0.0,1013.2,1.9,61
2025-10-25 12:00:00,164.0,31.3,27,0.0,1012.3,2.5,60
2025-10-25 13:00:00,132.0,31.8,27,0.0,1011.3,3.7,61
2025-10-25 14:00:00,89.0,31.8,27,0.0,1010.4,5.1,48
2025-10-25 15:00:00,85.0,31.2,29,0.0,1009.9,7.1,38
2025-10-25 16:00:00,91.0,30.1,31,0.0,1010.2,8.9,25
2025-10-25 17:00:00,91.0,28.6,34,0.0,1010.0,7.8,15
2025-10-25 19:00:00,111.0,26.3,42,0.0,1011.1,2.7,32
2025-10-25 20:00:00,126.0,25.5,46,0.0,1011.7,1.1,90
2025-10-25 21:00:00,135.0,24.6,50,0.0,1012.1,1.0,68
2025-10-25 22:00:00,144.0,23.4,55,0.0,1012.5,1.8,79
2025-10-25 23:00:00,169.0,23.0,60,0.0,1012.7,1.6,90
2025-10-26 00:00:00,187.0,22.4,61,0.0,1012.8,1.1,9
2025-10-26 01:00:00,184.0,21.6,63,0.0,1012.7,1.3,124
2025-10-26 02:00:00,175.0,20.5,65,0.0,1012.6,3.6,143
2025-10-26 03:00:00,156.0,20.1,65,0.0,1012.7,5.4,132
2025-10-26 04:00:00,149.0,19.2,70,0.0,1012.7,4.1,119
2025-10-26 05:00:00,158.0,18.7,74,0.0,1013.0,3.5,102
2025-10-26 06:00:00,154.0,18.4,76,0.0,1013.4,3.9,112
2025-10-26 07:00:00,150.0,19.7,69,0.0,1014.1,5.0,128
2025-10-26 08:00:00,157.0,22.2,60,0.0,1014.8,2.2,90
2025-10-26 09:00:00,141.0,25.2,49,0.0,1014.9,2.5,94
2025-10-26 10:00:00,131.0,27.8,38,0.0,1014.6,3.5,102
2025-10-26 11:00:00,115.0,29.6,32,0.0,1014.0,3.5,114
2025-10-26 12:00:00,63.0,30.8,26,0.0,1013.0,2.7,94
2025-10-26 13:00:00,52.0,31.4,24,0.0,1012.1,4.2,97
2025-10-26 14:00:00,63.0,31.6,23,0.0,1011.2,5.9,104
2025-10-26 15:00:00,70.0,31.2,23,0.0,1010.7,7.0,102
2025-10-26 16:00:00,76.0,30.3,25,0.0,1010.3,6.8,87
2025-10-26 17:00:00,73.0,28.9,35,0.0,1010.7,6.0,25
2025-10-26 18:00:00,91.0,27.4,42,0.0,1011.2,4.5,5
2025-10-26 19:00:00,94.0,26.1,48,0.0,1011.6,2.9,22
2025-10-26 20:00:00,106.0,25.1,54,0.0,1012.3,2.0,63
2025-10-26 21:00:00,102.0,24.3,57,0.0,1012.7,1.4,130
2025-10-26 22:00:00,113.0,23.7,62,0.0,1012.6,0.7,90
2025-10-26 23:00:00,119.0,23.0,62,0.0,1012.8,1.8,135
2025-10-27 00:00:00,124.0,22.2,64,0.0,1012.7,3.2,124
2025-10-27 01:00:00,123.0,21.4,66,0.0,1012.3,3.7,113
2025-10-27 02:00:00,131.0,21.0,68,0.0,1012.1,3.9,118
2025-10-27 03:00:00,137.0,20.4,72,0.0,1011.9,2.8,72
2025-10-27 04:00:00,140.0,19.7,76,0.0,1012.0,3.1,50
2025-10-27 05:00:00,143.0,19.1,78,0.0,1012.1,2.8,45
2025-10-27 06:00:00,151.0,18.7,80,0.0,1012.7,3.1,40
2025-10-27 07:00:00,150.0,19.8,74,0.0,1013.7,4.4,52
2025-10-27 08:00:00,150.0,22.4,63,0.0,1014.3,2.8,40
2025-10-27 14:00:00,130.0,29.2,37,0.0,1012.0,8.8,118
2025-10-27 15:00:00,130.0,26.2,49,0.0,1012.4,13.3,148
2025-10-28 16:00:00,120.0,26.7,53,0.0,1013.0,4.3,92
2025-10-28 17:00:00,122.0,25.3,64,0.0,1013.2,5.4,124
2025-10-28 18:00:00,127.0,24.2,71,0.0,1013.6,5.0,145
2025-10-28 19:00:00,125.0,23.6,75,0.0,1014.2,5.7,145
2025-10-28 20:00:00,135.0,22.9,79,0.0,1014.4,5.4,159
2025-10-28 21:00:00,146.0,22.5,82,0.0,1015.1,5.3,168
2025-10-28 22:00:00,128.0,22.0,86,0.0,1014.9,2.2,180
2025-10-28 23:00:00,111.0,21.8,84,0.0,1015.1,4.0,180
2025-10-29 00:00:00,101.0,21.4,86,0.0,1015.0,2.2,194
2025-10-29 01:00:00,94.0,21.2,88,0.0,1014.6,1.2,243
2025-10-29 02:00:00,85.0,21.0,87,0.0,1014.3,1.7,342
2025-10-29 03:00:00,88.0,20.8,88,0.0,1014.1,2.2,346
2025-10-29 04:00:00,110.0,20.5,89,0.0,1013.4,2.9,349
2025-10-29 05:00:00,112.0,20.3,92,0.0,1013.5,4.1,345
2025-10-29 06:00:00,115.0,20.0,92,0.0,1013.6,3.6,351
2025-10-29 07:00:00,141.0,20.3,90,0.0,1014.2,3.4,335
2025-10-29 08:00:00,170.0,22.4,78,0.0,1014.3,3.5,332
2025-10-29 09:00:00,144.0,24.8,66,0.0,1014.3,5.7,342
2025-10-29 10:00:00,115.0,26.8,57,0.0,1013.8,8.6,348
2025-10-29 11:00:00,113.0,27.6,56,0.0,1013.4,8.6,10
2025-10-29 12:00:00,149.0,28.2,54,0.0,1012.8,6.8,3
2025-10-29 13:00:00,170.0,28.9,50,0.0,1011.7,5.8,2
2025-10-29 14:00:00,168.0,28.9,49,0.0,1010.7,5.6,360
2025-10-29 15:00:00,165.0,28.8,49,0.0,1010.1,6.0,9
2025-10-29 16:00:00,182.0,28.2,51,0.0,1009.9,5.8,358
2025-10-29 17:00:00,183.0,27.8,50,0.0,1010.4,5.2,20
2025-10-29 18:00:00,186.0,27.1,53,0.0,1010.4,5.2,25
2025-10-29 19:00:00,191.0,26.6,56,0.0,1010.7,3.9,28
2025-10-29 20:00:00,200.0,25.9,63,0.0,1011.2,2.3,39
2025-10-29 21:00:00,204.0,25.1,66,0.0,1011.6,2.3,18
2025-10-29 22:00:00,216.0,24.6,65,0.0,1011.6,3.5,12
2025-10-29 23:00:00,229.0,24.0,74,0.0,1011.9,2.3,4
2025-10-30 00:00:00,227.0,23.5,72,0.0,1011.6,3.3,9
2025-10-30 01:00:00,239.0,23.1,74,0.0,1011.3,3.6,6
2025-10-30 02:00:00,239.0,22.8,75,0.0,1011.2,4.7,18
2025-10-30 03:00:00,245.0,22.3,77,0.0,1011.0,5.2,31
2025-10-30 04:00:00,251.0,22.2,78,0.0,1011.4,4.1,52
2025-10-30 05:00:00,279.0,22.5,81,0.0,1011.6,4.7,97
2025-10-30 06:00:00,279.0,22.0,88,0.0,1012.2,2.3,162
2025-10-30 07:00:00,286.0,22.7,82,0.0,1012.8,1.2,333
2025-10-30 08:00:00,297.0,23.0,81,0.0,1013.3,1.3,74
2025-10-30 09:00:00,303.0,24.8,74,0.0,1013.8,1.5,339
2025-10-30 10:00:00,266.0,25.9,70,0.0,1013.7,2.0,100
2025-10-30 11:00:00,246.0,27.5,65,0.0,1013.1,4.1,128
2025-10-30 12:00:00,171.0,27.2,65,0.0,1012.4,4.0,144
2025-10-30 13:00:00,86.0,27.0,64,0.0,1011.7,4.4,159
2025-10-30 14:00:00,103.0,26.9,65,0.0,1011.0,3.3,144
2025-10-30 15:00:00,123.0,26.5,66,0.0,1010.2,3.0,128
2025-10-30 16:00:00,110.0,26.1,69,0.0,1010.1,2.2,138
2025-10-30 17:00:00,109.0,25.3,73,0.4,1010.5,2.7,122
2025-10-30 18:00:00,114.0,24.9,77,0.0,1010.4,3.2,128
2025-10-30 19:00:00,111.0,24.0,85,0.0,1011.1,3.2,133
2025-10-30 20:00:00,118.0,23.7,89,0.0,1011.8,5.5,144
2025-10-30 21:00:00,92.0,23.3,92,0.0,1012.2,5.0,139
2025-10-30 22:00:00,94.0,23.0,94,0.0,1012.4,4.3,135
2025-10-30 23:00:00,92.0,22.8,95,0.0,1012.7,5.9,153
2025-10-31 00:00:00,98.0,22.7,95,0.0,1012.3,5.0,154
2025-10-31 01:00:00,112.0,22.6,95,0.0,1012.2,3.7,151
2025-10-31 02:00:00,105.0,22.5,95,0.0,1012.0,3.4,174
2025-10-31 03:00:00,84.0,22.3,96,0.0,1011.7,2.5,176
2025-10-31 04:00:00,76.0,22.2,96,0.0,1011.4,0.9,143
2025-10-31 05:00:00,78.0,21.1,95,0.0,1011.1,2.6,282
2025-10-31 06:00:00,74.0,21.2,98,0.0,1011.4,0.9,233
2025-10-31 07:00:00,74.0,22.1,94,0.0,1012.1,4.0,265
2025-10-31 08:00:00,85.0,23.5,88,0.0,1012.3,5.8,292
2025-10-31 09:00:00,87.0,25.2,77,0.0,1012.3,6.4,317
2025-10-31 10:00:00,86.0,26.9,67,0.0,1012.2,5.1,324
2025-10-31 11:00:00,93.0,27.9,64,0.0,1011.5,3.6,315
2025-10-31 12:00:00,93.0,29.0,58,0.0,1010.5,3.9,338
2025-10-31 13:00:00,95.0,29.9,53,0.0,1009.6,4.0,342
2025-10-31 14:00:00,94.0,30.1,50,0.0,1008.9,4.0,342
2025-10-31 15:00:00,84.0,30.4,48,0.0,1008.6,5.3,342
2025-10-31 16:00:00,80.0,29.6,50,0.0,1008.5,7.3,349
2025-10-31 18:00:00,93.0,27.6,68,0.0,1009.2,0.6,252
2025-10-31 19:00:00,109.0,26.5,71,0.0,1009.7,2.7,212
2025-10-31 20:00:00,111.0,26.0,71,0.0,1010.3,4.2,230
2025-10-31 21:00:00,116.0,25.6,70,0.0,1010.7,4.9,234
2025-10-31 22:00:00,115.0,24.9,72,0.0,1010.8,5.2,226
2025-10-31 23:00:00,102.0,24.0,81,0.0,1010.9,4.4,238
2025-11-01 00:00:00,116.0,23.7,80,0.0,1010.6,4.5,233
2025-11-01 01:00:00,126.0,23.0,82,0.0,1010.5,4.2,263
2025-11-01 02:00:00,117.0,22.6,83,0.0,1010.5,4.4,308
2025-11-01 03:00:00,132.0,22.1,85,0.0,1010.7,4.7,277
2025-11-01 04:00:00,102.0,21.6,88,0.0,1010.8,5.5,261
2025-11-01 05:00:00,104.0,21.1,93,0.0,1010.7,4.3,275
2025-11-01 06:00:00,130.0,21.2,93,0.0,1011.3,4.8,290
2025-11-01 07:00:00,145.0,21.7,89,0.0,1012.1,5.9,288
2025-11-01 08:00:00,205.0,23.7,77,0.0,1012.8,3.6,276
2025-11-01 09:00:00,248.0,26.5,60,0.0,1013.1,3.6,276
2025-11-01 10:00:00,311.0,28.8,46,0.0,1012.9,4.9,287
2025-11-01 11:00:00,277.0,30.2,35,0.0,1012.2,7.9,305
2025-11-01 12:00:00,257.0,30.9,31,0.0,1011.2,8.5,312
2025-11-01 13:00:00,219.0,31.2,28,0.0,1010.3,9.5,316
2025-11-01 14:00:00,240.0,31.1,28,0.0,1009.7,10.1,316
2025-11-01 15:00:00,244.0,30.7,28,0.0,1009.5,10.4,312
2025-11-01 16:00:00,266.0,29.9,28,0.0,1009.4,10.1,310
2025-11-01 17:00:00,286.0,27.7,42,0.0,1009.8,6.5,300
2025-11-01 18:00:00,321.0,26.2,48,0.0,1010.3,6.4,292
2025-11-01 19:00:00,300.0,25.1,52,0.0,1010.6,5.9,288
2025-11-01 20:00:00,290.0,24.4,54,0.0,1010.9,6.1,267
2025-11-01 21:00:00,264.0,24.3,53,0.0,1011.3,6.7,261
2025-11-01 22:00:00,228.0,24.1,54,0.0,1011.3,6.8,267
2025-11-01 23:00:00,182.0,23.4,63,0.0,1011.2,6.2,285
2025-11-02 00:00:00,193.0,22.5,63,0.0,1011.0,6.3,270
2025-11-02 01:00:00,198.0,21.7,67,0.0,1010.8,6.3,267
2025-11-02 02:00:00,179.0,21.1,69,0.0,1010.7,6.0,286
2025-11-02 03:00:00,217.0,20.5,71,0.0,1010.7,5.9,281
2025-11-02 04:00:00,243.0,20.1,72,0.0,1010.3,6.1,282
2025-11-02 05:00:00,246.0,20.3,75,0.0,1010.9,5.8,279
2025-11-02 06:00:00,228.0,19.8,78,0.0,1011.4,4.9,280
2025-11-02 07:00:00,221.0,20.4,76,0.0,1012.2,6.0,275
2025-11-02 08:00:00,226.0,21.9,72,0.0,1012.9,5.2,272
2025-11-02 09:00:00,260.0,24.0,64,0.0,1013.3,5.3,278
2025-11-02 10:00:00,285.0,26.2,57,0.0,1012.9,5.7,279
2025-11-02 11:00:00,219.0,28.1,48,0.0,1012.3,9.3,288
2025-11-02 12:00:00,162.0,29.1,38,0.0,1011.6,12.7,297
2025-11-02 13:00:00,108.0,29.6,36,0.0,1010.8,12.8,301
2025-11-02 14:00:00,82.0,29.6,35,0.0,1010.1,12.8,301
2025-11-02 15:00:00,86.0,29.3,36,0.0,1009.9,12.3,299
2025-11-02 16:00:00,103.0,28.3,39,0.0,1009.6,9.5,297
2025-11-02 17:00:00,114.0,27.0,45,0.0,1009.7,8.1,287
2025-11-02 18:00:00,140.0,25.5,50,0.0,1010.0,7.5,280
2025-11-02 19:00:00,136.0,24.7,53,0.0,1010.5,7.4,270
2025-11-02 20:00:00,144.0,23.9,54,0.0,1010.8,7.4,274
2025-11-02 21:00:00,159.0,23.2,54,0.0,1011.1,7.7,282
2025-11-02 22:00:00,159.0,22.6,54,0.0,1010.8,8.1,287
2025-11-02 23:00:00,140.0,22.6,57,0.0,1010.7,8.9,276
2025-11-03 00:00:00,132.0,21.8,59,0.0,1010.5,8.5,272
2025-11-03 01:00:00,134.0,21.4,59,0.0,1010.1,8.5,271
2025-11-03 02:00:00,151.0,20.6,61,0.0,1009.7,8.6,270
2025-11-03 03:00:00,139.0,19.7,64,0.0,1009.6,8.1,274
2025-11-03 04:00:00,146.0,19.0,66,0.0,1009.4,7.7,271
2025-11-03 05:00:00,142.0,18.8,70,0.0,1009.4,8.0,275
2025-11-03 06:00:00,132.0,18.4,72,0.0,1009.7,7.0,270
2025-11-03 07:00:00,122.0,18.9,70,0.0,1010.5,7.4,263
2025-11-03 08:00:00,116.0,20.4,66,0.0,1011.0,6.4,260
2025-11-03 09:00:00,114.0,22.6,58,0.0,1011.6,5.1,262
2025-11-03 10:00:00,158.0,25.1,49,0.0,1011.2,5.3,262
2025-11-03 11:00:00,197.0,27.4,43,0.0,1010.4,6.1,272
2025-11-03 12:00:00,213.0,29.1,38,0.0,1009.3,7.7,273
2025-11-03 13:00:00,121.0,30.1,34,0.0,1008.3,10.2,278
2025-11-03 14:00:00,84.0,30.7,28,0.0,1007.2,13.3,289
2025-11-03 15:00:00,73.0,30.4,27,0.0,1007.0,12.6,290
2025-11-03 16:00:00,72.0,29.2,30,0.0,1007.0,10.2,288
2025-11-03 17:00:00,82.0,27.1,39,0.0,1007.1,6.6,287
2025-11-03 18:00:00,83.0,25.6,45,0.0,1007.6,6.5,304
2025-11-03 19:00:00,97.0,24.5,49,0.0,1008.0,6.1,326
2025-11-03 20:00:00,111.0,23.9,53,0.0,1008.6,3.4,313
2025-11-03 21:00:00,125.0,23.4,53,0.0,1009.0,2.5,240
2025-11-03 22:00:00,112.0,22.3,58,0.0,1009.2,3.2,232
2025-11-03 23:00:00,115.0,22.5,59,0.0,1009.3,1.3,236
2025-11-04 00:00:00,109.0,21.2,62,0.0,1009.3,0.8,243
2025-11-04 01:00:00,111.0,20.4,64,0.0,1009.0,0.2,90
2025-11-04 02:00:00,118.0,19.2,70,0.0,1009.3,1.5,120
2025-11-04 03:00:00,114.0,17.9,77,0.0,1009.2,3.5,105
2025-11-04 04:00:00,116.0,18.6,76,0.0,1008.9,4.4,109
2025-11-04 05:00:00,116.0,18.1,84,0.0,1009.5,3.7,151
2025-11-04 06:00:00,126.0,18.9,79,0.0,1009.9,6.2,150
2025-11-04 07:00:00,127.0,19.6,72,0.0,1010.8,8.3,162
2025-11-04 08:00:00,166.0,21.5,67,0.0,1011.2,5.6,135
2025-11-04 09:00:00,183.0,23.1,62,0.0,1011.5,3.2,124
2025-11-04 10:00:00,108.0,25.4,55,0.0,1011.2,3.6,131
2025-11-04 11:00:00,81.0,27.5,45,0.0,1010.5,3.6,171
2025-11-04 12:00:00,84.0,28.6,42,0.0,1009.6,4.6,154
2025-11-04 13:00:00,74.0,28.6,46,0.0,1008.7,10.3,155
2025-11-04 14:00:00,63.0,28.2,46,0.0,1007.9,10.4,171
2025-11-04 15:00:00,53.0,28.0,41,0.0,1007.5,9.3,171
2025-11-04 16:00:00,50.0,27.1,44,0.0,1007.5,7.0,168
2025-11-04 17:00:00,51.0,26.2,54,0.0,1007.1,5.1,148
2025-11-04 18:00:00,57.0,25.0,57,0.0,1007.4,6.9,141
2025-11-04 19:00:00,70.0,23.8,63,0.0,1008.8,5.2,151
2025-11-04 20:00:00,86.0,22.9,67,0.0,1009.4,6.3,156
2025-11-04 21:00:00,116.0,22.2,73,0.0,1009.9,4.6,169
2025-11-04 22:00:00,110.0,21.6,79,0.0,1010.1,3.5,171
2025-11-04 23:00:00,91.0,22.4,77,0.0,1010.0,4.4,218
2025-11-05 00:00:00,90.0,21.7,82,0.0,1009.5,3.2,218
2025-11-05 01:00:00,92.0,21.3,83,0.0,1009.8,1.1,351
2025-11-05 02:00:00,140.0,20.6,84,0.0,1009.9,8.2,36
2025-11-05 03:00:00,84.0,19.6,88,0.0,1009.9,7.8,40
2025-11-05 04:00:00,92.0,19.1,89,0.0,1009.5,6.7,87
2025-11-05 05:00:00,94.0,19.1,94,0.0,1009.4,3.1,140
2025-11-05 06:00:00,110.0,18.8,95,0.0,1009.8,2.5,176
2025-11-05 07:00:00,106.0,19.8,90,0.0,1010.2,4.7,189
2025-11-05 08:00:00,132.0,22.3,80,0.0,1010.6,3.1,230
2025-11-05 09:00:00,65.0,24.7,69,0.0,1011.0,3.0,232
2025-11-05 10:00:00,68.0,26.5,61,0.0,1010.9,2.0,333
2025-11-05 11:00:00,66.0,28.3,54,0.0,1010.3,4.1,304
2025-11-05 12:00:00,61.0,29.6,41,0.0,1009.7,6.6,307
2025-11-05 13:00:00,50.0,29.6,38,0.0,1008.9,8.0,310
2025-11-05 14:00:00,50.0,29.4,38,0.0,1008.3,9.4,308
2025-11-05 15:00:00,42.0,28.9,38,0.0,1008.2,10.8,317
2025-11-05 16:00:00,47.0,28.1,40,0.0,1008.2,9.4,325
2025-11-05 17:00:00,52.0,27.2,43,0.0,1008.1,7.1,311
2025-11-05 18:00:00,69.0,26.0,46,0.0,1008.7,8.7,313
2025-11-05 19:00:00,90.0,24.9,48,0.0,1009.6,10.6,317
2025-11-05 20:00:00,146.0,23.7,50,0.0,1010.3,9.7,320
2025-11-05 21:00:00,203.0,22.7,52,0.0,1010.9,8.5,318
2025-11-05 22:00:00,245.0,22.0,53,0.0,1011.1,9.6,319
2025-11-05 23:00:00,367.0,21.5,59,0.0,1011.5,9.0,314
2025-11-06 00:00:00,323.0,20.6,60,0.0,1011.7,9.7,309
2025-11-06 01:00:00,268.0,19.7,57,0.0,1011.7,9.9,307
2025-11-06 02:00:00,224.0,18.8,51,0.0,1011.6,9.7,301
2025-11-06 03:00:00,231.0,17.7,49,0.0,1011.5,9.7,294
2025-11-06 04:00:00,276.0,16.9,52,0.0,1011.6,9.6,293
2025-11-06 05:00:00,295.0,16.6,63,0.0,1012.0,10.2,298
2025-11-06 06:00:00,369.0,16.1,65,0.0,1012.8,9.0,303
2025-11-06 07:00:00,481.0,16.4,63,0.0,1013.6,9.1,297
2025-11-06 08:00:00,403.0,17.9,60,0.0,1014.4,7.0,283
2025-11-06 09:00:00,263.0,20.0,53,0.0,1014.7,6.2,285
2025-11-06 10:00:00,171.0,22.5,44,0.0,1014.8,7.3,293
2025-11-06 11:00:00,94.0,24.7,35,0.0,1014.3,9.8,305
2025-11-06 12:00:00,74.0,25.8,29,0.0,1013.4,9.3,306
2025-11-06 13:00:00,66.0,26.4,26,0.0,1012.6,9.1,308
2025-11-06 14:00:00,58.0,26.6,27,0.0,1011.9,9.3,310
2025-11-06 15:00:00,57.0,26.2,28,0.0,1011.5,9.9,312
2025-11-06 16:00:00,57.0,25.4,32,0.0,1011.3,9.4,312
2025-11-06 17:00:00,52.0,23.9,36,0.0,1011.7,7.5,303
2025-11-06 18:00:00,71.0,23.0,41,0.0,1012.2,7.1,291
2025-11-06 19:00:00,82.0,22.1,44,0.0,1013.0,7.4,284
2025-11-06 20:00:00,113.0,21.3,46,0.0,1013.4,8.5,282
2025-11-06 21:00:00,132.0,20.6,47,0.0,1013.5,9.0,286
2025-11-06 22:00:00,134.0,19.8,48,0.0,1013.5,9.1,291
2025-11-06 23:00:00,163.0,19.4,50,0.0,1013.8,9.8,298
2025-11-07 00:00:00,163.0,18.4,52,0.0,1013.4,8.7,297
2025-11-07 03:00:00,460.0,16.3,57,0.0,1013.0,7.8,293
2025-11-07 04:00:00,519.0,15.8,59,0.0,1013.1,7.5,291
2025-11-07 05:00:00,484.0,15.9,63,0.0,1013.6,8.5,291
2025-11-07 06:00:00,381.0,15.4,63,0.0,1014.3,8.2,285
2025-11-07 07:00:00,278.0,15.7,62,0.0,1015.2,8.9,278
2025-11-07 08:00:00,225.0,17.2,57,0.0,1015.6,7.0,274
2025-11-07 09:00:00,208.0,19.4,49,0.0,1016.1,6.5,283
2025-11-07 10:00:00,205.0,22.0,41,0.0,1015.9,6.9,290
2025-11-07 11:00:00,176.0,25.0,35,0.0,1015.3,7.7,288
2025-11-07 12:00:00,141.0,26.8,28,0.0,1014.7,8.0,290
2025-11-07 13:00:00,128.0,27.8,23,0.0,1013.9,8.4,295
2025-11-07 14:00:00,89.0,28.1,22,0.0,1013.3,8.5,299
2025-11-07 15:00:00,87.0,27.7,22,0.0,1013.0,8.5,306
2025-11-07 16:00:00,79.0,26.7,25,0.0,1013.0,7.8,310
2025-11-07 17:00:00,91.0,25.0,32,0.0,1013.3,7.2,305
2025-11-07 18:00:00,112.0,23.7,36,0.0,1013.9,8.4,295
2025-11-07 19:00:00,124.0,22.5,38,0.0,1014.5,8.3,294
2025-11-07 20:00:00,174.0,21.4,41,0.0,1014.9,7.9,290
2025-11-07 21:00:00,220.0,20.5,43,0.0,1014.9,7.6,288
2025-11-07 22:00:00,200.0,19.5,45,0.0,1014.9,7.1,291
2025-11-07 23:00:00,186.0,19.0,49,0.0,1015.0,8.4,293
2025-11-08 00:00:00,184.0,18.0,51,0.0,1014.9,8.2,292
2025-11-08 01:00:00,214.0,17.4,53,0.0,1014.8,8.3,290
2025-11-08 02:00:00,285.0,16.9,54,0.0,1014.6,8.5,291
2025-11-08 03:00:00,359.0,16.3,55,0.0,1014.7,7.9,290
2025-11-08 04:00:00,405.0,15.8,55,0.0,1014.7,6.9,290
2025-11-08 05:00:00,312.0,15.1,60,0.0,1015.1,6.6,291
2025-11-08 06:00:00,311.0,14.4,63,0.0,1015.5,5.0,289
2025-11-08 07:00:00,322.0,15.2,59,0.0,1016.3,4.9,278
2025-11-08 08:00:00,265.0,17.0,53,0.0,1016.7,5.1,266
2025-11-08 09:00:00,268.0,19.6,44,0.0,1017.3,3.8,273
2025-11-08 10:00:00,366.0,22.5,35,0.0,1017.1,4.8,283
2025-11-08 11:00:00,257.0,25.1,24,0.0,1016.5,7.9,290
2025-11-08 12:00:00,229.0,26.4,22,0.0,1015.8,8.1,295
2025-11-08 13:00:00,191.0,27.1,21,0.0,1015.2,8.5,302
2025-11-08 14:00:00,169.0,27.2,21,0.0,1014.2,8.8,313
2025-11-08 15:00:00,152.0,26.7,22,0.0,1014.0,9.3,317
2025-11-08 16:00:00,152.0,25.7,24,0.0,1013.9,8.8,321
2025-11-08 17:00:00,153.0,24.0,31,0.0,1014.1,6.0,321
2025-11-08 18:00:00,164.0,22.7,36,0.0,1014.4,5.0,308
2025-11-08 19:00:00,193.0,21.8,40,0.0,1015.0,5.2,301
2025-11-08 20:00:00,227.0,20.9,43,0.0,1015.3,5.8,300
2025-11-08 21:00:00,280.0,19.9,46,0.0,1015.5,5.4,296
2025-11-08 22:00:00,285.0,19.3,47,0.0,1015.3,5.7,288
2025-11-08 23:00:00,274.0,18.8,52,0.0,1015.2,5.8,284
2025-11-09 00:00:00,278.0,18.1,51,0.0,1014.6,6.8,297
2025-11-09 01:00:00,285.0,17.5,53,0.0,1014.5,7.3,301
2025-11-09 02:00:00,296.0,16.8,54,0.0,1014.2,6.7,304
2025-11-09 03:00:00,348.0,16.2,56,0.0,1013.9,6.5,304
2025-11-09 04:00:00,354.0,15.6,57,0.0,1013.5,6.1,302
2025-11-09 05:00:00,333.0,14.9,64,0.0,1013.8,5.6,303
2025-11-09 06:00:00,289.0,14.5,65,0.0,1014.3,5.6,295
2025-11-09 07:00:00,291.0,15.0,63,0.0,1015.2,6.5,289
2025-11-09 08:00:00,296.0,16.8,58,0.0,1015.8,5.4,274
2025-11-09 09:00:00,262.0,19.4,50,0.0,1016.3,3.7,281
2025-11-09 10:00:00,204.0,22.2,41,0.0,1016.0,4.3,285
2025-11-09 11:00:00,170.0,25.0,31,0.0,1015.0,8.4,307
2025-11-09 12:00:00,133.0,26.3,27,0.0,1014.0,8.4,312
2025-11-09 13:00:00,141.0,27.1,25,0.0,1013.1,8.3,311
2025-11-09 14:00:00,77.0,27.3,25,0.0,1012.3,8.4,310
2025-11-09 15:00:00,73.0,26.9,26,0.0,1011.9,8.7,308
2025-11-09 16:00:00,89.0,26.0,29,0.0,1011.7,8.2,311
2025-11-09 17:00:00,100.0,24.1,37,0.0,1012.0,4.7,298
2025-11-09 18:00:00,113.0,23.1,39,0.0,1012.4,5.1,278
2025-11-09 19:00:00,156.0,22.3,40,0.0,1013.0,6.3,277
2025-11-09 20:00:00,188.0,21.4,42,0.0,1013.5,7.4,277
2025-11-09 21:00:00,218.0,20.4,43,0.0,1013.6,6.7,278
2025-11-09 22:00:00,211.0,19.6,45,0.0,1013.6,6.5,284
2025-11-09 23:00:00,211.0,19.3,47,0.0,1013.8,6.8,292
2025-11-10 00:00:00,217.0,18.1,51,0.0,1013.4,7.1,306
2025-11-10 01:00:00,234.0,17.2,54,0.0,1013.2,6.3,309
2025-11-10 02:00:00,238.0,16.5,56,0.0,1012.9,5.8,309
2025-11-10 03:00:00,302.0,15.9,58,0.0,1012.6,5.5,308
2025-11-10 04:00:00,337.0,15.3,61,0.0,1012.4,5.1,302
2025-11-10 05:00:00,354.0,14.8,68,0.0,1013.0,4.4,302
2025-11-10 06:00:00,289.0,14.0,71,0.0,1013.5,4.1,293
2025-11-10 07:00:00,274.0,14.8,66,0.0,1014.3,4.3,272
2025-11-10 08:00:00,268.0,16.7,59,0.0,1015.0,4.6,257
2025-11-10 09:00:00,285.0,19.5,49,0.0,1015.5,3.1,273
2025-11-10 10:00:00,252.0,22.3,40,0.0,1015.4,2.9,277
2025-11-10 11:00:00,236.0,24.9,32,0.0,1014.9,5.3,294
2025-11-10 12:00:00,183.0,26.4,26,0.0,1014.1,6.6,299
2025-11-10 13:00:00,207.0,27.2,23,0.0,1013.2,7.5,300
2025-11-10 14:00:00,211.0,27.4,23,0.0,1012.6,7.9,303
2025-11-10 15:00:00,231.0,27.1,21,0.0,1012.2,7.6,304
2025-11-10 16:00:00,245.0,26.1,23,0.0,1012.2,6.5,309
2025-11-10 17:00:00,256.0,23.7,40,0.0,1012.6,2.9,338
2025-11-10 18:00:00,274.0,22.7,41,0.0,1013.2,1.7,319
2025-11-10 19:00:00,288.0,21.7,44,0.0,1013.8,1.9,287
2025-11-10 20:00:00,334.0,20.8,46,0.0,1014.1,2.2,284
2025-11-10 21:00:00,370.0,19.8,49,0.0,1014.3,2.7,298
2025-11-10 22:00:00,392.0,18.9,52,0.0,1014.5,2.8,320
2025-11-10 23:00:00,416.0,18.3,57,0.0,1014.6,3.7,331
2025-11-11 00:00:00,429.0,16.8,60,0.0,1014.3,3.8,315
2025-11-11 01:00:00,413.0,16.1,61,0.0,1014.2,3.4,288
2025-11-11 02:00:00,428.0,15.2,62,0.0,1014.1,4.7,320
2025-11-11 03:00:00,448.0,14.7,63,0.0,1013.9,4.9,303
2025-11-11 04:00:00,429.0,14.5,63,0.0,1013.9,5.1,288
2025-11-11 05:00:00,410.0,14.3,68,0.0,1014.2,5.5,289
2025-11-11 06:00:00,393.0,14.1,69,0.0,1014.7,5.2,282
2025-11-11 07:00:00,368.0,14.7,66,0.0,1015.3,6.0,277
2025-11-11 08:00:00,380.0,16.7,60,0.0,1015.9,6.5,270
2025-11-11 09:00:00,365.0,19.6,50,0.0,1016.4,3.7,284
2025-11-11 10:00:00,306.0,22.6,40,0.0,1016.3,4.3,287
2025-11-11 11:00:00,249.0,25.4,31,0.0,1015.7,6.9,301
2025-11-11 12:00:00,189.0,26.9,26,0.0,1015.0,8.7,307
2025-11-11 13:00:00,213.0,27.6,23,0.0,1013.9,9.2,310
2025-11-11 14:00:00,151.0,27.8,22,0.0,1013.1,9.4,310
2025-11-11 15:00:00,136.0,27.4,23,0.0,1012.8,9.6,307
2025-11-11 16:00:00,132.0,26.5,25,0.0,1012.8,8.3,303
2025-11-11 17:00:00,139.0,24.6,30,0.0,1013.2,6.0,299
2025-11-11 18:00:00,176.0,23.5,34,0.0,1013.8,6.7,289
2025-11-11 19:00:00,203.0,22.6,37,0.0,1014.4,7.5,281
2025-11-11 20:00:00,211.0,21.6,42,0.0,1014.9,7.3,279
2025-11-11 21:00:00,271.0,20.8,46,0.0,1015.1,7.6,278
2025-11-11 22:00:00,315.0,20.1,48,0.0,1015.3,7.9,290
2025-11-11 23:00:00,381.0,19.3,51,0.0,1015.6,8.8,311
2025-11-12 00:00:00,508.0,18.1,54,0.0,1015.2,7.9,317
2025-11-12 01:00:00,526.0,17.3,56,0.0,1014.8,6.6,319
2025-11-12 02:00:00,526.0,16.6,58,0.0,1014.6,6.1,317
2025-11-12 03:00:00,528.0,16.0,60,0.0,1014.5,5.7,311
2025-11-12 04:00:00,539.0,15.4,62,0.0,1014.3,5.4,291
2025-11-12 05:00:00,452.0,15.0,66,0.0,1015.0,5.8,284
2025-11-12 06:00:00,396.0,14.5,68,0.0,1015.2,6.2,282
2025-11-12 07:00:00,380.0,14.9,66,0.0,1016.0,7.2,276
2025-11-12 08:00:00,390.0,16.6,61,0.0,1016.5,6.5,272
2025-11-12 09:00:00,398.0,19.4,52,0.0,1017.1,5.2,274
2025-11-12 10:00:00,343.0,22.4,42,0.0,1017.0,6.0,280
2025-11-12 11:00:00,278.0,25.2,34,0.0,1016.5,8.7,288
2025-11-12 12:00:00,259.0,26.9,28,0.0,1015.9,11.4,298
2025-11-12 13:00:00,202.0,27.5,25,0.0,1015.1,12.4,303
2025-11-12 14:00:00,151.0,27.7,24,0.0,1014.4,12.2,306
2025-11-12 15:00:00,143.0,27.3,24,0.0,1014.1,11.8,304
2025-11-12 16:00:00,146.0,26.4,27,0.0,1014.1,10.0,304
2025-11-12 17:00:00,159.0,24.7,32,0.0,1014.4,7.3,301
2025-11-12 18:00:00,167.0,23.7,35,0.0,1014.8,6.5,302
2025-11-12 19:00:00,202.0,22.6,39,0.0,1015.4,6.2,308
2025-11-12 20:00:00,253.0,21.2,44,0.0,1016.0,5.1,312
2025-11-12 21:00:00,289.0,20.2,50,0.0,1016.3,4.4,300
2025-11-12 22:00:00,293.0,19.8,52,0.0,1016.3,3.2,297
2025-11-12 23:00:00,301.0,19.3,57,0.0,1016.7,3.1,301
2025-11-13 00:00:00,309.0,17.6,58,0.0,1016.6,5.0,283
2025-11-13 01:00:00,321.0,16.8,61,0.0,1016.6,5.2,297
2025-11-13 02:00:00,334.0,16.0,64,0.0,1016.2,5.1,293
2025-11-13 03:00:00,362.0,15.3,68,0.0,1016.0,4.7,288
2025-11-13 04:00:00,329.0,14.7,70,0.0,1015.7,4.7,288
2025-11-13 05:00:00,325.0,14.3,74,0.0,1016.4,5.5,293
2025-11-13 06:00:00,318.0,13.7,76,0.0,1017.0,5.2,295
2025-11-13 07:00:00,314.0,14.2,72,0.0,1017.8,5.9,288
2025-11-13 08:00:00,359.0,15.9,65,0.0,1018.6,5.3,278
2025-11-13 09:00:00,380.0,18.7,54,0.0,1019.2,4.1,283
2025-11-13 10:00:00,314.0,21.6,44,0.0,1018.9,3.8,281
2025-11-13 11:00:00,255.0,24.4,35,0.0,1018.6,7.5,297
2025-11-13 12:00:00,243.0,25.7,30,0.0,1017.8,8.5,297
2025-11-13 13:00:00,248.0,26.4,27,0.0,1016.8,8.4,298
2025-11-13 14:00:00,227.0,26.7,24,0.0,1015.9,8.5,302
2025-11-13 15:00:00,219.0,26.4,24,0.0,1015.4,8.8,303
2025-11-13 16:00:00,214.0,25.5,27,0.0,1015.3,8.0,301
2025-11-13 17:00:00,225.0,23.3,35,0.0,1015.8,4.8,299
2025-11-13 18:00:00,244.0,22.7,35,0.0,1016.4,6.3,288
2025-11-13 19:00:00,249.0,21.8,38,0.0,1016.8,7.5,285
2025-11-13 21:00:00,264.0,20.0,45,0.0,1017.3,6.9,276
2025-11-13 23:00:00,269.0,18.8,50,0.0,1017.4,7.8,289
2025-11-14 00:00:00,264.0,17.5,55,0.0,1017.0,7.1,306
2025-11-14 01:00:00,281.0,16.5,58,0.0,1016.7,6.0,307
2025-11-14 02:00:00,297.0,15.8,61,0.0,1016.4,5.5,306
2025-11-14 03:00:00,271.0,15.1,63,0.0,1016.3,5.3,298
2025-11-14 04:00:00,281.0,14.6,65,0.0,1016.0,5.4,291
2025-11-14 05:00:00,261.0,14.0,73,0.0,1016.8,5.0,291
2025-11-14 06:00:00,243.0,13.9,72,0.0,1017.3,4.8,283
2025-11-14 08:00:00,214.0,16.1,64,0.0,1018.8,5.0,255
2025-11-14 09:00:00,214.0,18.7,54,0.0,1019.2,3.6,264
2025-11-14 10:00:00,216.0,21.5,44,0.0,1018.8,4.0,270
2025-11-14 11:00:00,202.0,24.0,35,0.0,1018.4,6.2,291
2025-11-14 12:00:00,180.0,25.5,26,0.0,1017.4,7.7,295
2025-11-14 13:00:00,191.0,26.2,25,0.0,1016.4,8.6,300
2025-11-14 14:00:00,198.0,26.5,24,0.0,1015.7,8.6,303
2025-11-14 15:00:00,174.0,26.3,23,0.0,1015.3,8.7,307
2025-11-14 16:00:00,160.0,25.4,26,0.0,1015.2,8.2,308
2025-11-16 08:00:00,257.0,15.6,65,0.0,1021.5,6.4,278
2025-11-16 09:00:00,261.0,18.5,53,0.0,1021.8,4.3,292
2025-11-16 10:00:00,250.0,21.5,44,0.0,1022.1,5.7,305
2025-11-16 11:00:00,213.0,24.0,36,0.0,1021.1,7.5,312
2025-11-16 12:00:00,147.0,25.9,29,0.0,1020.2,9.9,322
2025-11-16 13:00:00,100.0,26.7,25,0.0,1019.3,11.0,326
2025-11-16 14:00:00,103.0,27.0,24,0.0,1018.4,10.7,327
2025-11-16 15:00:00,121.0,26.6,25,0.0,1017.8,10.9,326
2025-11-16 16:00:00,113.0,25.8,27,0.0,1017.7,9.2,320
2025-11-16 17:00:00,110.0,23.4,36,0.0,1017.8,4.7,317
2025-11-16 18:00:00,135.0,22.6,36,0.0,1018.2,5.1,302
2025-11-16 19:00:00,153.0,22.0,37,0.0,1018.8,6.2,296
2025-11-16 20:00:00,188.0,21.0,40,0.0,1019.0,6.1,282
2025-11-16 21:00:00,227.0,20.0,43,0.0,1019.2,6.1,275
2025-11-17 11:00:00,154.0,23.4,36,0.0,1020.1,3.7,305
2025-11-17 23:00:00,157.0,17.7,67,0.0,1019.5,1.6,174
2025-11-18 00:00:00,159.0,16.8,69,0.0,1019.2,0.6,198
2025-11-18 01:00:00,163.0,16.1,71,0.0,1018.8,0.6,326
2025-11-18 02:00:00,200.0,15.5,73,0.0,1018.6,0.6,252
2025-11-18 05:00:00,241.0,14.1,82,0.0,1017.9,1.2,309
2025-11-18 06:00:00,232.0,13.5,83,0.0,1018.2,2.4,287
2025-11-18 08:00:00,266.0,15.7,71,0.0,1019.2,4.0,302
2025-11-18 09:00:00,290.0,18.4,58,0.0,1019.4,3.1,298
2025-11-18 10:00:00,279.0,21.2,47,0.0,1019.1,3.7,299
2025-11-18 11:00:00,260.0,23.7,39,0.0,1018.1,4.8,299
2025-11-18 12:00:00,180.0,25.3,33,0.0,1017.1,5.6,303
2025-11-18 13:00:00,210.0,26.0,33,0.0,1015.8,6.2,311
2025-11-18 14:00:00,153.0,26.3,33,0.0,1014.9,6.7,316
2025-11-18 17:00:00,135.0,23.0,52,0.0,1014.4,4.5,7
2025-11-18 18:00:00,165.0,21.7,61,0.0,1014.9,3.2,16
2025-11-18 19:00:00,182.0,20.7,67,0.0,1015.4,2.4,42
2025-11-18 20:00:00,200.0,20.2,69,0.0,1015.5,1.0,45
2025-11-18 21:00:00,215.0,19.9,70,0.0,1015.7,0.4,90
2025-11-19 00:00:00,246.0,17.4,78,0.0,1015.5,2.2,275
2025-11-19 01:00:00,265.0,16.7,80,0.0,1015.4,2.0,270
2025-11-19 04:00:00,310.0,14.7,86,0.0,1015.4,2.3,274
2025-11-19 10:00:00,270.0,21.6,52,0.0,1019.4,1.1,108
2025-11-19 11:00:00,196.0,23.9,48,0.0,1018.8,4.7,99
2025-11-19 12:00:00,148.0,25.3,41,0.0,1018.0,5.4,110
2025-11-20 04:00:00,307.0,15.4,87,0.0,1016.3,3.1,280
2025-11-20 10:00:00,233.0,22.4,54,0.0,1019.5,0.4,180
2025-11-20 11:00:00,210.0,24.5,45,0.0,1018.8,4.1,167
2025-11-20 21:00:00,180.0,20.0,66,0.0,1017.9,0.4,63
2025-11-20 23:00:00,170.0,19.2,71,0.0,1017.7,0.3,135
2025-11-21 00:00:00,177.0,18.1,74,0.0,1017.7,0.6,214
2025-11-21 01:00:00,175.0,17.3,77,0.0,1017.5,0.5,270
2025-11-21 02:00:00,170.0,16.5,81,0.0,1017.6,0.4,360
2025-11-21 03:00:00,182.0,15.8,83,0.0,1017.5,0.3,135
2025-11-21 04:00:00,202.0,15.5,85,0.0,1017.6,0.6,198
2025-11-21 05:00:00,204.0,15.3,88,0.0,1018.1,0.9,217
2025-11-21 06:00:00,188.0,14.8,88,0.0,1019.0,2.1,195
2025-11-21 07:00:00,184.0,15.1,86,0.0,1019.6,3.5,195
2025-11-21 08:00:00,189.0,17.6,71,0.0,1020.5,4.3,180
2025-11-21 09:00:00,211.0,20.3,61,0.0,1020.9,2.2,156
2025-11-21 10:00:00,174.0,22.8,54,0.0,1021.0,3.2,164
2025-11-21 11:00:00,122.0,24.5,47,0.0,1020.4,5.5,169
2025-11-21 12:00:00,113.0,25.7,40,0.0,1019.4,4.6,169
2025-11-21 13:00:00,114.0,26.2,37,0.0,1018.4,3.4,162
2025-11-21 14:00:00,114.0,26.5,36,0.0,1017.6,2.7,157
2025-11-21 15:00:00,113.0,26.3,36,0.0,1017.1,2.8,169
2025-11-21 16:00:00,118.0,25.7,38,0.0,1017.0,2.3,176
2025-11-21 17:00:00,120.0,23.8,51,0.0,1017.1,1.3,146
2025-11-21 18:00:00,125.0,22.4,56,0.0,1017.7,1.3,8
2025-11-21 19:00:00,174.0,21.6,55,0.0,1018.0,4.1,23
2025-11-21 20:00:00,215.0,20.4,62,0.0,1018.3,4.2,43
2025-11-21 21:00:00,188.0,19.6,67,0.0,1018.2,3.8,79
2025-11-21 22:00:00,173.0,18.6,72,0.0,1018.1,3.5,75
2025-11-21 23:00:00,174.0,18.3,76,0.0,1018.1,1.9,17
2025-11-22 00:00:00,175.0,17.2,79,0.0,1017.8,1.4,23
2025-11-22 01:00:00,178.0,16.6,82,0.0,1017.6,1.2,51
2025-11-22 02:00:00,177.0,16.3,83,0.0,1017.4,0.3,45
2025-11-22 03:00:00,178.0,15.9,84,0.0,1017.0,0.9,323
2025-11-22 04:00:00,200.0,15.8,83,0.0,1016.6,1.3,286
2025-11-22 05:00:00,195.0,15.2,86,0.0,1016.7,2.9,266
2025-11-22 06:00:00,203.0,14.9,87,0.0,1017.0,4.0,243
2025-11-22 07:00:00,232.0,15.4,85,0.0,1017.4,4.3,246
2025-11-22 08:00:00,259.0,17.5,74,0.0,1017.9,5.1,247
2025-11-22 09:00:00,247.0,20.4,62,0.0,1018.2,3.1,263
2025-11-22 10:00:00,210.0,23.2,49,0.0,1018.3,3.5,261
2025-11-22 11:00:00,176.0,24.9,35,0.0,1017.8,5.4,284
2025-11-22 12:00:00,170.0,25.9,30,0.0,1017.1,5.0,305
2025-11-22 13:00:00,139.0,26.4,27,0.0,1016.0,5.4,320
2025-11-22 14:00:00,128.0,26.4,27,0.0,1015.2,6.1,326
2025-11-22 15:00:00,112.0,26.1,27,0.0,1014.8,6.7,324
2025-11-22 16:00:00,120.0,25.3,29,0.0,1014.8,6.6,325
2025-11-22 17:00:00,143.0,23.3,42,0.0,1015.1,3.4,342
2025-11-22 18:00:00,148.0,22.5,44,0.0,1015.4,1.3,344
2025-11-22 19:00:00,180.0,21.7,48,0.0,1016.1,0.6,236
2025-11-22 20:00:00,196.0,20.7,50,0.0,1016.7,0.6,214
2025-11-22 21:00:00,189.0,19.8,52,0.0,1016.9,0.6,18
2025-11-22 22:00:00,171.0,18.5,57,0.0,1016.8,1.3,45
2025-11-22 23:00:00,183.0,17.7,64,0.0,1016.7,2.6,25
2025-11-23 00:00:00,219.0,16.1,70,0.0,1016.6,2.3,360
2025-11-23 01:00:00,251.0,15.3,74,0.0,1016.8,3.6,351
2025-11-23 02:00:00,278.0,15.1,75,0.0,1016.5,1.9,331
2025-11-23 03:00:00,266.0,14.8,76,0.0,1016.4,1.9,287
2025-11-23 04:00:00,259.0,14.2,78,0.0,1016.4,4.0,297
2025-11-23 05:00:00,247.0,13.9,84,0.0,1016.7,3.2,313
2025-11-23 06:00:00,242.0,13.6,84,0.0,1017.5,3.2,297
2025-11-23 07:00:00,230.0,14.1,82,0.0,1018.1,3.1,294
2025-11-23 08:00:00,220.0,16.1,71,0.0,1018.6,3.1,310
2025-11-23 09:00:00,301.0,19.2,59,0.0,1019.1,1.3,315
2025-11-23 10:00:00,297.0,22.1,47,0.0,1019.2,0.9,307
2025-11-23 11:00:00,234.0,23.7,42,0.0,1018.5,1.2,297
2025-11-23 12:00:00,175.0,25.6,32,0.0,1017.6,3.2,270
2025-11-23 13:00:00,147.0,26.2,27,0.0,1016.5,4.9,276
2025-11-23 14:00:00,130.0,26.3,26,0.0,1015.7,5.7,283
2025-11-23 15:00:00,143.0,25.9,27,0.0,1015.2,6.6,291
2025-11-23 16:00:00,120.0,24.9,31,0.0,1015.1,7.1,306
2025-11-23 17:00:00,137.0,22.8,42,0.0,1015.1,4.2,313
2025-11-23 18:00:00,168.0,21.7,45,0.0,1015.8,3.8,315
2025-11-23 19:00:00,190.0,20.5,53,0.0,1016.3,3.3,319
2025-11-23 20:00:00,219.0,19.4,58,0.0,1016.9,3.1,320
2025-11-23 21:00:00,270.0,18.6,60,0.0,1017.3,3.6,327
2025-11-23 22:00:00,298.0,17.7,64,0.0,1017.4,4.0,330
2025-11-23 23:00:00,317.0,17.2,68,0.0,1017.2,4.3,336
2025-11-24 00:00:00,325.0,16.0,72,0.0,1017.1,4.1,331
2025-11-24 01:00:00,318.0,15.7,73,0.0,1017.2,2.6,321
2025-11-24 02:00:00,304.0,14.9,76,0.0,1017.2,4.0,324
2025-11-24 03:00:00,293.0,14.3,78,0.0,1017.3,3.9,313
2025-11-24 04:00:00,286.0,13.8,79,0.0,1017.5,3.8,295
2025-11-24 05:00:00,276.0,13.3,85,0.0,1018.1,4.0,280
2025-11-24 06:00:00,275.0,13.0,86,0.0,1018.9,3.9,292
2025-11-24 07:00:00,280.0,13.3,84,0.0,1019.6,3.9,286
2025-11-24 08:00:00,273.0,15.0,76,0.0,1020.2,3.9,298
2025-11-24 09:00:00,245.0,17.8,63,0.0,1020.7,1.9,287
2025-11-24 10:00:00,207.0,20.7,51,0.0,1020.8,1.3,304
2025-11-24 11:00:00,176.0,22.8,42,0.0,1019.9,3.2,326
2025-11-24 12:00:00,180.0,24.2,35,0.0,1019.1,3.6,327
2025-11-24 13:00:00,156.0,24.9,31,0.0,1018.0,4.3,332
2025-11-24 14:00:00,125.0,25.1,29,0.0,1017.1,4.7,337
2025-11-24 15:00:00,119.0,24.9,29,0.0,1016.9,5.6,335
2025-11-24 16:00:00,109.0,24.0,31,0.0,1017.0,6.2,339
2025-11-24 17:00:00,122.0,21.9,43,0.0,1017.0,4.1,347
2025-11-24 18:00:00,129.0,20.9,49,0.0,1017.6,3.5,336
2025-11-24 19:00:00,180.0,19.9,53,0.0,1018.2,3.1,329
2025-11-24 20:00:00,232.0,18.9,55,0.0,1018.8,3.6,330
2025-11-24 21:00:00,217.0,17.9,58,0.0,1019.4,3.7,331
2025-11-24 22:00:00,235.0,17.1,61,0.0,1019.4,3.8,329
2025-11-24 23:00:00,248.0,16.6,64,0.0,1019.6,3.3,315
2025-11-25 00:00:00,247.0,15.5,66,0.0,1019.4,2.7,290
2025-11-25 01:00:00,254.0,14.5,69,0.0,1019.4,4.4,308
2025-11-25 02:00:00,248.0,13.9,73,0.0,1019.2,2.9,300
2025-11-25 03:00:00,250.0,13.1,75,0.0,1019.1,3.8,295
2025-11-25 04:00:00,265.0,12.6,77,0.0,1019.1,4.1,308
2025-11-25 05:00:00,257.0,12.2,81,0.0,1019.2,4.4,289
2025-11-25 06:00:00,240.0,12.0,81,0.0,1019.8,4.4,289
2025-11-25 07:00:00,236.0,12.3,79,0.0,1020.3,5.9,293
2025-11-25 08:00:00,235.0,14.0,71,0.0,1020.9,5.8,286
2025-11-25 09:00:00,246.0,16.9,59,0.0,1021.3,3.5,285
2025-11-25 10:00:00,195.0,19.8,49,0.0,1021.2,3.8,295
2025-11-25 11:00:00,168.0,22.1,42,0.0,1020.0,6.3,307
2025-11-25 12:00:00,121.0,23.5,36,0.0,1019.1,7.3,310
2025-11-25 13:00:00,110.0,24.1,34,0.0,1017.6,7.4,313
2025-11-25 14:00:00,109.0,24.3,33,0.0,1016.6,7.5,312
2025-11-25 15:00:00,94.0,24.0,32,0.0,1016.1,7.6,308
2025-11-25 16:00:00,93.0,23.2,33,0.0,1016.0,7.6,306
2025-11-25 17:00:00,102.0,21.5,39,0.0,1016.0,4.9,309
2025-11-25 18:00:00,112.0,20.8,42,0.0,1016.5,5.2,299
2025-11-25 19:00:00,157.0,20.1,44,0.0,1017.0,5.5,297
2025-11-25 20:00:00,199.0,19.1,48,0.0,1017.2,5.5,293
2025-11-25 21:00:00,210.0,18.0,53,0.0,1017.3,5.3,294
2025-11-25 22:00:00,230.0,17.0,57,0.0,1017.1,5.2,295
2025-11-25 23:00:00,238.0,16.5,60,0.0,1017.0,5.2,297
2025-11-26 00:00:00,238.0,15.7,63,0.0,1016.8,5.9,297
2025-11-26 01:00:00,242.0,15.0,65,0.0,1017.0,5.5,302
2025-11-26 02:00:00,251.0,14.0,69,0.0,1016.8,4.6,301
2025-11-26 03:00:00,256.0,13.1,74,0.0,1016.9,4.0,297
2025-11-26 04:00:00,239.0,12.5,77,0.0,1017.2,3.5,291
2025-11-26 05:00:00,213.0,12.2,82,0.0,1017.7,3.5,298
2025-11-26 06:00:00,156.0,11.6,84,0.0,1018.8,3.5,291
2025-11-26 07:00:00,143.0,12.0,82,0.0,1019.6,3.8,273
2025-11-26 08:00:00,161.0,13.7,75,0.0,1020.4,4.4,277
2025-11-26 09:00:00,163.0,16.5,62,0.0,1020.8,2.5,291
2025-11-26 10:00:00,138.0,19.4,51,0.0,1020.8,1.8,315
2025-11-26 11:00:00,134.0,21.3,42,0.0,1020.1,3.0,335
2025-11-26 12:00:00,113.0,23.1,34,0.0,1019.3,3.5,336
2025-11-26 13:00:00,111.0,23.8,31,0.0,1018.1,3.6,342
2025-11-26 14:00:00,114.0,24.1,30,0.0,1017.4,3.5,339
2025-11-26 15:00:00,107.0,23.8,30,0.0,1017.4,4.2,342
2025-11-26 16:00:00,101.0,22.9,33,0.0,1017.5,5.8,355
2025-11-26 17:00:00,113.0,21.1,40,0.0,1017.6,6.8,12
2025-11-26 18:00:00,125.0,20.0,45,0.0,1018.5,4.7,18
2025-11-26 19:00:00,174.0,18.5,52,0.0,1019.1,3.9,13
2025-11-26 20:00:00,176.0,17.5,56,0.0,1019.4,3.5,12
2025-11-26 21:00:00,164.0,16.6,63,0.0,1019.8,2.1,15
2025-11-26 22:00:00,157.0,16.0,66,0.0,1020.0,0.7,14
2025-11-26 23:00:00,158.0,16.0,69,0.0,1020.2,0.0,270
2025-11-27 00:00:00,155.0,15.1,70,0.0,1020.1,0.5,225
2025-11-27 01:00:00,165.0,14.5,71,0.0,1020.2,0.3,45
2025-11-27 02:00:00,206.0,13.7,75,0.0,1019.7,0.8,27
2025-11-27 03:00:00,276.0,12.9,79,0.0,1019.5,0.7,14
2025-11-27 04:00:00,355.0,12.2,83,0.0,1019.6,1.3,360
2025-11-27 05:00:00,390.0,11.4,89,0.0,1020.0,1.4,360
2025-11-27 06:00:00,371.0,11.1,90,0.0,1020.8,1.6,6
2025-11-27 07:00:00,327.0,11.1,90,0.0,1021.4,2.6,12
2025-11-27 08:00:00,292.0,13.4,76,0.0,1022.0,2.8,40
2025-11-27 09:00:00,401.0,16.7,60,0.0,1022.5,2.2,55
2025-11-27 10:00:00,308.0,19.4,50,0.0,1022.4,2.5,60
2025-11-27 11:00:00,186.0,21.1,44,0.0,1021.3,2.8,63
2025-11-27 12:00:00,123.0,22.8,39,0.0,1020.5,2.5,69
2025-11-27 13:00:00,146.0,23.6,36,0.0,1019.5,2.3,72
2025-11-27 14:00:00,149.0,23.9,35,0.0,1018.6,2.9,60
2025-11-27 15:00:00,155.0,23.8,35,0.0,1018.3,3.8,59
2025-11-27 16:00:00,146.0,23.0,37,0.0,1018.2,5.1,54
2025-11-27 17:00:00,144.0,21.5,44,0.0,1018.1,5.1,36
2025-11-27 18:00:00,143.0,20.2,51,0.0,1018.8,4.7,16
2025-11-27 19:00:00,142.0,18.8,58,0.0,1019.3,4.0,3
2025-11-27 20:00:00,180.0,17.7,64,0.0,1019.6,3.8,355
2025-11-27 21:00:00,157.0,16.7,69,0.0,1019.9,3.7,346
2025-11-27 22:00:00,173.0,15.9,73,0.0,1019.7,4.0,355
2025-11-27 23:00:00,212.0,15.3,78,0.0,1019.7,3.6,340
2025-11-28 00:00:00,224.0,14.1,80,0.0,1019.2,4.1,331
2025-11-28 01:00:00,249.0,13.5,80,0.0,1019.0,4.2,348
2025-11-28 02:00:00,293.0,13.0,80,0.0,1018.7,3.9,332
2025-11-28 03:00:00,360.0,12.8,82,0.0,1018.5,4.2,313
2025-11-28 04:00:00,378.0,12.5,85,0.0,1018.3,4.7,310
2025-11-28 05:00:00,353.0,12.0,89,0.0,1018.5,4.0,309
2025-11-28 06:00:00,330.0,11.6,89,0.0,1019.0,4.0,302
2025-11-28 07:00:00,328.0,12.0,86,0.0,1019.4,3.9,304
2025-11-28 08:00:00,303.0,14.0,75,0.0,1020.3,5.3,294
2025-11-28 09:00:00,281.0,16.7,62,0.0,1020.6,3.9,298
2025-11-28 10:00:00,269.0,19.6,50,0.0,1020.4,4.2,310
2025-11-28 11:00:00,137.0,21.9,42,0.0,1019.7,4.6,318
2025-11-28 12:00:00,124.0,24.0,34,0.0,1018.5,4.7,332
2025-11-28 13:00:00,149.0,24.8,31,0.0,1017.2,5.7,336
2025-11-28 14:00:00,127.0,25.5,28,0.0,1016.3,6.5,332
2025-11-28 15:00:00,90.0,25.4,28,0.0,1015.8,7.0,334
2025-11-28 16:00:00,90.0,24.5,31,0.0,1015.8,6.9,332
2025-11-28 17:00:00,97.0,21.5,52,0.0,1016.0,2.2,351
2025-11-28 18:00:00,132.0,20.7,54,0.0,1016.5,3.2,304
2025-11-28 19:00:00,174.0,20.2,53,0.0,1016.7,4.4,300
2025-11-28 20:00:00,187.0,19.7,54,0.0,1016.9,5.4,310
2025-11-28 21:00:00,192.0,18.8,57,0.0,1017.1,5.9,317
2025-11-28 22:00:00,209.0,18.0,60,0.0,1017.1,6.0,321
2025-11-28 23:00:00,218.0,17.2,65,0.0,1017.0,5.1,306
2025-11-29 00:00:00,216.0,16.4,67,0.0,1016.8,6.7,314
2025-11-29 01:00:00,208.0,15.9,67,0.0,1016.7,7.4,313
2025-11-29 02:00:00,212.0,15.4,68,0.0,1016.2,7.4,311
2025-11-29 03:00:00,203.0,15.0,68,0.0,1016.3,7.8,310
2025-11-29 04:00:00,197.0,14.6,69,0.0,1016.2,7.8,312
2025-11-29 05:00:00,201.0,14.0,72,0.0,1016.2,7.9,311
2025-11-29 06:00:00,234.0,13.6,73,0.0,1016.9,7.6,317
2025-11-29 07:00:00,192.0,13.6,73,0.0,1017.6,7.8,316
2025-11-29 08:00:00,183.0,14.9,68,0.0,1018.3,7.2,307
2025-11-29 09:00:00,163.0,17.2,59,0.0,1018.8,6.0,319
2025-11-29 10:00:00,115.0,20.0,49,0.0,1018.5,6.1,326
2025-11-29 11:00:00,108.0,23.0,39,0.0,1017.8,6.2,322
2025-11-29 12:00:00,86.0,25.2,32,0.0,1016.6,7.6,329
2025-11-29 13:00:00,67.0,26.0,30,0.0,1015.6,10.6,334
2025-11-29 14:00:00,57.0,25.9,32,0.0,1014.7,11.2,328
2025-11-29 15:00:00,54.0,25.4,33,0.0,1014.5,10.5,327
2025-11-29 16:00:00,53.0,24.6,34,0.0,1014.2,9.0,327
2025-11-29 17:00:00,65.0,23.0,39,0.0,1014.5,4.5,320
2025-11-29 18:00:00,84.0,22.0,42,0.0,1014.9,4.4,302
2025-11-29 19:00:00,106.0,21.1,44,0.0,1015.3,5.2,295
2025-11-29 20:00:00,140.0,20.2,46,0.0,1015.4,5.7,294
2025-11-29 21:00:00,164.0,19.2,47,0.0,1015.6,6.0,297
2025-11-29 22:00:00,196.0,18.1,50,0.0,1015.6,5.6,297
2025-11-29 23:00:00,206.0,17.5,52,0.0,1015.7,5.6,297
2025-11-30 00:00:00,205.0,16.3,54,0.0,1015.5,6.7,314
2025-11-30 01:00:00,201.0,15.3,56,0.0,1015.4,7.1,324
2025-11-30 02:00:00,197.0,14.4,56,0.0,1015.1,5.9,320
2025-11-30 03:00:00,176.0,13.7,57,0.0,1015.0,5.1,312
2025-11-30 04:00:00,169.0,13.1,59,0.0,1014.9,4.8,304
2025-11-30 05:00:00,164.0,12.9,65,0.0,1015.4,5.9,297
2025-11-30 06:00:00,158.0,12.1,68,0.0,1016.1,5.5,283
2025-11-30 07:00:00,150.0,12.2,68,0.0,1016.7,6.5,273
2025-11-30 08:00:00,163.0,13.5,63,0.0,1017.3,6.7,268
2025-11-30 09:00:00,160.0,15.7,55,0.0,1017.7,5.8,270
2025-11-30 10:00:00,160.0,18.5,45,0.0,1017.4,5.6,272
2025-11-30 11:00:00,155.0,21.5,35,0.0,1016.8,7.6,271
2025-11-30 12:00:00,124.0,23.5,28,0.0,1015.8,9.6,284
2025-11-30 13:00:00,97.0,24.2,27,0.0,1014.6,12.7,288
2025-11-30 14:00:00,86.0,23.9,28,0.0,1013.8,13.0,287
2025-11-30 15:00:00,80.0,23.6,28,0.0,1013.5,12.4,289
2025-11-30 16:00:00,84.0,22.8,30,0.0,1013.4,9.9,291
2025-11-30 17:00:00,99.0,21.2,34,0.0,1013.5,7.3,286
2025-11-30 18:00:00,194.0,20.2,38,0.0,1014.0,6.6,286
2025-11-30 19:00:00,135.0,19.2,41,0.0,1014.5,6.0,287
2025-11-30 20:00:00,178.0,18.3,42,0.0,1015.0,5.6,292
2025-11-30 21:00:00,187.0,17.4,42,0.0,1015.3,5.9,297
2025-11-30 22:00:00,201.0,16.6,42,0.0,1015.3,5.5,297
2025-11-30 23:00:00,190.0,15.8,46,0.0,1015.7,5.4,296
2025-12-01 00:00:00,195.0,14.6,46,0.0,1015.5,5.5,322
2025-12-01 01:00:00,193.0,13.6,50,0.0,1015.4,5.2,333
2025-12-01 02:00:00,201.0,12.5,55,0.0,1015.2,5.1,333
2025-12-01 03:00:00,197.0,11.5,61,0.0,1015.1,4.2,335
2025-12-01 04:00:00,184.0,10.8,66,0.0,1015.2,3.6,354
2025-12-01 05:00:00,174.0,10.1,77,0.0,1015.6,2.6,12
2025-12-01 06:00:00,157.0,9.8,78,0.0,1016.0,0.4,270
2025-12-01 07:00:00,164.0,10.0,78,0.0,1016.7,0.7,256
2025-12-01 08:00:00,157.0,11.9,68,0.0,1017.3,1.9,292
2025-12-01 09:00:00,155.0,14.8,56,0.0,1017.9,0.9,270
2025-12-01 10:00:00,122.0,17.7,45,0.0,1017.7,1.1,270
2025-12-01 11:00:00,78.0,20.7,36,0.0,1016.9,1.8,270
2025-12-01 12:00:00,74.0,23.1,28,0.0,1015.8,3.1,283
2025-12-01 13:00:00,66.0,24.2,24,0.0,1014.6,4.3,292
2025-12-01 14:00:00,78.0,24.6,23,0.0,1013.6,5.4,296
2025-12-01 15:00:00,66.0,24.4,24,0.0,1012.8,5.7,311
2025-12-01 16:00:00,100.0,23.3,27,0.0,1012.7,5.2,338
2025-12-01 17:00:00,101.0,20.6,38,0.0,1012.7,4.1,23
2025-12-01 18:00:00,121.0,19.1,48,0.0,1013.4,3.2,34
2025-12-01 19:00:00,153.0,18.2,55,0.0,1014.2,2.2,42
2025-12-01 20:00:00,217.0,17.3,58,0.0,1014.8,2.0,80
2025-12-01 21:00:00,271.0,16.4,61,0.0,1015.2,2.5,94
2025-12-01 22:00:00,209.0,15.7,65,0.0,1015.3,2.6,115
2025-12-01 23:00:00,212.0,15.3,67,0.0,1015.5,1.8,114
2025-12-02 00:00:00,218.0,13.9,73,0.0,1015.3,2.1,59
2025-12-02 01:00:00,247.0,13.4,73,0.0,1015.3,4.1,45
2025-12-02 02:00:00,254.0,13.1,70,0.0,1015.2,4.5,40
2025-12-02 03:00:00,246.0,12.7,71,0.0,1015.0,3.8,41
2025-12-02 04:00:00,241.0,12.5,72,0.0,1015.1,2.3,61
2025-12-02 05:00:00,229.0,12.2,78,0.0,1015.1,2.5,60
2025-12-02 06:00:00,237.0,12.2,76,0.0,1015.5,3.1,97
2025-12-02 07:00:00,200.0,12.3,76,0.0,1016.2,2.3,86
2025-12-02 08:00:00,226.0,14.1,66,0.0,1017.0,1.8,66
2025-12-02 09:00:00,295.0,17.1,54,0.0,1017.4,1.3,98
2025-12-02 10:00:00,256.0,20.2,41,0.0,1017.4,1.7,131
2025-12-02 11:00:00,218.0,22.7,41,0.0,1016.4,3.0,163
2025-12-02 12:00:00,223.0,24.5,41,0.0,1015.3,2.7,172
2025-12-02 13:00:00,173.0,25.3,41,0.0,1013.9,1.7,193
2025-12-02 14:00:00,178.0,25.7,39,0.0,1013.0,1.1,261
2025-12-02 15:00:00,262.0,25.5,37,0.0,1012.4,3.7,337
2025-12-02 16:00:00,220.0,24.3,42,0.0,1012.4,8.3,349
2025-12-02 17:00:00,200.0,21.7,52,0.0,1012.9,9.0,1
2025-12-02 18:00:00,226.0,20.7,55,0.0,1013.8,6.7,346
2025-12-02 19:00:00,238.0,19.6,56,0.0,1014.6,5.3,348
2025-12-02 20:00:00,243.0,18.6,57,0.0,1015.3,4.4,341
2025-12-02 21:00:00,270.0,17.7,59,0.0,1015.7,3.8,329
2025-12-02 22:00:00,294.0,17.2,58,0.0,1016.2,4.2,313
2025-12-02 23:00:00,281.0,16.4,61,0.0,1016.4,4.5,317
2025-12-03 00:00:00,263.0,15.1,63,0.0,1016.2,5.0,314
2025-12-03 01:00:00,231.0,14.3,63,0.0,1016.4,6.0,323
2025-12-03 02:00:00,208.0,13.3,63,0.0,1016.7,4.9,321
2025-12-03 03:00:00,198.0,12.4,65,0.0,1016.7,4.5,326
2025-12-03 04:00:00,202.0,11.7,68,0.0,1016.7,4.7,332
2025-12-03 05:00:00,202.0,11.1,76,0.0,1017.4,4.5,331
2025-12-03 06:00:00,217.0,10.6,78,0.0,1018.2,4.4,325
2025-12-03 07:00:00,227.0,10.8,77,0.0,1019.1,4.8,315
2025-12-03 08:00:00,245.0,12.4,69,0.0,1019.9,5.6,301
2025-12-03 09:00:00,249.0,15.1,58,0.0,1020.6,3.5,305
2025-12-03 10:00:00,163.0,18.0,48,0.0,1020.7,4.6,309
2025-12-03 11:00:00,136.0,20.5,38,0.0,1020.1,7.5,316
2025-12-03 12:00:00,104.0,22.0,32,0.0,1019.2,7.8,322
2025-12-03 13:00:00,101.0,22.8,28,0.0,1018.3,8.5,322
2025-12-03 14:00:00,83.0,23.0,27,0.0,1017.8,9.1,321
2025-12-03 15:00:00,79.0,22.7,29,0.0,1017.5,9.2,313
2025-12-03 16:00:00,69.0,21.8,32,0.0,1017.3,8.7,308
2025-12-03 17:00:00,85.0,20.2,37,0.0,1017.5,5.7,302
2025-12-03 18:00:00,110.0,19.5,41,0.0,1018.2,6.0,299
2025-12-03 19:00:00,140.0,18.8,44,0.0,1018.6,6.2,300
2025-12-03 20:00:00,182.0,17.8,47,0.0,1019.2,6.4,299
2025-12-03 21:00:00,225.0,16.8,49,0.0,1019.4,6.4,299
2025-12-03 22:00:00,232.0,16.0,51,0.0,1019.5,6.1,294
2025-12-03 23:00:00,225.0,15.1,56,0.0,1019.7,6.5,300
2025-12-04 00:00:00,218.0,13.6,62,0.0,1019.6,6.4,306
2025-12-04 01:00:00,207.0,12.7,65,0.0,1019.4,6.2,308
2025-12-04 02:00:00,200.0,12.1,67,0.0,1019.3,6.6,307
2025-12-04 03:00:00,182.0,11.7,69,0.0,1019.3,6.7,301
2025-12-04 04:00:00,181.0,11.2,70,0.0,1018.9,6.6,299
2025-12-04 05:00:00,189.0,10.9,71,0.0,1019.2,6.7,297
2025-12-04 06:00:00,218.0,10.3,73,0.0,1019.8,7.0,296
2025-12-04 07:00:00,201.0,10.2,73,0.0,1020.4,7.9,294
2025-12-04 08:00:00,213.0,11.6,67,0.0,1020.7,8.6,286
2025-12-04 09:00:00,238.0,14.0,58,0.0,1021.3,5.4,285
2025-12-04 10:00:00,167.0,16.8,49,0.0,1021.0,6.2,292
2025-12-04 11:00:00,140.0,19.5,42,0.0,1020.3,8.6,299
2025-12-04 12:00:00,122.0,21.1,36,0.0,1019.4,8.9,295
2025-12-04 13:00:00,125.0,22.1,31,0.0,1018.5,9.9,295
2025-12-04 14:00:00,118.0,22.4,29,0.0,1017.8,10.2,294
2025-12-04 15:00:00,107.0,22.0,29,0.0,1017.3,9.9,295
2025-12-04 16:00:00,91.0,21.0,33,0.0,1017.1,9.8,290
2025-12-04 17:00:00,113.0,19.4,36,0.0,1017.8,5.2,292
2025-12-04 18:00:00,183.0,18.2,43,0.0,1018.1,4.0,278
2025-12-04 19:00:00,183.0,17.4,46,0.0,1018.7,4.2,275
2025-12-04 20:00:00,190.0,16.7,48,0.0,1019.3,5.0,270
2025-12-04 21:00:00,183.0,15.9,50,0.0,1019.9,5.0,268
2025-12-04 22:00:00,202.0,15.1,52,0.0,1020.0,5.0,283
2025-12-04 23:00:00,191.0,14.4,58,0.0,1020.3,4.6,306
2025-12-05 00:00:00,203.0,12.8,61,0.0,1020.3,4.9,309
2025-12-05 01:00:00,218.0,12.3,61,0.0,1020.3,5.0,308
2025-12-05 02:00:00,226.0,11.5,63,0.0,1020.1,4.7,310
2025-12-05 03:00:00,204.0,10.7,66,0.0,1020.1,4.1,304
2025-12-05 04:00:00,170.0,10.0,69,0.0,1020.1,4.0,297
2025-12-05 05:00:00,151.0,9.6,75,0.0,1020.5,4.2,288
2025-12-05 06:00:00,162.0,9.1,77,0.0,1021.1,4.0,280
2025-12-05 07:00:00,163.0,9.3,76,0.0,1021.8,4.3,272
2025-12-05 08:00:00,165.0,10.9,69,0.0,1022.4,4.9,264
2025-12-05 09:00:00,170.0,13.7,57,0.0,1023.1,2.9,270
2025-12-05 10:00:00,182.0,16.8,46,0.0,1023.2,3.1,283
2025-12-05 11:00:00,161.0,19.6,36,0.0,1022.7,4.1,299
2025-12-05 12:00:00,122.0,21.2,30,0.0,1021.9,4.4,302
2025-12-05 13:00:00,118.0,22.0,29,0.0,1020.8,4.4,302
2025-12-05 14:00:00,121.0,22.4,30,0.0,1020.1,4.6,309
2025-12-05 15:00:00,120.0,22.2,32,0.0,1019.7,5.6,310
2025-12-05 16:00:00,113.0,21.4,36,0.0,1019.5,6.8,310
2025-12-05 17:00:00,120.0,19.8,41,0.0,1019.7,5.7,298
2025-12-05 18:00:00,169.0,18.7,46,0.0,1019.8,4.4,289
2025-12-05 19:00:00,196.0,18.0,49,0.0,1020.3,4.9,294
2025-12-05 20:00:00,234.0,17.2,53,0.0,1020.6,5.5,297
2025-12-05 21:00:00,278.0,16.3,55,0.0,1020.8,5.5,289
2025-12-05 22:00:00,264.0,15.6,57,0.0,1020.8,5.8,284
2025-12-05 23:00:00,252.0,15.0,59,0.0,1020.9,6.0,286
2025-12-06 00:00:00,243.0,13.9,62,0.0,1020.8,6.4,295
2025-12-06 01:00:00,233.0,13.1,63,0.0,1020.5,6.2,287
2025-12-06 02:00:00,214.0,12.5,64,0.0,1020.4,6.4,281
2025-12-06 03:00:00,197.0,12.0,66,0.0,1020.4,7.2,288
2025-12-06 04:00:00,196.0,11.5,68,0.0,1019.9,8.1,298
2025-12-06 05:00:00,215.0,11.0,73,0.0,1019.8,8.5,305
2025-12-06 06:00:00,209.0,10.5,75,0.0,1020.0,8.8,298
2025-12-06 07:00:00,233.0,10.7,73,0.0,1020.3,9.7,295
2025-12-06 08:00:00,222.0,12.2,66,0.0,1020.8,10.4,288
2025-12-06 09:00:00,169.0,14.5,56,0.0,1021.2,7.9,286
2025-12-06 10:00:00,163.0,17.1,47,0.0,1020.8,8.2,293
2025-12-06 11:00:00,138.0,20.1,39,0.0,1020.2,9.0,285
2025-12-06 12:00:00,105.0,22.4,33,0.0,1019.2,9.3,283
2025-12-06 13:00:00,90.0,23.7,29,0.0,1018.2,11.0,285
2025-12-06 14:00:00,95.0,24.2,27,0.0,1017.5,11.6,282
2025-12-06 15:00:00,93.0,23.7,30,0.0,1017.7,12.3,276
2025-12-06 16:00:00,90.0,22.7,34,0.0,1017.4,10.7,279
2025-12-06 17:00:00,101.0,21.1,39,0.0,1017.4,9.6,275
2025-12-06 18:00:00,120.0,20.3,40,0.0,1017.9,10.1,281
2025-12-06 19:00:00,142.0,19.2,41,0.0,1018.7,9.4,282
2025-12-06 20:00:00,197.0,18.5,43,0.0,1019.0,9.1,280
2025-12-06 21:00:00,194.0,17.5,46,0.0,1019.3,9.0,280
2025-12-06 22:00:00,191.0,16.7,48,0.0,1019.4,8.9,283
2025-12-06 23:00:00,196.0,16.0,52,0.0,1019.4,8.5,287
2025-12-07 00:00:00,192.0,15.1,55,0.0,1019.3,7.5,290
2025-12-07 01:00:00,184.0,14.3,58,0.0,1019.2,7.1,294
2025-12-07 02:00:00,184.0,13.7,61,0.0,1019.1,7.9,294
2025-12-07 03:00:00,184.0,13.2,63,0.0,1019.1,8.7,291
2025-12-07 04:00:00,195.0,12.8,65,0.0,1018.7,9.1,287
2025-12-07 05:00:00,191.0,12.2,69,0.0,1018.8,9.1,287
2025-12-07 06:00:00,165.0,11.4,73,0.0,1019.3,8.1,283
2025-12-07 07:00:00,150.0,11.2,74,0.0,1020.2,8.7,284
2025-12-07 08:00:00,157.0,12.6,68,0.0,1020.8,9.8,276
2025-12-07 09:00:00,173.0,14.8,59,0.0,1021.1,6.7,278
2025-12-07 10:00:00,155.0,17.6,49,0.0,1021.1,7.2,283
2025-12-07 11:00:00,155.0,20.7,41,0.0,1020.3,8.0,284
2025-12-07 12:00:00,144.0,22.9,35,0.0,1019.0,8.5,288
2025-12-07 13:00:00,129.0,24.3,32,0.0,1017.8,8.9,289
2025-12-07 14:00:00,112.0,24.8,30,0.0,1016.8,9.2,287
2025-12-07 15:00:00,111.0,24.5,32,0.0,1016.5,9.7,285
2025-12-07 16:00:00,105.0,23.2,38,0.0,1016.5,9.2,286
2025-12-07 17:00:00,113.0,21.7,43,0.0,1016.6,7.3,280
2025-12-07 18:00:00,140.0,21.0,48,0.0,1017.1,7.9,287
2025-12-07 19:00:00,161.0,20.1,51,0.0,1017.8,8.1,287
2025-12-07 20:00:00,187.0,19.1,54,0.0,1018.3,7.7,282
2025-12-07 21:00:00,197.0,18.3,56,0.0,1018.7,7.4,277
2025-12-07 22:00:00,185.0,17.6,57,0.0,1018.8,7.4,276
2025-12-07 23:00:00,183.0,16.8,59,0.0,1018.7,8.2,279
2025-12-08 00:00:00,183.0,15.7,61,0.0,1018.4,8.7,287
2025-12-08 03:00:00,180.0,14.5,61,0.0,1017.7,8.7,294
2025-12-08 04:00:00,184.0,14.1,62,0.0,1017.5,8.6,292
2025-12-08 05:00:00,164.0,13.3,67,0.0,1017.9,8.5,291
2025-12-08 06:00:00,174.0,12.6,70,0.0,1018.8,8.3,292
2025-12-08 07:00:00,176.0,12.4,72,0.0,1019.5,8.9,291
2025-12-08 08:00:00,189.0,13.7,66,0.0,1020.2,10.1,287
2025-12-08 09:00:00,197.0,16.1,57,0.0,1020.7,7.3,286
2025-12-08 10:00:00,181.0,18.9,47,0.0,1021.0,7.8,293
2025-12-08 11:00:00,158.0,22.0,39,0.0,1020.2,8.3,290
2025-12-08 12:00:00,128.0,24.3,32,0.0,1019.0,9.0,293
2025-12-08 13:00:00,98.0,25.6,27,0.0,1017.9,10.0,296
2025-12-08 14:00:00,74.0,25.9,26,0.0,1017.2,11.4,298
2025-12-08 15:00:00,76.0,25.3,28,0.0,1017.0,12.7,300
2025-12-08 16:00:00,63.0,24.2,32,0.0,1017.0,11.3,297
2025-12-08 17:00:00,71.0,22.7,36,0.0,1017.2,9.0,296
2025-12-08 18:00:00,125.0,21.6,41,0.0,1017.9,9.4,290
2025-12-08 19:00:00,167.0,20.5,46,0.0,1018.1,8.7,283
2025-12-08 20:00:00,173.0,19.5,48,0.0,1018.1,8.9,276
2025-12-08 21:00:00,183.0,18.6,49,0.0,1018.3,10.1,281
2025-12-08 22:00:00,199.0,17.6,49,0.0,1018.4,10.0,288
2025-12-08 23:00:00,190.0,16.9,51,0.0,1018.6,10.1,287
2025-12-09 00:00:00,170.0,15.9,53,0.0,1018.3,10.1,282
2025-12-09 01:00:00,161.0,15.2,55,0.0,1018.1,10.1,280
2025-12-09 02:00:00,143.0,14.5,58,0.0,1017.9,10.0,279
2025-12-09 03:00:00,147.0,13.9,61,0.0,1017.7,10.2,278
2025-12-09 04:00:00,145.0,13.5,64,0.0,1017.2,10.4,278
2025-12-09 05:00:00,136.0,13.1,66,0.0,1017.4,10.1,280
2025-12-09 06:00:00,138.0,12.5,68,0.0,1017.9,9.8,275
2025-12-09 07:00:00,148.0,12.4,68,0.0,1018.5,10.6,274
2025-12-09 08:00:00,152.0,13.6,63,0.0,1019.3,11.4,275
2025-12-09 09:00:00,150.0,15.6,57,0.0,1020.1,8.0,286
2025-12-09 10:00:00,146.0,18.2,48,0.0,1020.2,7.7,288
2025-12-09 11:00:00,134.0,21.2,41,0.0,1019.5,8.7,291
2025-12-09 12:00:00,119.0,23.4,34,0.0,1018.5,9.8,293
2025-12-09 13:00:00,85.0,24.6,29,0.0,1017.6,10.9,297
2025-12-09 14:00:00,69.0,25.1,28,0.0,1016.6,11.3,297
2025-12-09 15:00:00,57.0,24.7,30,0.0,1016.6,11.8,296
2025-12-09 16:00:00,58.0,23.7,34,0.0,1016.7,11.0,293
2025-12-09 17:00:00,73.0,22.1,39,0.0,1016.8,8.4,281
2025-12-09 18:00:00,87.0,21.4,43,0.0,1017.5,8.3,281
2025-12-09 19:00:00,128.0,20.4,47,0.0,1017.7,7.8,277
2025-12-09 20:00:00,163.0,19.6,49,0.0,1017.9,8.2,278
2025-12-09 21:00:00,188.0,19.0,51,0.0,1017.9,8.6,282
2025-12-09 22:00:00,172.0,18.2,52,0.0,1017.8,8.8,287
2025-12-09 23:00:00,159.0,17.3,55,0.0,1018.2,9.5,291
2025-12-10 00:00:00,138.0,15.9,60,0.0,1018.0,9.6,293
2025-12-10 01:00:00,146.0,15.2,62,0.0,1017.8,9.6,298
2025-12-10 02:00:00,150.0,14.6,64,0.0,1017.5,9.3,299
2025-12-10 03:00:00,151.0,14.1,66,0.0,1017.3,9.2,296
2025-12-10 04:00:00,151.0,13.7,67,0.0,1016.9,9.1,291
2025-12-10 05:00:00,130.0,13.4,67,0.0,1017.0,9.1,280
2025-12-10 06:00:00,119.0,12.9,69,0.0,1017.5,9.0,275
2025-12-10 07:00:00,109.0,12.5,70,0.0,1018.5,9.3,280
2025-12-10 08:00:00,111.0,13.7,66,0.0,1019.3,9.4,282
2025-12-10 09:00:00,117.0,15.7,58,0.0,1020.0,5.8,286
2025-12-10 10:00:00,104.0,18.4,49,0.0,1019.7,5.1,280
2025-12-10 11:00:00,94.0,21.1,41,0.0,1019.1,4.8,285
2025-12-10 12:00:00,88.0,23.2,34,0.0,1018.3,6.5,293
2025-12-10 13:00:00,97.0,24.3,31,0.0,1017.3,7.1,291
2025-12-10 14:00:00,89.0,24.8,30,0.0,1016.8,8.3,292
2025-12-10 15:00:00,82.0,24.4,31,0.0,1016.8,9.5,291
2025-12-10 16:00:00,73.0,23.3,38,0.0,1016.7,8.8,285
2025-12-10 17:00:00,86.0,21.9,45,0.0,1016.5,6.0,277
2025-12-10 18:00:00,106.0,21.2,48,0.0,1017.2,5.5,279
2025-12-10 19:00:00,127.0,20.1,52,0.0,1017.6,4.8,285
2025-12-10 20:00:00,162.0,19.2,55,0.0,1018.1,4.8,299
2025-12-10 21:00:00,214.0,18.4,57,0.0,1018.3,4.9,306
2025-12-10 22:00:00,205.0,17.8,57,0.0,1018.3,5.0,311
2025-12-10 23:00:00,247.0,17.1,58,0.0,1018.5,5.2,319
2025-12-11 00:00:00,259.0,15.9,61,0.0,1018.2,5.7,325
2025-12-11 01:00:00,208.0,14.5,68,0.0,1017.7,4.9,343
2025-12-11 02:00:00,139.0,13.7,73,0.0,1017.7,4.8,323
2025-12-11 03:00:00,134.0,13.0,76,0.0,1017.2,4.5,307
2025-12-11 04:00:00,137.0,12.7,76,0.0,1016.8,4.9,274
2025-12-11 05:00:00,143.0,12.3,80,0.0,1017.0,5.4,256
2025-12-11 06:00:00,150.0,11.8,81,0.0,1017.4,5.6,264
2025-12-11 07:00:00,152.0,11.5,82,0.0,1017.9,5.6,274
2025-12-11 08:00:00,126.0,12.9,75,0.0,1018.6,6.2,296
2025-12-11 09:00:00,141.0,15.5,63,0.0,1019.1,2.7,290
2025-12-11 10:00:00,138.0,18.5,52,0.0,1018.9,3.3,283
2025-12-11 11:00:00,130.0,21.5,43,0.0,1017.9,4.1,283
2025-12-11 12:00:00,108.0,23.7,36,0.0,1016.9,6.1,284
2025-12-11 13:00:00,98.0,24.8,32,0.0,1015.9,8.2,289
2025-12-11 14:00:00,107.0,25.1,31,0.0,1015.1,9.7,289
2025-12-11 15:00:00,85.0,24.8,32,0.0,1014.7,9.8,293
2025-12-11 16:00:00,80.0,23.8,36,0.0,1014.7,8.2,293
2025-12-11 17:00:00,98.0,21.6,47,0.0,1014.9,4.4,282
2025-12-11 18:00:00,103.0,20.8,50,0.0,1015.5,3.8,270
2025-12-11 19:00:00,126.0,20.0,54,0.0,1015.9,3.7,284
2025-12-11 20:00:00,181.0,19.1,57,0.0,1016.3,3.8,301
2025-12-11 21:00:00,195.0,18.3,61,0.0,1016.4,2.4,312
2025-12-11 22:00:00,200.0,17.3,65,0.0,1016.2,2.2,336
2025-12-11 23:00:00,198.0,16.6,70,0.0,1016.3,0.7,14
2025-12-12 00:00:00,198.0,15.5,73,0.0,1015.9,1.2,309
2025-12-12 01:00:00,228.0,14.6,77,0.0,1015.8,3.0,295
2025-12-12 02:00:00,217.0,13.9,78,0.0,1015.9,4.9,306
2025-12-12 03:00:00,221.0,13.1,80,0.0,1015.5,4.4,302
2025-12-12 04:00:00,231.0,12.3,83,0.0,1015.2,3.9,294
2025-12-12 05:00:00,203.0,11.7,88,0.0,1015.5,4.5,275
2025-12-12 06:00:00,196.0,11.1,89,0.0,1016.0,4.1,272
2025-12-12 07:00:00,202.0,11.0,89,0.0,1016.4,3.5,258
2025-12-12 08:00:00,215.0,12.8,79,0.0,1017.0,4.5,268
2025-12-12 09:00:00,222.0,15.7,66,0.0,1017.8,2.5,274
2025-12-12 10:00:00,194.0,18.8,53,0.0,1017.9,2.3,270
2025-12-12 11:00:00,147.0,21.2,45,0.0,1017.2,2.3,274
2025-12-12 12:00:00,119.0,23.2,36,0.0,1016.3,2.7,307
2025-12-12 13:00:00,115.0,24.1,32,0.0,1015.5,2.5,339
2025-12-12 14:00:00,118.0,24.6,30,0.0,1014.8,3.0,346
2025-12-12 15:00:00,133.0,24.5,31,0.0,1014.7,3.4,344
2025-12-12 16:00:00,134.0,23.8,33,0.0,1014.7,3.1,357
2025-12-12 17:00:00,144.0,21.3,47,0.0,1014.9,3.6,9
2025-12-12 18:00:00,161.0,20.2,51,0.0,1015.7,4.0,360
2025-12-12 19:00:00,229.0,19.0,59,0.0,1016.2,3.2,357
2025-12-12 20:00:00,210.0,18.2,64,0.0,1016.8,2.3,342
2025-12-12 21:00:00,247.0,16.9,70,0.0,1017.1,2.8,18
2025-12-12 22:00:00,258.0,15.8,76,0.0,1016.9,3.0,38
2025-12-12 23:00:00,240.0,15.3,80,0.0,1017.0,1.8,53
2025-12-13 00:00:00,263.0,13.8,87,0.0,1016.7,2.4,27
2025-12-13 01:00:00,282.0,13.2,89,0.0,1016.1,2.7,62
2025-12-13 02:00:00,337.0,12.8,89,0.0,1015.9,0.9,11
2025-12-13 03:00:00,406.0,12.3,91,0.0,1015.8,1.3,8
2025-12-13 04:00:00,482.0,11.8,92,0.0,1015.6,1.1,18
2025-12-13 05:00:00,509.0,11.7,91,0.0,1016.3,0.3,45
2025-12-13 06:00:00,489.0,11.2,92,0.0,1016.8,0.5,90
2025-12-13 07:00:00,461.0,11.1,93,0.0,1017.6,0.5,90
2025-12-13 08:00:00,520.0,12.7,86,0.0,1018.3,3.4,108
2025-12-13 09:00:00,471.0,15.6,71,0.0,1019.1,2.2,104
2025-12-13 10:00:00,427.0,18.6,59,0.0,1019.5,2.4,107
2025-12-13 11:00:00,391.0,20.9,53,0.0,1018.7,3.4,115
2025-12-13 12:00:00,341.0,22.8,44,0.0,1017.9,2.7,122
2025-12-13 13:00:00,297.0,23.8,39,0.0,1017.1,1.6,84
2025-12-13 14:00:00,211.0,24.3,37,0.0,1016.2,2.2,66
2025-12-13 15:00:00,200.0,24.0,38,0.0,1016.0,3.3,68
2025-12-13 16:00:00,200.0,23.2,42,0.0,1016.2,5.6,61
2025-12-13 17:00:00,229.0,20.9,54,0.0,1016.3,4.0,82
2025-12-13 18:00:00,259.0,20.0,58,0.0,1017.2,4.0,85
2025-12-13 19:00:00,328.0,18.7,68,0.0,1017.7,3.5,78
2025-12-13 20:00:00,358.0,17.6,75,0.0,1018.2,3.2,93
2025-12-13 21:00:00,336.0,16.8,80,0.0,1018.4,2.7,122
2025-12-13 22:00:00,382.0,15.9,83,0.0,1018.3,3.1,121
2025-12-13 23:00:00,385.0,15.4,86,0.0,1018.5,2.6,102
2025-12-14 00:00:00,394.0,14.2,90,0.0,1018.2,2.6,78
2025-12-14 01:00:00,390.0,13.6,93,0.0,1017.9,1.8,79
2025-12-14 02:00:00,390.0,12.9,95,0.0,1017.9,1.2,63
2025-12-14 03:00:00,381.0,12.3,97,0.0,1017.8,1.5,60
2025-12-14 04:00:00,389.0,11.9,98,0.0,1017.5,0.9,79
2025-12-14 05:00:00,372.0,11.5,96,0.0,1018.0,3.0,147
2025-12-14 06:00:00,350.0,10.8,97,0.0,1018.6,3.4,133
2025-12-14 07:00:00,347.0,10.8,97,0.0,1019.2,2.7,132
2025-12-14 08:00:00,319.0,12.7,90,0.0,1020.0,2.8,130
2025-12-14 09:00:00,424.0,16.2,73,0.0,1020.7,1.3,90
2025-12-14 10:00:00,446.0,19.3,61,0.0,1021.0,1.0,135
2025-12-14 11:00:00,419.0,20.9,54,0.0,1020.1,1.9,124
2025-12-14 12:00:00,379.0,22.6,46,0.0,1019.2,1.2,117
2025-12-14 13:00:00,385.0,23.6,42,0.0,1018.2,0.6,72
2025-12-14 14:00:00,395.0,24.0,40,0.0,1017.1,1.2,63
2025-12-14 15:00:00,407.0,24.0,39,0.0,1017.0,1.5,45
2025-12-14 16:00:00,406.0,23.3,42,0.0,1016.8,3.7,43
2025-12-14 17:00:00,383.0,21.2,54,0.0,1017.0,1.3,34
2025-12-14 18:00:00,366.0,19.9,59,0.0,1017.9,2.7,360
2025-12-14 19:00:00,377.0,19.0,65,0.0,1018.4,3.0,17
2025-12-14 20:00:00,406.0,18.0,73,0.0,1018.7,2.6,25
2025-12-14 21:00:00,369.0,17.3,76,0.0,1018.8,1.0,31
2025-12-14 22:00:00,373.0,16.7,79,0.0,1018.7,0.7,14
2025-12-14 23:00:00,351.0,16.0,83,0.0,1018.8,0.6,18
2025-12-15 00:00:00,345.0,14.9,85,0.0,1018.2,1.0,315
2025-12-15 01:00:00,344.0,14.5,86,0.0,1017.8,2.1,290
2025-12-15 02:00:00,341.0,13.3,92,0.0,1017.5,4.3,287
2025-12-15 03:00:00,344.0,12.8,96,0.0,1017.3,5.0,289
2025-12-15 04:00:00,394.0,12.2,98,0.0,1016.7,4.6,291
2025-12-15 05:00:00,254.0,12.0,95,0.0,1017.2,4.5,277
2025-12-15 06:00:00,259.0,11.5,95,0.0,1017.7,4.5,272
2025-12-15 07:00:00,264.0,11.4,96,0.0,1018.3,5.4,276
2025-12-15 08:00:00,274.0,12.3,94,0.0,1018.9,6.5,268
2025-12-15 09:00:00,265.0,14.1,85,0.0,1020.1,4.2,263
2025-12-15 10:00:00,281.0,17.1,71,0.0,1020.2,4.1,257
2025-12-15 11:00:00,265.0,20.0,60,0.0,1019.5,5.1,264
2025-12-15 12:00:00,258.0,22.2,48,0.0,1018.6,5.9,270
2025-12-15 13:00:00,217.0,23.4,42,0.0,1017.7,6.4,278
2025-12-15 14:00:00,170.0,23.9,41,0.0,1016.9,7.0,280
2025-12-15 15:00:00,176.0,23.8,42,0.0,1016.3,6.9,279
2025-12-15 16:00:00,196.0,23.1,43,0.0,1016.2,6.7,286
2025-12-15 17:00:00,241.0,20.6,52,0.0,1016.2,4.5,299
2025-12-15 18:00:00,273.0,19.6,56,0.0,1016.8,4.0,280
2025-12-15 19:00:00,276.0,19.0,58,0.0,1017.6,4.5,275
2025-12-15 20:00:00,238.0,18.2,61,0.0,1017.8,5.2,268
2025-12-15 21:00:00,260.0,17.7,63,0.0,1018.2,6.1,272
2025-12-15 22:00:00,283.0,17.0,64,0.0,1018.4,7.6,284
2025-12-15 23:00:00,252.0,16.2,67,0.0,1018.6,8.5,294
2025-12-16 00:00:00,247.0,14.9,71,0.0,1018.1,7.7,298
2025-12-16 01:00:00,244.0,14.1,75,0.0,1017.8,7.7,298
2025-12-16 02:00:00,228.0,13.4,79,0.0,1017.5,7.8,304
2025-12-16 03:00:00,199.0,12.9,83,0.0,1017.1,8.2,306
2025-12-16 04:00:00,225.0,12.5,86,0.0,1016.4,8.5,302
2025-12-16 05:00:00,232.0,12.2,88,0.0,1016.7,8.6,301
2025-12-16 06:00:00,221.0,11.9,89,0.0,1017.1,8.5,294
2025-12-16 07:00:00,210.0,11.9,89,0.0,1017.4,9.4,287
2025-12-16 08:00:00,222.0,13.3,81,0.0,1018.0,10.2,284
2025-12-16 09:00:00,229.0,15.4,71,0.0,1018.5,8.2,285
2025-12-16 10:00:00,202.0,17.9,60,0.0,1018.5,9.1,292
2025-12-16 11:00:00,139.0,20.2,53,0.0,1017.7,9.7,292
2025-12-16 12:00:00,107.0,22.3,45,0.0,1016.8,10.7,292
2025-12-16 13:00:00,99.0,23.6,40,0.0,1015.8,10.9,292
2025-12-16 14:00:00,94.0,23.9,40,0.0,1015.1,10.7,292
2025-12-16 15:00:00,96.0,23.6,42,0.0,1015.2,10.9,286
2025-12-16 16:00:00,99.0,22.7,48,0.0,1015.4,11.0,288
2025-12-16 17:00:00,120.0,21.4,53,0.0,1015.4,8.5,288
2025-12-16 18:00:00,138.0,20.5,58,0.0,1016.2,8.2,285
2025-12-16 19:00:00,185.0,19.5,64,0.0,1016.9,8.3,281
2025-12-16 20:00:00,212.0,18.7,67,0.0,1017.2,8.6,278
2025-12-16 21:00:00,233.0,17.9,70,0.0,1017.5,8.6,281
2025-12-16 22:00:00,224.0,17.1,72,0.0,1017.4,8.5,287
2025-12-16 23:00:00,217.0,16.2,76,0.0,1017.7,7.8,292
2025-12-17 00:00:00,204.0,15.2,80,0.0,1017.4,7.8,293
2025-12-17 01:00:00,200.0,14.5,82,0.0,1017.3,7.7,294
2025-12-17 02:00:00,225.0,13.9,84,0.0,1017.3,8.4,293
2025-12-17 03:00:00,216.0,13.5,85,0.0,1017.2,8.7,287
2025-12-17 04:00:00,216.0,13.1,85,0.0,1016.9,8.6,282
2025-12-17 06:00:00,197.0,11.8,88,0.0,1017.9,8.3,283
2025-12-17 07:00:00,196.0,11.8,88,0.0,1018.5,8.4,281
2025-12-17 08:00:00,209.0,13.1,81,0.0,1019.0,9.7,272
2025-12-17 09:00:00,204.0,15.4,70,0.0,1019.6,7.2,273
2025-12-17 10:00:00,202.0,18.0,60,0.0,1019.6,7.4,273
2025-12-17 11:00:00,174.0,20.1,56,0.0,1019.2,7.8,285
2025-12-17 12:00:00,139.0,21.8,52,0.0,1018.4,7.9,294
2025-12-17 13:00:00,115.0,23.1,47,0.0,1017.4,8.0,306
2025-12-17 14:00:00,115.0,23.8,45,0.0,1016.7,8.2,306
2025-12-17 16:00:00,105.0,22.9,49,0.0,1016.4,6.9,295
2025-12-17 17:00:00,124.0,21.5,53,0.0,1016.5,6.7,278
2025-12-17 18:00:00,139.0,20.4,59,0.0,1017.2,6.3,273
2025-12-17 19:00:00,156.0,19.5,63,0.0,1017.7,6.3,273
2025-12-17 20:00:00,157.0,18.5,67,0.0,1018.0,5.8,275
2025-12-17 21:00:00,214.0,17.6,69,0.0,1018.4,5.5,283
2025-12-17 22:00:00,254.0,16.6,72,0.0,1018.3,4.8,290
2025-12-17 23:00:00,289.0,15.6,77,0.0,1018.7,4.5,286
2025-12-18 00:00:00,352.0,14.7,81,0.0,1018.7,4.6,312
2025-12-18 01:00:00,321.0,13.8,85,0.0,1018.9,4.1,315
2025-12-18 02:00:00,312.0,13.1,88,0.0,1018.7,4.0,306
2025-12-18 03:00:00,286.0,12.8,88,0.0,1018.5,4.4,300
2025-12-18 04:00:00,430.0,12.6,88,0.0,1018.4,4.7,298
2025-12-18 05:00:00,390.0,12.3,91,0.0,1018.7,5.1,287
2025-12-18 06:00:00,354.0,12.0,93,0.0,1019.3,4.5,293
2025-12-18 07:00:00,259.0,11.8,94,0.0,1020.0,4.2,295
2025-12-18 08:00:00,243.0,13.1,88,0.0,1020.8,4.7,277
2025-12-18 09:00:00,259.0,15.2,78,0.0,1021.3,3.5,298
2025-12-18 10:00:00,283.0,17.7,67,0.0,1021.3,4.1,311
2025-12-18 11:00:00,300.0,19.2,59,0.0,1020.8,4.8,326
2025-12-18 12:00:00,258.0,20.9,52,0.0,1019.7,4.8,323
2025-12-18 13:00:00,259.0,22.1,47,0.0,1018.7,5.2,319
2025-12-18 14:00:00,275.0,22.7,46,0.0,1017.9,6.4,320
2025-12-18 15:00:00,284.0,22.5,46,0.0,1017.5,7.7,323
2025-12-18 16:00:00,279.0,21.6,51,0.0,1017.4,7.6,322
2025-12-18 17:00:00,288.0,19.7,61,0.0,1017.5,5.4,330
2025-12-18 18:00:00,301.0,18.3,69,0.0,1017.9,4.2,324
2025-12-18 19:00:00,285.0,17.5,75,0.0,1018.2,3.9,332
2025-12-18 20:00:00,308.0,16.8,80,0.0,1018.6,4.3,338
2025-12-18 21:00:00,337.0,16.0,85,0.0,1018.9,4.0,339
2025-12-18 22:00:00,284.0,15.1,90,0.0,1018.6,3.7,337
2025-12-18 23:00:00,282.0,14.6,93,0.0,1018.1,3.7,325
2025-12-19 00:00:00,312.0,14.0,94,0.0,1017.8,4.7,317
2025-12-19 01:00:00,306.0,13.7,95,0.0,1017.3,4.9,309
2025-12-19 02:00:00,331.0,13.3,96,0.0,1017.2,5.7,307
2025-12-19 03:00:00,252.0,12.9,98,0.0,1017.0,6.1,302
2025-12-19 04:00:00,251.0,12.4,99,0.0,1016.6,6.7,294
2025-12-19 05:00:00,205.0,12.0,98,0.0,1017.0,7.2,292
2025-12-19 06:00:00,193.0,11.4,98,0.0,1017.5,6.3,297
2025-12-19 07:00:00,191.0,11.3,100,0.0,1018.1,6.2,300
2025-12-19 08:00:00,223.0,12.0,98,0.0,1018.8,5.9,301
2025-12-19 09:00:00,230.0,13.9,91,0.0,1019.1,4.3,292
2025-12-19 13:00:00,222.0,21.5,46,0.0,1016.5,6.6,296
2025-12-19 14:00:00,209.0,22.2,41,0.0,1015.3,6.4,299
2025-12-19 15:00:00,217.0,22.2,40,0.0,1014.8,6.1,294
2025-12-19 16:00:00,195.0,21.3,44,0.0,1014.6,6.4,295
2025-12-19 17:00:00,211.0,18.9,60,0.0,1014.2,4.4,291
2025-12-19 18:00:00,209.0,17.9,66,0.0,1014.5,4.3,275
2025-12-19 19:00:00,191.0,17.1,71,0.0,1014.7,4.4,282
2025-12-19 20:00:00,192.0,16.3,75,0.0,1015.2,4.3,294
2025-12-19 21:00:00,237.0,15.4,80,0.0,1015.4,4.4,297
2025-12-19 22:00:00,228.0,14.5,84,0.0,1015.2,4.0,291
2025-12-19 23:00:00,260.0,14.2,84,0.0,1015.0,4.7,286
2025-12-20 00:00:00,263.0,13.0,87,0.0,1014.2,4.6,288
2025-12-20 01:00:00,278.0,12.4,88,0.0,1014.2,4.6,288
2025-12-20 02:00:00,264.0,11.7,91,0.0,1013.9,4.2,290
2025-12-20 03:00:00,253.0,11.3,92,0.0,1013.7,4.2,282
2025-12-20 04:00:00,240.0,10.9,93,0.0,1013.6,4.6,281
2025-12-20 05:00:00,230.0,10.2,98,0.0,1014.1,4.1,268
2025-12-20 06:00:00,223.0,9.8,99,0.0,1014.7,3.1,273
2025-12-20 07:00:00,255.0,9.6,100,0.0,1015.5,2.1,255
2025-12-20 08:00:00,320.0,10.6,95,0.0,1016.5,1.5,210
2025-12-20 09:00:00,292.0,12.9,87,0.0,1017.6,0.3,45
2025-12-20 10:00:00,251.0,16.0,72,0.0,1017.9,1.9,73
2025-12-20 11:00:00,209.0,17.9,63,0.0,1017.5,3.6,110
2025-12-20 12:00:00,233.0,19.6,56,0.0,1016.6,3.1,114
2025-12-20 13:00:00,243.0,20.6,52,0.0,1015.7,2.4,117
2025-12-20 14:00:00,269.0,21.2,49,0.0,1015.1,1.3,124
2025-12-20 15:00:00,274.0,21.3,48,0.0,1014.6,1.9,112
2025-12-20 16:00:00,297.0,20.7,51,0.0,1014.3,3.3,99
2025-12-20 17:00:00,304.0,18.5,61,0.0,1014.8,4.7,97
2025-12-20 18:00:00,298.0,17.0,71,0.0,1015.3,6.0,100
2025-12-20 19:00:00,301.0,15.8,80,0.0,1016.0,5.9,101
2025-12-20 20:00:00,340.0,14.7,86,0.0,1016.7,6.2,105
2025-12-20 21:00:00,335.0,13.8,90,0.0,1017.2,6.0,111
2025-12-20 22:00:00,321.0,13.0,93,0.0,1017.0,6.4,122
2025-12-20 23:00:00,309.0,12.2,95,0.0,1017.2,6.2,120
2025-12-21 00:00:00,308.0,11.8,96,0.0,1017.1,4.6,126
2025-12-21 01:00:00,260.0,11.5,97,0.0,1017.0,4.4,122
2025-12-21 02:00:00,221.0,11.2,97,0.0,1016.6,4.5,113
2025-12-21 03:00:00,222.0,10.8,98,0.0,1016.5,4.4,117
2025-12-21 04:00:00,213.0,10.5,98,0.0,1016.1,4.5,119
2025-12-21 05:00:00,210.0,10.6,99,0.0,1016.6,4.3,123
2025-12-21 06:00:00,197.0,10.6,100,0.0,1017.0,5.0,128
2025-12-21 07:00:00,209.0,10.6,100,0.0,1017.9,5.3,135
2025-12-21 08:00:00,214.0,11.0,98,0.0,1018.8,5.0,145
2025-12-21 09:00:00,213.0,12.6,90,0.0,1019.8,5.4,138
2025-12-21 10:00:00,219.0,14.8,79,0.0,1020.0,5.0,125
2025-12-21 11:00:00,240.0,16.2,72,0.0,1019.4,3.5,125
2025-12-21 12:00:00,252.0,18.2,63,0.0,1018.8,2.8,117
2025-12-21 13:00:00,258.0,19.6,57,0.0,1017.8,2.8,105
2025-12-21 14:00:00,247.0,20.2,55,0.0,1017.2,3.1,93
2025-12-21 15:00:00,256.0,20.3,55,0.0,1016.5,3.1,97
2025-12-21 16:00:00,250.0,19.8,58,0.0,1016.1,3.0,104
2025-12-21 17:00:00,246.0,17.2,68,0.0,1016.6,2.4,132
2025-12-21 18:00:00,238.0,16.5,73,0.0,1017.4,2.8,135
2025-12-21 19:00:00,244.0,15.7,79,0.0,1018.0,2.6,124
2025-12-21 20:00:00,250.0,15.1,83,0.0,1018.5,2.9,112
2025-12-21 21:00:00,263.0,14.4,87,0.0,1018.9,2.7,113
2025-12-21 22:00:00,253.0,14.0,90,0.0,1019.0,3.5,118
2025-12-21 23:00:00,254.0,13.4,92,0.0,1019.0,5.0,134
2025-12-22 00:00:00,243.0,12.8,95,0.0,1018.6,4.6,144
2025-12-22 01:00:00,236.0,12.5,95,0.0,1018.3,4.0,159
2025-12-22 02:00:00,240.0,12.1,97,0.0,1018.2,3.3,158
2025-12-22 03:00:00,244.0,11.5,99,0.0,1018.1,2.9,137
2025-12-22 04:00:00,268.0,11.3,100,0.0,1018.0,2.7,118
2025-12-22 05:00:00,251.0,11.6,99,0.0,1018.3,4.5,130
2025-12-22 06:00:00,257.0,11.5,99,0.0,1018.8,3.9,124
2025-12-22 07:00:00,248.0,11.4,99,0.0,1019.2,3.5,129
2025-12-22 08:00:00,238.0,11.6,98,0.0,1019.6,3.6,153
2025-12-22 09:00:00,237.0,12.5,96,0.0,1020.5,4.3,165
2025-12-22 10:00:00,252.0,14.4,85,0.0,1020.8,3.2,164
2025-12-22 11:00:00,249.0,15.5,79,0.0,1020.1,0.7,180
2025-12-22 12:00:00,238.0,18.0,68,0.0,1019.0,1.3,360
2025-12-22 13:00:00,275.0,19.7,60,0.0,1017.7,2.5,356
2025-12-22 14:00:00,293.0,20.7,56,0.0,1016.6,3.1,357
2025-12-22 15:00:00,272.0,21.0,56,0.0,1015.8,2.7,360
2025-12-22 16:00:00,296.0,20.5,59,0.0,1015.4,3.1,3
2025-12-22 17:00:00,288.0,19.2,69,0.0,1014.9,0.4,63
2025-12-22 18:00:00,289.0,18.2,72,0.0,1015.3,0.6,72
2025-12-22 19:00:00,385.0,17.3,76,0.0,1015.6,0.7,360
2025-12-22 20:00:00,399.0,16.2,81,0.0,1015.9,1.6,354
2025-12-22 21:00:00,429.0,15.4,86,0.0,1016.4,1.6,360
2025-12-22 22:00:00,431.0,14.7,89,0.0,1016.3,1.4,337
2025-12-22 23:00:00,402.0,14.2,92,0.0,1016.2,2.9,300
2025-12-23 00:00:00,422.0,13.2,95,0.0,1016.1,2.9,266
2025-12-23 01:00:00,418.0,12.8,97,0.0,1015.8,3.8,251
2025-12-23 02:00:00,389.0,12.8,98,0.0,1015.6,4.3,265
2025-12-23 03:00:00,405.0,12.8,98,0.0,1015.3,6.1,270
2025-12-23 04:00:00,364.0,12.4,100,0.0,1015.1,6.8,273
2025-12-23 05:00:00,348.0,12.1,99,0.0,1015.4,8.0,275
2025-12-23 06:00:00,326.0,11.8,100,0.0,1015.7,8.3,281
2025-12-23 07:00:00,300.0,12.0,100,0.0,1016.4,9.1,285
2025-12-23 08:00:00,268.0,12.6,99,0.0,1017.0,8.7,291
2025-12-23 09:00:00,262.0,14.3,91,0.0,1017.7,6.2,292
2025-12-23 10:00:00,261.0,17.3,74,0.0,1017.6,5.9,290
2025-12-23 11:00:00,259.0,19.6,64,0.0,1017.1,6.6,287
2025-12-23 12:00:00,236.0,21.7,55,0.0,1016.3,6.8,288
2025-12-23 13:00:00,223.0,23.1,50,0.0,1015.2,8.0,295
2025-12-23 14:00:00,211.0,23.7,48,0.0,1014.5,9.3,302
2025-12-23 15:00:00,218.0,23.4,50,0.0,1014.1,9.9,303
2025-12-23 16:00:00,191.0,22.5,56,0.0,1013.8,9.2,305
2025-12-23 17:00:00,192.0,21.3,59,0.0,1013.9,8.6,299
2025-12-23 18:00:00,234.0,20.2,65,0.0,1014.4,8.5,295
2025-12-23 19:00:00,279.0,19.2,69,0.0,1014.9,9.3,292
2025-12-23 20:00:00,282.0,18.2,72,0.0,1015.3,9.6,293
2025-12-23 21:00:00,257.0,17.2,76,0.0,1015.4,9.5,291
2025-12-23 22:00:00,239.0,16.4,80,0.0,1015.4,9.6,293
2025-12-23 23:00:00,212.0,15.7,83,0.0,1015.4,9.8,294
2025-12-24 00:00:00,191.0,14.8,86,0.0,1015.3,10.0,298
2025-12-24 01:00:00,180.0,14.3,88,0.0,1015.1,9.6,296
2025-12-24 02:00:00,163.0,14.0,89,0.0,1015.0,9.8,293
2025-12-24 03:00:00,172.0,13.6,90,0.0,1014.8,9.2,290
2025-12-24 04:00:00,139.0,13.2,90,0.0,1014.7,8.9,288
2025-12-24 05:00:00,122.0,12.8,91,0.0,1014.9,9.2,281
2025-12-24 06:00:00,108.0,12.3,90,0.0,1015.2,9.2,277
2025-12-24 07:00:00,101.0,11.9,90,0.0,1016.0,9.4,274
2025-12-24 08:00:00,106.0,12.9,83,0.0,1016.7,8.6,270
2025-12-24 09:00:00,109.0,14.8,73,0.0,1017.5,7.9,267
2025-12-24 10:00:00,92.0,17.1,63,0.0,1017.5,7.9,271
2025-12-24 11:00:00,57.0,19.5,54,0.0,1017.0,9.5,281
2025-12-24 12:00:00,35.0,21.0,41,0.0,1016.1,11.2,292
2025-12-24 13:00:00,24.0,21.6,37,0.0,1015.3,10.8,294
2025-12-24 14:00:00,37.0,21.6,36,0.0,1014.6,10.6,296
2025-12-24 15:00:00,31.0,21.2,38,0.0,1014.6,10.6,296
2025-12-24 16:00:00,35.0,20.3,41,0.0,1014.5,10.4,296
2025-12-24 17:00:00,48.0,19.3,46,0.0,1014.6,8.0,298
2025-12-24 18:00:00,63.0,18.5,49,0.0,1015.1,6.0,297
2025-12-24 19:00:00,88.0,17.3,55,0.0,1015.4,4.4,289
2025-12-24 20:00:00,154.0,16.6,58,0.0,1016.0,4.7,277
2025-12-24 21:00:00,140.0,15.8,62,0.0,1016.1,5.1,274
2025-12-24 22:00:00,193.0,15.0,65,0.0,1016.1,5.0,268
2025-12-24 23:00:00,195.0,14.2,69,0.0,1016.4,4.8,255
2025-12-25 00:00:00,171.0,13.3,71,0.0,1016.0,4.7,272
2025-12-25 01:00:00,138.0,12.9,71,0.0,1016.0,5.8,270
2025-12-25 02:00:00,125.0,12.3,73,0.0,1015.7,6.3,273
2025-12-25 03:00:00,119.0,11.7,74,0.0,1015.6,6.0,273
2025-12-25 04:00:00,106.0,11.2,75,0.0,1015.3,6.5,267
2025-12-25 05:00:00,101.0,10.7,80,0.0,1015.9,7.4,263
2025-12-25 06:00:00,89.0,10.3,80,0.0,1016.3,7.0,267
2025-12-25 07:00:00,75.0,10.0,79,0.0,1017.3,7.0,269
2025-12-25 08:00:00,72.0,11.2,72,0.0,1018.4,7.4,273
2025-12-25 09:00:00,76.0,13.5,61,0.0,1019.1,4.0,275
2025-12-25 10:00:00,81.0,16.3,49,0.0,1019.1,3.5,291
2025-12-25 11:00:00,76.0,18.8,42,0.0,1018.5,4.2,306
2025-12-25 12:00:00,73.0,20.4,37,0.0,1017.6,4.4,297
2025-12-25 13:00:00,61.0,21.3,33,0.0,1016.7,4.8,292
2025-12-25 14:00:00,51.0,21.8,31,0.0,1015.9,5.2,301
2025-12-25 15:00:00,56.0,21.6,32,0.0,1015.9,5.4,300
2025-12-25 16:00:00,49.0,20.8,34,0.0,1015.7,5.6,301
2025-12-25 17:00:00,60.0,18.7,49,0.0,1015.7,3.0,303
2025-12-25 18:00:00,88.0,17.4,52,0.0,1016.4,3.2,289
2025-12-25 19:00:00,117.0,16.7,57,0.0,1017.0,2.6,286
2025-12-25 20:00:00,151.0,16.3,59,0.0,1017.6,1.8,281
2025-12-25 21:00:00,154.0,15.8,62,0.0,1018.0,1.1,288
2025-12-25 22:00:00,208.0,15.2,66,0.0,1017.9,0.6,304
2025-12-25 23:00:00,199.0,14.2,70,0.0,1017.9,1.1,261
2025-12-26 00:00:00,244.0,13.3,74,0.0,1017.5,0.4,360
2025-12-26 01:00:00,235.0,12.4,78,0.0,1017.4,0.7,14
2025-12-26 02:00:00,238.0,11.8,82,0.0,1017.1,1.2,333
2025-12-26 03:00:00,243.0,11.1,86,0.0,1016.9,1.5,300
2025-12-26 04:00:00,259.0,10.4,89,0.0,1017.0,3.0,284
2025-12-26 05:00:00,199.0,10.9,89,0.0,1017.3,3.4,273
2025-12-26 06:00:00,162.0,10.4,90,0.0,1017.6,2.6,286
2025-12-26 07:00:00,157.0,10.2,90,0.0,1018.2,1.2,309
2025-12-26 08:00:00,152.0,11.0,87,0.0,1018.7,0.8,333
2025-12-26 09:00:00,111.0,13.2,74,0.0,1019.4,0.8,333
2025-12-26 10:00:00,87.0,15.8,61,0.0,1019.5,1.5,300
2025-12-26 11:00:00,89.0,18.1,54,0.0,1018.6,4.4,297
2025-12-26 12:00:00,98.0,19.8,44,0.0,1017.9,6.1,293
2025-12-26 13:00:00,84.0,20.9,38,0.0,1017.0,6.5,300
2025-12-26 14:00:00,94.0,21.2,37,0.0,1016.5,7.3,312
2025-12-26 15:00:00,83.0,21.0,38,0.0,1016.1,7.8,320
2025-12-26 16:00:00,99.0,20.0,44,0.0,1016.0,7.5,325
2025-12-26 17:00:00,111.0,18.9,50,0.0,1015.8,5.6,318
2025-12-26 18:00:00,139.0,17.9,58,0.0,1016.5,3.1,320
2025-12-26 19:00:00,173.0,16.9,64,0.0,1017.0,3.5,345
2025-12-26 20:00:00,213.0,16.3,68,0.0,1017.4,4.1,345
2025-12-26 21:00:00,264.0,15.3,73,0.0,1017.4,4.2,348
2025-12-26 22:00:00,304.0,14.4,79,0.0,1017.3,4.0,339
2025-12-26 23:00:00,323.0,13.9,82,0.0,1017.3,4.3,336
2025-12-27 00:00:00,357.0,12.5,89,0.0,1016.9,4.0,328
2025-12-27 01:00:00,377.0,11.9,91,0.0,1016.8,4.0,324
2025-12-27 02:00:00,385.0,12.0,91,0.0,1016.4,4.8,331
2025-12-27 03:00:00,364.0,11.6,93,0.0,1016.3,5.0,322
2025-12-27 04:00:00,363.0,11.0,94,0.0,1016.1,4.8,312
2025-12-27 05:00:00,346.0,10.6,97,0.0,1016.5,4.2,290
2025-12-27 06:00:00,314.0,10.3,98,0.0,1016.9,4.8,281
2025-12-27 07:00:00,306.0,10.3,98,0.0,1017.7,5.2,286
2025-12-27 08:00:00,266.0,11.1,94,0.0,1018.5,5.2,270
2025-12-27 09:00:00,275.0,13.0,83,0.0,1019.4,3.3,279
2025-12-27 10:00:00,294.0,15.4,71,0.0,1019.5,3.8,295
2025-12-27 11:00:00,272.0,17.4,63,0.0,1018.8,4.5,307
2025-12-27 12:00:00,212.0,19.3,54,0.0,1018.1,5.0,291
2025-12-27 13:00:00,153.0,20.3,50,0.0,1017.0,5.2,297
2025-12-27 14:00:00,159.0,20.8,48,0.0,1016.2,5.3,303
2025-12-27 15:00:00,160.0,20.8,47,0.0,1016.0,6.1,302
2025-12-27 16:00:00,115.0,20.1,51,0.0,1015.9,6.4,315
2025-12-27 17:00:00,124.0,18.7,61,0.0,1015.7,3.5,321
2025-12-27 18:00:00,176.0,17.9,65,0.0,1016.3,3.2,313
2025-12-27 19:00:00,203.0,17.3,69,0.0,1017.1,2.2,318
2025-12-27 20:00:00,235.0,16.9,72,0.0,1017.7,1.5,330
2025-12-27 21:00:00,266.0,15.5,78,0.0,1017.5,1.7,347
2025-12-27 22:00:00,295.0,14.8,82,0.0,1017.5,1.3,278
2025-12-27 23:00:00,309.0,14.4,84,0.0,1017.4,1.8,270
2025-12-28 00:00:00,324.0,13.3,88,0.0,1017.1,2.6,282
2025-12-28 01:00:00,310.0,12.3,92,0.0,1017.0,3.5,298
2025-12-28 02:00:00,308.0,11.6,95,0.0,1017.1,4.1,293
2025-12-28 03:00:00,314.0,11.4,95,0.0,1017.3,4.7,302
2025-12-28 04:00:00,294.0,10.8,96,0.0,1016.8,4.3,303
2025-12-28 05:00:00,259.0,10.2,99,0.0,1017.1,4.0,288
2025-12-28 06:00:00,253.0,10.0,100,0.0,1017.9,3.8,281
2025-12-28 07:00:00,231.0,9.8,100,0.0,1018.5,4.4,291
2025-12-28 08:00:00,220.0,10.3,98,0.0,1019.4,3.9,283
2025-12-28 09:00:00,206.0,11.7,92,0.0,1019.8,3.3,279
2025-12-28 10:00:00,208.0,15.2,74,0.0,1020.2,2.9,270
2025-12-28 11:00:00,199.0,17.6,64,0.0,1019.5,4.9,266
2025-12-28 12:00:00,193.0,19.5,52,0.0,1018.7,5.6,277
2025-12-28 13:00:00,145.0,20.6,47,0.0,1017.7,5.7,288
2025-12-28 14:00:00,127.0,21.0,45,0.0,1016.9,5.4,300
2025-12-28 15:00:00,142.0,20.9,46,0.0,1016.6,4.8,312
2025-12-28 16:00:00,168.0,20.2,50,0.0,1016.7,5.5,319
2025-12-28 17:00:00,204.0,18.4,62,0.0,1016.7,3.8,315
2025-12-28 18:00:00,218.0,17.1,71,0.0,1017.2,3.0,335
2025-12-28 19:00:00,236.0,16.4,77,0.0,1017.7,2.7,360
2025-12-28 20:00:00,293.0,15.2,84,0.0,1018.2,3.1,36
2025-12-28 21:00:00,326.0,14.2,89,0.0,1018.4,2.8,45
2025-12-28 22:00:00,389.0,13.5,91,0.0,1018.1,1.4,50
2025-12-28 23:00:00,351.0,12.8,95,0.0,1017.9,0.7,14
2025-12-29 00:00:00,393.0,12.2,97,0.0,1017.9,0.4,333
2025-12-29 01:00:00,441.0,11.8,98,0.0,1017.4,0.4,360
2025-12-29 02:00:00,420.0,11.2,99,0.0,1017.2,0.4,243
2025-12-29 03:00:00,437.0,10.8,100,0.0,1017.0,1.9,248
2025-12-29 04:00:00,288.0,10.6,100,0.0,1016.9,2.9,248
2025-12-29 05:00:00,240.0,10.8,99,0.0,1017.3,3.8,259
2025-12-29 06:00:00,237.0,10.7,99,0.0,1017.8,3.6,270
2025-12-29 07:00:00,214.0,10.8,99,0.0,1018.4,2.9,277
2025-12-29 08:00:00,215.0,10.8,99,0.0,1019.1,2.9,259
2025-12-29 09:00:00,235.0,11.8,96,0.0,1019.8,3.2,243
2025-12-29 10:00:00,238.0,13.2,89,0.0,1020.0,3.2,251
2025-12-29 11:00:00,246.0,15.3,77,0.0,1019.6,3.6,279
2025-12-29 12:00:00,259.0,17.7,63,0.0,1018.5,4.7,286
2025-12-29 13:00:00,241.0,19.1,51,0.0,1017.4,5.7,288
2025-12-29 14:00:00,257.0,20.0,45,0.0,1016.6,5.1,297
2025-12-29 15:00:00,246.0,20.1,44,0.0,1016.1,4.8,299
2025-12-29 16:00:00,224.0,19.4,48,0.0,1016.1,4.8,301
2025-12-29 17:00:00,222.0,17.1,63,0.0,1016.0,3.3,311
2025-12-29 18:00:00,282.0,16.2,68,0.0,1016.6,1.7,302
2025-12-29 19:00:00,276.0,15.5,72,0.0,1017.2,1.5,291
2025-12-29 20:00:00,300.0,14.9,75,0.0,1017.7,2.3,270
2025-12-29 21:00:00,314.0,14.4,78,0.0,1017.7,2.3,266
2025-12-29 22:00:00,351.0,13.9,80,0.0,1017.5,1.1,279
2025-12-29 23:00:00,263.0,12.9,88,0.0,1017.5,2.6,282
2025-12-30 00:00:00,259.0,11.8,94,0.0,1017.0,1.6,276
2025-12-30 01:00:00,260.0,11.0,98,0.0,1016.9,1.8,315
2025-12-30 02:00:00,286.0,10.5,99,0.0,1016.4,2.3,299
2025-12-30 03:00:00,283.0,10.4,100,0.0,1016.0,3.4,286
2025-12-30 04:00:00,272.0,10.1,99,0.0,1015.5,4.5,293
2025-12-30 05:00:00,285.0,9.9,100,0.0,1015.8,4.0,300
2025-12-30 06:00:00,286.0,9.8,99,0.0,1015.9,3.8,287
2025-12-30 07:00:00,292.0,9.8,100,0.0,1016.6,4.0,280
2025-12-30 08:00:00,288.0,10.3,98,0.0,1017.0,4.2,280
2025-12-30 09:00:00,295.0,11.3,97,0.0,1017.6,5.1,264
2025-12-30 10:00:00,322.0,14.1,79,0.0,1017.5,3.3,264
2025-12-30 11:00:00,308.0,16.7,65,0.0,1016.3,4.3,265
2025-12-30 12:00:00,243.0,18.9,51,0.0,1014.8,5.4,270
2025-12-30 13:00:00,179.0,20.3,43,0.0,1013.5,5.6,274
2025-12-30 14:00:00,124.0,21.0,40,0.0,1012.5,6.5,265
2025-12-30 15:00:00,94.0,21.0,39,0.0,1011.9,7.1,261
2025-12-30 16:00:00,110.0,20.3,43,0.0,1012.0,7.2,266
2025-12-30 17:00:00,113.0,18.7,50,0.0,1012.0,5.1,287
2025-12-30 18:00:00,137.0,17.2,60,0.0,1012.6,4.0,288
2025-12-30 19:00:00,183.0,16.3,67,0.0,1013.3,3.7,299
2025-12-30 20:00:00,237.0,15.7,71,0.0,1013.8,2.9,317
2025-12-30 21:00:00,346.0,14.9,75,0.0,1013.9,2.4,333
2025-12-30 22:00:00,385.0,14.0,80,0.0,1013.7,2.3,342
2025-12-30 23:00:00,340.0,13.1,85,0.0,1013.9,2.1,345
2025-12-31 00:00:00,330.0,11.6,89,0.0,1013.5,0.6,56
2025-12-31 01:00:00,329.0,10.5,94,0.0,1013.5,1.2,117
2025-12-31 02:00:00,325.0,9.7,97,0.0,1013.3,2.5,111
2025-12-31 03:00:00,335.0,8.9,100,0.0,1013.1,2.7,143
2025-12-31 04:00:00,366.0,8.7,100,0.0,1012.7,3.8,135
2026-01-01 05:00:00,237.0,10.7,97,0.0,1014.3,6.1,122
2026-01-01 06:00:00,204.0,10.9,97,0.0,1014.5,7.1,135
2026-01-01 07:00:00,208.0,11.0,97,1.2,1015.1,8.6,131
2026-01-01 08:00:00,202.0,11.4,96,0.0,1015.5,8.4,146
2026-01-01 09:00:00,206.0,12.1,94,0.0,1016.8,6.8,151
2026-01-01 10:00:00,220.0,13.1,89,0.0,1017.3,6.3,153
2026-01-01 11:00:00,216.0,13.9,87,0.0,1017.1,6.4,153
2026-01-01 12:00:00,254.0,15.5,81,0.0,1016.3,4.5,180
2026-01-01 13:00:00,235.0,16.7,77,0.0,1015.6,3.2,214
2026-01-01 14:00:00,245.0,17.2,75,0.0,1015.1,2.6,254
2026-01-01 15:00:00,242.0,17.3,75,0.0,1014.9,3.1,280
2026-01-01 16:00:00,259.0,17.0,77,0.0,1014.6,3.1,329
2026-01-01 17:00:00,254.0,15.4,80,0.0,1014.8,3.5,348
2026-01-01 18:00:00,242.0,15.0,84,0.0,1015.3,2.3,360
2026-01-01 19:00:00,238.0,14.2,87,0.0,1015.8,0.4,27
2026-01-01 20:00:00,228.0,14.0,89,0.0,1016.5,1.7,347
2026-01-01 21:00:00,230.0,14.3,88,0.0,1017.0,3.8,8
2026-01-01 22:00:00,232.0,13.3,92,0.0,1016.9,3.6,18
2026-01-01 23:00:00,162.0,13.3,95,0.0,1017.1,4.9,306
2026-01-02 00:00:00,89.0,13.1,96,0.0,1017.1,5.5,306
2026-01-02 01:00:00,72.0,13.3,94,0.0,1016.8,7.0,310
2026-01-02 02:00:00,83.0,13.2,91,0.0,1016.8,8.1,313
2026-01-02 03:00:00,96.0,13.3,90,0.0,1016.8,9.4,322
2026-01-02 04:00:00,81.0,13.0,91,0.0,1016.5,8.6,324
2026-01-02 05:00:00,77.0,12.1,94,0.0,1016.7,9.7,320
2026-01-02 06:00:00,73.0,12.4,91,0.0,1017.3,8.6,301
2026-01-02 07:00:00,88.0,12.1,91,0.0,1018.1,7.4,288
2026-01-02 08:00:00,96.0,13.0,85,0.0,1018.8,8.1,288
2026-01-02 09:00:00,80.0,14.3,76,0.0,1019.8,10.4,307
2026-01-02 10:00:00,75.0,15.5,68,0.0,1020.2,8.3,303
2026-01-02 11:00:00,71.0,16.1,65,0.0,1020.0,8.8,298
2026-01-02 12:00:00,66.0,17.0,59,0.0,1019.3,8.8,296
2026-01-02 13:00:00,71.0,17.6,55,0.0,1018.8,9.3,298
2026-01-02 14:00:00,80.0,17.8,53,0.0,1018.0,8.3,304
2026-01-02 15:00:00,89.0,17.8,54,0.0,1017.7,7.5,307
2026-01-02 16:00:00,96.0,17.2,57,0.0,1017.4,6.6,307
2026-01-02 17:00:00,103.0,15.3,67,0.0,1017.8,8.7,313
2026-01-02 18:00:00,110.0,14.2,73,0.0,1018.3,5.5,311
2026-01-02 19:00:00,127.0,13.4,79,0.0,1019.0,4.5,320
2026-01-02 20:00:00,148.0,12.6,84,0.0,1019.4,3.2,313
2026-01-02 21:00:00,148.0,12.2,85,0.0,1019.5,1.8,264
2026-01-02 22:00:00,139.0,11.6,87,0.0,1019.5,3.4,264
2026-01-02 23:00:00,149.0,11.6,91,0.0,1019.6,3.1,298
2026-01-03 00:00:00,139.0,12.4,88,0.0,1019.0,2.8,325
2026-01-03 01:00:00,133.0,12.4,88,0.0,1019.0,3.2,313
2026-01-03 02:00:00,130.0,12.3,89,0.0,1018.9,3.6,319
2026-01-03 03:00:00,138.0,12.0,89,0.0,1018.5,3.0,327
2026-01-03 04:00:00,155.0,12.0,89,0.0,1017.8,1.8,294
2026-01-03 05:00:00,180.0,11.1,93,0.0,1018.0,5.4,272
2026-01-03 06:00:00,204.0,11.5,91,0.0,1018.4,5.2,270
2026-01-03 07:00:00,212.0,11.6,90,0.0,1019.0,4.1,268
2026-01-03 08:00:00,156.0,12.2,88,0.0,1019.7,3.5,279
2026-01-03 09:00:00,146.0,13.1,83,0.0,1020.5,5.1,315
2026-01-03 10:00:00,153.0,14.1,71,0.0,1021.0,6.3,301
2026-01-03 11:00:00,126.0,15.2,64,0.0,1020.7,7.1,300
2026-01-03 12:00:00,102.0,16.0,59,0.0,1019.9,5.7,288
2026-01-03 13:00:00,108.0,17.0,52,0.0,1018.9,5.1,276
2026-01-03 14:00:00,115.0,17.7,48,0.0,1018.3,5.1,276
2026-01-03 15:00:00,114.0,17.7,47,0.0,1018.0,5.6,274
2026-01-03 16:00:00,99.0,17.2,50,0.0,1018.0,6.1,282
2026-01-03 17:00:00,113.0,14.8,63,0.0,1018.4,4.5,331
2026-01-03 18:00:00,145.0,13.6,73,0.0,1019.0,3.5,351
2026-01-03 19:00:00,153.0,12.8,78,0.0,1019.5,2.7,340
2026-01-03 20:00:00,165.0,12.5,79,0.0,1020.0,1.3,304
2026-01-03 21:00:00,189.0,12.1,80,0.0,1020.4,0.9,281
2026-01-03 22:00:00,167.0,11.7,81,0.0,1020.2,0.9,270
2026-01-03 23:00:00,168.0,11.1,86,0.0,1020.0,3.2,344
2026-01-04 00:00:00,166.0,10.6,86,0.0,1019.7,2.8,320
2026-01-04 01:00:00,167.0,9.8,89,0.0,1019.4,3.4,295
2026-01-04 02:00:00,152.0,9.4,91,0.0,1019.4,3.8,287
2026-01-04 03:00:00,151.0,9.1,93,0.0,1019.4,3.9,283
2026-01-04 04:00:00,159.0,9.0,93,0.0,1018.9,4.0,262
2026-01-04 05:00:00,156.0,9.5,97,0.0,1018.9,5.4,274
2026-01-04 06:00:00,150.0,9.9,96,0.0,1019.5,6.4,278
2026-01-04 07:00:00,146.0,10.0,95,0.0,1020.4,5.8,274
2026-01-04 08:00:00,159.0,11.1,87,0.0,1021.3,5.4,270
2026-01-04 09:00:00,148.0,12.5,79,0.0,1022.2,4.9,266
2026-01-04 10:00:00,137.0,13.5,74,0.0,1022.5,3.8,319
2026-01-04 11:00:00,138.0,15.0,66,0.0,1022.2,7.1,311
2026-01-04 12:00:00,121.0,16.4,56,0.0,1021.2,6.4,313
2026-01-04 13:00:00,122.0,17.1,51,0.0,1020.3,6.5,312
2026-01-04 14:00:00,121.0,17.4,48,0.0,1019.7,6.5,312
2026-01-04 15:00:00,111.0,17.5,49,0.0,1019.1,5.7,305
2026-01-04 16:00:00,157.0,17.0,51,0.0,1018.9,5.1,302
2026-01-04 17:00:00,158.0,15.2,65,0.0,1019.2,4.0,324
2026-01-04 18:00:00,152.0,13.6,78,0.0,1019.8,3.4,335
2026-01-04 19:00:00,128.0,12.9,83,0.0,1020.7,3.6,342
2026-01-04 20:00:00,112.0,12.7,85,0.0,1021.5,3.4,354
2026-01-04 21:00:00,118.0,13.0,83,0.0,1022.1,4.1,337
2026-01-04 22:00:00,110.0,12.7,84,0.0,1022.2,3.5,321
2026-01-04 23:00:00,93.0,11.9,88,0.0,1022.2,5.0,322
2026-01-05 00:00:00,84.0,11.3,89,0.0,1021.8,6.0,335
2026-01-05 01:00:00,89.0,10.7,85,0.0,1021.7,6.9,330
2026-01-05 02:00:00,92.0,10.4,83,0.0,1021.4,6.3,321
2026-01-05 03:00:00,100.0,9.9,84,0.0,1021.1,5.0,316
2026-01-05 04:00:00,132.0,9.6,86,0.0,1021.1,5.1,315
2026-01-05 05:00:00,114.0,9.1,90,0.0,1021.6,5.5,311
2026-01-05 06:00:00,98.0,9.0,91,0.0,1021.9,4.6,312
2026-01-05 07:00:00,98.0,8.6,92,0.0,1022.3,4.0,309
2026-01-05 08:00:00,98.0,10.0,88,0.0,1022.9,5.2,301
2026-01-05 09:00:00,113.0,11.9,79,0.0,1023.6,3.3,306
2026-01-05 10:00:00,121.0,14.0,69,0.0,1023.7,4.2,310
2026-01-05 11:00:00,123.0,14.9,66,0.0,1023.6,5.6,297
2026-01-05 12:00:00,118.0,16.2,61,0.0,1022.5,4.8,295
2026-01-05 13:00:00,131.0,17.1,58,0.0,1021.3,4.2,288
2026-01-05 14:00:00,130.0,17.6,56,0.0,1020.7,4.8,283
2026-01-05 15:00:00,116.0,17.7,57,0.0,1020.3,5.6,285
2026-01-05 16:00:00,120.0,17.1,60,0.0,1020.0,7.4,284
2026-01-05 17:00:00,136.0,15.5,71,0.0,1020.1,5.2,311
2026-01-05 18:00:00,164.0,14.4,78,0.0,1020.4,4.7,313
2026-01-05 19:00:00,185.0,13.3,85,0.0,1021.0,3.9,317
2026-01-05 20:00:00,187.0,12.9,87,0.0,1021.2,3.9,347
2026-01-05 21:00:00,188.0,12.8,87,0.0,1021.3,4.9,336
2026-01-05 22:00:00,209.0,11.8,90,0.0,1021.2,4.4,322
2026-01-05 23:00:00,221.0,11.5,91,0.0,1021.0,4.7,332
2026-01-06 00:00:00,185.0,10.8,93,0.0,1020.7,4.5,326
2026-01-06 01:00:00,165.0,10.6,93,0.0,1020.7,5.2,299
2026-01-06 02:00:00,174.0,10.2,94,0.0,1020.3,5.1,302
2026-01-06 03:00:00,158.0,9.7,95,0.0,1020.3,4.6,312
2026-01-06 04:00:00,153.0,9.3,97,0.0,1020.2,5.1,297
2026-01-06 05:00:00,178.0,9.0,98,0.0,1020.4,6.0,299
2026-01-06 06:00:00,175.0,8.4,99,0.0,1021.0,4.1,293
2026-01-06 07:00:00,179.0,9.2,98,0.0,1021.7,4.7,270
2026-01-06 08:00:00,165.0,10.3,94,0.0,1022.5,6.2,280
2026-01-06 09:00:00,194.0,11.8,88,0.0,1023.2,3.9,292
2026-01-06 10:00:00,188.0,13.9,79,0.0,1023.4,5.1,287
2026-01-06 11:00:00,201.0,14.6,72,0.0,1023.3,7.0,293
2026-01-06 12:00:00,173.0,15.8,67,0.0,1022.4,6.5,283
2026-01-06 13:00:00,180.0,16.7,62,0.0,1021.2,6.4,286
2026-01-06 14:00:00,235.0,17.3,59,0.0,1020.7,6.7,294
2026-01-06 15:00:00,216.0,17.5,59,0.0,1020.3,6.7,297
2026-01-06 16:00:00,219.0,16.9,63,0.0,1020.1,7.1,300
2026-01-06 17:00:00,192.0,15.2,70,0.0,1020.5,5.9,305
2026-01-06 18:00:00,195.0,13.6,80,0.0,1021.0,4.9,309
2026-01-06 19:00:00,181.0,12.7,85,0.0,1021.6,4.6,315
2026-01-06 20:00:00,196.0,12.0,88,0.0,1022.1,4.9,321
2026-01-06 21:00:00,201.0,11.4,90,0.0,1022.6,5.5,333
2026-01-06 22:00:00,175.0,10.8,93,0.0,1022.8,5.6,333
2026-01-06 23:00:00,179.0,10.5,96,0.0,1022.7,6.4,331
2026-01-07 00:00:00,159.0,10.2,97,0.0,1022.2,6.1,315
2026-01-07 01:00:00,144.0,9.8,97,0.0,1022.1,6.0,311
2026-01-07 02:00:00,136.0,8.8,99,0.0,1022.0,4.9,309
2026-01-07 03:00:00,130.0,8.5,99,0.0,1021.9,4.8,297
2026-01-07 04:00:00,121.0,8.2,100,0.0,1021.7,5.1,287
2026-01-07 05:00:00,126.0,8.8,99,0.0,1022.4,6.7,284
2026-01-07 06:00:00,121.0,8.9,99,0.0,1022.7,5.6,291
2026-01-07 07:00:00,125.0,9.0,99,0.0,1023.5,6.8,295
2026-01-07 08:00:00,117.0,9.4,98,0.0,1023.9,7.8,299
2026-01-07 09:00:00,123.0,9.9,97,0.0,1024.5,8.7,302
2026-01-07 10:00:00,137.0,10.7,92,0.0,1024.9,10.4,309
2026-01-07 11:00:00,153.0,11.6,83,0.0,1024.8,7.3,312
2026-01-07 12:00:00,158.0,13.4,75,0.0,1023.8,4.7,302
2026-01-07 13:00:00,156.0,14.7,71,0.0,1022.8,3.8,295
2026-01-07 14:00:00,157.0,15.5,68,0.0,1022.1,4.5,307
2026-01-07 15:00:00,162.0,15.7,67,0.0,1021.6,4.6,306
2026-01-07 16:00:00,145.0,15.2,69,0.0,1021.4,4.4,289
2026-01-07 17:00:00,161.0,13.3,79,0.0,1021.7,3.9,313
2026-01-07 18:00:00,160.0,12.3,83,0.0,1022.0,6.3,329
2026-01-07 19:00:00,185.0,11.5,86,0.0,1022.3,7.2,335
2026-01-07 20:00:00,214.0,10.7,89,0.0,1022.8,6.5,328
2026-01-07 21:00:00,238.0,10.3,90,0.0,1023.0,7.0,325
2026-01-07 22:00:00,218.0,9.8,93,0.0,1022.8,7.2,321
2026-01-07 23:00:00,175.0,9.5,97,0.0,1023.1,7.5,316
2026-01-08 00:00:00,136.0,9.1,98,0.0,1022.7,7.4,311
2026-01-08 01:00:00,115.0,8.5,99,0.0,1022.5,7.2,309
2026-01-08 02:00:00,106.0,8.5,99,0.0,1022.7,7.6,308
2026-01-08 03:00:00,105.0,8.6,100,0.0,1022.6,7.3,310
2026-01-08 04:00:00,114.0,8.6,100,0.0,1022.4,7.2,309
2026-01-08 05:00:00,109.0,7.3,98,0.0,1023.4,4.7,310
2026-01-08 06:00:00,119.0,7.2,99,0.0,1023.7,4.1,322
2026-01-08 07:00:00,110.0,7.1,99,0.0,1024.5,3.7,325
2026-01-08 08:00:00,124.0,7.3,98,0.0,1025.3,3.3,319
2026-01-08 09:00:00,147.0,7.8,97,0.0,1026.0,2.6,309
2026-01-08 10:00:00,158.0,8.9,90,0.0,1026.2,2.8,310
2026-01-08 11:00:00,199.0,10.3,81,0.0,1025.9,2.8,320
2026-01-08 12:00:00,204.0,12.1,75,0.0,1024.8,2.8,325
2026-01-08 13:00:00,183.0,13.4,72,0.0,1023.4,3.4,328
2026-01-08 14:00:00,183.0,14.2,69,0.0,1022.3,3.6,330
2026-01-08 15:00:00,168.0,14.5,68,0.0,1021.4,2.8,320
2026-01-08 16:00:00,190.0,14.1,71,0.0,1020.9,2.8,315
2026-01-08 17:00:00,167.0,13.4,78,0.0,1020.6,2.1,322
2026-01-08 18:00:00,165.0,11.9,82,0.0,1021.0,3.3,331
2026-01-08 19:00:00,217.0,11.0,86,0.0,1021.7,4.0,339
2026-01-08 20:00:00,236.0,10.2,89,0.0,1022.3,4.0,350
2026-01-08 21:00:00,239.0,9.5,92,0.0,1022.6,4.1,360
2026-01-08 22:00:00,282.0,8.9,95,0.0,1022.3,4.3,17
2026-01-08 23:00:00,266.0,8.4,100,0.0,1022.3,3.9,16
2026-01-09 00:00:00,206.0,8.2,100,0.0,1022.1,4.2,18
2026-01-09 01:00:00,197.0,7.7,100,0.0,1022.3,5.3,10
2026-01-09 02:00:00,196.0,7.4,100,0.0,1022.5,5.5,9
2026-01-09 03:00:00,201.0,6.7,99,0.0,1022.3,5.0,19
2026-01-09 04:00:00,195.0,6.3,100,0.0,1021.9,4.7,28
2026-01-09 05:00:00,161.0,7.0,98,0.0,1021.9,4.0,27
2026-01-09 06:00:00,143.0,7.0,97,0.0,1022.7,1.8,349
2026-01-09 07:00:00,157.0,7.0,98,0.0,1023.0,2.5,352
2026-01-09 08:00:00,175.0,7.3,98,0.0,1023.6,4.7,337
2026-01-09 09:00:00,183.0,8.5,95,0.0,1024.1,2.8,72
2026-01-09 10:00:00,179.0,11.1,87,0.0,1024.1,0.2,360
2026-01-09 12:00:00,196.0,15.1,69,0.0,1022.8,1.6,186
2026-01-09 13:00:00,166.0,16.5,60,0.0,1021.7,0.7,256
2026-01-09 14:00:00,274.0,17.2,54,0.0,1020.7,1.7,328
2026-01-09 15:00:00,289.0,17.5,52,0.0,1020.2,2.1,329
2026-01-09 16:00:00,284.0,17.0,55,0.0,1020.1,2.5,339
2026-01-09 17:00:00,246.0,15.2,72,0.0,1019.7,3.8,349
2026-01-09 18:00:00,232.0,14.2,73,0.0,1020.2,5.4,339
2026-01-09 19:00:00,231.0,13.2,79,0.0,1020.7,5.8,338
2026-01-09 20:00:00,251.0,12.3,83,0.0,1021.1,7.5,340
2026-01-09 21:00:00,251.0,11.4,87,0.0,1021.1,6.6,344
2026-01-09 22:00:00,261.0,10.7,90,0.0,1021.1,5.0,339
2026-01-09 23:00:00,272.0,10.2,93,0.0,1021.0,4.8,333
2026-01-10 00:00:00,254.0,9.7,94,0.0,1020.6,5.3,325
2026-01-10 01:00:00,234.0,9.3,95,0.0,1020.3,5.8,330
2026-01-10 02:00:00,210.0,8.8,97,0.0,1020.4,5.9,320
2026-01-10 03:00:00,196.0,8.4,98,0.0,1020.1,6.3,321
2026-01-10 04:00:00,188.0,7.9,98,0.0,1019.8,5.9,313
2026-01-10 05:00:00,191.0,7.6,98,0.0,1019.8,5.3,315
2026-01-10 06:00:00,207.0,6.6,99,0.0,1020.2,4.7,313
2026-01-10 07:00:00,216.0,6.5,99,0.0,1020.6,5.1,306
2026-01-10 08:00:00,196.0,7.8,96,0.0,1021.3,6.6,299
2026-01-10 09:00:00,205.0,9.7,90,0.0,1022.2,4.7,293
2026-01-10 10:00:00,207.0,12.0,81,0.0,1022.3,4.7,288
2026-01-10 11:00:00,185.0,13.9,72,0.0,1021.7,5.2,286
2026-01-10 12:00:00,116.0,15.9,61,0.0,1020.7,5.4,290
2026-01-10 13:00:00,71.0,17.2,54,0.0,1019.3,5.8,290
2026-01-10 14:00:00,112.0,17.7,51,0.0,1018.7,6.4,292
2026-01-10 15:00:00,78.0,17.7,50,0.0,1018.4,6.9,298
2026-01-10 16:00:00,98.0,17.0,53,0.0,1018.6,7.3,303
2026-01-10 17:00:00,83.0,15.5,62,0.0,1018.6,7.2,302
2026-01-10 18:00:00,94.0,14.0,71,0.0,1019.4,5.5,297
2026-01-10 19:00:00,136.0,13.4,72,0.0,1020.2,7.2,307
2026-01-10 20:00:00,195.0,12.4,76,0.0,1020.8,7.4,313
2026-01-10 21:00:00,227.0,11.4,79,0.0,1021.4,7.3,310
2026-01-10 22:00:00,212.0,10.6,82,0.0,1021.7,6.4,308
2026-01-10 23:00:00,195.0,10.2,84,0.0,1021.8,6.0,309
2026-01-11 00:00:00,177.0,9.5,87,0.0,1021.8,6.6,303
2026-01-11 01:00:00,160.0,8.9,89,0.0,1022.0,7.3,306
2026-01-11 02:00:00,171.0,8.4,91,0.0,1022.1,7.1,313
2026-01-11 03:00:00,178.0,7.8,93,0.0,1022.2,7.4,315
2026-01-11 04:00:00,174.0,7.4,94,0.0,1022.1,7.5,307
2026-01-11 05:00:00,187.0,7.0,95,0.0,1022.4,6.8,312
2026-01-11 06:00:00,162.0,6.6,96,0.0,1022.7,6.0,307
2026-01-11 07:00:00,143.0,6.2,96,0.0,1023.3,5.5,289
2026-01-11 08:00:00,153.0,7.0,94,0.0,1023.9,7.2,276
2026-01-11 09:00:00,165.0,8.7,87,0.0,1024.7,6.5,283
2026-01-11 10:00:00,169.0,11.0,76,0.0,1025.4,6.2,296
2026-01-11 11:00:00,208.0,12.9,66,0.0,1024.9,6.9,307
2026-01-11 12:00:00,150.0,14.9,54,0.0,1023.9,6.9,307
2026-01-11 13:00:00,111.0,16.2,46,0.0,1022.7,7.8,299
2026-01-11 14:00:00,81.0,16.9,42,0.0,1021.7,8.9,297
2026-01-11 15:00:00,71.0,16.8,43,0.0,1021.0,9.2,296
2026-01-11 16:00:00,78.0,16.0,49,0.0,1020.8,8.5,291
2026-01-11 17:00:00,83.0,14.4,57,0.0,1020.6,7.3,293
2026-01-11 18:00:00,126.0,13.1,63,0.0,1021.2,7.8,296
2026-01-11 19:00:00,183.0,12.2,68,0.0,1021.4,8.6,293
2026-01-11 20:00:00,197.0,11.3,72,0.0,1021.7,9.0,293
2026-01-11 21:00:00,230.0,10.4,76,0.0,1021.8,8.5,302
2026-01-11 22:00:00,221.0,9.6,80,0.0,1022.1,7.3,301
2026-01-11 23:00:00,203.0,9.1,82,0.0,1022.3,8.5,299
2026-01-12 00:00:00,188.0,8.5,85,0.0,1022.2,7.9,300
2026-01-12 01:00:00,190.0,7.8,87,0.0,1022.0,7.6,295
2026-01-12 02:00:00,185.0,7.2,89,0.0,1021.9,6.9,295
2026-01-12 03:00:00,183.0,6.6,90,0.0,1021.7,6.1,294
2026-01-12 04:00:00,180.0,6.0,91,0.0,1021.5,5.3,288
2026-01-12 05:00:00,177.0,5.8,91,0.0,1021.7,5.0,283
2026-01-12 06:00:00,181.0,5.3,92,0.0,1022.4,4.9,276
2026-01-12 07:00:00,190.0,5.0,93,0.0,1022.8,5.6,268
2026-01-12 08:00:00,187.0,6.0,90,0.0,1023.4,6.5,272
2026-01-12 09:00:00,210.0,8.2,82,0.0,1024.1,3.4,273
2026-01-12 10:00:00,185.0,10.9,71,0.0,1024.3,3.1,283
2026-01-12 11:00:00,132.0,13.1,61,0.0,1024.4,2.7,312
2026-01-12 12:00:00,117.0,15.4,49,0.0,1023.4,2.8,333
2026-01-12 13:00:00,92.0,16.7,40,0.0,1022.5,3.9,326
2026-01-12 14:00:00,78.0,17.3,37,0.0,1021.7,4.5,323
2026-01-12 15:00:00,51.0,17.4,36,0.0,1021.4,4.1,326
2026-01-12 16:00:00,53.0,16.7,43,0.0,1020.9,1.8,11
2026-01-12 17:00:00,69.0,15.1,54,0.0,1021.0,2.0,5
2026-01-12 18:00:00,99.0,13.0,63,0.0,1021.8,4.5,2
2026-01-12 19:00:00,182.0,12.0,69,0.0,1022.4,4.4,12
2026-01-12 20:00:00,197.0,11.1,72,0.0,1023.0,4.6,13
2026-01-12 21:00:00,260.0,10.1,77,0.0,1023.1,4.6,11
2026-01-12 22:00:00,280.0,9.0,83,0.0,1023.3,4.0,21
2026-01-12 23:00:00,331.0,8.5,86,0.0,1023.4,2.6,39
2026-01-13 00:00:00,324.0,7.6,88,0.0,1023.0,1.5,36
2026-01-13 01:00:00,319.0,7.0,91,0.0,1022.9,0.6,326
2026-01-13 02:00:00,363.0,6.4,94,0.0,1022.8,2.0,333
2026-01-13 03:00:00,333.0,5.8,96,0.0,1022.5,3.1,350
2026-01-13 04:00:00,346.0,5.8,97,0.0,1022.1,4.5,344
2026-01-13 05:00:00,314.0,4.9,100,0.0,1022.2,3.5,325
2026-01-13 06:00:00,319.0,4.8,100,0.0,1022.7,4.6,312
2026-01-13 07:00:00,365.0,4.2,100,0.0,1022.8,4.6,301
2026-01-13 08:00:00,360.0,5.4,98,0.0,1023.3,4.2,317
2026-01-13 09:00:00,408.0,8.2,93,0.0,1023.7,4.9,350
2026-01-13 10:00:00,302.0,9.0,93,0.0,1023.8,3.9,336
2026-01-13 11:00:00,193.0,12.2,77,0.0,1023.2,2.8,320
2026-01-13 12:00:00,123.0,15.9,58,0.0,1021.8,4.2,317
2026-01-13 13:00:00,110.0,17.8,47,0.0,1020.3,6.2,308
2026-01-13 14:00:00,111.0,18.5,45,0.0,1019.3,7.9,309
2026-01-13 15:00:00,89.0,18.3,47,0.0,1018.6,8.9,308
2026-01-13 16:00:00,98.0,17.4,50,0.0,1018.1,8.9,308
2026-01-13 17:00:00,98.0,16.0,49,0.0,1018.1,7.3,306
2026-01-13 18:00:00,122.0,14.6,57,0.0,1018.6,6.2,308
2026-01-13 19:00:00,195.0,13.3,64,0.0,1018.9,5.9,317
2026-01-13 20:00:00,261.0,12.1,70,0.0,1019.0,5.3,315
2026-01-13 21:00:00,347.0,10.9,77,0.0,1019.1,4.7,317
2026-01-13 22:00:00,362.0,9.9,82,0.0,1018.8,4.5,313
2026-01-13 23:00:00,388.0,9.5,85,0.0,1018.8,4.7,313
2026-01-14 00:00:00,362.0,8.8,88,0.0,1018.2,5.2,316
2026-01-14 01:00:00,346.0,8.2,91,0.0,1017.9,5.6,315
2026-01-14 02:00:00,304.0,7.8,92,0.0,1018.1,6.2,311
2026-01-14 03:00:00,273.0,7.2,95,0.0,1017.8,6.6,307
2026-01-14 04:00:00,272.0,6.5,98,0.0,1017.5,7.0,305
2026-01-14 05:00:00,253.0,5.9,100,0.0,1017.8,7.0,299
2026-01-14 06:00:00,251.0,5.7,100,0.0,1018.3,7.5,300
2026-01-14 07:00:00,264.0,5.5,98,0.0,1018.8,6.8,302
2026-01-14 08:00:00,306.0,5.5,98,0.0,1019.4,6.4,299
2026-01-14 09:00:00,303.0,6.7,91,0.0,1020.0,7.0,299
2026-01-14 10:00:00,280.0,9.5,74,0.0,1020.1,5.0,296
2026-01-14 11:00:00,217.0,12.2,63,0.0,1019.3,5.2,290
2026-01-14 12:00:00,161.0,14.8,54,0.0,1018.2,5.4,285
2026-01-14 13:00:00,148.0,16.5,46,0.0,1016.9,6.1,289
2026-01-14 14:00:00,152.0,17.5,42,0.0,1016.2,6.7,289
2026-01-14 15:00:00,141.0,17.6,42,0.0,1016.1,7.8,293
2026-01-14 16:00:00,112.0,16.7,46,0.0,1015.9,7.6,297
2026-01-14 17:00:00,124.0,15.6,52,0.0,1016.0,7.2,292
2026-01-14 18:00:00,147.0,13.8,64,0.0,1016.7,4.9,298
2026-01-14 19:00:00,205.0,13.0,71,0.0,1017.3,4.8,315
2026-01-14 20:00:00,268.0,12.1,76,0.0,1018.0,5.0,316
2026-01-14 21:00:00,256.0,11.3,81,0.0,1018.5,5.2,314
2026-01-14 22:00:00,281.0,10.6,85,0.0,1018.8,5.5,314
2026-01-14 23:00:00,265.0,10.1,87,0.0,1019.1,6.1,317
2026-01-15 00:00:00,268.0,8.9,91,0.0,1018.9,4.6,329
2026-01-15 01:00:00,271.0,8.0,94,0.0,1018.3,4.0,339
2026-01-15 02:00:00,290.0,7.5,96,0.0,1018.2,4.0,328
2026-01-15 03:00:00,277.0,7.1,97,0.0,1017.8,4.3,327
2026-01-15 04:00:00,258.0,6.7,98,0.0,1017.4,4.3,312
2026-01-15 05:00:00,238.0,6.3,100,0.0,1017.5,6.2,308
2026-01-15 06:00:00,190.0,6.1,100,0.0,1018.1,6.6,283
2026-01-15 07:00:00,192.0,6.1,99,0.0,1018.8,7.2,298
2026-01-15 08:00:00,187.0,7.1,98,0.0,1019.7,7.0,305
2026-01-15 09:00:00,195.0,8.0,97,0.0,1020.3,6.6,303
2026-01-15 10:00:00,196.0,10.7,82,0.0,1020.4,4.1,293
2026-01-15 11:00:00,194.0,12.4,69,0.0,1020.2,5.1,302
2026-01-15 12:00:00,205.0,14.6,60,0.0,1018.9,5.2,297
2026-01-15 13:00:00,205.0,16.4,52,0.0,1017.5,6.5,289
2026-01-15 14:00:00,162.0,17.6,46,0.0,1016.5,8.4,285
2026-01-15 15:00:00,125.0,17.8,45,0.0,1016.2,9.3,286
2026-01-15 16:00:00,150.0,17.2,50,0.0,1016.0,9.0,283
2026-01-15 17:00:00,171.0,16.2,57,0.0,1016.1,8.0,288
2026-01-15 18:00:00,180.0,14.7,64,0.0,1016.3,7.0,291
2026-01-15 19:00:00,235.0,13.8,68,0.0,1016.8,6.6,296
2026-01-15 20:00:00,260.0,12.9,70,0.0,1017.3,6.7,294
2026-01-15 21:00:00,231.0,12.0,73,0.0,1017.7,6.1,294
2026-01-15 22:00:00,258.0,11.0,76,0.0,1017.7,5.6,297
2026-01-15 23:00:00,275.0,9.9,84,0.0,1018.2,5.0,316
2026-01-16 00:00:00,285.0,8.7,88,0.0,1017.6,4.5,317
2026-01-16 01:00:00,288.0,8.0,90,0.0,1017.3,4.1,304
2026-01-16 02:00:00,339.0,7.6,91,0.0,1017.1,4.4,305
2026-01-16 03:00:00,270.0,7.3,91,0.0,1016.9,4.6,306
2026-01-16 04:00:00,255.0,6.8,92,0.0,1016.4,4.5,299
2026-01-16 05:00:00,238.0,6.4,94,0.0,1016.9,4.0,273
2026-01-16 06:00:00,264.0,6.3,94,0.0,1017.0,4.5,263
2026-01-16 07:00:00,256.0,6.4,93,0.0,1017.5,6.0,265
2026-01-16 08:00:00,264.0,7.7,87,0.0,1018.1,7.9,266
2026-01-16 09:00:00,251.0,10.4,77,0.0,1018.8,4.2,275
2026-01-16 10:00:00,205.0,13.6,64,0.0,1018.8,3.2,289
2026-01-16 11:00:00,171.0,15.8,54,0.0,1018.8,3.2,326
2026-01-16 12:00:00,136.0,18.0,43,0.0,1017.5,3.0,327
2026-01-16 13:00:00,125.0,19.5,38,0.0,1016.4,3.3,324
2026-01-16 14:00:00,125.0,20.2,36,0.0,1015.4,3.3,324
2026-01-16 16:00:00,105.0,19.6,40,0.0,1014.8,3.9,347
2026-01-16 17:00:00,89.0,17.0,61,0.0,1015.2,3.8,11
2026-01-16 18:00:00,203.0,15.3,68,0.0,1015.5,3.7,23
2026-01-16 19:00:00,205.0,14.7,71,0.0,1015.9,1.8,37
2026-01-16 20:00:00,188.0,14.1,72,0.0,1015.7,0.5,90
2026-01-16 21:00:00,268.0,13.4,74,0.0,1016.0,0.5,135
2026-01-16 22:00:00,273.0,12.6,77,0.0,1015.8,0.9,180
2026-01-16 23:00:00,264.0,12.2,77,0.0,1016.1,2.4,207
2026-01-17 00:00:00,280.0,11.4,77,0.0,1016.0,0.6,108
2026-01-17 01:00:00,336.0,10.2,84,0.0,1015.9,1.2,51
2026-01-17 02:00:00,383.0,8.9,91,0.0,1015.8,2.9,43
2026-01-17 03:00:00,397.0,8.1,94,0.0,1015.7,4.4,52
2026-01-17 04:00:00,402.0,7.6,94,0.0,1015.4,2.3,61
2026-01-17 05:00:00,403.0,7.1,96,0.0,1015.6,2.7,32
2026-01-17 06:00:00,401.0,6.6,97,0.0,1015.9,1.9,61
2026-01-17 07:00:00,401.0,6.3,99,0.0,1016.5,1.3,90
2026-01-17 08:00:00,323.0,7.1,98,0.0,1016.8,2.1,128
2026-01-17 09:00:00,296.0,9.6,91,0.0,1017.5,2.5,94
2026-01-17 10:00:00,359.0,13.1,76,0.0,1017.8,2.0,90
2026-01-17 11:00:00,314.0,16.5,60,0.0,1017.3,1.6,96
2026-01-17 12:00:00,303.0,19.6,48,0.0,1016.2,1.3,82
2026-01-17 13:00:00,250.0,21.2,42,0.0,1014.8,0.6,56
2026-01-17 14:00:00,245.0,22.0,40,0.0,1013.8,1.0,31
2026-01-17 15:00:00,294.0,22.2,40,0.0,1013.2,2.1,38
2026-01-17 16:00:00,389.0,21.3,44,0.0,1012.7,4.6,42
2026-01-17 17:00:00,465.0,19.3,58,0.0,1012.7,5.9,40
2026-01-17 18:00:00,515.0,16.9,71,0.0,1012.8,4.3,48
2026-01-17 19:00:00,484.0,15.6,77,0.0,1013.0,3.2,71
2026-01-17 20:00:00,435.0,14.8,80,0.0,1013.2,2.4,63
2026-01-17 21:00:00,411.0,13.9,83,0.0,1013.3,2.1,52
2026-01-17 22:00:00,373.0,12.8,87,0.0,1013.2,2.3,61
2026-01-17 23:00:00,364.0,12.3,91,0.0,1013.2,1.5,111
2026-01-18 00:00:00,358.0,11.2,95,0.0,1013.2,1.4,113
2026-01-18 01:00:00,341.0,10.7,96,0.0,1012.9,1.0,135
2026-01-18 02:00:00,345.0,10.1,97,0.0,1012.4,1.2,117
2026-01-18 03:00:00,332.0,9.5,99,0.0,1012.0,1.1,81
2026-01-18 04:00:00,337.0,9.0,100,0.0,1011.6,1.1,90
2026-01-18 05:00:00,362.0,7.8,98,0.0,1011.7,1.3,82
2026-01-18 06:00:00,417.0,7.8,99,0.0,1012.3,2.2,48
2026-01-18 07:00:00,408.0,7.3,100,0.0,1012.8,2.6,56
2026-01-18 08:00:00,446.0,8.1,98,0.0,1013.6,3.2,52
2026-01-18 09:00:00,459.0,9.3,95,0.0,1014.7,2.8,79
2026-01-18 10:00:00,467.0,11.4,87,0.0,1015.5,2.9,86
2026-01-18 11:00:00,312.0,15.7,72,0.0,1014.6,3.2,93
2026-01-18 12:00:00,207.0,19.3,58,0.0,1013.4,3.9,103
2026-01-18 13:00:00,157.0,20.9,52,0.0,1012.4,5.3,125
2026-01-18 14:00:00,142.0,21.7,50,0.0,1011.7,6.4,135
2026-01-18 15:00:00,157.0,21.7,47,0.0,1011.4,5.5,134
2026-01-18 16:00:00,159.0,21.3,48,0.0,1011.6,4.7,122
2026-01-18 17:00:00,157.0,19.9,51,0.0,1011.8,4.3,107
2026-01-18 18:00:00,171.0,18.6,60,0.0,1012.4,5.1,108
2026-01-18 19:00:00,198.0,17.6,69,0.0,1013.1,5.0,111
2026-01-18 20:00:00,242.0,16.4,77,0.0,1013.7,4.2,110
2026-01-18 21:00:00,263.0,15.5,83,0.0,1014.3,3.8,93
2026-01-18 22:00:00,266.0,14.8,87,0.0,1014.4,4.8,79
2026-01-18 23:00:00,288.0,14.2,89,0.0,1014.3,4.9,90
2026-01-19 00:00:00,312.0,13.5,89,0.0,1014.6,5.6,96
2026-01-19 01:00:00,331.0,13.0,88,0.0,1014.7,5.1,96
2026-01-19 02:00:00,349.0,12.3,90,0.0,1014.5,4.7,97
2026-01-19 03:00:00,370.0,11.6,92,0.0,1014.3,4.3,90
2026-01-19 04:00:00,379.0,10.8,94,0.0,1014.2,4.1,90
2026-01-19 05:00:00,362.0,10.7,94,0.0,1014.3,3.6,63
2026-01-19 06:00:00,364.0,10.0,95,0.0,1014.8,2.7,42
2026-01-19 07:00:00,339.0,9.5,97,0.0,1015.5,2.2,24
2026-01-19 08:00:00,325.0,11.1,91,0.0,1016.1,3.1,36
2026-01-19 09:00:00,396.0,14.1,76,0.0,1016.8,1.7,18
2026-01-19 10:00:00,309.0,17.5,61,0.0,1017.2,1.1,9
2026-01-19 11:00:00,246.0,20.1,49,0.0,1016.7,0.8,45
2026-01-19 12:00:00,139.0,23.0,33,0.0,1015.9,1.2,39
2026-01-19 13:00:00,131.0,24.3,24,0.0,1014.7,1.8,37
2026-01-19 14:00:00,120.0,24.7,23,0.0,1014.0,3.7,35
2026-01-19 15:00:00,111.0,24.5,25,0.0,1013.6,5.7,37
2026-01-19 16:00:00,174.0,23.6,31,0.0,1013.6,7.4,32
2026-01-19 17:00:00,174.0,21.8,38,0.0,1013.4,7.1,16
2026-01-19 18:00:00,210.0,20.1,45,0.0,1014.0,5.1,356
2026-01-19 19:00:00,243.0,18.7,51,0.0,1014.4,4.3,338
2026-01-19 20:00:00,289.0,17.7,57,0.0,1014.8,4.4,333
2026-01-19 21:00:00,280.0,16.7,65,0.0,1014.9,4.4,333
2026-01-19 22:00:00,293.0,15.8,71,0.0,1015.0,4.3,327
2026-01-19 23:00:00,318.0,15.6,74,0.0,1015.1,4.7,279
2026-01-20 00:00:00,337.0,14.5,79,0.0,1014.9,4.9,298
2026-01-20 01:00:00,385.0,13.6,82,0.0,1014.9,5.0,314
2026-01-20 02:00:00,368.0,13.0,82,0.0,1014.6,5.1,324
2026-01-20 03:00:00,306.0,12.3,83,0.0,1014.5,5.0,330
2026-01-20 04:00:00,279.0,11.8,86,0.0,1014.3,4.8,318
2026-01-20 05:00:00,266.0,11.4,87,0.0,1014.8,5.0,289
2026-01-20 06:00:00,284.0,11.0,88,0.0,1015.4,5.4,291
2026-01-20 07:00:00,273.0,10.6,88,0.0,1016.1,5.7,283
2026-01-20 08:00:00,271.0,12.0,79,0.0,1016.8,6.7,284
2026-01-20 09:00:00,266.0,14.8,66,0.0,1017.6,3.9,292
2026-01-20 10:00:00,246.0,18.4,54,0.0,1018.5,3.5,291
2026-01-20 11:00:00,158.0,21.6,45,0.0,1018.1,5.4,285
2026-01-20 12:00:00,125.0,23.7,34,0.0,1017.3,6.9,284
2026-01-20 13:00:00,98.0,24.6,27,0.0,1016.2,7.3,280
2026-01-20 14:00:00,96.0,24.7,27,0.0,1015.4,7.9,287
2026-01-20 15:00:00,74.0,24.3,29,0.0,1014.9,8.3,294
2026-01-20 16:00:00,84.0,23.4,33,0.0,1014.9,7.9,303
2026-01-20 17:00:00,96.0,22.2,34,0.0,1014.9,7.2,323
2026-01-20 18:00:00,116.0,20.7,45,0.0,1015.6,6.9,329
2026-01-20 19:00:00,151.0,19.6,55,0.0,1016.0,6.2,327
2026-01-20 20:00:00,170.0,18.4,63,0.0,1016.7,5.1,337
2026-01-20 21:00:00,194.0,17.1,70,0.0,1017.2,4.7,351
2026-01-20 22:00:00,225.0,16.3,75,0.0,1017.4,4.9,354
2026-01-20 23:00:00,245.0,16.1,76,0.0,1017.6,5.8,344
2026-01-21 00:00:00,265.0,14.7,81,0.0,1017.4,5.2,331
2026-01-21 01:00:00,264.0,14.0,81,0.0,1017.4,5.3,332
2026-01-21 02:00:00,261.0,13.2,82,0.0,1017.1,4.8,326
2026-01-21 03:00:00,257.0,12.4,84,0.0,1017.1,4.4,328
2026-01-21 04:00:00,252.0,11.8,85,0.0,1017.0,4.1,315
2026-01-21 05:00:00,231.0,11.3,92,0.0,1017.3,4.0,309
2026-01-21 06:00:00,214.0,10.6,94,0.0,1017.6,4.5,313
2026-01-21 07:00:00,199.0,10.0,96,0.0,1018.4,5.3,303
2026-01-21 08:00:00,213.0,11.0,91,0.0,1019.2,5.3,298
2026-01-21 09:00:00,217.0,13.6,78,0.0,1020.0,3.4,302
2026-01-21 10:00:00,188.0,17.1,62,0.0,1020.3,3.1,310
2026-01-21 11:00:00,121.0,20.6,50,0.0,1019.6,5.2,311
2026-01-21 12:00:00,98.0,22.5,39,0.0,1018.6,7.4,296
2026-01-21 13:00:00,111.0,23.3,34,0.0,1017.6,8.3,284
2026-01-21 14:00:00,85.0,23.5,32,0.0,1016.8,8.6,282
2026-01-21 15:00:00,72.0,23.3,31,0.0,1016.4,8.9,283
2026-01-21 16:00:00,71.0,22.5,31,0.0,1016.4,8.3,292
2026-01-21 17:00:00,90.0,21.2,34,0.0,1016.4,6.5,300
2026-01-21 18:00:00,123.0,19.4,42,0.0,1017.0,4.9,303
2026-01-21 19:00:00,147.0,18.2,50,0.0,1017.4,4.6,315
2026-01-21 20:00:00,161.0,17.1,58,0.0,1017.9,4.8,335
2026-01-21 21:00:00,164.0,15.9,65,0.0,1018.2,4.7,342
2026-01-21 22:00:00,191.0,14.8,71,0.0,1018.2,3.3,338
2026-01-21 23:00:00,195.0,14.1,76,0.0,1018.5,3.1,360
2026-01-22 00:00:00,194.0,12.7,80,0.0,1018.3,3.1,350
2026-01-22 01:00:00,226.0,12.0,80,0.0,1018.0,3.0,346
2026-01-22 02:00:00,232.0,11.2,82,0.0,1017.8,4.4,341
2026-01-22 03:00:00,233.0,10.6,82,0.0,1017.3,4.3,327
2026-01-22 04:00:00,236.0,10.2,82,0.0,1016.9,4.1,326
2026-01-22 05:00:00,235.0,9.6,89,0.0,1016.8,2.6,335
2026-01-22 06:00:00,242.0,9.1,89,0.0,1017.0,1.7,347
2026-01-22 07:00:00,246.0,8.9,90,0.0,1017.1,1.5,353
2026-01-22 08:00:00,227.0,10.8,81,0.0,1017.7,1.6,270
2026-01-22 09:00:00,259.0,14.4,66,0.0,1017.9,0.8,117
2026-01-22 10:00:00,205.0,18.3,50,0.0,1018.2,1.4,157
2026-01-22 11:00:00,111.0,21.1,40,0.0,1018.2,2.2,222
2026-01-22 12:00:00,101.0,23.3,36,0.0,1017.0,2.6,155
2026-01-22 13:00:00,95.0,24.5,33,0.0,1015.8,2.7,138
2026-01-22 14:00:00,108.0,25.0,32,0.0,1014.5,5.2,119
2026-01-22 15:00:00,121.0,24.8,35,0.0,1014.1,6.7,117
2026-01-22 16:00:00,118.0,23.7,41,0.0,1013.8,9.0,121
2026-01-22 17:00:00,100.0,21.8,50,0.0,1014.2,9.0,121
2026-01-22 18:00:00,124.0,20.5,58,0.0,1014.9,7.8,140
2026-01-22 19:00:00,163.0,19.7,64,0.0,1015.3,9.6,147
2026-01-22 20:00:00,198.0,18.9,68,0.0,1015.7,10.1,139
2026-01-22 21:00:00,196.0,18.5,70,0.0,1015.6,11.6,132
2026-01-22 22:00:00,168.0,18.0,70,0.0,1015.0,12.0,130
2026-01-22 23:00:00,141.0,17.7,71,0.0,1014.8,14.0,136
2026-01-23 00:00:00,127.0,17.0,73,0.0,1014.6,14.0,134
2026-01-23 01:00:00,113.0,16.3,75,0.0,1014.2,14.1,132
2026-01-23 02:00:00,116.0,16.0,76,0.0,1013.7,15.4,135
2026-01-23 03:00:00,107.0,16.1,74,0.0,1013.3,12.4,138
2026-01-23 04:00:00,112.0,16.1,74,0.0,1013.2,5.4,132
2026-01-23 05:00:00,112.0,15.6,78,0.0,1012.6,13.7,128
2026-01-23 06:00:00,131.0,15.1,80,0.9,1012.8,14.2,114
2026-01-23 07:00:00,142.0,14.7,84,0.1,1013.5,14.5,143
2026-01-23 08:00:00,138.0,14.8,85,4.3,1016.4,11.7,236
2026-01-23 09:00:00,141.0,14.6,88,1.5,1017.0,9.9,125
2026-01-23 10:00:00,141.0,15.2,86,0.9,1017.1,16.2,125
2026-01-23 14:00:00,145.0,17.4,78,0.1,1014.1,17.1,134
2026-01-23 15:00:00,143.0,16.7,82,2.9,1014.2,9.5,117
2026-01-23 16:00:00,144.0,16.2,86,0.2,1014.2,12.1,123
2026-01-23 17:00:00,157.0,15.4,85,0.3,1016.0,13.8,112
2026-01-23 18:00:00,157.0,14.7,87,1.9,1016.9,5.1,188
2026-01-23 19:00:00,152.0,14.3,90,4.9,1018.3,4.9,176
2026-01-23 20:00:00,148.0,14.3,92,1.4,1018.8,5.2,192
2026-01-23 21:00:00,149.0,13.6,95,0.2,1019.5,1.5,126
2026-01-23 22:00:00,152.0,13.0,97,0.1,1020.0,1.0,59
2026-01-23 23:00:00,158.0,13.0,95,0.0,1020.4,2.8,342
2026-01-24 00:00:00,150.0,12.7,97,0.0,1020.7,2.7,318
2026-01-24 01:00:00,174.0,13.1,96,0.0,1020.7,5.0,314
2026-01-24 02:00:00,169.0,12.7,96,0.0,1021.1,6.9,307
2026-01-24 03:00:00,91.0,12.1,97,0.0,1021.4,9.5,297
2026-01-24 04:00:00,43.0,10.7,92,0.0,1021.9,11.7,311
2026-01-24 05:00:00,55.0,10.4,83,0.0,1022.6,9.3,333
2026-01-24 06:00:00,45.0,10.1,77,0.0,1023.4,10.6,336
2026-01-24 07:00:00,57.0,9.8,73,0.0,1024.2,9.4,336
2026-01-24 08:00:00,62.0,10.1,72,0.0,1024.7,7.2,335
2026-01-24 09:00:00,59.0,11.2,67,0.0,1025.4,8.9,336
2026-01-24 10:00:00,53.0,12.5,60,0.0,1025.4,8.4,344
2026-01-24 11:00:00,67.0,14.2,52,0.0,1025.1,9.1,328
2026-01-24 12:00:00,81.0,15.5,47,0.0,1023.8,8.8,337
2026-01-24 13:00:00,81.0,16.4,46,0.0,1022.5,8.9,324
2026-01-24 14:00:00,48.0,16.6,47,0.0,1021.9,9.7,315
2026-01-24 15:00:00,39.0,16.4,49,0.0,1021.2,10.3,319
2026-01-24 16:00:00,41.0,15.6,53,0.0,1020.8,10.1,317
2026-01-24 17:00:00,48.0,14.2,62,0.0,1020.4,9.2,320
2026-01-24 18:00:00,53.0,12.7,67,0.0,1021.2,9.3,317
2026-01-24 19:00:00,74.0,11.9,70,0.0,1022.0,8.8,309
2026-01-24 20:00:00,67.0,11.0,72,0.0,1022.7,8.7,310
2026-01-24 21:00:00,65.0,10.1,74,0.0,1022.8,8.9,308
2026-01-24 22:00:00,64.0,9.5,75,0.0,1022.7,9.3,314
2026-01-24 23:00:00,51.0,9.3,76,0.0,1022.5,10.8,312
2026-01-25 00:00:00,50.0,8.9,76,0.0,1021.9,9.1,306
2026-01-25 01:00:00,56.0,8.5,77,0.0,1021.6,9.3,307
2026-01-25 02:00:00,56.0,8.3,78,0.0,1020.9,8.4,307
2026-01-25 03:00:00,76.0,7.8,79,0.0,1020.4,7.5,300
2026-01-25 04:00:00,74.0,7.4,82,0.0,1019.8,6.7,297
2026-01-25 05:00:00,79.0,7.2,84,0.0,1020.0,6.7,286
2026-01-25 06:00:00,84.0,7.0,86,0.0,1020.2,5.6,277
2026-01-25 07:00:00,84.0,6.7,87,0.0,1020.7,8.3,272
2026-01-25 08:00:00,94.0,7.3,85,0.0,1021.4,8.6,271
2026-01-25 09:00:00,90.0,8.8,80,0.0,1022.1,9.0,269
2026-01-25 10:00:00,83.0,11.0,74,0.0,1022.3,7.7,270
2026-01-25 11:00:00,71.0,13.5,67,0.0,1021.6,8.6,281
2026-01-25 12:00:00,80.0,15.2,60,0.0,1020.6,9.1,287
2026-01-25 13:00:00,69.0,16.1,57,0.0,1019.6,8.4,293
2026-01-25 14:00:00,66.0,16.6,56,0.0,1018.9,7.4,299
2026-01-25 15:00:00,52.0,16.6,56,0.0,1018.6,6.6,303
2026-01-25 16:00:00,51.0,16.1,59,0.0,1018.1,5.4,307
2026-01-25 17:00:00,57.0,14.7,73,0.0,1018.0,3.6,279
2026-01-25 18:00:00,71.0,13.5,74,0.0,1019.0,5.0,272
2026-01-25 19:00:00,132.0,12.3,79,0.0,1019.2,4.3,285
2026-01-25 20:00:00,149.0,11.5,82,0.0,1019.8,4.5,272
2026-01-25 21:00:00,173.0,11.0,83,0.0,1020.3,5.4,272
2026-01-25 22:00:00,177.0,10.3,84,0.0,1020.4,4.9,278
2026-01-25 23:00:00,168.0,9.7,88,0.0,1020.2,4.9,298
2026-01-26 00:00:00,164.0,9.0,89,0.0,1019.7,4.4,291
2026-01-26 01:00:00,136.0,8.3,91,0.0,1019.5,3.8,270
2026-01-26 02:00:00,125.0,8.0,92,0.0,1019.5,4.3,270
2026-01-26 03:00:00,111.0,7.9,91,0.0,1019.6,5.5,279
2026-01-26 04:00:00,83.0,7.3,93,0.0,1019.2,4.1,268
2026-01-26 05:00:00,86.0,7.2,92,0.0,1019.4,4.6,279
2026-01-26 06:00:00,87.0,6.9,93,0.0,1019.9,4.4,297
2026-01-26 07:00:00,98.0,6.6,94,0.0,1020.7,4.7,310
2026-01-26 08:00:00,100.0,7.9,92,0.0,1021.4,4.7,302
2026-01-26 09:00:00,104.0,10.2,86,0.0,1022.2,1.9,326
2026-01-26 10:00:00,92.0,12.9,79,0.0,1022.6,0.7,270
2026-01-26 11:00:00,88.0,15.0,69,0.0,1021.9,0.0,270
2026-01-26 12:00:00,71.0,17.0,62,0.0,1020.8,0.9,180
2026-01-26 13:00:00,67.0,17.8,57,0.0,1019.9,2.3,203
2026-01-26 14:00:00,77.0,18.4,55,0.0,1018.9,2.1,195
2026-01-26 15:00:00,79.0,18.5,56,0.0,1018.4,1.4,130
2026-01-26 16:00:00,94.0,18.2,58,0.0,1018.3,2.5,111
2026-01-26 17:00:00,109.0,16.7,71,0.0,1018.0,3.4,96
2026-01-26 18:00:00,109.0,16.2,72,0.0,1018.7,3.5,171
2026-01-26 19:00:00,134.0,15.5,73,0.0,1019.0,4.0,148
2026-01-26 20:00:00,200.0,15.0,75,0.0,1019.9,4.0,198
2026-01-26 21:00:00,139.0,14.0,75,0.0,1020.1,0.2,360
2026-01-26 22:00:00,170.0,12.5,83,0.0,1019.7,3.3,45
2026-01-26 23:00:00,168.0,12.3,85,0.0,1020.0,1.1,81
2026-01-27 00:00:00,140.0,11.0,89,0.0,1019.6,3.9,62
2026-01-27 01:00:00,139.0,10.7,90,0.0,1019.4,1.9,112
2026-01-27 02:00:00,146.0,10.4,92,0.0,1019.1,4.4,99
2026-01-27 03:00:00,168.0,10.6,90,0.0,1018.6,6.2,116
2026-01-27 04:00:00,187.0,10.8,86,0.0,1017.8,7.2,127
2026-01-27 05:00:00,210.0,11.0,84,0.0,1018.0,7.3,140
2026-01-27 06:00:00,214.0,11.1,83,0.0,1018.4,6.9,133
2026-01-27 07:00:00,201.0,11.0,83,0.0,1018.7,6.9,120
2026-01-27 08:00:00,222.0,12.2,81,0.0,1019.0,7.2,96
2026-01-27 09:00:00,151.0,13.5,79,0.0,1019.3,2.7,356
2026-01-27 10:00:00,143.0,14.7,73,8.5,1021.4,5.6,15
2026-01-27 11:00:00,181.0,16.0,69,0.0,1020.2,9.8,140
2026-01-27 12:00:00,162.0,17.8,71,0.1,1018.8,11.1,112
2026-01-27 13:00:00,168.0,19.0,72,0.0,1017.7,14.1,134
2026-01-27 14:00:00,145.0,19.5,73,0.0,1016.3,13.0,131
2026-01-27 15:00:00,167.0,19.2,75,0.0,1015.9,9.8,137
2026-01-27 16:00:00,153.0,18.7,77,0.0,1015.4,14.0,136
2026-01-27 17:00:00,114.0,15.9,90,0.0,1016.5,9.4,113
2026-01-27 18:00:00,104.0,14.9,91,0.1,1017.1,9.0,103
2026-01-27 19:00:00,110.0,14.3,90,0.1,1017.9,9.2,106
2026-01-27 20:00:00,111.0,14.5,90,0.0,1018.3,8.9,111
2026-01-27 21:00:00,120.0,14.4,92,0.0,1018.5,7.7,127
2026-01-27 22:00:00,126.0,13.8,94,0.0,1018.6,7.7,115
2026-01-27 23:00:00,123.0,13.4,95,0.0,1018.8,8.7,122
2026-01-28 00:00:00,100.0,12.8,96,0.0,1018.7,2.9,112
2026-01-28 01:00:00,95.0,12.9,96,3.5,1018.7,2.0,360
2026-01-28 02:00:00,88.0,12.2,97,0.3,1018.8,5.4,86
2026-01-28 03:00:00,85.0,11.8,96,0.0,1018.8,2.1,255
2026-01-28 04:00:00,72.0,12.0,98,0.0,1018.3,2.5,315
2026-01-28 05:00:00,83.0,11.6,95,0.0,1018.7,4.6,291
2026-01-28 06:00:00,82.0,11.9,96,0.0,1019.3,6.0,273
2026-01-28 07:00:00,102.0,12.5,97,0.0,1020.2,5.9,293
2026-01-28 08:00:00,132.0,13.4,94,0.0,1021.3,6.1,317
2026-01-28 09:00:00,172.0,14.0,89,0.0,1022.5,8.6,324
2026-01-28 10:00:00,170.0,14.4,87,0.0,1022.6,7.7,349
2026-01-28 11:00:00,165.0,16.0,81,0.0,1021.9,8.0,354
2026-01-28 12:00:00,148.0,16.7,76,0.0,1021.3,5.8,358
2026-01-28 13:00:00,170.0,17.7,70,0.0,1020.4,3.3,331
2026-01-28 14:00:00,136.0,18.1,67,0.0,1020.0,4.1,299
2026-01-28 15:00:00,137.0,18.3,65,0.0,1020.0,5.6,295
2026-01-28 16:00:00,147.0,18.1,63,0.0,1020.1,6.9,298
2026-01-28 17:00:00,134.0,17.2,73,0.0,1020.0,4.3,303
2026-01-28 18:00:00,142.0,15.3,81,0.0,1020.0,4.0,328
2026-01-28 19:00:00,181.0,14.6,86,0.0,1020.4,4.7,320
2026-01-28 20:00:00,158.0,13.8,88,0.0,1020.5,4.7,310
2026-01-28 21:00:00,161.0,13.0,90,0.0,1020.8,4.2,306
2026-01-28 22:00:00,134.0,12.4,92,0.0,1020.8,4.1,304
2026-01-28 23:00:00,135.0,12.1,95,0.0,1020.9,4.6,296
2026-01-29 00:00:00,127.0,12.1,95,0.0,1020.6,6.3,305
2026-01-29 01:00:00,129.0,11.7,96,0.0,1020.6,7.7,307
2026-01-29 02:00:00,150.0,11.5,96,0.0,1020.2,8.3,309
2026-01-29 03:00:00,105.0,11.1,97,0.0,1020.1,7.4,309
2026-01-29 04:00:00,88.0,10.6,97,0.0,1019.5,6.8,312
2026-01-29 05:00:00,100.0,10.5,100,0.0,1019.9,6.4,313
2026-01-29 06:00:00,98.0,10.5,100,0.0,1020.2,6.1,302
2026-01-29 07:00:00,100.0,10.6,100,0.0,1020.8,7.4,299
2026-01-29 08:00:00,108.0,11.0,98,0.0,1021.3,7.8,296
2026-01-29 09:00:00,96.0,12.1,93,0.0,1022.2,9.1,297
2026-01-29 10:00:00,102.0,13.9,87,0.0,1022.5,7.9,297
2026-01-29 11:00:00,129.0,15.2,80,0.0,1022.6,9.3,307
2026-01-29 12:00:00,103.0,17.0,70,0.0,1021.5,7.5,305
2026-01-29 13:00:00,98.0,17.9,67,0.0,1020.3,6.8,297
2026-01-29 14:00:00,100.0,18.4,66,0.0,1019.5,7.0,299
2026-01-29 15:00:00,113.0,18.5,64,0.0,1019.0,6.8,302
2026-01-29 16:00:00,125.0,18.1,67,0.0,1018.8,6.8,295
2026-01-29 17:00:00,122.0,16.4,76,0.0,1019.3,6.7,290
2026-01-29 18:00:00,134.0,14.8,83,0.0,1019.5,4.8,285
2026-01-29 19:00:00,155.0,14.2,86,0.0,1019.7,4.5,293
2026-01-29 20:00:00,125.0,13.6,87,0.0,1020.2,4.5,299
2026-01-29 21:00:00,132.0,12.8,89,0.0,1020.8,4.7,298
2026-01-29 22:00:00,132.0,12.1,91,0.0,1020.8,4.5,310
2026-01-29 23:00:00,128.0,11.4,93,0.0,1020.6,4.4,289
2026-01-30 00:00:00,130.0,11.5,93,0.0,1020.3,5.4,290
2026-01-30 01:00:00,143.0,10.8,94,0.0,1020.2,5.5,287
2026-01-30 02:00:00,152.0,10.5,94,0.0,1019.5,6.0,297
2026-01-30 03:00:00,159.0,10.5,94,0.0,1019.5,7.4,302
2026-01-30 04:00:00,127.0,10.5,93,0.0,1019.5,7.4,304
2026-01-30 05:00:00,145.0,9.8,95,0.0,1019.3,4.5,310
2026-01-30 06:00:00,162.0,8.9,96,0.0,1019.6,3.7,281
2026-01-30 07:00:00,148.0,8.7,96,0.0,1019.6,2.2,256
2026-01-30 08:00:00,136.0,10.9,93,0.0,1020.3,6.9,264
2026-01-30 09:00:00,128.0,12.8,88,0.0,1021.0,5.0,270
2026-01-30 10:00:00,111.0,14.8,80,0.0,1021.2,5.8,274
2026-01-30 11:00:00,90.0,16.4,74,0.0,1021.0,6.2,278
2026-01-30 12:00:00,92.0,18.0,68,0.0,1019.9,5.4,284
2026-01-30 13:00:00,90.0,19.0,63,0.0,1018.6,4.7,286
2026-01-30 14:00:00,106.0,19.5,62,0.0,1017.6,4.8,283
2026-01-30 15:00:00,99.0,19.5,61,0.0,1017.6,5.4,291
2026-01-30 16:00:00,87.0,19.0,65,0.0,1017.6,5.5,302
2026-01-30 17:00:00,78.0,17.9,74,0.0,1017.5,4.4,330
2026-01-30 18:00:00,88.0,16.2,83,0.0,1017.6,2.9,349
2026-01-30 19:00:00,124.0,15.4,82,0.0,1018.0,1.5,36
2026-01-30 20:00:00,165.0,14.7,84,0.0,1018.4,0.7,76
2026-01-30 21:00:00,135.0,13.9,86,0.0,1019.0,0.4,153
2026-01-30 22:00:00,139.0,13.3,89,0.0,1019.1,0.6,162
2026-01-30 23:00:00,167.0,12.6,95,0.0,1019.0,0.4,63
2026-01-31 00:00:00,175.0,11.3,100,0.0,1018.9,0.6,72
2026-01-31 01:00:00,183.0,10.2,100,0.0,1018.8,1.0,121
2026-01-31 02:00:00,191.0,9.7,99,0.0,1018.8,0.2,360
2026-01-31 03:00:00,154.0,9.7,98,0.0,1018.7,1.9,41
2026-01-31 04:00:00,121.0,9.4,99,0.0,1018.6,1.3,34
2026-01-31 05:00:00,130.0,8.3,100,0.0,1018.8,1.3,172
2026-01-31 06:00:00,150.0,8.7,99,0.0,1019.4,1.4,50
2026-01-31 07:00:00,174.0,8.9,97,0.0,1020.0,2.3,90
2026-01-31 08:00:00,196.0,9.7,94,0.0,1020.8,2.5,90
2026-01-31 09:00:00,262.0,11.2,96,0.0,1021.3,2.2,99
2026-01-31 10:00:00,220.0,12.9,92,0.0,1022.1,5.4,120
2026-01-31 11:00:00,246.0,16.1,81,0.0,1021.9,4.6,99
2026-01-31 12:00:00,249.0,17.9,73,0.0,1020.9,5.7,125
2026-01-31 13:00:00,191.0,19.1,65,0.0,1019.6,7.1,120
2026-01-31 14:00:00,202.0,19.7,63,0.0,1018.7,7.5,125
2026-01-31 15:00:00,199.0,19.8,63,0.0,1018.4,5.7,127
2026-01-31 16:00:00,168.0,19.4,66,0.0,1018.3,6.2,128
2026-01-31 17:00:00,166.0,17.8,74,0.0,1018.0,7.9,133
2026-01-31 18:00:00,189.0,16.6,80,0.0,1018.6,7.3,142
2026-01-31 19:00:00,213.0,15.8,84,0.0,1018.7,6.9,129
2026-01-31 20:00:00,207.0,15.2,86,0.0,1019.2,7.2,125
2026-01-31 21:00:00,195.0,14.6,89,0.0,1019.4,7.3,128
2026-01-31 22:00:00,173.0,14.1,91,0.0,1019.2,7.3,126
2026-01-31 23:00:00,174.0,13.8,92,0.7,1019.2,8.4,99
2026-02-01 00:00:00,181.0,13.4,93,0.0,1018.6,4.6,135
2026-02-01 01:00:00,166.0,13.3,90,7.4,1019.6,11.4,183
2026-02-01 02:00:00,148.0,13.4,87,0.1,1018.2,9.9,122
2026-02-01 03:00:00,136.0,12.5,88,0.4,1019.0,0.7,90
2026-02-01 04:00:00,124.0,12.4,93,0.0,1019.2,5.7,9
2026-02-01 05:00:00,135.0,12.9,95,0.3,1018.6,8.8,131
2026-02-01 06:00:00,119.0,12.7,95,0.0,1018.7,5.2,117
2026-02-01 07:00:00,162.0,12.7,95,0.0,1019.5,5.9,104
2026-02-01 08:00:00,155.0,13.8,94,0.0,1020.3,8.1,111
2026-02-01 09:00:00,102.0,15.4,91,0.0,1020.7,4.7,118
2026-02-01 10:00:00,74.0,17.2,85,0.0,1021.0,5.4,111
2026-02-01 11:00:00,54.0,18.5,72,0.0,1021.2,7.8,140
2026-02-01 12:00:00,49.0,19.4,67,0.0,1020.4,8.2,154
2026-02-01 13:00:00,51.0,20.1,67,0.0,1019.3,7.2,161
2026-02-01 14:00:00,36.0,20.5,67,0.0,1018.3,5.6,165
2026-02-01 15:00:00,35.0,20.6,67,0.0,1018.2,4.2,175
2026-02-01 16:00:00,42.0,20.4,69,0.0,1018.2,3.5,168
2026-02-01 17:00:00,37.0,19.6,78,0.0,1017.8,2.8,153
2026-02-01 18:00:00,44.0,17.9,82,0.0,1018.2,3.6,180
2026-02-01 19:00:00,71.0,17.0,86,0.0,1018.6,3.9,193
2026-02-01 20:00:00,107.0,16.2,89,0.0,1019.2,2.5,210
2026-02-01 21:00:00,83.0,15.7,91,0.0,1019.8,1.1,261
2026-02-01 22:00:00,94.0,15.0,93,0.0,1020.1,1.7,288
2026-02-01 23:00:00,99.0,14.6,96,0.0,1020.4,1.9,236
2026-02-02 00:00:00,134.0,14.2,96,0.0,1020.4,0.9,270
2026-02-02 01:00:00,193.0,13.9,100,0.0,1020.6,6.7,336
2026-02-02 02:00:00,145.0,13.2,98,0.0,1020.5,5.8,4
2026-02-02 03:00:00,105.0,12.3,98,0.0,1020.6,3.6,18
2026-02-02 04:00:00,111.0,11.8,98,0.0,1020.4,1.5,306
2026-02-02 05:00:00,118.0,12.8,98,0.0,1020.1,2.6,286
2026-02-02 06:00:00,92.0,12.8,98,0.0,1020.2,2.7,278
2026-02-02 07:00:00,92.0,12.8,98,0.0,1020.7,2.6,258
2026-02-02 08:00:00,109.0,13.2,98,0.0,1021.5,4.2,290
2026-02-02 09:00:00,104.0,14.1,98,0.0,1021.9,6.7,297
2026-02-02 10:00:00,108.0,15.5,92,0.0,1022.1,8.2,296
2026-02-02 11:00:00,125.0,16.6,88,0.0,1021.9,8.5,299
2026-02-02 12:00:00,146.0,17.9,81,0.0,1021.0,8.6,301
2026-02-02 13:00:00,147.0,19.1,73,0.0,1020.0,7.3,295
2026-02-02 14:00:00,163.0,19.9,67,0.0,1019.0,6.7,297
2026-02-02 15:00:00,137.0,20.0,66,0.0,1018.3,5.8,300
2026-02-02 16:00:00,135.0,19.7,68,0.0,1018.1,5.6,303
2026-02-02 17:00:00,141.0,17.8,77,0.0,1018.3,5.9,310
2026-02-02 18:00:00,165.0,16.4,84,0.0,1018.4,5.1,306
2026-02-02 19:00:00,182.0,15.8,86,0.0,1018.8,5.2,301
2026-02-02 20:00:00,172.0,15.2,88,0.0,1019.2,5.5,287
2026-02-02 21:00:00,154.0,14.6,89,0.0,1019.6,5.5,289
2026-02-02 22:00:00,153.0,14.0,90,0.0,1019.5,5.5,293
2026-02-02 23:00:00,166.0,13.7,93,0.0,1019.6,5.0,296
2026-02-03 00:00:00,162.0,13.4,94,0.0,1019.5,5.2,299
2026-02-03 01:00:00,121.0,12.8,94,0.0,1019.5,4.7,298
2026-02-03 02:00:00,106.0,12.0,95,0.0,1019.4,3.9,294
2026-02-03 03:00:00,110.0,11.8,96,0.0,1019.3,4.4,289
2026-02-03 04:00:00,105.0,10.9,97,0.0,1019.2,4.8,292
2026-02-03 05:00:00,107.0,10.7,100,0.0,1019.7,4.8,290
2026-02-03 06:00:00,114.0,10.6,99,0.0,1020.3,6.0,295
2026-02-03 07:00:00,98.0,10.6,100,0.0,1021.1,6.1,310
2026-02-03 08:00:00,103.0,11.1,98,0.0,1022.5,5.1,312
2026-02-03 09:00:00,124.0,12.2,98,0.0,1023.1,3.6,323
2026-02-03 10:00:00,145.0,14.3,90,0.0,1023.4,3.3,324
2026-02-03 11:00:00,171.0,16.0,82,0.0,1023.4,3.7,305
2026-02-03 12:00:00,159.0,17.7,75,0.0,1022.6,3.1,301
2026-02-03 13:00:00,117.0,18.8,68,0.0,1021.7,4.4,308
2026-02-03 14:00:00,135.0,19.4,63,0.0,1020.8,5.1,333
2026-02-03 15:00:00,89.0,19.5,60,0.0,1020.5,3.0,322
2026-02-03 16:00:00,84.0,19.3,59,0.0,1020.3,2.1,301
2026-02-03 17:00:00,82.0,18.9,66,0.0,1020.4,1.2,309
2026-02-03 18:00:00,106.0,17.1,69,0.0,1020.7,2.3,4
2026-02-03 19:00:00,132.0,16.0,78,0.0,1021.3,4.1,15
2026-02-03 20:00:00,146.0,15.5,79,0.0,1021.8,3.5,9
2026-02-03 21:00:00,245.0,14.7,81,0.0,1022.2,4.0,21
2026-02-03 22:00:00,240.0,14.0,84,0.0,1022.3,4.5,29
2026-02-03 23:00:00,211.0,13.5,87,0.0,1022.5,3.7,11
2026-02-04 00:00:00,221.0,12.6,89,0.0,1022.6,2.4,333
2026-02-04 01:00:00,266.0,11.8,92,0.0,1022.7,3.7,325
2026-02-04 02:00:00,316.0,11.4,93,0.0,1022.3,4.4,333
2026-02-04 03:00:00,287.0,11.2,94,0.0,1022.1,4.4,330
2026-02-04 04:00:00,318.0,10.7,94,0.0,1022.0,4.2,329
2026-02-04 05:00:00,316.0,10.9,95,0.0,1022.2,4.2,335
2026-02-04 06:00:00,311.0,11.0,94,0.0,1022.6,5.2,333
2026-02-04 07:00:00,296.0,11.0,93,0.0,1022.8,6.3,345
2026-02-04 08:00:00,286.0,12.1,91,0.0,1023.0,8.5,348
2026-02-04 09:00:00,250.0,14.3,86,0.0,1023.8,4.4,328
2026-02-04 10:00:00,182.0,16.7,78,0.0,1024.0,4.1,304
2026-02-04 11:00:00,174.0,18.2,69,0.0,1023.6,6.3,305
2026-02-04 12:00:00,135.0,19.4,61,0.0,1022.8,7.7,303
2026-02-04 13:00:00,130.0,20.1,55,0.0,1021.6,8.5,305
2026-02-04 14:00:00,97.0,20.4,53,0.0,1020.7,9.3,310
2026-02-04 15:00:00,73.0,20.3,55,0.0,1020.4,9.4,313
2026-02-04 16:00:00,76.0,19.7,56,0.0,1020.3,9.3,316
2026-02-04 17:00:00,62.0,18.8,62,0.0,1019.9,7.2,307
2026-02-04 18:00:00,77.0,16.9,72,0.0,1020.1,6.7,294
2026-02-04 19:00:00,100.0,16.1,77,0.0,1020.3,6.9,290
2026-02-04 20:00:00,134.0,15.4,79,0.0,1020.6,7.4,284
2026-02-04 21:00:00,153.0,14.9,81,0.0,1020.8,8.4,285
2026-02-04 22:00:00,139.0,14.1,83,0.0,1020.7,7.8,289
2026-02-04 23:00:00,138.0,13.8,86,0.0,1020.6,7.4,292
2026-02-05 00:00:00,143.0,13.2,88,0.0,1020.4,8.5,287
2026-02-05 01:00:00,127.0,12.8,89,0.0,1020.3,8.5,287
2026-02-05 02:00:00,134.0,12.4,90,0.0,1020.0,8.5,288
2026-02-05 03:00:00,157.0,12.1,90,0.0,1019.7,8.6,290
2026-02-05 04:00:00,167.0,11.7,90,0.0,1019.6,8.8,289
2026-02-05 05:00:00,158.0,11.3,88,0.0,1019.9,9.2,291
2026-02-05 06:00:00,153.0,10.8,89,0.0,1020.4,9.1,291
2026-02-05 07:00:00,138.0,10.6,89,0.0,1020.8,8.8,289
2026-02-05 08:00:00,137.0,11.8,85,0.0,1021.3,9.0,285
2026-02-05 09:00:00,144.0,13.9,78,0.0,1022.0,6.4,280
2026-02-05 10:00:00,121.0,16.1,72,0.0,1022.2,6.5,272
2026-02-05 11:00:00,104.0,18.5,64,0.0,1021.5,8.1,275
2026-02-05 12:00:00,91.0,20.1,55,0.0,1020.8,9.4,282
2026-02-05 13:00:00,78.0,21.0,47,0.0,1019.6,10.0,288
2026-02-05 14:00:00,58.0,21.4,43,0.0,1019.2,10.8,294
2026-02-05 15:00:00,49.0,21.2,44,0.0,1018.9,11.6,300
2026-02-05 16:00:00,55.0,20.5,47,0.0,1018.8,10.2,300
2026-02-05 17:00:00,51.0,19.3,54,0.0,1018.8,8.2,299
2026-02-05 18:00:00,68.0,17.3,65,0.0,1019.2,6.6,299
2026-02-05 19:00:00,101.0,16.4,70,0.0,1019.7,6.2,296
2026-02-05 20:00:00,129.0,15.5,73,0.0,1019.9,5.9,293
2026-02-05 21:00:00,190.0,15.0,73,0.0,1020.2,6.6,303
2026-02-05 22:00:00,220.0,14.3,75,0.0,1020.1,6.4,302
2026-02-05 23:00:00,178.0,13.9,77,0.0,1020.2,6.7,301
2026-02-06 00:00:00,165.0,13.3,79,0.0,1019.9,6.9,301
2026-02-06 01:00:00,157.0,12.7,81,0.0,1019.7,6.8,299
2026-02-06 02:00:00,157.0,12.2,81,0.0,1019.1,7.0,299
2026-02-06 03:00:00,144.0,12.0,81,0.0,1018.9,7.6,295
2026-02-06 04:00:00,110.0,11.7,81,0.0,1018.5,7.6,292
2026-02-06 05:00:00,110.0,11.6,82,0.0,1018.6,8.3,283
2026-02-06 06:00:00,110.0,11.3,83,0.0,1019.5,8.9,277
2026-02-06 07:00:00,105.0,11.2,82,0.0,1020.0,10.0,277
2026-02-06 08:00:00,100.0,12.8,75,0.0,1020.9,10.9,279
2026-02-06 09:00:00,109.0,14.9,70,0.0,1021.4,8.3,274
2026-02-06 10:00:00,95.0,17.4,62,0.0,1021.5,8.0,278
2026-02-06 11:00:00,83.0,20.2,54,0.0,1021.0,9.5,284
2026-02-06 12:00:00,64.0,22.1,46,0.0,1019.9,11.6,292
2026-02-06 13:00:00,59.0,22.8,42,0.0,1018.8,13.9,300
2026-02-06 14:00:00,48.0,23.0,42,0.0,1017.9,13.4,302
2026-02-06 15:00:00,68.0,22.7,46,0.0,1017.3,12.6,303
2026-02-06 16:00:00,60.0,22.1,48,0.0,1017.1,11.8,297
2026-02-06 17:00:00,59.0,20.9,53,0.0,1016.9,9.2,298
2026-02-06 18:00:00,80.0,19.0,62,0.0,1017.3,7.1,297
2026-02-06 19:00:00,104.0,18.0,69,0.0,1017.7,7.1,289
2026-02-06 20:00:00,141.0,17.5,70,0.0,1018.3,7.7,291
2026-02-06 21:00:00,184.0,17.1,69,0.0,1018.5,8.1,294
2026-02-06 22:00:00,201.0,16.7,69,0.0,1018.6,8.5,297
2026-02-06 23:00:00,182.0,16.3,71,0.0,1018.6,9.0,308
2026-02-07 00:00:00,168.0,15.7,72,0.0,1018.1,8.2,310
2026-02-07 01:00:00,164.0,15.0,75,0.0,1017.9,7.3,298
2026-02-07 02:00:00,136.0,14.4,77,0.0,1017.6,7.1,285
2026-02-07 03:00:00,117.0,13.8,79,0.0,1017.1,7.6,278
2026-02-07 04:00:00,111.0,13.3,81,0.0,1016.6,8.1,273
2026-02-07 05:00:00,106.0,13.2,83,0.0,1016.9,8.8,279
2026-02-07 06:00:00,104.0,12.8,84,0.0,1017.3,8.8,285
2026-02-07 07:00:00,104.0,12.8,84,0.0,1017.7,9.2,282
2026-02-07 08:00:00,94.0,14.3,78,0.0,1018.3,9.7,280
2026-02-07 09:00:00,104.0,16.3,71,0.0,1018.8,7.8,278
2026-02-07 10:00:00,89.0,18.7,63,0.0,1018.6,8.4,285
2026-02-07 11:00:00,89.0,21.0,55,0.0,1018.1,9.7,289
2026-02-07 12:00:00,83.0,22.7,49,0.0,1017.2,11.0,298
2026-02-07 13:00:00,71.0,23.6,44,0.0,1016.0,12.0,298
2026-02-07 14:00:00,71.0,24.1,43,0.0,1015.0,13.6,296
2026-02-07 15:00:00,68.0,24.0,41,0.0,1014.6,14.7,297
2026-02-07 16:00:00,82.0,23.3,45,0.0,1014.6,13.9,299
2026-02-07 17:00:00,79.0,22.2,49,0.0,1014.2,10.0,296
2026-02-07 18:00:00,94.0,20.8,56,0.0,1014.6,8.2,285
2026-02-07 19:00:00,118.0,19.8,61,0.0,1015.0,7.3,279
2026-02-07 20:00:00,150.0,19.0,62,0.0,1015.7,8.3,294
2026-02-07 21:00:00,150.0,18.1,65,0.0,1016.4,8.4,313
2026-02-07 22:00:00,126.0,17.3,71,0.0,1016.7,9.3,323
2026-02-07 23:00:00,101.0,16.8,76,0.0,1016.6,9.3,328
2026-02-08 00:00:00,82.0,16.0,75,0.0,1016.2,8.1,323
2026-02-08 01:00:00,79.0,15.4,72,0.0,1016.2,7.6,322
2026-02-08 02:00:00,91.0,14.7,71,0.0,1016.1,6.8,312
2026-02-08 03:00:00,91.0,14.0,72,0.0,1016.0,7.2,309
2026-02-08 04:00:00,115.0,13.3,73,0.0,1015.5,6.5,293
2026-02-08 05:00:00,109.0,12.8,75,0.0,1015.4,6.8,288
2026-02-08 06:00:00,105.0,12.1,77,0.0,1015.7,7.4,283
2026-02-08 07:00:00,111.0,11.8,76,0.0,1016.2,8.4,280
2026-02-08 08:00:00,112.0,13.3,70,0.0,1016.6,9.1,279
2026-02-08 09:00:00,92.0,15.6,60,0.0,1017.5,5.9,284
2026-02-08 10:00:00,76.0,18.3,48,0.0,1017.9,6.4,281
2026-02-08 11:00:00,60.0,21.1,39,0.0,1017.4,8.9,284
2026-02-08 12:00:00,51.0,22.6,33,0.0,1016.9,10.8,294
2026-02-08 13:00:00,43.0,23.4,29,0.0,1015.8,11.5,297
2026-02-08 14:00:00,49.0,23.6,30,0.0,1014.9,11.1,301
2026-02-08 15:00:00,48.0,23.2,32,0.0,1014.3,10.6,309
2026-02-08 16:00:00,51.0,22.5,35,0.0,1014.0,9.8,310
2026-02-08 17:00:00,45.0,21.3,39,0.0,1013.8,8.0,308
2026-02-08 18:00:00,59.0,19.9,43,0.0,1013.9,4.9,294
2026-02-08 19:00:00,74.0,19.0,48,0.0,1014.5,5.1,274
2026-02-08 20:00:00,101.0,18.2,52,0.0,1015.0,5.6,272
2026-02-08 21:00:00,147.0,17.5,55,0.0,1015.2,5.1,276
2026-02-08 22:00:00,170.0,16.4,59,0.0,1015.0,4.6,296
2026-02-08 23:00:00,168.0,16.3,64,0.0,1015.4,4.6,281
2026-02-09 00:00:00,155.0,15.2,67,0.0,1015.0,4.2,282
2026-02-09 01:00:00,122.0,14.4,70,0.0,1014.7,3.0,295
2026-02-09 02:00:00,123.0,13.5,74,0.0,1014.8,2.6,309
2026-02-09 03:00:00,118.0,12.4,80,0.0,1014.4,3.2,322
2026-02-09 04:00:00,116.0,11.5,84,0.0,1013.8,3.3,299
2026-02-09 05:00:00,132.0,11.4,90,0.0,1014.1,3.7,256
2026-02-09 06:00:00,143.0,11.6,87,0.0,1014.8,3.2,251
2026-02-09 07:00:00,155.0,12.0,83,0.0,1015.6,3.3,264
2026-02-09 08:00:00,145.0,13.4,75,0.0,1016.6,3.1,257
2026-02-09 09:00:00,132.0,16.3,62,0.0,1017.5,0.9,143
2026-02-09 10:00:00,132.0,19.1,48,0.0,1018.1,1.9,119
2026-02-09 11:00:00,128.0,21.5,37,0.0,1017.7,3.9,118
2026-02-09 12:00:00,110.0,23.2,31,0.0,1017.0,4.4,120
2026-02-09 13:00:00,78.0,23.9,31,0.0,1015.9,5.0,128
2026-02-09 14:00:00,80.0,24.1,31,0.0,1014.9,6.1,120
2026-02-09 15:00:00,79.0,24.0,32,0.0,1014.6,6.0,119
2026-02-09 16:00:00,71.0,23.5,35,0.0,1014.6,6.7,114
2026-02-09 17:00:00,72.0,22.6,35,0.0,1014.2,6.6,123
2026-02-09 18:00:00,73.0,20.7,45,0.0,1014.6,4.8,124
2026-02-09 19:00:00,111.0,19.2,53,0.0,1015.5,3.9,114
2026-02-09 20:00:00,123.0,18.2,58,0.0,1016.0,4.2,108
2026-02-09 21:00:00,146.0,17.6,60,0.0,1016.3,5.5,113
2026-02-09 22:00:00,130.0,16.5,63,0.0,1016.3,4.5,127
2026-02-09 23:00:00,117.0,15.7,67,0.0,1016.0,6.1,130
2026-02-10 00:00:00,130.0,14.9,71,0.0,1015.8,5.0,125
2026-02-10 01:00:00,149.0,14.2,74,0.0,1015.5,4.3,114
2026-02-10 02:00:00,165.0,13.4,77,0.0,1015.2,4.0,80
2026-02-10 03:00:00,175.0,12.9,80,0.0,1014.9,4.2,78
2026-02-10 04:00:00,160.0,12.4,84,0.0,1014.6,4.2,78
2026-02-10 05:00:00,160.0,12.1,89,0.0,1015.3,4.3,132
2026-02-10 06:00:00,150.0,11.8,90,0.0,1015.8,4.2,137
2026-02-10 07:00:00,167.0,11.7,90,0.0,1016.8,4.4,148
2026-02-10 08:00:00,173.0,13.4,80,0.0,1017.6,4.6,126
2026-02-10 09:00:00,185.0,16.3,66,0.0,1018.1,3.1,121
2026-02-10 10:00:00,99.0,19.6,54,0.0,1018.2,4.1,139
2026-02-10 11:00:00,63.0,22.3,44,0.0,1018.0,5.6,159
2026-02-10 12:00:00,57.0,24.5,38,0.0,1017.3,5.4,172
2026-02-10 13:00:00,59.0,25.9,33,0.0,1016.2,4.7,171
2026-02-10 14:00:00,65.0,26.7,30,0.0,1015.0,3.2,164
2026-02-10 15:00:00,61.0,27.1,27,0.0,1014.6,1.7,103
2026-02-10 16:00:00,69.0,26.3,29,0.0,1014.6,5.4,48
2026-02-10 17:00:00,78.0,23.8,45,0.0,1015.1,8.9,48
2026-02-10 18:00:00,96.0,22.5,51,0.0,1015.8,5.3,52
2026-02-10 19:00:00,111.0,21.4,56,0.0,1016.8,3.2,63
2026-02-10 20:00:00,138.0,20.2,62,0.0,1017.8,3.8,73
2026-02-10 21:00:00,136.0,19.1,66,0.0,1018.5,3.6,87
2026-02-10 22:00:00,124.0,18.1,70,0.0,1018.9,4.6,77
2026-02-10 23:00:00,136.0,17.5,75,0.0,1018.8,3.9,112
2026-02-11 00:00:00,140.0,16.5,79,0.0,1018.6,3.3,135
2026-02-11 01:00:00,159.0,16.1,81,0.0,1018.4,1.1,99
2026-02-11 02:00:00,169.0,15.4,84,0.0,1018.1,2.2,351
2026-02-11 03:00:00,185.0,15.0,86,0.0,1018.2,3.8,343
2026-02-11 04:00:00,304.0,14.6,87,0.0,1017.8,3.7,313
2026-02-11 05:00:00,276.0,15.3,80,0.0,1018.2,4.8,257
2026-02-11 06:00:00,246.0,14.7,82,0.0,1018.7,4.0,265
2026-02-11 07:00:00,262.0,15.0,80,0.0,1019.5,3.8,273
2026-02-11 08:00:00,204.0,16.8,72,0.0,1020.0,4.7,298
2026-02-11 09:00:00,194.0,19.6,60,0.0,1021.0,4.1,285
2026-02-11 10:00:00,151.0,22.6,47,0.0,1021.4,5.7,316
2026-02-11 11:00:00,114.0,24.8,38,0.0,1020.7,7.9,315
2026-02-11 12:00:00,108.0,26.0,36,0.0,1019.7,8.7,326
2026-02-11 13:00:00,75.0,26.5,35,0.0,1018.8,9.7,333
2026-02-11 14:00:00,73.0,26.7,34,0.0,1018.1,10.6,332
2026-02-11 15:00:00,60.0,26.4,36,0.0,1017.8,11.2,332
2026-02-11 16:00:00,67.0,25.6,39,0.0,1017.6,11.0,330
2026-02-11 17:00:00,58.0,24.5,40,0.0,1017.5,10.6,330
2026-02-11 18:00:00,53.0,23.0,49,0.0,1018.1,8.1,325
2026-02-11 19:00:00,86.0,22.0,55,0.0,1018.7,8.2,322
2026-02-11 20:00:00,101.0,20.8,59,0.0,1018.9,8.4,326
2026-02-11 21:00:00,102.0,19.7,60,0.0,1019.2,8.9,331
2026-02-11 22:00:00,91.0,18.7,61,0.0,1019.1,9.1,330
2026-02-11 23:00:00,86.0,18.1,64,0.0,1019.1,9.9,333
2026-02-12 00:00:00,75.0,17.3,65,0.0,1018.7,9.2,325
2026-02-12 01:00:00,95.0,16.7,66,0.0,1018.8,8.3,319
2026-02-12 02:00:00,85.0,16.1,66,0.0,1018.6,7.0,310
2026-02-12 03:00:00,81.0,15.5,65,0.0,1018.1,7.2,307
2026-02-12 04:00:00,87.0,14.9,65,0.0,1017.5,7.3,298
2026-02-12 05:00:00,77.0,14.7,72,0.0,1018.0,8.2,289
2026-02-12 06:00:00,80.0,13.8,77,0.0,1018.4,6.6,287
2026-02-12 07:00:00,89.0,13.3,79,0.0,1018.7,6.6,279
2026-02-12 08:00:00,91.0,14.7,72,0.0,1019.5,7.0,273
2026-02-12 09:00:00,79.0,17.2,62,0.0,1020.2,6.5,276
2026-02-12 10:00:00,79.0,19.9,51,0.0,1020.6,6.9,279
2026-02-12 11:00:00,69.0,22.5,42,0.0,1020.2,8.5,288
2026-02-12 12:00:00,48.0,24.2,33,0.0,1019.1,11.0,293
2026-02-12 13:00:00,42.0,25.1,28,0.0,1018.1,11.4,296
2026-02-12 14:00:00,48.0,25.3,26,0.0,1017.3,11.2,300
2026-02-12 15:00:00,44.0,25.1,28,0.0,1016.9,10.3,308
2026-02-12 16:00:00,38.0,24.3,30,0.0,1016.7,9.7,317
2026-02-12 17:00:00,43.0,22.8,38,0.0,1016.5,10.1,316
2026-02-12 18:00:00,38.0,21.5,43,0.0,1016.6,6.7,306
2026-02-12 19:00:00,82.0,20.5,48,0.0,1016.9,4.8,297
2026-02-12 20:00:00,102.0,19.6,53,0.0,1017.4,4.4,291
2026-02-12 21:00:00,92.0,18.6,57,0.0,1017.6,4.2,280
2026-02-12 22:00:00,103.0,17.8,59,0.0,1017.3,4.0,280
2026-02-12 23:00:00,133.0,17.8,58,0.0,1016.9,4.9,280
2026-02-13 00:00:00,129.0,17.2,59,0.0,1016.8,5.3,294
2026-02-13 01:00:00,135.0,16.9,58,0.0,1016.4,6.9,285
2026-02-13 02:00:00,121.0,16.0,60,0.0,1015.9,6.4,286
2026-02-13 03:00:00,116.0,15.3,62,0.0,1015.8,6.6,299
2026-02-13 04:00:00,106.0,14.4,65,0.0,1015.1,4.9,298
2026-02-13 05:00:00,110.0,13.8,73,0.0,1015.5,5.6,292
2026-02-13 06:00:00,106.0,13.2,75,0.0,1015.7,4.9,287
2026-02-13 07:00:00,108.0,13.0,75,0.0,1016.3,5.8,268
2026-02-13 08:00:00,112.0,14.6,67,0.0,1016.9,6.1,246
2026-02-13 09:00:00,86.0,17.4,55,0.0,1017.6,5.5,247
2026-02-13 10:00:00,65.0,20.4,43,0.0,1017.8,6.8,253
2026-02-13 11:00:00,43.0,22.9,35,0.0,1017.7,9.0,272
2026-02-13 12:00:00,38.0,24.5,29,0.0,1016.8,7.6,285
2026-02-13 13:00:00,32.0,25.5,27,0.0,1015.9,7.2,298
2026-02-13 14:00:00,34.0,25.7,27,0.0,1015.1,6.9,315
2026-02-13 15:00:00,35.0,25.6,29,0.0,1014.8,6.9,321
2026-02-13 16:00:00,37.0,25.0,31,0.0,1014.3,6.2,322
2026-02-13 17:00:00,41.0,23.8,32,0.0,1014.3,6.4,324
2026-02-13 18:00:00,62.0,22.3,37,0.0,1014.7,4.1,319
2026-02-13 19:00:00,77.0,21.1,42,0.0,1015.4,3.1,298
2026-02-13 20:00:00,83.0,20.3,46,0.0,1016.0,1.1,261
2026-02-13 21:00:00,86.0,19.4,56,0.0,1016.4,0.2,180
2026-02-13 22:00:00,114.0,18.3,52,0.0,1016.4,0.8,117
2026-02-13 23:00:00,155.0,18.2,63,0.0,1016.5,0.9,307
2026-02-14 00:00:00,166.0,17.2,62,0.0,1016.1,1.8,315
2026-02-14 01:00:00,193.0,16.7,65,0.0,1015.9,2.5,339
2026-02-14 02:00:00,198.0,15.6,69,0.0,1015.4,4.2,317
2026-02-14 03:00:00,181.0,14.8,72,0.0,1015.1,4.7,302
2026-02-14 04:00:00,174.0,13.9,74,0.0,1014.6,4.6,296
2026-02-14 05:00:00,188.0,13.1,84,0.0,1014.9,3.2,304
2026-02-14 06:00:00,203.0,13.0,83,0.0,1015.3,4.0,275
2026-02-14 07:00:00,177.0,13.4,79,0.0,1015.8,6.0,265
2026-02-14 08:00:00,87.0,15.2,69,0.0,1016.4,7.5,260
2026-02-14 09:00:00,69.0,18.4,54,0.0,1017.0,5.2,256
2026-02-14 10:00:00,69.0,21.9,40,0.0,1016.8,5.9,259
2026-02-14 11:00:00,62.0,24.4,31,0.0,1016.3,7.6,270
2026-02-14 12:00:00,67.0,26.1,26,0.0,1015.4,7.6,285
2026-02-14 13:00:00,58.0,26.9,25,0.0,1014.5,9.0,300
2026-02-14 14:00:00,56.0,27.2,24,0.0,1013.8,10.5,309
2026-02-14 15:00:00,35.0,26.8,28,0.0,1013.5,10.9,310
2026-02-14 16:00:00,62.0,26.1,30,0.0,1013.0,10.3,305
2026-02-14 17:00:00,58.0,25.0,33,0.0,1013.0,9.7,309
2026-02-14 18:00:00,64.0,23.6,37,0.0,1013.2,6.2,300
2026-02-14 19:00:00,83.0,22.7,42,0.0,1013.8,4.6,281
2026-02-14 20:00:00,111.0,21.4,47,0.0,1014.0,3.5,282
2026-02-14 21:00:00,125.0,20.6,51,0.0,1014.2,3.9,292
2026-02-14 22:00:00,164.0,20.0,54,0.0,1014.0,4.7,317
2026-02-14 23:00:00,177.0,20.0,57,0.0,1014.4,5.3,325
2026-02-15 00:00:00,162.0,18.2,64,0.0,1014.1,4.4,302
2026-02-15 01:00:00,157.0,17.1,70,0.0,1013.7,4.0,302
2026-02-15 02:00:00,159.0,16.2,73,0.0,1013.7,4.2,295
2026-02-15 03:00:00,141.0,15.7,73,0.0,1013.5,4.6,288
2026-02-15 04:00:00,101.0,15.3,74,0.0,1013.4,5.5,281
2026-02-15 05:00:00,73.0,14.9,81,0.0,1013.4,5.2,274
2026-02-15 06:00:00,74.0,14.8,81,0.0,1014.2,5.8,284
2026-02-15 07:00:00,74.0,14.9,80,0.0,1014.7,6.2,282
2026-02-15 08:00:00,84.0,16.8,70,0.0,1015.1,7.2,270
2026-02-15 09:00:00,100.0,19.9,57,0.0,1015.9,5.4,274
2026-02-15 10:00:00,84.0,23.1,46,0.0,1015.8,6.9,275
2026-02-15 11:00:00,79.0,25.6,38,0.0,1015.4,9.3,279
2026-02-15 12:00:00,70.0,27.2,31,0.0,1014.8,10.5,282
2026-02-15 13:00:00,51.0,28.1,26,0.0,1013.7,11.1,286
2026-02-15 14:00:00,45.0,28.5,23,0.0,1013.1,11.4,294
2026-02-15 15:00:00,48.0,28.3,22,0.0,1012.6,11.5,301
2026-02-15 16:00:00,45.0,27.7,23,0.0,1012.3,11.2,302
2026-02-15 17:00:00,52.0,26.7,25,0.0,1012.6,8.7,300
2026-02-15 18:00:00,58.0,24.4,33,0.0,1013.0,4.0,321
2026-02-15 19:00:00,72.0,22.8,43,0.0,1013.4,2.9,353
2026-02-15 20:00:00,84.0,21.8,50,0.0,1013.8,1.3,56
2026-02-15 21:00:00,128.0,20.7,56,0.0,1014.2,2.7,90
2026-02-15 22:00:00,116.0,19.8,61,0.0,1014.4,1.0,135
2026-02-15 23:00:00,111.0,19.4,62,0.0,1014.4,0.5,180
2026-02-16 00:00:00,113.0,18.3,62,0.0,1014.1,1.5,173
2026-02-16 01:00:00,109.0,17.9,62,0.0,1013.8,1.1,198
2026-02-16 02:00:00,132.0,17.5,64,0.0,1013.2,0.5,360
2026-02-16 03:00:00,150.0,16.2,70,0.0,1012.9,1.9,331
2026-02-16 04:00:00,152.0,15.2,76,0.0,1012.6,4.7,274
2026-02-16 05:00:00,151.0,14.7,85,0.0,1013.1,4.8,248
2026-02-16 06:00:00,146.0,14.5,85,0.0,1013.4,4.5,254
2026-02-16 07:00:00,142.0,14.6,84,0.0,1014.2,4.9,246
2026-02-16 08:00:00,147.0,16.9,72,0.0,1014.8,4.3,268
2026-02-16 09:00:00,98.0,21.0,54,0.0,1015.5,2.3,238
2026-02-16 10:00:00,63.0,24.4,40,0.0,1015.7,2.4,222
2026-02-16 11:00:00,42.0,26.4,33,0.0,1015.3,1.2,117
2026-02-16 12:00:00,40.0,28.6,25,0.0,1014.5,1.9,61
2026-02-16 13:00:00,51.0,29.5,22,0.0,1013.2,3.2,34
2026-02-16 14:00:00,99.0,29.8,21,0.0,1011.9,5.7,24
2026-02-16 15:00:00,115.0,29.3,24,0.0,1011.3,9.1,25
2026-02-16 16:00:00,114.0,27.4,33,0.0,1011.3,13.1,42
2026-02-16 17:00:00,99.0,25.5,38,0.0,1011.4,9.5,91
2026-02-16 18:00:00,91.0,24.4,41,0.0,1011.6,7.2,96
2026-02-16 19:00:00,102.0,23.6,45,0.0,1012.2,6.0,107
2026-02-16 20:00:00,110.0,22.5,49,0.0,1012.8,6.0,115
2026-02-16 21:00:00,121.0,21.6,53,0.0,1013.6,6.2,126
2026-02-16 22:00:00,111.0,20.6,58,0.0,1013.7,4.3,118
2026-02-16 23:00:00,116.0,20.0,62,0.0,1014.0,6.3,127
2026-02-17 00:00:00,116.0,18.9,66,0.0,1014.1,5.8,99
2026-02-17 01:00:00,111.0,17.9,69,0.0,1014.3,4.9,107
2026-02-17 02:00:00,107.0,17.2,71,0.0,1014.1,6.5,85
2026-02-17 03:00:00,108.0,16.5,74,0.0,1014.3,6.9,115
2026-02-17 04:00:00,103.0,15.9,77,0.0,1014.3,7.5,105
2026-02-17 05:00:00,108.0,16.0,74,0.0,1014.7,8.7,117
2026-02-17 06:00:00,106.0,15.6,76,0.0,1015.2,8.5,125
2026-02-17 07:00:00,121.0,15.6,77,0.0,1015.9,8.3,129
2026-02-17 08:00:00,115.0,17.1,70,0.0,1016.6,6.4,112
2026-02-17 09:00:00,83.0,19.8,59,0.0,1017.3,6.8,119
2026-02-17 10:00:00,58.0,22.8,48,0.0,1017.1,8.3,124
2026-02-17 11:00:00,42.0,25.6,38,0.0,1016.5,10.4,135
2026-02-17 12:00:00,33.0,27.6,32,0.0,1015.9,8.8,147
2026-02-17 13:00:00,39.0,28.6,28,0.0,1014.8,7.7,147
2026-02-17 14:00:00,40.0,29.1,26,0.0,1013.5,7.5,138
2026-02-17 15:00:00,39.0,28.9,27,0.0,1012.8,8.2,130
2026-02-17 16:00:00,36.0,28.1,31,0.0,1012.6,9.9,132
2026-02-17 17:00:00,40.0,26.7,35,0.0,1012.6,11.8,128
2026-02-17 18:00:00,53.0,25.0,45,0.0,1013.0,7.9,137
2026-02-17 19:00:00,74.0,23.9,51,0.0,1013.6,3.9,146
2026-02-17 20:00:00,93.0,22.7,57,0.0,1014.3,3.2,128
2026-02-17 21:00:00,85.0,21.7,63,0.0,1014.5,3.9,118
2026-02-17 22:00:00,81.0,20.7,67,0.0,1014.4,3.9,124
2026-02-17 23:00:00,91.0,19.8,74,0.0,1014.5,2.4,77
2026-02-18 00:00:00,126.0,18.9,77,0.0,1013.8,3.1,87
2026-02-18 01:00:00,106.0,18.2,80,0.0,1013.9,3.2,87
2026-02-18 02:00:00,99.0,17.7,80,0.0,1013.6,5.2,96
2026-02-18 03:00:00,111.0,16.8,83,0.0,1013.9,0.9,127
2026-02-18 04:00:00,116.0,16.9,83,0.0,1014.0,2.1,329
2026-02-18 05:00:00,116.0,17.7,83,0.0,1014.8,9.7,299
2026-02-18 06:00:00,178.0,18.6,78,0.0,1015.5,5.4,276
2026-02-18 07:00:00,161.0,18.3,79,0.0,1016.6,8.3,319
2026-02-18 08:00:00,148.0,18.0,80,0.1,1017.6,5.1,333
2026-02-18 09:00:00,133.0,17.9,80,0.1,1018.1,5.4,360
2026-02-18 10:00:00,68.0,19.0,73,0.0,1018.5,2.3,113
2026-02-18 11:00:00,61.0,19.1,75,0.1,1018.3,3.9,28
2026-02-18 12:00:00,50.0,21.7,56,0.0,1018.1,5.6,345
2026-02-18 13:00:00,44.0,23.4,42,0.0,1017.1,9.5,350
2026-02-18 14:00:00,35.0,23.8,40,0.0,1016.3,11.1,344
2026-02-18 15:00:00,39.0,22.8,46,0.0,1015.8,9.7,350
2026-02-18 16:00:00,44.0,21.7,53,0.0,1015.5,6.1,19
2026-02-18 17:00:00,42.0,18.3,75,0.0,1015.1,2.7,332
2026-02-18 18:00:00,43.0,18.1,79,0.0,1015.7,4.2,320
2026-02-18 19:00:00,55.0,17.9,81,0.0,1015.8,2.7,62
2026-02-18 20:00:00,53.0,17.2,84,0.0,1016.2,1.6,354
2026-02-18 21:00:00,58.0,17.1,84,0.0,1016.6,0.4,207
2026-02-18 22:00:00,67.0,16.8,87,0.0,1017.0,3.2,117
2026-02-18 23:00:00,71.0,17.0,91,0.0,1016.7,1.0,45
2026-02-19 00:00:00,80.0,16.8,92,0.0,1016.7,2.1,340
2026-02-19 01:00:00,81.0,16.4,94,0.0,1016.9,4.1,13
2026-02-19 02:00:00,75.0,15.3,95,0.0,1016.8,3.2,344
2026-02-19 03:00:00,82.0,14.6,97,0.0,1016.7,3.1,329
2026-02-19 04:00:00,87.0,14.6,95,0.0,1016.7,5.4,330
2026-02-19 05:00:00,107.0,14.8,85,0.0,1016.4,8.1,354
2026-02-19 06:00:00,97.0,14.5,85,0.0,1017.1,4.9,336
2026-02-19 07:00:00,145.0,14.8,83,0.0,1017.7,5.7,323
2026-02-19 08:00:00,180.0,16.7,75,0.0,1018.3,4.6,296
2026-02-19 09:00:00,105.0,19.9,62,0.0,1018.7,2.7,312
2026-02-19 10:00:00,54.0,22.8,48,0.0,1018.9,3.0,346
2026-02-19 11:00:00,43.0,24.6,39,0.0,1018.5,1.6,6
2026-02-19 12:00:00,45.0,26.3,33,0.0,1017.8,3.1,50
2026-02-19 13:00:00,79.0,26.7,31,0.0,1016.8,1.6,27
2026-02-19 14:00:00,85.0,26.9,30,0.0,1016.0,1.3,45
2026-02-19 15:00:00,103.0,26.8,28,0.0,1015.7,0.6,326
2026-02-19 16:00:00,88.0,25.8,30,0.0,1015.8,5.5,161
2026-02-19 17:00:00,73.0,24.3,49,0.0,1015.7,6.5,360
2026-02-19 18:00:00,78.0,23.6,52,0.0,1016.2,3.5,282
2026-02-19 19:00:00,72.0,22.9,57,0.0,1017.0,6.7,336
2026-02-19 20:00:00,90.0,21.9,63,0.0,1017.8,4.8,338
2026-02-19 21:00:00,105.0,20.8,66,0.0,1018.3,5.4,318
2026-02-19 22:00:00,100.0,19.8,70,0.0,1018.3,6.4,320
2026-02-19 23:00:00,113.0,19.1,78,0.0,1018.8,6.4,349
2026-02-20 00:00:00,109.0,17.9,84,0.0,1018.9,4.9,10
2026-02-20 01:00:00,109.0,17.3,87,0.0,1018.8,3.9,336
2026-02-20 02:00:00,103.0,16.8,89,0.0,1018.5,5.1,337
2026-02-20 03:00:00,87.0,16.5,89,0.0,1018.3,4.4,333
2026-02-20 04:00:00,91.0,16.0,89,0.0,1018.2,4.5,346
2026-02-20 05:00:00,101.0,15.3,95,0.0,1018.3,6.3,342
2026-02-20 06:00:00,109.0,15.4,93,0.0,1018.8,5.9,337
2026-02-20 07:00:00,141.0,15.5,90,0.0,1019.5,6.0,327
2026-02-20 08:00:00,152.0,17.3,80,0.0,1020.5,4.2,317
2026-02-20 09:00:00,154.0,20.3,65,0.0,1021.1,2.8,325
2026-02-20 10:00:00,102.0,23.5,49,0.0,1021.3,3.5,339
2026-02-20 11:00:00,90.0,25.7,39,0.0,1020.5,5.0,319
2026-02-20 12:00:00,64.0,27.5,33,0.0,1019.7,5.0,316
2026-02-20 13:00:00,72.0,28.2,31,0.0,1018.5,6.2,314
2026-02-20 14:00:00,83.0,28.3,32,0.0,1017.4,8.3,312
2026-02-20 15:00:00,58.0,28.1,31,0.0,1016.6,10.0,311
2026-02-20 16:00:00,51.0,27.2,34,0.0,1016.3,10.9,310
2026-02-20 17:00:00,53.0,26.0,37,0.0,1015.7,10.4,304
2026-02-20 18:00:00,49.0,24.5,45,0.0,1016.1,7.8,312
2026-02-20 19:00:00,64.0,23.4,52,0.0,1016.6,6.5,312
2026-02-20 20:00:00,76.0,22.4,57,0.0,1016.8,4.5,293
2026-02-20 21:00:00,98.0,21.5,60,0.0,1016.8,4.5,272
2026-02-20 22:00:00,111.0,20.7,61,0.0,1016.4,4.5,270
2026-02-20 23:00:00,124.0,20.5,62,0.0,1016.2,5.4,276
2026-02-21 00:00:00,131.0,19.7,63,0.0,1016.0,6.0,286
2026-02-21 01:00:00,126.0,18.9,65,0.0,1015.8,6.1,294
2026-02-21 02:00:00,118.0,18.0,68,0.0,1015.2,5.7,294
2026-02-21 03:00:00,118.0,17.4,71,0.0,1014.8,5.2,274
2026-02-21 04:00:00,108.0,16.9,73,0.0,1014.7,6.5,276
2026-02-21 05:00:00,105.0,16.3,81,0.0,1014.4,7.7,271
2026-02-21 06:00:00,108.0,16.0,83,0.0,1014.6,6.9,275
2026-02-21 07:00:00,110.0,16.0,83,0.0,1015.2,7.4,273
2026-02-21 08:00:00,109.0,17.6,74,0.0,1015.7,5.6,276
2026-02-21 09:00:00,125.0,20.4,62,0.0,1016.1,5.8,277
2026-02-21 10:00:00,128.0,23.3,52,0.0,1016.0,6.3,285
2026-02-21 11:00:00,113.0,25.4,46,0.0,1015.6,8.4,295
2026-02-21 12:00:00,97.0,26.6,41,0.0,1014.7,10.2,300
2026-02-21 13:00:00,87.0,27.3,37,0.0,1013.6,10.5,307
2026-02-21 14:00:00,65.0,27.6,36,0.0,1012.2,11.0,311
2026-02-21 15:00:00,64.0,27.4,37,0.0,1011.4,11.0,312
2026-02-21 16:00:00,77.0,26.8,37,0.0,1010.7,10.5,309
2026-02-21 17:00:00,75.0,25.9,37,0.0,1010.2,9.6,300
2026-02-21 18:00:00,77.0,24.6,42,0.0,1010.6,6.7,297
2026-02-21 19:00:00,88.0,23.6,47,0.0,1010.9,5.3,288
2026-02-21 20:00:00,110.0,22.5,53,0.0,1010.9,4.6,279
2026-02-21 21:00:00,120.0,21.4,57,0.0,1011.2,4.2,277
2026-02-21 22:00:00,150.0,20.9,59,0.0,1010.8,3.4,295
2026-02-21 23:00:00,163.0,20.6,67,0.0,1010.8,4.2,290
2026-02-22 00:00:00,164.0,19.4,69,0.0,1010.6,5.2,274
2026-02-22 01:00:00,161.0,18.5,72,0.0,1010.4,5.3,278
2026-02-22 02:00:00,151.0,17.4,76,0.0,1009.9,4.6,281
2026-02-22 03:00:00,155.0,16.5,80,0.0,1009.5,4.0,273
2026-02-22 04:00:00,153.0,16.0,81,0.0,1009.4,5.1,262
2026-02-22 05:00:00,144.0,15.8,83,0.0,1009.7,5.2,258
2026-02-22 06:00:00,140.0,15.5,83,0.0,1010.1,5.2,264
2026-02-22 07:00:00,125.0,15.7,81,0.0,1010.7,6.0,260
2026-02-22 08:00:00,129.0,18.0,70,0.0,1011.3,5.5,259
2026-02-22 09:00:00,111.0,21.6,55,0.0,1011.6,3.3,257
2026-02-22 10:00:00,79.0,24.9,41,0.0,1011.8,4.2,260
2026-02-22 11:00:00,59.0,26.9,30,0.0,1011.3,6.1,267
2026-02-22 12:00:00,45.0,27.9,26,0.0,1010.7,6.4,286
2026-02-22 13:00:00,31.0,28.5,24,0.0,1009.8,6.8,295
2026-02-22 14:00:00,40.0,28.7,24,0.0,1008.8,7.9,297
2026-02-22 15:00:00,38.0,28.5,25,0.0,1008.3,8.5,297
2026-02-22 16:00:00,48.0,27.8,26,0.0,1008.1,8.9,304
2026-02-22 17:00:00,44.0,26.6,35,0.0,1008.0,8.3,316
2026-02-22 18:00:00,57.0,24.9,43,0.0,1008.4,5.1,324
2026-02-22 19:00:00,73.0,23.6,51,0.0,1009.2,3.8,335
2026-02-22 20:00:00,140.0,22.3,59,0.0,1009.8,3.8,357
2026-02-22 21:00:00,89.0,20.8,67,0.0,1010.0,3.4,25
2026-02-22 22:00:00,117.0,19.6,71,0.0,1010.0,3.0,57
2026-02-22 23:00:00,125.0,19.4,76,0.0,1009.7,1.2,117
2026-02-23 00:00:00,132.0,18.7,77,0.0,1009.4,0.4,207
2026-02-23 01:00:00,111.0,18.5,78,0.0,1009.0,0.0,270
2026-02-23 02:00:00,112.0,17.9,79,0.0,1008.8,0.3,45
2026-02-23 03:00:00,109.0,17.4,81,0.0,1008.5,0.6,288
2026-02-23 04:00:00,111.0,16.5,85,0.0,1008.5,2.7,274
2026-02-23 05:00:00,106.0,16.0,86,0.0,1008.8,2.7,233
2026-02-23 06:00:00,113.0,15.6,87,0.0,1009.3,2.9,240
2026-02-23 07:00:00,123.0,16.0,84,0.0,1010.3,3.6,240
2026-02-23 08:00:00,147.0,18.7,69,0.0,1011.3,2.4,234
2026-02-23 09:00:00,147.0,22.1,55,0.0,1012.0,0.0,270
2026-02-23 11:00:00,56.0,26.7,32,0.0,1011.8,1.8,259
2026-02-23 12:00:00,68.0,28.8,25,0.0,1010.9,3.7,313
2026-02-23 13:00:00,47.0,29.6,21,0.0,1010.0,7.3,324
2026-02-23 14:00:00,55.0,29.6,20,0.0,1009.2,10.4,326
2026-02-23 15:00:00,45.0,29.1,22,0.0,1008.8,11.9,326
2026-02-23 16:00:00,43.0,28.2,24,0.0,1008.4,12.2,329
2026-02-23 17:00:00,30.0,27.3,31,0.0,1008.5,8.9,342
2026-02-23 18:00:00,40.0,25.4,40,0.0,1009.0,7.5,352
2026-02-23 19:00:00,60.0,23.9,46,0.0,1009.6,3.6,3
2026-02-23 20:00:00,107.0,22.4,52,0.0,1010.5,3.0,38
2026-02-23 21:00:00,81.0,21.4,57,0.0,1011.1,2.2,35
2026-02-23 22:00:00,96.0,20.5,59,0.0,1011.2,1.8,360
2026-02-23 23:00:00,113.0,19.7,65,0.0,1011.3,3.4,335
2026-02-24 00:00:00,125.0,18.9,68,0.0,1011.0,1.9,326
2026-02-24 01:00:00,130.0,18.0,71,0.0,1010.9,3.6,315
2026-02-24 02:00:00,143.0,17.7,72,0.0,1010.5,2.5,300
2026-02-24 03:00:00,148.0,16.9,76,0.0,1010.4,4.2,320
2026-02-24 04:00:00,134.0,16.4,78,0.0,1010.3,4.3,327
2026-02-24 05:00:00,124.0,16.2,82,0.0,1010.5,4.5,326
2026-02-24 06:00:00,123.0,15.9,83,0.0,1011.0,3.3,311
2026-02-24 07:00:00,130.0,16.4,82,0.0,1012.4,0.6,252
2026-02-24 08:00:00,209.0,18.6,70,0.0,1013.4,1.5,144
2026-02-24 09:00:00,143.0,21.8,57,0.0,1013.9,1.5,150
2026-02-24 10:00:00,103.0,24.7,44,0.0,1014.0,2.0,180
2026-02-24 11:00:00,91.0,26.5,35,0.0,1013.7,2.6,258
2026-02-24 12:00:00,75.0,28.6,27,0.0,1013.2,4.4,322
2026-02-24 13:00:00,78.0,29.3,23,0.0,1012.2,8.3,338
2026-02-24 14:00:00,67.0,29.4,20,0.0,1011.4,10.8,345
2026-02-24 15:00:00,54.0,28.9,21,0.0,1011.1,10.9,341
2026-02-24 16:00:00,43.0,28.2,23,0.0,1010.9,11.3,335
2026-02-24 17:00:00,45.0,26.9,31,0.0,1010.9,9.0,337
2026-02-24 18:00:00,67.0,25.3,41,0.0,1011.5,6.2,343
2026-02-24 19:00:00,66.0,24.1,49,0.0,1012.2,4.9,354
2026-02-24 20:00:00,93.0,22.7,55,0.0,1012.7,3.8,352
2026-02-24 21:00:00,138.0,21.7,60,0.0,1013.1,3.8,19
2026-02-24 22:00:00,142.0,20.7,64,0.0,1013.0,3.8,360
2026-02-24 23:00:00,121.0,19.9,70,0.0,1013.2,3.8,8
2026-02-25 00:00:00,120.0,18.9,77,0.0,1012.8,0.4,117
2026-02-25 01:00:00,119.0,18.6,76,0.0,1012.7,0.4,270
2026-02-25 02:00:00,124.0,17.9,78,0.0,1012.6,5.0,339
2026-02-25 03:00:00,129.0,17.1,78,0.0,1012.6,4.5,310
2026-02-25 04:00:00,142.0,16.2,77,0.0,1012.2,3.6,307
2026-02-25 05:00:00,129.0,16.2,77,0.0,1012.7,4.5,277
2026-02-25 06:00:00,139.0,16.3,74,0.0,1013.2,5.3,260
2026-02-25 07:00:00,134.0,16.4,73,0.0,1013.8,5.8,263
2026-02-25 08:00:00,121.0,18.5,63,0.0,1014.7,5.2,282
2026-02-25 09:00:00,108.0,21.8,50,0.0,1015.3,3.8,301
2026-02-25 10:00:00,81.0,25.1,35,0.0,1015.2,4.9,294
2026-02-25 11:00:00,57.0,27.5,22,0.0,1014.5,7.0,293
2026-02-25 12:00:00,48.0,28.8,17,0.0,1013.7,8.7,297
2026-02-25 13:00:00,42.0,29.5,15,0.0,1012.8,9.2,298
2026-02-25 14:00:00,31.0,29.6,15,0.0,1011.9,10.0,308
2026-02-25 15:00:00,29.0,29.1,17,0.0,1011.4,11.3,314
2026-02-25 16:00:00,31.0,28.4,19,0.0,1011.3,11.4,311
2026-02-25 17:00:00,34.0,28.0,15,0.0,1011.1,9.8,300
2026-02-25 18:00:00,55.0,26.1,20,0.0,1011.5,6.2,282
2026-02-25 19:00:00,67.0,24.8,24,0.0,1012.1,4.4,279
2026-02-25 20:00:00,85.0,23.5,28,0.0,1012.6,3.4,288
2026-02-25 21:00:00,116.0,22.8,31,0.0,1012.9,2.2,312
2026-02-25 22:00:00,110.0,21.7,36,0.0,1012.9,4.3,15
2026-02-25 23:00:00,110.0,21.9,47,0.0,1012.9,7.2,347
2026-02-26 00:00:00,103.0,20.8,52,0.0,1013.0,5.3,278
2026-02-26 01:00:00,100.0,19.1,57,0.0,1013.0,4.3,268
2026-02-26 02:00:00,100.0,18.1,60,0.0,1012.4,4.3,287
2026-02-26 03:00:00,99.0,17.5,62,0.0,1012.0,4.8,297
2026-02-26 04:00:00,100.0,17.2,63,0.0,1011.6,5.2,286
2026-02-26 05:00:00,98.0,17.0,69,0.0,1011.4,5.1,280
2026-02-26 06:00:00,98.0,16.7,70,0.0,1011.6,5.6,274
2026-02-26 07:00:00,87.0,17.1,69,0.0,1012.1,6.7,267
2026-02-26 08:00:00,82.0,19.1,60,0.0,1012.6,6.6,261
2026-02-26 09:00:00,80.0,22.4,49,0.0,1012.8,5.4,278
2026-02-26 10:00:00,78.0,25.4,40,0.0,1012.4,6.6,283
2026-02-26 11:00:00,68.0,27.9,29,0.0,1011.7,10.0,283
2026-02-26 12:00:00,49.0,29.5,20,0.0,1010.7,12.4,287
2026-02-26 13:00:00,40.0,30.1,16,0.0,1009.8,14.0,293
2026-02-26 14:00:00,29.0,30.2,15,0.0,1008.9,15.6,296
2026-02-26 15:00:00,26.0,29.8,16,0.0,1008.4,15.3,294
2026-02-26 16:00:00,26.0,29.0,19,0.0,1007.9,14.7,289
2026-02-26 17:00:00,33.0,28.5,20,0.0,1007.5,13.6,288
2026-02-26 18:00:00,44.0,26.9,24,0.0,1007.6,8.1,276
2026-02-26 19:00:00,85.0,25.6,29,0.0,1008.2,5.0,272
2026-02-26 20:00:00,94.0,24.4,33,0.0,1008.7,4.0,260
2026-02-26 21:00:00,100.0,23.5,36,0.0,1009.1,4.4,277
2026-02-26 22:00:00,103.0,23.1,38,0.0,1009.2,5.4,300
2026-02-26 23:00:00,103.0,22.8,42,0.0,1009.1,6.9,330
2026-02-27 00:00:00,101.0,21.3,46,0.0,1008.7,6.1,346
2026-02-27 01:00:00,87.0,19.2,54,0.0,1008.8,3.6,300
2026-02-27 02:00:00,83.0,18.3,57,0.0,1008.4,3.4,288
2026-02-27 03:00:00,107.0,17.9,60,0.0,1008.2,4.1,311
2026-02-27 04:00:00,77.0,17.2,63,0.0,1007.7,4.1,308
2026-02-27 05:00:00,89.0,17.6,68,0.0,1007.8,4.8,290
2026-02-27 06:00:00,82.0,17.5,66,0.0,1008.2,6.3,268
2026-02-27 07:00:00,91.0,17.7,64,0.0,1009.1,7.9,259
2026-02-27 08:00:00,105.0,19.7,55,0.0,1009.9,6.6,253
2026-02-27 09:00:00,82.0,23.2,42,0.0,1010.5,3.8,265
2026-02-27 10:00:00,81.0,26.6,32,0.0,1010.3,4.2,282
2026-02-27 11:00:00,48.0,28.9,24,0.0,1009.8,5.2,286
2026-02-27 12:00:00,32.0,30.6,18,0.0,1009.1,6.8,282
2026-02-27 13:00:00,32.0,31.4,16,0.0,1007.9,9.6,284
2026-02-27 14:00:00,28.0,31.4,15,0.0,1006.9,10.8,285
2026-02-27 15:00:00,35.0,31.2,16,0.0,1006.5,10.5,287
2026-02-27 16:00:00,35.0,30.5,17,0.0,1006.2,10.8,288
2026-02-27 17:00:00,33.0,29.8,15,0.0,1005.9,6.2,308
2026-02-27 18:00:00,44.0,27.4,26,0.0,1006.2,4.4,19
2026-02-27 19:00:00,56.0,25.7,42,0.0,1006.8,6.0,65
2026-02-27 20:00:00,90.0,24.4,51,0.0,1007.2,4.5,97
2026-02-27 21:00:00,83.0,23.2,55,0.0,1007.5,3.6,120
2026-02-27 22:00:00,87.0,22.5,57,0.0,1007.2,1.8,156
2026-02-27 23:00:00,86.0,22.4,62,0.0,1007.5,2.3,51
2026-02-28 00:00:00,90.0,22.2,62,0.0,1007.2,5.6,45
2026-02-28 01:00:00,103.0,20.8,67,0.0,1007.2,5.7,41
2026-02-28 02:00:00,130.0,21.4,61,0.0,1006.9,0.6,198
2026-02-28 03:00:00,130.0,21.0,64,0.0,1006.8,2.7,176
2026-02-28 04:00:00,144.0,20.2,67,0.0,1006.6,3.1,10
2026-02-28 05:00:00,137.0,21.1,64,0.0,1006.7,3.7,231
2026-02-28 06:00:00,136.0,21.8,57,0.0,1006.9,3.3,264
2026-02-28 07:00:00,133.0,21.5,59,0.0,1007.5,1.0,301
2026-02-28 08:00:00,134.0,23.0,52,0.0,1008.2,2.7,32
2026-02-28 09:00:00,85.0,26.0,42,0.0,1009.0,2.1,38
2026-02-28 10:00:00,42.0,28.8,30,0.0,1008.9,1.4,220
2026-02-28 11:00:00,36.0,30.9,19,0.0,1008.5,6.6,317
2026-02-28 12:00:00,51.0,31.8,17,0.0,1007.8,10.6,316
2026-02-28 13:00:00,48.0,32.0,16,0.0,1006.8,12.6,313
2026-02-28 14:00:00,46.0,31.7,16,0.0,1006.0,12.9,312
2026-02-28 15:00:00,43.0,31.3,18,0.0,1005.9,13.0,312
2026-02-28 16:00:00,44.0,30.5,21,0.0,1005.7,13.6,317
2026-02-28 17:00:00,48.0,29.5,25,0.0,1005.7,12.1,322
2026-02-28 18:00:00,49.0,28.0,35,0.0,1006.3,8.1,329
2026-02-28 19:00:00,53.0,26.9,40,0.0,1007.2,5.3,322
2026-02-28 20:00:00,67.0,25.5,46,0.0,1007.7,3.3,315
2026-02-28 21:00:00,71.0,24.5,49,0.0,1008.4,3.4,313
2026-02-28 22:00:00,83.0,23.9,50,0.0,1008.5,4.7,332
2026-02-28 23:00:00,92.0,22.9,55,0.0,1008.6,7.9,330
2026-03-01 00:00:00,93.0,21.2,58,0.0,1008.6,5.3,315
2026-03-01 01:00:00,91.0,20.2,61,0.0,1008.5,4.2,288
2026-03-01 02:00:00,97.0,19.9,61,0.0,1008.2,5.8,284
2026-03-01 03:00:00,113.0,19.3,62,0.0,1007.9,5.8,286
2026-03-01 04:00:00,96.0,18.7,65,0.0,1007.6,5.8,275
2026-03-01 05:00:00,91.0,18.5,72,0.0,1007.7,8.3,271
2026-03-01 06:00:00,95.0,18.2,73,0.0,1008.3,7.8,275
2026-03-01 07:00:00,100.0,18.4,70,0.0,1008.9,7.8,277
2026-03-01 08:00:00,96.0,20.3,61,0.0,1009.8,6.2,277
2026-03-01 09:00:00,92.0,23.3,51,0.0,1010.5,6.3,272
2026-03-01 10:00:00,85.0,26.4,40,0.0,1010.3,7.9,270
2026-03-01 11:00:00,68.0,29.3,25,0.0,1009.9,11.2,291
2026-03-01 12:00:00,60.0,30.6,19,0.0,1009.5,13.5,297
2026-03-01 13:00:00,59.0,31.0,19,0.0,1008.6,15.1,297
2026-03-01 14:00:00,53.0,30.9,20,0.0,1008.1,16.1,297
2026-03-01 15:00:00,43.0,30.5,21,0.0,1007.7,15.6,297
2026-03-01 16:00:00,45.0,29.8,23,0.0,1007.7,14.4,303
2026-03-01 17:00:00,52.0,28.9,25,0.0,1007.6,13.8,307
2026-03-01 18:00:00,55.0,27.4,30,0.0,1007.9,9.3,298
2026-03-01 19:00:00,74.0,26.6,33,0.0,1008.7,8.1,288
2026-03-01 20:00:00,74.0,25.6,35,0.0,1009.4,9.0,286
2026-03-01 21:00:00,86.0,24.3,40,0.0,1010.2,9.1,304
2026-03-01 22:00:00,90.0,23.1,43,0.0,1010.6,8.0,312
2026-03-01 23:00:00,82.0,22.3,50,0.0,1010.8,8.3,312
2026-03-02 00:00:00,80.0,21.3,51,0.0,1010.5,7.3,314
2026-03-02 01:00:00,77.0,20.3,53,0.0,1010.6,5.5,283
2026-03-02 02:00:00,88.0,19.6,54,0.0,1009.9,5.4,274
2026-03-02 03:00:00,102.0,19.3,55,0.0,1009.5,7.2,270
2026-03-02 04:00:00,90.0,18.8,57,0.0,1009.6,7.4,276
2026-03-02 05:00:00,81.0,18.5,65,0.0,1009.8,7.7,279
2026-03-02 06:00:00,88.0,18.2,67,0.0,1010.6,7.7,271
2026-03-02 07:00:00,90.0,18.4,66,0.0,1011.3,8.8,269
2026-03-02 08:00:00,95.0,20.1,59,0.0,1011.9,7.4,263
2026-03-02 09:00:00,106.0,23.1,48,0.0,1012.5,8.1,271
2026-03-02 10:00:00,106.0,26.2,38,0.0,1012.6,8.7,283
2026-03-02 11:00:00,101.0,28.8,29,0.0,1012.5,12.2,294
2026-03-02 12:00:00,89.0,30.3,23,0.0,1012.0,14.5,298
2026-03-02 13:00:00,78.0,30.9,20,0.0,1011.3,16.1,303
2026-03-02 14:00:00,62.0,30.9,20,0.0,1010.8,16.7,306
2026-03-02 15:00:00,57.0,30.6,20,0.0,1010.2,16.1,305
2026-03-02 16:00:00,65.0,29.6,26,0.0,1010.0,16.4,305
2026-03-02 17:00:00,69.0,28.7,29,0.0,1009.9,16.6,301
2026-03-02 18:00:00,77.0,27.6,33,0.0,1010.2,10.2,288
2026-03-02 19:00:00,89.0,26.8,36,0.0,1010.8,9.4,290
2026-03-02 20:00:00,119.0,25.7,40,0.0,1011.4,9.8,305
2026-03-02 21:00:00,145.0,24.2,44,0.0,1012.1,8.1,313
2026-03-02 22:00:00,119.0,23.2,46,0.0,1012.4,8.4,313
2026-03-02 23:00:00,115.0,22.6,49,0.0,1012.4,9.9,307
2026-03-03 00:00:00,105.0,21.8,48,0.0,1012.2,9.8,302
2026-03-03 01:00:00,101.0,21.6,46,0.0,1011.7,10.7,306
2026-03-03 02:00:00,107.0,21.2,48,0.0,1011.4,10.1,294
2026-03-03 03:00:00,118.0,20.2,52,0.0,1010.8,9.5,292
2026-03-03 04:00:00,124.0,19.3,55,0.0,1010.4,9.0,293
2026-03-03 05:00:00,120.0,18.8,60,0.0,1010.7,10.4,296
2026-03-03 06:00:00,106.0,18.4,61,0.0,1011.1,9.9,289
2026-03-03 07:00:00,117.0,18.6,60,0.0,1011.7,10.7,283
2026-03-03 08:00:00,108.0,20.3,54,0.0,1012.3,8.9,276
2026-03-03 09:00:00,88.0,23.2,45,0.0,1012.8,10.0,284
2026-03-03 10:00:00,84.0,26.2,37,0.0,1012.9,12.2,286
2026-03-03 11:00:00,72.0,29.1,29,0.0,1012.6,15.3,294
2026-03-03 12:00:00,68.0,30.7,24,0.0,1012.0,17.8,297
2026-03-03 13:00:00,57.0,31.5,23,0.0,1011.2,18.6,296
2026-03-03 14:00:00,64.0,31.8,22,0.0,1010.3,18.1,295
2026-03-03 15:00:00,40.0,31.7,22,0.0,1009.9,16.5,294
2026-03-03 16:00:00,32.0,30.6,29,0.0,1009.5,15.7,292
2026-03-03 17:00:00,44.0,29.7,28,0.0,1009.7,14.9,290
2026-03-03 18:00:00,50.0,28.6,31,0.0,1010.3,11.8,279
2026-03-03 19:00:00,63.0,27.9,32,0.0,1010.8,11.5,279
2026-03-03 20:00:00,96.0,27.0,34,0.0,1011.5,12.0,282
2026-03-03 21:00:00,77.0,26.0,35,0.0,1012.2,11.2,282
2026-03-03 22:00:00,77.0,25.0,36,0.0,1012.5,10.2,284
2026-03-03 23:00:00,80.0,24.3,39,0.0,1012.6,10.2,291
2026-03-04 00:00:00,93.0,23.0,41,0.0,1012.5,8.8,296
2026-03-04 01:00:00,92.0,21.9,45,0.0,1012.5,7.2,297
2026-03-04 02:00:00,89.0,20.8,49,0.0,1012.3,6.9,300
2026-03-04 03:00:00,78.0,20.0,53,0.0,1012.1,7.3,298
2026-03-04 04:00:00,75.0,19.5,56,0.0,1011.9,7.3,290
2026-03-04 05:00:00,86.0,19.4,60,0.0,1012.2,7.9,282
2026-03-04 06:00:00,81.0,19.1,61,0.0,1012.9,8.4,281
2026-03-04 07:00:00,77.0,19.4,60,0.0,1013.7,9.5,281
2026-03-04 08:00:00,90.0,21.4,54,0.0,1014.2,7.3,286
2026-03-04 09:00:00,80.0,24.6,45,0.0,1014.8,7.4,304
2026-03-04 10:00:00,67.0,27.6,37,0.0,1014.6,8.5,312
2026-03-04 11:00:00,63.0,30.0,32,0.0,1014.1,11.2,315
2026-03-04 12:00:00,65.0,31.9,28,0.0,1013.3,12.4,310
2026-03-04 13:00:00,46.0,32.9,26,0.0,1012.2,14.3,306
2026-03-04 14:00:00,54.0,33.3,27,0.0,1011.0,15.3,304
2026-03-04 15:00:00,44.0,33.2,26,0.0,1010.4,16.4,302
2026-03-04 16:00:00,43.0,32.4,30,0.0,1010.2,16.8,300
2026-03-04 17:00:00,40.0,31.7,33,0.0,1009.4,15.6,293
2026-03-04 18:00:00,49.0,30.6,36,0.0,1009.6,12.6,283
2026-03-04 19:00:00,59.0,29.8,37,0.0,1010.3,13.7,286
2026-03-04 20:00:00,70.0,29.0,37,0.0,1010.9,14.3,295
2026-03-04 21:00:00,60.0,28.2,37,0.0,1011.5,13.7,303
2026-03-04 22:00:00,58.0,27.2,40,0.0,1011.6,12.4,304
2026-03-04 23:00:00,51.0,26.4,46,0.0,1011.4,12.2,307
2026-03-05 00:00:00,44.0,25.1,50,0.0,1011.1,11.5,304
2026-03-05 01:00:00,60.0,24.2,53,0.0,1010.8,11.6,307
2026-03-05 02:00:00,78.0,23.4,58,0.0,1010.3,11.2,305
2026-03-05 03:00:00,64.0,22.7,61,0.0,1009.8,11.1,301
2026-03-05 04:00:00,73.0,22.2,64,0.0,1009.4,11.1,295
2026-03-05 05:00:00,81.0,21.7,65,0.0,1009.6,11.9,292
2026-03-05 06:00:00,76.0,21.5,66,0.0,1010.2,11.2,294
2026-03-05 07:00:00,81.0,21.8,65,0.0,1010.8,10.7,290
2026-03-05 08:00:00,76.0,23.5,59,0.0,1011.4,7.5,281
2026-03-05 09:00:00,72.0,25.9,50,0.0,1011.7,8.2,292
2026-03-05 10:00:00,69.0,28.6,42,0.0,1011.5,9.0,303
2026-03-05 11:00:00,61.0,30.9,36,0.0,1011.2,10.4,312
2026-03-05 12:00:00,56.0,32.8,31,0.0,1010.6,11.9,312
2026-03-05 13:00:00,42.0,33.8,27,0.0,1009.5,14.5,313
2026-03-05 14:00:00,43.0,34.1,28,0.0,1008.4,16.0,313
2026-03-05 15:00:00,48.0,33.8,31,0.0,1007.7,15.7,313
2026-03-05 16:00:00,51.0,33.0,37,0.0,1007.3,15.3,308
2026-03-05 17:00:00,48.0,32.5,35,0.0,1007.1,14.7,301
2026-03-05 18:00:00,51.0,31.7,34,0.0,1007.2,10.6,291
2026-03-05 19:00:00,69.0,30.6,36,0.0,1007.6,9.4,283
2026-03-05 20:00:00,74.0,29.5,37,0.0,1008.2,10.3,285
2026-03-05 21:00:00,71.0,28.6,37,0.0,1008.7,10.4,288
2026-03-05 22:00:00,67.0,27.8,37,0.0,1009.0,10.1,297
2026-03-05 23:00:00,59.0,26.9,41,0.0,1009.1,9.7,299
2026-03-06 00:00:00,65.0,25.5,43,0.0,1009.1,6.6,323
2026-03-06 01:00:00,60.0,23.8,49,0.0,1009.1,4.7,337
2026-03-06 02:00:00,75.0,22.7,53,0.0,1008.8,4.2,317
2026-03-06 03:00:00,61.0,22.2,55,0.0,1008.6,4.8,299
2026-03-06 04:00:00,77.0,21.7,57,0.0,1008.3,5.2,297
2026-03-06 05:00:00,86.0,20.7,66,0.0,1008.7,4.4,308
2026-03-06 06:00:00,82.0,20.2,70,0.0,1009.5,3.9,313
2026-03-06 07:00:00,90.0,20.9,67,0.0,1010.3,4.3,298
2026-03-06 08:00:00,91.0,23.1,60,0.0,1011.1,2.7,290
2026-03-06 09:00:00,84.0,26.0,52,0.0,1011.5,2.3,299
2026-03-06 10:00:00,74.0,28.8,44,0.0,1011.3,2.3,309
2026-03-06 11:00:00,87.0,31.2,37,0.0,1011.0,4.7,302
2026-03-06 12:00:00,104.0,33.4,29,0.0,1010.4,6.7,314
2026-03-06 13:00:00,89.0,34.4,24,0.0,1009.4,9.6,317
2026-03-06 14:00:00,64.0,34.7,22,0.0,1008.5,10.1,317
2026-03-06 15:00:00,52.0,34.5,21,0.0,1008.0,10.7,316
2026-03-06 16:00:00,50.0,33.8,24,0.0,1007.8,10.7,316
2026-03-06 17:00:00,44.0,32.2,33,0.0,1007.9,9.8,311
2026-03-06 18:00:00,48.0,30.8,35,0.0,1008.6,5.0,308
2026-03-06 19:00:00,68.0,29.2,40,0.0,1009.2,2.7,323
2026-03-06 20:00:00,74.0,27.7,48,0.0,1009.9,3.1,28
2026-03-06 21:00:00,96.0,26.9,57,0.0,1010.4,4.0,54
2026-03-06 22:00:00,110.0,26.0,64,0.0,1010.5,3.4,108
2026-03-06 23:00:00,107.0,25.4,68,0.0,1010.7,3.9,74
2026-03-07 00:00:00,107.0,24.4,71,0.0,1010.6,3.3,96
2026-03-07 01:00:00,110.0,23.7,73,0.0,1010.5,3.1,100
2026-03-07 02:00:00,117.0,22.8,76,0.0,1010.4,3.1,103
2026-03-07 03:00:00,123.0,22.1,80,0.0,1010.2,2.2,138
2026-03-07 04:00:00,125.0,21.6,82,0.0,1010.3,1.9,119
2026-03-07 05:00:00,137.0,20.5,90,0.0,1010.6,2.7,94
2026-03-07 06:00:00,135.0,19.7,94,0.0,1011.5,3.3,99
2026-03-07 07:00:00,145.0,20.2,91,0.0,1012.4,5.0,120
2026-03-07 08:00:00,165.0,22.5,78,0.0,1013.1,2.8,135
2026-03-07 09:00:00,175.0,25.5,65,0.0,1013.4,3.5,145
2026-03-07 10:00:00,132.0,28.5,54,0.0,1013.4,4.1,157
2026-03-07 11:00:00,98.0,31.0,41,0.0,1012.8,3.4,164
2026-03-07 12:00:00,70.0,33.5,32,0.0,1012.1,1.4,203
2026-03-07 13:00:00,63.0,35.0,25,0.0,1010.9,2.9,313
2026-03-07 14:00:00,42.0,35.6,21,0.0,1009.8,5.9,329
2026-03-07 15:00:00,38.0,35.3,23,0.0,1009.5,8.3,338
2026-03-07 16:00:00,31.0,34.2,26,0.0,1009.6,9.1,352
2026-03-07 17:00:00,54.0,32.7,29,0.0,1009.6,8.2,352
2026-03-07 18:00:00,48.0,31.0,34,0.0,1010.2,6.0,355
2026-03-07 19:00:00,57.0,29.6,40,0.0,1010.9,3.2,16
2026-03-07 20:00:00,71.0,28.1,47,0.0,1011.7,3.3,68
2026-03-07 21:00:00,87.0,26.7,56,0.0,1012.4,3.1,69
2026-03-07 22:00:00,93.0,25.8,63,0.0,1012.6,1.9,112
2026-03-07 23:00:00,115.0,25.7,66,0.0,1012.5,1.5,150
2026-03-08 00:00:00,129.0,24.3,72,0.0,1012.4,2.8,162
2026-03-08 01:00:00,119.0,23.4,76,0.0,1012.0,3.0,147
2026-03-08 02:00:00,106.0,22.7,80,0.0,1011.8,2.8,140
2026-03-08 03:00:00,117.0,22.1,82,0.0,1011.6,3.2,177
2026-03-08 04:00:00,206.0,21.9,82,0.0,1011.3,3.6,183
2026-03-08 05:00:00,157.0,21.6,84,0.0,1011.6,1.5,173
2026-03-08 06:00:00,140.0,21.3,86,0.0,1012.1,0.5,135
2026-03-08 07:00:00,136.0,21.7,84,0.0,1012.7,1.3,164
2026-03-08 08:00:00,150.0,24.6,68,0.0,1013.3,0.6,236
2026-03-08 09:00:00,143.0,27.9,52,0.0,1013.7,1.8,191
2026-03-08 10:00:00,103.0,30.8,38,0.0,1013.5,2.7,212
2026-03-08 11:00:00,103.0,33.0,29,0.0,1013.1,4.2,252
2026-03-08 12:00:00,59.0,35.4,21,0.0,1012.2,6.8,295
2026-03-08 13:00:00,50.0,36.1,19,0.0,1011.2,10.2,311
2026-03-08 14:00:00,58.0,36.1,19,0.0,1009.9,10.8,312
2026-03-08 15:00:00,33.0,35.8,19,0.0,1009.3,11.9,311
2026-03-08 16:00:00,41.0,34.9,23,0.0,1009.0,11.6,306
2026-03-08 17:00:00,37.0,33.6,26,0.0,1009.2,10.1,310
2026-03-08 18:00:00,51.0,32.2,28,0.0,1009.5,6.2,314
2026-03-08 19:00:00,52.0,30.6,34,0.0,1010.4,3.3,306
2026-03-08 20:00:00,70.0,29.7,38,0.0,1010.9,3.1,277
2026-03-08 21:00:00,76.0,28.9,40,0.0,1011.4,4.0,309
2026-03-08 22:00:00,91.0,28.8,40,0.0,1011.3,4.7,279
2026-03-08 23:00:00,97.0,28.1,44,0.0,1011.6,6.9,290
2026-03-09 00:00:00,100.0,26.1,50,0.0,1011.6,5.3,294
2026-03-09 01:00:00,110.0,24.9,54,0.0,1011.2,4.9,280
2026-03-09 02:00:00,121.0,24.5,55,0.0,1010.9,6.3,273
2026-03-09 03:00:00,123.0,23.6,58,0.0,1010.5,5.6,274
2026-03-09 04:00:00,115.0,23.0,60,0.0,1010.4,5.8,275
2026-03-09 05:00:00,132.0,22.2,66,0.0,1011.0,4.2,290
2026-03-09 06:00:00,138.0,21.9,68,0.0,1011.6,5.1,288
2026-03-09 07:00:00,144.0,22.2,67,0.0,1012.4,6.6,279
2026-03-09 08:00:00,152.0,24.3,60,0.0,1012.8,4.5,286
2026-03-09 09:00:00,132.0,27.1,52,0.0,1013.1,5.0,296
2026-03-09 10:00:00,111.0,29.9,46,0.0,1013.1,5.3,303
2026-03-09 11:00:00,116.0,32.5,37,0.0,1012.5,9.0,303
2026-03-09 12:00:00,98.0,34.3,30,0.0,1011.9,9.8,308
2026-03-09 13:00:00,69.0,35.3,26,0.0,1010.9,10.2,315
2026-03-09 14:00:00,73.0,35.5,25,0.0,1010.2,10.6,318
2026-03-09 15:00:00,59.0,35.3,27,0.0,1009.6,10.4,318
2026-03-09 16:00:00,50.0,34.7,27,0.0,1009.7,10.6,312
2026-03-09 17:00:00,52.0,33.0,34,0.0,1010.1,10.4,315
2026-03-09 18:00:00,70.0,31.6,39,0.0,1010.8,7.8,326
2026-03-09 19:00:00,79.0,30.7,44,0.0,1011.5,4.3,343
2026-03-09 20:00:00,81.0,29.4,49,0.0,1012.2,4.0,3
2026-03-09 21:00:00,91.0,28.1,55,0.0,1012.7,3.3,13
2026-03-09 22:00:00,98.0,27.1,61,0.0,1012.7,2.4,81
2026-03-09 23:00:00,111.0,26.2,67,0.0,1013.5,2.9,79
2026-03-10 00:00:00,113.0,25.0,72,0.0,1013.4,3.2,87
2026-03-10 01:00:00,107.0,24.2,76,0.0,1013.2,3.3,68
2026-03-10 02:00:00,106.0,23.6,79,0.0,1013.1,1.3,106
2026-03-10 03:00:00,108.0,23.5,80,0.0,1013.4,0.8,243
2026-03-10 04:00:00,107.0,23.2,81,0.0,1013.1,0.8,225
2026-03-10 05:00:00,110.0,21.8,91,0.0,1013.7,1.4,67
2026-03-10 06:00:00,118.0,21.4,93,0.0,1014.3,1.9,17
2026-03-10 07:00:00,139.0,21.3,93,0.0,1015.2,0.6,72
2026-03-10 08:00:00,187.0,23.8,80,0.0,1015.9,1.7,72
2026-03-10 09:00:00,187.0,26.8,65,0.0,1016.6,2.8,63
2026-03-10 10:00:00,148.0,29.5,53,0.0,1016.5,2.2,66
2026-03-10 11:00:00,122.0,31.6,43,0.0,1015.8,2.7,4
2026-03-10 12:00:00,99.0,33.8,35,0.0,1015.1,4.7,353
2026-03-10 13:00:00,85.0,34.8,31,0.0,1014.1,7.8,345
2026-03-10 14:00:00,65.0,35.2,28,0.0,1012.7,9.8,337
2026-03-10 15:00:00,46.0,35.1,27,0.0,1012.0,10.8,327
2026-03-10 16:00:00,52.0,34.3,29,0.0,1011.8,10.8,330
2026-03-10 17:00:00,51.0,33.3,29,0.0,1011.5,9.4,325
2026-03-10 18:00:00,49.0,31.5,37,0.0,1011.9,4.8,333
2026-03-10 19:00:00,61.0,30.1,45,0.0,1012.4,5.1,18
2026-03-10 20:00:00,79.0,28.7,52,0.0,1013.1,3.5,24
2026-03-10 21:00:00,80.0,27.6,56,0.0,1013.4,1.0,211
2026-03-10 22:00:00,92.0,27.0,56,0.0,1013.3,3.5,171
2026-03-10 23:00:00,100.0,26.9,59,0.0,1013.3,1.3,172
2026-03-11 00:00:00,107.0,26.1,63,0.0,1013.3,0.4,117
2026-03-11 01:00:00,104.0,25.0,67,0.0,1013.1,0.4,117
2026-03-11 02:00:00,97.0,24.1,67,0.0,1013.1,0.9,270
2026-03-11 03:00:00,101.0,23.4,69,0.0,1012.6,1.5,300
2026-03-11 04:00:00,98.0,22.7,72,0.0,1012.5,1.5,324
2026-03-11 05:00:00,103.0,21.6,75,0.0,1012.8,1.5,234
2026-03-11 06:00:00,103.0,21.2,76,0.0,1013.2,1.4,203
2026-03-11 08:00:00,153.0,24.7,60,0.0,1014.4,3.3,261
2026-03-11 09:00:00,153.0,28.6,45,0.0,1014.6,3.9,254
2026-03-11 10:00:00,130.0,32.1,30,0.0,1014.5,6.3,250
2026-03-11 11:00:00,102.0,34.6,21,0.0,1013.5,9.5,255
2026-03-11 12:00:00,41.0,36.4,13,0.0,1012.7,13.4,287
2026-03-11 13:00:00,42.0,36.6,12,0.0,1011.4,15.6,296
2026-03-11 14:00:00,42.0,36.7,12,0.0,1010.2,16.3,295
2026-03-11 15:00:00,39.0,36.2,14,0.0,1009.3,15.9,298
2026-03-11 16:00:00,42.0,35.5,15,0.0,1008.9,14.6,314
2026-03-11 17:00:00,34.0,34.2,17,0.0,1008.6,12.7,316
2026-03-11 18:00:00,44.0,32.4,22,0.0,1009.1,7.3,303
2026-03-11 19:00:00,57.0,31.0,26,0.0,1009.5,4.4,291
2026-03-11 20:00:00,79.0,29.8,28,0.0,1010.0,4.3,253
2026-03-11 21:00:00,99.0,29.3,28,0.0,1010.1,4.9,266
2026-03-11 22:00:00,106.0,28.1,29,0.0,1009.9,5.5,281
2026-03-11 23:00:00,113.0,27.2,36,0.0,1010.3,7.6,304
2026-03-12 00:00:00,109.0,25.9,37,0.0,1010.0,6.2,300
2026-03-12 01:00:00,99.0,24.7,41,0.0,1009.6,4.4,277
2026-03-12 02:00:00,118.0,23.7,44,0.0,1009.0,4.1,270
2026-03-12 03:00:00,118.0,23.0,46,0.0,1008.5,3.7,259
2026-03-12 05:00:00,88.0,22.2,61,0.0,1007.9,6.6,244
2026-03-12 06:00:00,83.0,22.0,62,0.0,1008.2,6.4,245
2026-03-12 07:00:00,81.0,23.1,58,0.0,1008.6,7.8,248
2026-03-12 08:00:00,112.0,25.7,48,0.0,1009.3,5.4,249
2026-03-12 09:00:00,97.0,29.1,34,0.0,1009.6,5.6,243
2026-03-12 10:00:00,63.0,31.9,25,0.0,1009.5,8.2,248
2026-03-12 11:00:00,63.0,34.8,14,0.0,1009.3,14.2,261
2026-03-12 13:00:00,27.0,36.2,9,0.0,1007.3,12.8,281
2026-03-12 14:00:00,28.0,36.2,9,0.0,1006.3,12.7,291
2026-03-12 15:00:00,35.0,35.8,11,0.0,1005.8,12.7,297
2026-03-12 16:00:00,38.0,34.8,12,0.0,1005.8,11.9,305
2026-03-12 17:00:00,46.0,32.7,19,0.0,1006.3,11.7,301
2026-03-12 18:00:00,62.0,31.3,24,0.0,1007.0,7.0,299
2026-03-12 19:00:00,84.0,30.0,28,0.0,1007.3,5.4,334
2026-03-12 20:00:00,79.0,28.6,32,0.0,1007.7,4.0,342
2026-03-12 21:00:00,85.0,28.2,32,0.0,1008.3,4.2,324
2026-03-12 22:00:00,87.0,27.0,35,0.0,1008.4,3.1,306
2026-03-12 23:00:00,103.0,26.8,43,0.0,1008.8,7.0,269
2026-03-13 00:00:00,113.0,25.9,47,0.0,1008.9,6.5,298
2026-03-13 01:00:00,110.0,25.2,50,0.0,1008.7,6.1,282
2026-03-13 02:00:00,90.0,24.4,54,0.0,1008.4,6.3,277
2026-03-13 03:00:00,82.0,23.4,60,0.0,1008.6,7.8,312
2026-03-13 04:00:00,87.0,22.6,68,0.0,1008.3,6.8,331
2026-03-13 05:00:00,99.0,22.1,76,0.0,1008.3,5.7,314
2026-03-13 06:00:00,131.0,21.8,78,0.0,1008.8,6.7,301
2026-03-13 07:00:00,165.0,22.3,76,0.0,1009.3,7.9,286
2026-03-13 08:00:00,163.0,24.1,66,0.0,1010.0,7.1,294
2026-03-13 09:00:00,90.0,26.5,55,0.0,1010.6,7.6,295
2026-03-13 10:00:00,64.0,29.1,41,0.0,1010.4,8.6,299
2026-03-13 11:00:00,33.0,31.0,29,0.0,1009.8,10.8,308
2026-03-13 12:00:00,29.0,32.4,25,0.0,1009.2,10.8,313
2026-03-13 13:00:00,26.0,32.8,23,0.0,1008.4,12.1,307
2026-03-13 14:00:00,32.0,32.8,22,0.0,1007.5,12.7,302
2026-03-13 15:00:00,25.0,32.7,21,0.0,1007.0,12.9,302
2026-03-13 16:00:00,31.0,32.1,21,0.0,1007.0,13.0,304
2026-03-13 17:00:00,34.0,30.5,24,0.0,1007.1,13.4,301
2026-03-13 18:00:00,29.0,29.3,28,0.0,1007.4,10.2,293
2026-03-13 19:00:00,44.0,28.6,30,0.0,1007.9,8.6,292
2026-03-13 20:00:00,46.0,27.6,34,0.0,1008.7,7.0,302
2026-03-13 21:00:00,43.0,26.6,37,0.0,1009.2,7.8,314
2026-03-13 22:00:00,48.0,26.1,35,0.0,1009.2,11.2,330
2026-03-13 23:00:00,46.0,25.2,42,0.0,1009.1,10.2,324
2026-03-14 00:00:00,50.0,24.4,41,0.0,1009.1,10.2,326
2026-03-14 01:00:00,51.0,23.8,42,0.0,1008.5,9.4,330
2026-03-14 02:00:00,69.0,23.0,45,0.0,1008.1,8.6,327
2026-03-14 03:00:00,79.0,22.2,48,0.0,1008.2,6.4,310
2026-03-14 04:00:00,78.0,21.8,50,0.0,1007.8,6.2,296
2026-03-14 05:00:00,103.0,21.0,59,0.0,1007.8,6.7,308
2026-03-14 06:00:00,169.0,20.4,62,0.0,1008.6,6.1,302
2026-03-14 07:00:00,97.0,21.0,60,0.0,1009.4,7.0,280
2026-03-14 08:00:00,91.0,22.8,54,0.0,1010.3,5.7,281
2026-03-14 09:00:00,80.0,25.9,42,0.0,1010.6,6.4,288
2026-03-14 10:00:00,61.0,29.0,29,0.0,1010.5,7.2,292
2026-03-14 11:00:00,54.0,31.4,21,0.0,1010.1,8.0,306
2026-03-14 12:00:00,43.0,32.7,17,0.0,1009.5,9.6,313
2026-03-14 13:00:00,46.0,32.4,17,0.0,1008.3,10.6,312
2026-03-14 14:00:00,34.0,32.7,17,0.0,1007.4,10.2,318
2026-03-14 15:00:00,30.0,33.2,18,0.0,1006.6,8.8,313
2026-03-14 16:00:00,26.0,32.7,19,0.0,1006.4,10.1,281
2026-03-14 17:00:00,27.0,31.6,16,0.0,1005.9,6.5,326
2026-03-14 18:00:00,35.0,30.0,20,0.0,1006.7,3.0,322
2026-03-14 19:00:00,59.0,28.9,28,0.0,1007.1,1.5,14
2026-03-14 20:00:00,73.0,27.6,30,0.0,1008.0,2.0,135
2026-03-14 21:00:00,81.0,26.5,33,0.0,1008.8,3.1,111
2026-03-14 22:00:00,80.0,25.6,36,0.0,1008.9,3.7,113
2026-03-14 23:00:00,84.0,24.7,45,0.0,1008.7,4.3,132
2026-03-15 00:00:00,82.0,23.5,48,0.0,1008.4,4.3,118
2026-03-15 01:00:00,80.0,22.8,51,0.0,1007.9,4.4,102
2026-03-15 02:00:00,97.0,22.8,51,0.0,1007.3,4.5,90
2026-03-15 03:00:00,94.0,19.2,75,2.4,1011.4,17.3,265
2026-03-15 04:00:00,112.0,18.6,80,0.0,1009.3,10.7,130
2026-03-15 05:00:00,95.0,18.9,80,0.0,1011.8,8.3,246
2026-03-15 06:00:00,41.0,18.8,85,1.6,1010.9,9.9,42
2026-03-15 07:00:00,33.0,19.5,79,0.0,1011.4,9.3,310
2026-03-15 08:00:00,36.0,20.4,68,0.0,1010.8,9.3,34
2026-03-15 09:00:00,18.0,23.2,54,0.0,1010.8,10.1,63
2026-03-15 10:00:00,24.0,25.7,42,0.0,1011.0,11.1,78
2026-03-15 11:00:00,28.0,26.0,45,0.0,1011.0,10.3,91
2026-03-15 12:00:00,29.0,26.6,45,0.0,1010.4,10.9,112
2026-03-15 13:00:00,30.0,27.2,43,0.0,1009.4,10.4,111
2026-03-15 14:00:00,25.0,26.5,47,0.0,1008.4,10.9,102
2026-03-15 15:00:00,18.0,26.6,45,0.0,1008.4,12.2,134
2026-03-15 16:00:00,21.0,26.3,44,0.0,1007.4,14.0,139
2026-03-15 17:00:00,24.0,27.4,34,0.0,1006.7,12.6,114
2026-03-15 18:00:00,30.0,25.8,39,0.0,1007.4,12.1,117
2026-03-15 19:00:00,37.0,24.7,44,0.0,1007.9,12.5,96
2026-03-15 20:00:00,33.0,23.2,49,0.0,1009.0,12.7,75
2026-03-15 21:00:00,28.0,21.8,56,0.0,1009.7,10.7,78
2026-03-15 22:00:00,26.0,21.0,59,0.0,1009.9,10.5,84
2026-03-15 23:00:00,28.0,21.4,63,0.0,1009.8,10.0,96
2026-03-16 00:00:00,48.0,20.6,65,0.0,1010.6,12.2,25
2026-03-16 01:00:00,55.0,18.9,68,0.0,1010.7,9.5,44
2026-03-16 02:00:00,72.0,18.6,67,0.0,1009.2,11.4,87
2026-03-16 03:00:00,43.0,18.3,68,0.0,1008.7,10.1,79
2026-03-16 04:00:00,21.0,17.6,70,0.0,1008.9,8.1,62
2026-03-16 05:00:00,19.0,17.3,73,0.0,1008.6,10.8,85
2026-03-16 06:00:00,19.0,17.5,72,0.0,1009.1,9.7,91
2026-03-16 07:00:00,29.0,18.1,69,0.0,1009.5,8.1,107
2026-03-16 08:00:00,37.0,20.2,58,0.0,1010.2,9.2,113
2026-03-16 09:00:00,38.0,22.9,47,0.0,1010.3,10.7,130
2026-03-16 10:00:00,33.0,25.4,41,0.0,1010.1,12.5,144
2026-03-16 11:00:00,34.0,27.8,35,0.0,1009.6,13.1,153
2026-03-16 12:00:00,35.0,29.3,33,0.0,1008.3,15.6,158
2026-03-16 13:00:00,31.0,30.5,29,0.0,1006.7,16.0,159
2026-03-16 14:00:00,34.0,30.9,24,0.0,1006.2,9.2,208
2026-03-16 15:00:00,30.0,30.3,19,0.0,1005.7,10.8,195
2026-03-16 16:00:00,31.0,30.4,20,0.0,1005.2,11.0,175
2026-03-16 17:00:00,31.0,26.6,36,0.0,1005.6,9.6,120
2026-03-16 18:00:00,39.0,25.6,41,0.0,1005.9,7.9,94
2026-03-16 19:00:00,42.0,24.0,50,0.0,1006.7,9.1,99
2026-03-16 20:00:00,62.0,22.9,54,0.0,1007.4,6.6,107
2026-03-16 21:00:00,80.0,21.7,58,0.0,1009.0,12.4,352
2026-03-16 22:00:00,54.0,21.1,57,0.0,1009.2,7.2,3
2026-03-16 23:00:00,35.0,21.3,61,0.0,1009.6,9.7,336
2026-03-17 00:00:00,36.0,20.2,67,0.0,1009.6,7.5,343
2026-03-17 01:00:00,47.0,19.5,73,0.0,1009.5,9.1,335
2026-03-17 02:00:00,44.0,18.8,74,0.0,1009.0,8.5,342
2026-03-17 03:00:00,48.0,18.4,73,0.0,1008.6,7.5,352
2026-03-17 04:00:00,47.0,18.1,71,0.0,1008.2,6.9,346
2026-03-17 05:00:00,48.0,17.2,74,0.0,1008.0,5.1,8
2026-03-17 06:00:00,58.0,17.0,74,0.0,1008.8,4.5,346
2026-03-17 07:00:00,74.0,17.7,70,0.0,1009.1,3.1,347
2026-03-17 08:00:00,103.0,19.9,59,0.0,1009.8,2.0,350
2026-03-17 09:00:00,101.0,23.7,44,0.0,1010.3,2.3,342
2026-03-17 10:00:00,76.0,27.0,33,0.0,1010.2,3.6,6
2026-03-17 11:00:00,137.0,28.6,36,0.0,1009.9,5.2,356
2026-03-17 12:00:00,123.0,29.7,35,0.0,1009.4,5.9,358
2026-03-17 13:00:00,101.0,30.4,34,0.0,1008.4,5.4,2
2026-03-17 14:00:00,90.0,31.1,31,0.0,1007.6,5.6,2
2026-03-17 15:00:00,64.0,30.5,31,0.0,1007.2,8.2,351
2026-03-17 16:00:00,59.0,30.3,31,0.0,1007.1,7.6,345
2026-03-17 17:00:00,51.0,28.4,39,0.0,1007.4,10.7,352
2026-03-17 18:00:00,52.0,26.9,43,0.0,1008.3,9.6,346
2026-03-17 19:00:00,56.0,25.7,47,0.0,1008.9,7.4,342
2026-03-17 20:00:00,65.0,24.6,52,0.0,1009.5,6.4,338
2026-03-17 21:00:00,72.0,23.6,56,0.0,1009.7,5.5,349
2026-03-17 22:00:00,73.0,22.6,60,0.0,1009.7,5.3,342
2026-03-17 23:00:00,83.0,22.3,66,0.0,1010.0,5.4,358
2026-03-18 00:00:00,83.0,21.4,70,0.0,1009.7,4.7,356
2026-03-18 01:00:00,84.0,20.7,74,0.0,1009.3,3.7,349
2026-03-18 02:00:00,91.0,19.9,79,0.0,1008.9,3.1,339
2026-03-18 03:00:00,88.0,19.6,80,0.0,1009.3,3.1,347
2026-03-18 04:00:00,96.0,20.0,78,0.0,1009.4,3.7,337
2026-03-18 05:00:00,101.0,19.4,80,0.0,1009.5,5.4,330
2026-03-18 06:00:00,106.0,19.0,82,0.0,1010.0,4.8,338
2026-03-18 07:00:00,101.0,19.5,79,0.0,1010.5,4.7,332
2026-03-18 08:00:00,103.0,21.6,69,0.0,1011.4,2.8,349
2026-03-18 09:00:00,100.0,25.1,54,0.0,1012.2,2.9,360
2026-03-18 10:00:00,92.0,27.6,45,0.0,1012.4,2.9,7
2026-03-18 11:00:00,86.0,29.0,41,0.0,1012.2,2.3,32
2026-03-18 12:00:00,77.0,30.9,35,0.0,1011.1,2.8,63
2026-03-18 13:00:00,76.0,31.8,29,0.0,1010.4,2.8,40
2026-03-18 14:00:00,85.0,29.9,34,0.9,1009.9,8.6,303
2026-03-18 15:00:00,96.0,29.2,37,0.0,1009.3,7.1,114
2026-03-18 16:00:00,94.0,28.7,37,0.3,1009.3,2.9,137
2026-03-18 17:00:00,78.0,29.3,34,0.0,1009.3,10.7,117
2026-03-18 18:00:00,72.0,20.5,73,3.3,1012.4,19.6,300
2026-03-18 19:00:00,40.0,21.5,74,0.4,1013.2,12.6,294
2026-03-18 20:00:00,41.0,20.9,75,0.0,1013.9,9.4,300
2026-03-18 21:00:00,40.0,20.9,76,0.1,1014.1,3.2,199
2026-03-18 22:00:00,45.0,20.3,81,0.2,1013.4,8.6,59
2026-03-18 23:00:00,45.0,21.5,81,0.0,1012.4,13.2,76
2026-03-19 00:00:00,49.0,21.6,64,0.0,1012.1,9.4,58
2026-03-19 01:00:00,42.0,21.4,63,0.0,1011.6,5.8,56
2026-03-19 02:00:00,47.0,21.4,58,0.0,1011.4,7.1,81
2026-03-19 03:00:00,43.0,21.1,60,0.0,1011.4,5.2,119
2026-03-19 04:00:00,40.0,20.2,60,0.0,1011.2,8.0,38
2026-03-19 05:00:00,41.0,21.2,69,0.0,1011.0,12.0,83
2026-03-19 06:00:00,48.0,21.7,68,0.0,1011.2,3.4,87
2026-03-19 07:00:00,57.0,22.0,65,0.0,1012.4,3.5,9
2026-03-19 08:00:00,53.0,22.3,64,0.0,1013.0,3.7,76
2026-03-19 09:00:00,58.0,24.3,56,0.0,1013.5,0.7,194
2026-03-19 10:00:00,63.0,27.4,42,0.0,1013.7,1.5,83
2026-03-19 11:00:00,58.0,27.2,47,0.0,1014.2,7.4,219
2026-03-19 12:00:00,104.0,26.4,50,0.0,1013.2,3.6,233
2026-03-19 13:00:00,66.0,25.7,55,1.2,1012.6,10.5,273
2026-03-19 14:00:00,49.0,26.5,48,1.9,1011.7,12.3,278
2026-03-19 15:00:00,44.0,24.4,57,0.0,1011.4,9.2,310
2026-03-19 16:00:00,42.0,24.0,59,0.0,1010.8,10.4,318
2026-03-19 17:00:00,47.0,21.3,74,0.1,1010.7,17.5,355
2026-03-19 18:00:00,64.0,19.2,83,0.0,1011.0,9.0,330
2026-03-19 19:00:00,54.0,18.9,87,0.0,1011.5,8.0,320
2026-03-19 20:00:00,44.0,18.8,88,0.0,1012.5,12.1,320
2026-03-19 21:00:00,37.0,18.4,87,0.0,1012.6,12.0,334
2026-03-19 22:00:00,29.0,18.2,85,0.0,1012.4,10.9,343
2026-03-19 23:00:00,29.0,18.2,84,0.0,1011.8,6.2,22
2026-03-20 00:00:00,27.0,17.7,88,0.0,1012.0,7.4,315
2026-03-20 01:00:00,31.0,17.1,92,0.0,1011.5,5.2,331
2026-03-20 02:00:00,29.0,16.8,93,0.0,1010.7,5.8,334
2026-03-20 03:00:00,31.0,16.9,93,0.0,1010.5,3.5,321
2026-03-20 04:00:00,34.0,16.7,93,0.0,1009.9,4.2,348
2026-03-20 05:00:00,109.0,16.9,96,0.0,1010.2,6.7,278
2026-03-20 06:00:00,70.0,17.0,95,0.6,1010.7,10.0,277
2026-03-20 07:00:00,40.0,17.3,93,1.0,1012.1,10.2,277
2026-03-20 08:00:00,45.0,17.5,93,1.2,1013.1,5.5,289
2026-03-20 09:00:00,48.0,17.7,92,0.7,1013.2,5.9,320
2026-03-20 10:00:00,34.0,18.1,88,0.3,1013.1,6.7,308
2026-03-20 11:00:00,34.0,18.5,85,0.0,1013.5,6.0,314
2026-03-20 12:00:00,27.0,18.8,79,0.2,1012.8,5.1,342
2026-03-20 13:00:00,28.0,19.1,78,0.1,1012.0,4.9,321
2026-03-20 14:00:00,26.0,19.7,76,0.0,1011.2,3.3,338
2026-03-20 15:00:00,26.0,20.2,74,0.0,1010.1,3.4,342
2026-03-20 16:00:00,34.0,20.2,73,0.1,1009.8,3.5,9
2026-03-20 17:00:00,32.0,19.9,73,0.1,1010.3,4.1,358
2026-03-20 18:00:00,35.0,18.6,81,0.0,1010.5,5.8,7
2026-03-20 19:00:00,48.0,17.7,86,0.0,1010.9,4.2,340
2026-03-20 20:00:00,55.0,17.2,89,0.0,1011.5,4.4,32
2026-03-20 21:00:00,65.0,16.5,93,0.0,1012.2,3.3,354
2026-03-20 22:00:00,64.0,15.9,94,0.0,1012.4,2.1,285
2026-03-20 23:00:00,55.0,16.0,97,0.0,1012.8,1.3,270
2026-03-21 00:00:00,54.0,16.0,97,0.0,1012.4,1.2,243
2026-03-21 01:00:00,52.0,15.5,99,0.0,1011.7,2.5,240
2026-03-21 02:00:00,55.0,15.2,100,0.0,1011.9,4.0,265
2026-03-21 03:00:00,50.0,15.3,99,0.0,1012.2,4.5,313
2026-03-21 04:00:00,57.0,15.1,100,0.0,1011.9,5.2,319
2026-03-21 05:00:00,60.0,15.1,99,0.0,1012.4,5.3,342
2026-03-21 06:00:00,65.0,14.8,100,0.0,1013.4,3.8,8
2026-03-21 07:00:00,70.0,14.9,99,0.0,1014.2,1.3,360
2026-03-21 08:00:00,84.0,15.3,99,0.0,1015.1,3.3,331
2026-03-21 09:00:00,79.0,17.7,87,0.0,1015.4,2.1,329
2026-03-21 10:00:00,84.0,20.0,79,0.0,1015.4,3.4,288
2026-03-21 11:00:00,62.0,22.3,69,0.0,1014.5,4.8,292
2026-03-21 12:00:00,52.0,23.8,61,0.0,1014.3,5.1,293
2026-03-21 13:00:00,49.0,24.8,54,0.0,1013.4,5.4,296
2026-03-21 14:00:00,31.0,25.4,47,0.0,1012.5,8.0,312
2026-03-21 15:00:00,29.0,25.3,47,0.0,1011.8,8.4,317
2026-03-21 16:00:00,26.0,25.0,47,0.0,1011.5,7.9,319
2026-03-21 17:00:00,19.0,24.4,53,0.0,1012.1,6.4,333
2026-03-21 18:00:00,22.0,22.3,67,0.0,1012.4,4.7,344
2026-03-21 19:00:00,39.0,21.6,73,0.0,1013.0,3.9,323
2026-03-21 20:00:00,46.0,21.0,74,0.0,1013.8,4.1,293
2026-03-21 21:00:00,59.0,20.3,76,0.0,1014.5,5.0,291
2026-03-21 22:00:00,64.0,20.1,78,0.0,1014.1,4.3,298
2026-03-21 23:00:00,62.0,20.4,74,0.0,1014.2,6.8,323
2026-03-22 00:00:00,59.0,19.2,77,0.0,1014.3,6.0,335
2026-03-22 01:00:00,57.0,18.2,81,0.0,1013.7,5.2,338
2026-03-22 02:00:00,56.0,17.4,83,0.0,1013.0,4.5,320
2026-03-22 03:00:00,71.0,17.1,83,0.0,1013.3,5.6,292
2026-03-22 04:00:00,98.0,16.8,83,0.0,1013.3,7.0,291
2026-03-22 05:00:00,109.0,16.6,84,0.0,1012.9,6.2,287
2026-03-22 06:00:00,99.0,16.5,86,0.0,1013.3,5.0,285
2026-03-22 07:00:00,107.0,17.4,84,0.0,1013.6,6.0,291
2026-03-22 08:00:00,117.0,19.1,79,0.0,1014.3,4.7,298
2026-03-22 09:00:00,77.0,21.2,70,0.0,1014.9,6.6,292
2026-03-22 10:00:00,45.0,23.0,60,0.0,1014.8,7.4,302
2026-03-22 11:00:00,33.0,24.9,53,0.0,1014.2,9.1,288
2026-03-22 12:00:00,27.0,26.0,48,0.0,1013.7,10.6,289
2026-03-22 13:00:00,26.0,26.6,47,0.0,1012.7,11.5,290
2026-03-22 14:00:00,22.0,27.1,46,0.0,1011.5,10.1,294
2026-03-22 15:00:00,25.0,27.2,44,0.0,1010.8,10.1,292
2026-03-22 16:00:00,20.0,26.9,45,0.0,1010.6,10.3,289
2026-03-22 17:00:00,26.0,26.2,49,0.0,1010.5,7.8,302
2026-03-22 18:00:00,29.0,23.7,62,0.0,1010.8,5.6,291
2026-03-22 19:00:00,37.0,22.5,68,0.0,1011.2,5.2,314
2026-03-22 20:00:00,49.0,21.9,72,0.0,1011.9,4.0,291
2026-03-22 21:00:00,71.0,21.2,73,0.0,1012.2,2.2,215
2026-03-22 22:00:00,74.0,20.7,76,0.0,1011.9,2.1,211
2026-03-22 23:00:00,64.0,21.3,72,0.0,1011.9,2.8,320
2026-03-23 00:00:00,70.0,20.7,72,0.0,1011.6,5.8,4
2026-03-23 01:00:00,65.0,20.0,74,0.0,1011.4,5.8,16
2026-03-23 02:00:00,70.0,19.4,77,0.0,1011.2,4.7,16
2026-03-23 03:00:00,61.0,19.0,78,0.1,1011.8,7.6,341
2026-03-23 04:00:00,58.0,18.7,81,0.7,1012.3,7.1,304
2026-03-23 05:00:00,44.0,18.4,85,0.6,1012.3,12.4,326
2026-03-23 06:00:00,31.0,18.1,87,0.8,1012.5,7.6,304
2026-03-23 07:00:00,36.0,18.1,88,0.4,1013.6,9.1,295
2026-03-23 08:00:00,28.0,18.0,88,3.2,1014.2,8.2,261
2026-03-23 09:00:00,33.0,18.3,90,1.2,1014.6,8.6,221
2026-03-23 10:00:00,26.0,20.5,83,0.0,1014.2,4.5,173
2026-03-23 11:00:00,33.0,22.7,70,0.0,1013.6,4.2,211
2026-03-23 12:00:00,30.0,23.7,65,0.0,1013.1,4.7,212
2026-03-23 13:00:00,43.0,24.4,61,0.0,1011.9,3.9,217
2026-03-23 14:00:00,38.0,26.0,54,0.0,1010.9,2.8,215
2026-03-23 15:00:00,37.0,26.5,51,0.0,1010.0,2.4,243
2026-03-23 16:00:00,30.0,26.4,51,0.0,1009.5,4.5,323
2026-03-23 17:00:00,48.0,27.1,48,0.0,1009.4,4.2,282
2026-03-23 18:00:00,50.0,25.0,66,0.0,1009.9,1.0,315
2026-03-23 19:00:00,61.0,23.4,72,0.0,1010.5,3.6,87
2026-03-23 20:00:00,88.0,22.5,74,0.0,1011.2,4.8,115
2026-03-23 21:00:00,71.0,22.1,72,0.0,1012.0,5.2,164
2026-03-23 22:00:00,72.0,21.3,75,0.0,1011.7,5.7,171
2026-03-23 23:00:00,67.0,20.9,83,0.0,1011.7,4.0,180
2026-03-24 00:00:00,80.0,20.5,85,0.0,1011.8,3.5,165
2026-03-24 01:00:00,85.0,20.0,86,0.0,1011.9,0.7,76
2026-03-24 02:00:00,89.0,19.1,91,0.0,1011.7,2.7,23
2026-03-24 03:00:00,85.0,18.7,92,0.0,1011.6,1.3,225
2026-03-24 04:00:00,88.0,18.3,93,0.0,1010.5,3.3,216
2026-03-24 05:00:00,89.0,18.4,90,0.0,1010.9,3.4,264
2026-03-24 06:00:00,88.0,18.7,89,0.0,1011.1,3.5,258
2026-03-24 07:00:00,81.0,19.8,85,0.0,1011.8,5.1,262
2026-03-24 08:00:00,87.0,21.8,78,0.0,1012.2,2.7,266
2026-03-24 09:00:00,76.0,24.3,67,0.0,1012.8,4.8,250
2026-03-24 10:00:00,55.0,26.5,55,0.0,1013.0,6.8,258
2026-03-24 11:00:00,53.0,28.3,43,0.0,1012.1,8.6,296
2026-03-24 12:00:00,53.0,29.2,37,0.0,1011.1,10.3,316
2026-03-24 13:00:00,39.0,29.8,34,0.0,1010.3,11.6,319
2026-03-24 14:00:00,36.0,29.9,33,0.0,1009.4,11.6,319
2026-03-24 15:00:00,27.0,29.6,33,0.0,1008.6,12.4,324
2026-03-24 16:00:00,33.0,29.0,34,0.0,1008.3,11.8,327
2026-03-24 17:00:00,31.0,28.4,35,0.0,1008.4,11.0,330
2026-03-24 18:00:00,38.0,26.1,48,0.0,1008.4,5.2,319
2026-03-24 19:00:00,41.0,24.7,56,0.0,1008.6,4.4,300
2026-03-24 20:00:00,63.0,23.9,58,0.0,1009.5,5.6,303
2026-03-24 21:00:00,65.0,23.0,56,0.0,1010.0,7.1,319
2026-03-24 22:00:00,75.0,21.8,54,0.0,1010.0,6.5,336
2026-03-24 23:00:00,95.0,21.7,59,0.0,1009.9,7.1,317
2026-03-25 00:00:00,96.0,20.9,63,0.0,1009.5,5.7,305
2026-03-25 01:00:00,93.0,20.2,67,0.0,1009.4,5.0,325
2026-03-25 02:00:00,107.0,19.4,72,0.0,1009.1,4.1,311
2026-03-25 03:00:00,121.0,19.0,72,0.0,1009.3,4.8,292
2026-03-25 04:00:00,129.0,18.4,75,0.0,1009.0,4.9,298
2026-03-25 05:00:00,193.0,18.8,76,0.0,1009.2,5.2,282
2026-03-25 06:00:00,219.0,18.7,76,0.0,1009.9,5.1,278
2026-03-25 07:00:00,124.0,19.7,73,0.0,1010.8,6.6,281
2026-03-25 08:00:00,114.0,21.9,67,0.0,1011.5,3.4,264
2026-03-25 09:00:00,69.0,24.9,55,0.0,1011.8,4.1,270
2026-03-25 10:00:00,49.0,27.4,43,0.0,1011.9,5.5,283
2026-03-25 11:00:00,56.0,29.3,33,0.0,1011.5,7.3,300
2026-03-25 12:00:00,35.0,30.5,30,0.0,1011.0,7.8,296
2026-03-25 13:00:00,28.0,31.3,27,0.0,1010.1,9.2,296
2026-03-25 14:00:00,20.0,31.7,26,0.0,1009.1,10.1,297
2026-03-25 15:00:00,19.0,31.6,26,0.0,1008.4,11.1,292
2026-03-25 16:00:00,19.0,31.1,28,0.0,1008.2,10.7,290
2026-03-25 17:00:00,29.0,30.6,28,0.0,1008.2,9.7,298
2026-03-25 18:00:00,28.0,28.9,33,0.0,1008.5,5.0,319
2026-03-25 19:00:00,39.0,27.8,38,0.0,1009.0,3.8,352
2026-03-25 20:00:00,80.0,26.7,42,0.0,1009.5,3.2,19
2026-03-25 21:00:00,88.0,26.5,52,0.0,1010.2,0.7,256
2026-03-25 22:00:00,66.0,25.2,46,0.0,1010.7,2.3,209
2026-03-25 23:00:00,81.0,25.3,48,0.0,1011.1,3.0,303
2026-03-26 00:00:00,74.0,24.5,50,0.0,1011.3,7.6,341
2026-03-26 01:00:00,74.0,23.3,56,0.0,1011.4,7.3,350
2026-03-26 02:00:00,67.0,23.4,55,0.0,1011.4,6.6,334
2026-03-26 03:00:00,75.0,22.3,58,0.0,1011.6,3.5,258
2026-03-26 04:00:00,78.0,21.6,61,0.0,1011.4,4.0,324
2026-03-26 05:00:00,79.0,21.6,66,0.0,1011.1,5.2,344
2026-03-26 06:00:00,87.0,21.2,71,0.0,1012.1,3.7,317
2026-03-26 07:00:00,101.0,22.5,65,0.0,1012.5,2.8,207
2026-03-26 08:00:00,90.0,24.8,56,0.0,1013.1,2.4,234
2026-03-26 09:00:00,65.0,27.5,47,0.0,1013.7,3.8,253
2026-03-26 10:00:00,74.0,29.6,41,0.0,1013.9,4.7,268
2026-03-26 11:00:00,67.0,33.0,27,0.0,1013.1,6.8,272
2026-03-26 12:00:00,50.0,34.6,21,0.0,1011.8,8.3,281
2026-03-26 13:00:00,41.0,34.8,19,0.0,1010.6,8.7,304
2026-03-26 14:00:00,36.0,34.8,20,0.0,1009.9,11.6,321
2026-03-26 15:00:00,30.0,33.0,25,0.0,1009.2,14.3,319
2026-03-26 16:00:00,36.0,32.3,27,0.0,1009.3,13.6,309
2026-03-26 17:00:00,36.0,31.9,25,0.0,1009.2,8.9,335
2026-03-26 18:00:00,38.0,30.6,32,0.0,1009.6,7.8,337
2026-03-26 19:00:00,39.0,29.3,39,0.0,1010.0,7.1,333
2026-03-26 20:00:00,64.0,28.6,41,0.0,1010.7,6.1,304
2026-03-26 21:00:00,74.0,28.2,41,0.0,1011.4,8.7,304
2026-03-26 22:00:00,16.0,27.8,40,0.0,1011.7,9.8,300
2026-03-26 23:00:00,18.0,26.9,45,0.0,1011.4,6.0,280
2026-03-27 00:00:00,22.0,26.3,46,0.0,1010.7,6.8,323
2026-03-27 01:00:00,39.0,24.9,52,0.0,1010.1,7.8,314
2026-03-27 02:00:00,48.0,23.9,57,0.0,1009.5,8.4,313
2026-03-27 03:00:00,61.0,23.1,60,0.0,1008.9,7.8,334
2026-03-27 04:00:00,65.0,22.4,62,0.0,1008.5,6.2,311
2026-03-27 05:00:00,113.0,22.6,65,0.0,1008.2,10.7,318
2026-03-27 06:00:00,85.0,22.3,66,0.0,1009.3,11.8,314
2026-03-27 07:00:00,56.0,22.6,66,0.0,1009.8,11.2,334
2026-03-27 08:00:00,48.0,23.3,63,0.4,1010.5,12.8,341
2026-03-27 09:00:00,43.0,25.3,53,0.0,1010.9,11.0,335
2026-03-27 10:00:00,45.0,26.7,48,0.0,1010.9,10.2,352
2026-03-27 11:00:00,53.0,25.3,57,0.1,1011.0,11.7,5
2026-03-27 12:00:00,56.0,25.7,52,0.0,1010.7,9.2,356
2026-03-27 13:00:00,50.0,28.6,40,0.0,1009.1,4.9,354
2026-03-27 14:00:00,35.0,29.2,36,0.2,1007.8,9.4,320
2026-03-27 15:00:00,27.0,28.8,38,0.0,1006.8,8.5,322
2026-03-27 16:00:00,19.0,28.9,37,0.0,1006.2,6.1,328
2026-03-27 17:00:00,17.0,28.2,37,0.0,1005.3,10.6,321
2026-03-27 18:00:00,25.0,27.7,38,0.0,1005.8,8.7,322
2026-03-27 19:00:00,32.0,27.1,40,0.0,1006.2,5.0,322
2026-03-27 20:00:00,35.0,26.4,43,0.0,1007.1,4.7,288
2026-03-27 21:00:00,45.0,25.7,46,0.0,1007.3,4.1,268
2026-03-27 22:00:00,52.0,24.9,48,0.0,1007.5,3.5,282
2026-03-27 23:00:00,50.0,24.0,61,0.0,1007.5,3.3,306
2026-03-28 00:00:00,53.0,23.3,63,0.0,1007.1,3.8,287
2026-03-28 01:00:00,48.0,22.7,63,0.0,1006.4,4.1,270
2026-03-28 02:00:00,51.0,22.4,63,0.0,1005.9,4.7,277
2026-03-28 03:00:00,60.0,22.1,63,0.0,1005.5,6.0,275
2026-03-28 04:00:00,151.0,21.3,66,0.0,1005.1,5.7,261
2026-03-28 05:00:00,240.0,21.5,66,0.0,1005.4,6.4,288
2026-03-28 06:00:00,184.0,21.5,66,0.0,1006.2,5.1,288
2026-03-28 07:00:00,178.0,22.4,62,0.0,1006.7,3.8,278
2026-03-28 08:00:00,104.0,24.7,53,0.0,1007.3,2.6,258
2026-03-28 09:00:00,48.0,27.2,43,0.0,1007.7,3.1,270
2026-03-28 10:00:00,31.0,29.1,37,0.0,1007.2,1.8,307
2026-03-28 11:00:00,23.0,30.4,34,0.0,1006.7,3.6,327
2026-03-28 12:00:00,28.0,31.9,30,0.0,1006.1,4.9,324
2026-03-28 13:00:00,21.0,32.8,27,0.0,1005.2,6.5,316
2026-03-28 14:00:00,28.0,33.1,26,0.0,1004.1,7.9,311
2026-03-28 15:00:00,30.0,33.2,24,0.0,1003.5,9.8,305
2026-03-28 16:00:00,27.0,32.5,25,0.0,1003.1,9.6,303
2026-03-28 17:00:00,18.0,32.0,22,0.0,1003.1,6.4,320
2026-03-28 18:00:00,20.0,30.6,28,0.0,1003.8,5.8,324
2026-03-28 19:00:00,29.0,29.3,36,0.0,1004.3,3.8,25
2026-03-28 20:00:00,51.0,28.3,41,0.0,1004.7,4.7,99
2026-03-28 21:00:00,51.0,27.7,41,0.0,1005.2,4.0,129
2026-03-28 22:00:00,70.0,26.7,43,0.0,1004.9,3.1,80
2026-03-28 23:00:00,61.0,26.3,45,0.0,1005.2,5.6,112
2026-03-29 00:00:00,78.0,25.5,47,0.0,1005.0,7.3,101
2026-03-29 01:00:00,89.0,24.7,51,0.0,1004.9,7.2,143
2026-03-29 02:00:00,91.0,24.0,56,0.0,1005.0,7.5,143
2026-03-29 03:00:00,95.0,23.5,58,0.0,1004.6,7.2,125
2026-03-29 04:00:00,90.0,23.1,59,0.0,1004.3,6.5,122
2026-03-29 05:00:00,105.0,23.2,62,0.0,1004.8,7.5,132
2026-03-29 06:00:00,114.0,23.2,62,0.0,1005.7,7.9,141
2026-03-29 07:00:00,122.0,24.1,58,0.0,1006.8,8.2,140
2026-03-29 08:00:00,135.0,26.1,51,0.0,1007.5,7.8,138
2026-03-29 09:00:00,83.0,28.1,45,0.0,1008.0,9.0,142
2026-03-29 10:00:00,61.0,31.1,35,0.0,1007.9,11.9,146
2026-03-29 11:00:00,58.0,32.7,33,0.0,1007.5,11.7,142
2026-03-29 12:00:00,47.0,33.0,33,0.0,1007.1,9.2,141
2026-03-29 13:00:00,41.0,34.3,31,0.0,1006.2,6.0,123
2026-03-29 14:00:00,44.0,34.6,30,0.0,1005.2,6.9,129
2026-03-29 15:00:00,33.0,34.6,30,0.0,1004.4,6.2,80
2026-03-29 16:00:00,37.0,31.5,36,0.2,1004.7,7.5,105
2026-03-29 17:00:00,36.0,30.0,51,0.0,1003.8,3.5,9
2026-03-29 18:00:00,59.0,31.3,38,0.0,1004.4,8.3,48
2026-03-29 19:00:00,63.0,28.9,48,0.0,1005.0,11.8,47
2026-03-29 20:00:00,77.0,27.5,52,0.0,1005.8,11.5,63
2026-03-29 21:00:00,76.0,26.6,53,0.0,1006.4,10.1,65
2026-03-29 22:00:00,64.0,26.3,51,0.0,1006.5,7.2,90
2026-03-29 23:00:00,62.0,26.4,52,0.0,1006.7,6.9,85
2026-03-30 00:00:00,61.0,25.5,54,0.0,1006.4,6.7,109
2026-03-30 01:00:00,64.0,24.7,56,0.0,1006.1,7.9,120
2026-03-30 02:00:00,65.0,24.1,59,0.0,1005.9,6.3,125
2026-03-30 03:00:00,73.0,23.7,60,0.0,1005.8,7.7,139
2026-03-30 04:00:00,73.0,23.2,62,0.0,1005.9,5.3,147
2026-03-30 05:00:00,70.0,22.5,69,0.0,1006.0,7.1,114
2026-03-30 06:00:00,75.0,22.3,70,0.0,1006.5,3.2,153
2026-03-30 07:00:00,93.0,23.3,66,0.0,1007.6,2.1,218
2026-03-30 08:00:00,95.0,26.2,54,0.0,1008.5,3.3,241
2026-03-30 09:00:00,59.0,30.0,34,0.0,1008.9,6.1,270
2026-03-30 10:00:00,63.0,32.6,26,0.0,1008.9,7.8,279
2026-03-30 11:00:00,46.0,34.4,19,0.0,1008.9,7.9,274
2026-03-30 12:00:00,39.0,35.7,18,0.0,1008.2,8.0,275
2026-03-30 13:00:00,33.0,34.4,21,0.0,1008.7,24.3,270
2026-03-30 14:00:00,39.0,32.3,24,0.0,1008.7,16.3,281
2026-03-30 15:00:00,31.0,30.0,36,0.0,1008.4,17.9,302
2026-03-30 16:00:00,33.0,30.4,33,0.0,1007.8,10.8,307
2026-03-30 17:00:00,28.0,27.9,44,0.0,1008.3,9.8,336
2026-03-30 18:00:00,31.0,27.4,46,0.0,1008.0,8.0,337
2026-03-30 19:00:00,49.0,27.0,48,0.0,1008.4,4.3,332
2026-03-30 20:00:00,47.0,26.9,48,0.0,1009.2,3.6,221
2026-03-30 21:00:00,43.0,26.5,49,0.0,1009.9,7.8,275
2026-03-30 22:00:00,50.0,25.4,55,0.0,1010.1,5.6,292
2026-03-30 23:00:00,54.0,24.6,64,0.0,1010.0,8.7,326
2026-03-31 00:00:00,57.0,23.9,68,0.0,1009.5,5.6,291
2026-03-31 01:00:00,43.0,23.6,69,0.0,1009.3,6.4,292
2026-03-31 02:00:00,44.0,23.0,70,0.0,1008.9,5.6,315
2026-03-31 03:00:00,55.0,22.5,70,0.0,1008.8,5.0,308
2026-03-31 04:00:00,83.0,22.0,71,0.0,1009.0,3.4,270
2026-03-31 05:00:00,119.0,22.1,72,0.0,1008.5,6.6,296
2026-03-31 06:00:00,161.0,21.9,73,0.0,1009.1,3.1,283
2026-03-31 07:00:00,155.0,23.4,66,0.0,1010.2,2.7,160
2026-03-31 08:00:00,58.0,26.4,53,0.0,1010.8,2.8,288
2026-03-31 09:00:00,36.0,29.6,36,0.0,1011.2,3.8,301
2026-03-31 10:00:00,45.0,31.4,30,0.0,1011.2,4.7,332
2026-03-31 11:00:00,29.0,33.2,26,0.0,1010.7,3.7,14
2026-03-31 12:00:00,41.0,34.6,24,0.0,1010.2,6.5,358
2026-03-31 13:00:00,34.0,32.5,26,0.1,1009.4,6.6,35
2026-03-31 14:00:00,44.0,30.6,34,0.4,1009.6,10.1,358
2026-03-31 15:00:00,36.0,30.4,35,0.0,1008.9,2.8,55
2026-03-31 16:00:00,17.0,30.2,30,0.0,1008.4,8.9,241
2026-03-31 17:00:00,14.0,25.6,54,0.0,1010.0,6.0,265
2026-03-31 18:00:00,12.0,24.5,61,1.1,1009.2,8.4,7
2026-03-31 19:00:00,19.0,24.5,61,0.0,1009.6,7.0,168
2026-03-31 20:00:00,20.0,24.1,66,0.0,1010.7,4.6,111
2026-03-31 21:00:00,20.0,23.5,68,0.0,1011.2,4.0,172
2026-03-31 22:00:00,14.0,23.1,69,0.0,1011.5,6.7,322
2026-03-31 23:00:00,19.0,22.8,72,0.0,1011.1,16.4,360
2026-04-01 00:00:00,35.0,22.0,69,0.0,1010.7,6.9,15
2026-04-01 01:00:00,32.0,21.6,68,0.0,1010.1,6.9,17
2026-04-01 02:00:00,22.0,20.7,71,0.0,1010.0,6.5,3
2026-04-01 03:00:00,27.0,19.8,78,0.0,1010.3,2.3,135
2026-04-01 04:00:00,27.0,19.4,81,0.0,1010.5,2.8,125
2026-04-01 05:00:00,28.0,19.5,83,0.0,1010.1,2.2,9
2026-04-01 06:00:00,35.0,19.6,83,0.0,1010.4,1.9,61
2026-04-01 07:00:00,52.0,21.0,71,0.0,1011.0,1.7,122
2026-04-01 08:00:00,54.0,23.7,60,0.0,1011.6,0.3,45
2026-04-01 09:00:00,51.0,26.8,47,0.0,1012.2,1.4,320
2026-04-01 10:00:00,48.0,29.8,35,0.0,1012.3,1.1,279
2026-04-01 11:00:00,35.0,31.7,31,0.0,1012.2,6.0,189
2026-04-01 12:00:00,32.0,32.8,28,0.0,1011.5,5.1,212
2026-04-01 13:00:00,20.0,33.6,25,0.0,1010.3,4.0,234
2026-04-01 14:00:00,20.0,32.5,25,0.0,1009.6,10.3,220
2026-04-01 15:00:00,22.0,32.8,24,0.0,1008.8,6.7,214
2026-04-01 16:00:00,22.0,31.9,26,0.0,1008.0,4.3,292
2026-04-01 17:00:00,35.0,30.8,34,0.0,1007.6,10.2,9
2026-04-01 18:00:00,41.0,29.6,39,0.0,1008.5,8.1,12
2026-04-01 19:00:00,52.0,28.4,44,0.0,1008.9,8.7,6
2026-04-01 20:00:00,69.0,27.6,45,0.0,1009.3,6.4,32
2026-04-01 21:00:00,78.0,26.8,46,0.0,1009.9,6.2,36
2026-04-01 22:00:00,76.0,26.0,48,0.0,1009.9,6.0,33
2026-04-01 23:00:00,95.0,26.0,53,0.0,1009.6,6.5,23
2026-04-02 00:00:00,97.0,25.0,56,0.0,1009.5,5.9,23
2026-04-02 01:00:00,88.0,23.7,62,0.0,1009.2,4.3,33
2026-04-02 02:00:00,81.0,23.1,64,0.0,1009.1,5.0,44
2026-04-02 03:00:00,80.0,22.9,62,0.0,1009.1,5.6,22
2026-04-02 04:00:00,74.0,22.2,63,0.0,1009.0,4.6,26
2026-04-02 05:00:00,73.0,21.9,69,0.0,1008.7,3.5,24
2026-04-02 06:00:00,78.0,21.7,71,0.0,1009.2,3.3,36
2026-04-02 07:00:00,100.0,23.0,66,0.0,1010.2,1.9,299
2026-04-02 08:00:00,101.0,25.7,56,0.0,1010.7,1.1,342
2026-04-02 09:00:00,94.0,28.9,44,0.0,1011.3,1.6,174
2026-04-02 10:00:00,52.0,32.3,33,0.0,1011.6,2.6,168
2026-04-02 11:00:00,40.0,33.9,24,0.0,1011.7,10.1,209
2026-04-02 12:00:00,48.0,33.8,25,0.0,1010.6,4.9,170
2026-04-02 13:00:00,44.0,35.1,23,0.0,1009.8,4.2,220
2026-04-02 14:00:00,42.0,33.3,26,0.0,1009.5,9.6,213
2026-04-02 15:00:00,38.0,33.7,25,0.0,1008.2,2.4,207
2026-04-02 16:00:00,41.0,33.7,25,0.0,1007.7,0.9,217
2026-04-02 17:00:00,49.0,33.7,29,0.0,1007.3,5.1,84
2026-04-02 18:00:00,60.0,32.8,30,0.0,1007.0,4.6,72
2026-04-02 19:00:00,58.0,31.5,34,0.0,1007.0,7.0,77
2026-04-02 20:00:00,81.0,30.6,36,0.0,1007.0,4.3,62
2026-04-02 21:00:00,86.0,28.7,42,0.0,1007.7,4.4,97
2026-04-02 22:00:00,106.0,27.1,50,0.0,1008.5,3.6,99
2026-04-02 23:00:00,105.0,26.6,56,0.0,1008.1,2.4,107
2026-04-03 00:00:00,110.0,26.4,56,0.0,1007.8,4.0,120
2026-04-03 01:00:00,108.0,26.1,56,0.0,1007.5,6.2,134
2026-04-03 02:00:00,105.0,25.3,57,0.0,1007.2,2.7,217
2026-04-03 03:00:00,106.0,25.3,59,0.0,1007.6,0.4,360
2026-04-03 04:00:00,104.0,24.4,61,0.0,1007.2,1.6,6
2026-04-03 05:00:00,130.0,24.2,64,0.0,1007.4,12.7,254
2026-04-03 06:00:00,258.0,23.2,62,0.0,1008.6,14.3,263
2026-04-03 07:00:00,202.0,22.9,60,0.0,1010.0,14.5,265
2026-04-03 08:00:00,164.0,23.7,58,0.0,1011.1,12.0,286
2026-04-03 09:00:00,109.0,26.0,51,0.0,1011.9,11.1,286
2026-04-03 10:00:00,68.0,28.5,42,0.0,1011.9,13.3,289
2026-04-03 11:00:00,55.0,30.0,37,0.0,1011.8,12.1,303
2026-04-03 12:00:00,45.0,31.2,33,0.0,1011.2,10.0,308
2026-04-03 13:00:00,40.0,31.7,32,0.0,1010.1,7.2,332
2026-04-03 14:00:00,37.0,32.2,31,0.0,1008.7,8.0,350
2026-04-03 15:00:00,35.0,27.4,43,0.3,1010.3,11.5,293
2026-04-03 16:00:00,50.0,27.1,47,0.0,1009.2,5.0,345
2026-04-03 17:00:00,41.0,30.7,29,0.0,1007.3,9.8,305
2026-04-03 18:00:00,40.0,26.8,49,0.0,1008.7,11.9,302
2026-04-03 19:00:00,37.0,26.1,52,0.0,1009.9,10.6,285
2026-04-03 20:00:00,22.0,25.0,54,0.0,1011.8,15.6,262
2026-04-03 21:00:00,27.0,23.8,57,0.3,1010.9,6.6,319
2026-04-03 22:00:00,26.0,23.2,60,0.0,1011.7,5.1,297
2026-04-03 23:00:00,31.0,22.6,77,0.0,1011.6,6.3,18
2026-04-04 00:00:00,32.0,22.5,77,0.0,1011.0,6.7,354
2026-04-04 01:00:00,40.0,22.3,77,0.0,1010.0,8.7,347
2026-04-04 02:00:00,45.0,21.7,78,0.0,1009.6,7.7,31
2026-04-04 03:00:00,38.0,21.1,80,0.0,1009.6,4.2,20
2026-04-04 04:00:00,31.0,21.2,79,0.0,1009.7,3.4,313
2026-04-04 05:00:00,27.0,21.5,81,0.0,1009.3,5.9,284
2026-04-04 06:00:00,40.0,21.6,81,0.0,1010.3,7.2,283
2026-04-04 07:00:00,96.0,22.3,77,0.0,1010.7,5.1,315
2026-04-04 08:00:00,97.0,23.9,68,0.0,1011.1,4.8,315
2026-04-04 09:00:00,156.0,25.9,55,0.0,1011.5,4.6,342
2026-04-04 10:00:00,70.0,27.3,42,0.0,1011.8,6.5,336
2026-04-04 11:00:00,47.0,30.3,32,0.0,1011.2,8.7,317
2026-04-04 12:00:00,40.0,30.7,33,0.0,1010.3,6.2,343
2026-04-04 13:00:00,35.0,29.3,39,1.0,1010.1,0.6,198
2026-04-04 14:00:00,30.0,25.0,53,0.3,1011.0,8.8,226
2026-04-04 15:00:00,31.0,26.0,51,0.0,1008.7,2.6,214
2026-04-04 16:00:00,31.0,27.5,45,0.0,1008.2,2.6,254
2026-04-04 17:00:00,29.0,25.9,63,0.0,1007.0,3.8,270
2026-04-04 18:00:00,31.0,25.3,69,0.0,1007.6,3.1,211
2026-04-04 19:00:00,69.0,24.9,69,0.0,1008.3,3.9,196
2026-04-04 20:00:00,52.0,24.5,69,0.0,1008.6,5.5,232
2026-04-04 21:00:00,31.0,23.7,73,0.0,1008.8,3.9,236
2026-04-04 22:00:00,40.0,22.9,77,0.0,1009.2,3.4,133
2026-04-04 23:00:00,30.0,23.2,68,0.0,1008.2,5.1,276
2026-04-05 00:00:00,31.0,22.9,67,0.0,1008.9,8.6,329
2026-04-05 01:00:00,72.0,21.7,75,0.0,1008.8,3.2,3
2026-04-05 02:00:00,55.0,21.4,73,0.0,1008.2,4.9,272
2026-04-05 03:00:00,46.0,20.8,71,0.0,1008.3,5.5,311
2026-04-05 04:00:00,48.0,19.7,76,0.0,1008.8,5.7,342
2026-04-05 05:00:00,47.0,20.6,81,0.0,1008.0,2.6,231
2026-04-05 06:00:00,49.0,20.8,78,0.0,1008.6,4.1,308
2026-04-05 07:00:00,57.0,21.1,72,0.4,1010.2,10.6,179
2026-04-05 08:00:00,68.0,21.2,76,0.3,1009.9,3.2,227
2026-04-05 09:00:00,69.0,23.9,66,0.0,1010.8,8.1,29
2026-04-05 10:00:00,58.0,25.1,60,0.0,1010.6,2.0,95
2026-04-05 11:00:00,67.0,27.8,44,0.0,1010.1,4.6,329
2026-04-05 12:00:00,47.0,28.9,35,0.0,1009.1,6.7,301
2026-04-05 13:00:00,35.0,28.9,33,0.0,1008.2,10.4,281
2026-04-05 14:00:00,18.0,27.8,36,0.3,1007.8,9.4,283
2026-04-05 15:00:00,15.0,28.8,32,0.0,1006.8,2.9,277
2026-04-05 16:00:00,17.0,28.6,32,0.0,1006.4,4.9,266
2026-04-05 17:00:00,17.0,25.9,56,0.0,1006.1,1.3,45
2026-04-05 18:00:00,20.0,24.7,64,0.0,1006.8,5.1,48
2026-04-05 19:00:00,32.0,23.1,70,0.0,1007.1,3.8,87
2026-04-05 20:00:00,45.0,22.9,71,0.0,1007.9,1.1,342
2026-04-05 21:00:00,59.0,22.6,70,0.0,1008.4,0.8,207
2026-04-05 22:00:00,51.0,21.8,76,0.0,1008.6,3.9,223
2026-04-05 23:00:00,40.0,23.2,49,0.0,1009.2,8.6,349
2026-04-06 00:00:00,34.0,22.0,54,0.0,1008.9,6.6,339
2026-04-06 01:00:00,42.0,21.6,55,0.0,1008.4,7.4,354
2026-04-06 02:00:00,43.0,20.7,62,0.0,1008.1,5.5,9
2026-04-06 03:00:00,45.0,19.9,67,0.0,1008.4,4.1,358
2026-04-06 04:00:00,46.0,19.6,68,0.0,1008.3,2.5,4
2026-04-06 05:00:00,57.0,19.9,71,0.0,1008.1,0.4,333
2026-04-06 06:00:00,60.0,20.2,72,0.0,1008.9,0.4,27
2026-04-06 07:00:00,73.0,21.6,67,0.0,1009.7,1.8,259
2026-04-06 08:00:00,103.0,23.6,60,0.0,1010.2,0.4,297
2026-04-06 09:00:00,73.0,25.9,51,0.0,1010.7,1.5,216
2026-04-06 10:00:00,25.0,28.4,37,0.0,1010.9,3.5,258
2026-04-06 11:00:00,17.0,29.7,25,0.0,1010.8,6.5,298
2026-04-06 12:00:00,18.0,30.4,25,0.0,1010.1,7.1,319
2026-04-06 13:00:00,16.0,30.7,25,0.0,1009.2,8.5,312
2026-04-06 14:00:00,20.0,30.7,24,0.0,1008.1,9.2,313
2026-04-06 15:00:00,20.0,30.6,23,0.0,1006.9,8.2,322
2026-04-06 16:00:00,23.0,30.5,23,0.0,1006.4,6.4,310
2026-04-06 17:00:00,22.0,30.9,20,0.0,1005.7,9.7,245
2026-04-06 18:00:00,22.0,27.2,33,0.0,1006.9,10.9,214
2026-04-06 19:00:00,30.0,26.0,43,0.0,1007.3,4.5,256
2026-04-06 20:00:00,36.0,25.5,47,0.0,1008.2,3.5,298
2026-04-06 21:00:00,23.0,24.8,47,0.0,1009.1,1.5,315
2026-04-06 22:00:00,19.0,24.3,48,0.0,1009.2,1.0,211
2026-04-06 23:00:00,21.0,24.7,39,0.0,1009.2,9.3,278
2026-04-07 00:00:00,27.0,24.0,43,0.0,1009.3,7.6,270
2026-04-07 01:00:00,25.0,23.9,44,0.0,1009.1,7.8,5
2026-04-07 02:00:00,29.0,22.9,47,0.0,1008.7,7.7,9
2026-04-07 03:00:00,39.0,21.8,50,0.0,1008.3,6.1,12
2026-04-07 04:00:00,59.0,21.1,52,0.0,1007.5,5.7,41
2026-04-07 05:00:00,47.0,19.9,63,0.0,1007.8,5.8,76
2026-04-07 06:00:00,53.0,19.9,63,0.0,1008.5,6.4,135
2026-04-07 07:00:00,48.0,21.1,59,0.0,1008.9,9.7,125
2026-04-07 08:00:00,69.0,23.4,51,0.0,1009.0,6.4,126
2026-04-07 09:00:00,63.0,26.4,42,0.0,1009.5,9.0,149
2026-04-07 10:00:00,41.0,28.3,36,0.0,1009.4,12.1,147
2026-04-07 11:00:00,36.0,28.2,35,0.0,1009.2,13.6,133
2026-04-07 12:00:00,37.0,27.5,36,0.1,1009.1,14.0,156
2026-04-07 13:00:00,25.0,25.2,46,1.2,1008.9,11.8,163
2026-04-07 14:00:00,24.0,22.9,61,0.2,1008.3,9.2,79
2026-04-07 15:00:00,22.0,21.8,68,1.1,1007.8,4.5,16
2026-04-07 16:00:00,28.0,20.6,78,1.0,1007.1,3.5,81
2026-04-07 17:00:00,38.0,21.9,70,0.3,1005.6,12.1,70
2026-04-07 18:00:00,38.0,20.9,73,0.0,1006.4,7.1,74
2026-04-07 19:00:00,37.0,20.0,77,0.0,1006.9,8.6,67
2026-04-07 20:00:00,50.0,19.4,79,0.0,1007.1,8.9,81
2026-04-07 21:00:00,51.0,18.1,88,1.9,1009.3,6.7,232
2026-04-07 22:00:00,38.0,17.9,91,1.7,1007.7,9.2,96
2026-04-07 23:00:00,31.0,18.1,91,3.6,1006.5,8.1,90
2026-04-08 00:00:00,34.0,17.6,92,0.0,1007.1,5.5,117
2026-04-08 01:00:00,28.0,18.1,88,0.0,1007.1,6.5,178
2026-04-08 02:00:00,21.0,17.3,90,1.0,1007.0,9.3,156
2026-04-08 03:00:00,22.0,17.1,93,0.3,1006.2,9.7,94
2026-04-08 04:00:00,15.0,17.1,91,0.0,1005.9,3.6,162
2026-04-08 05:00:00,15.0,17.2,97,0.0,1006.6,3.1,177
2026-04-08 06:00:00,14.0,17.2,91,0.9,1007.9,7.2,273
2026-04-08 07:00:00,14.0,17.5,89,0.4,1008.5,7.6,335
2026-04-08 08:00:00,32.0,18.3,88,0.0,1008.6,4.1,331
2026-04-08 09:00:00,35.0,20.5,73,0.0,1009.2,5.9,342
2026-04-08 10:00:00,42.0,21.8,65,0.0,1009.6,4.5,29
2026-04-08 11:00:00,35.0,23.2,54,0.1,1009.2,2.2,99
2026-04-08 12:00:00,33.0,24.5,52,0.0,1009.3,0.4,333
2026-04-08 13:00:00,25.0,25.0,51,0.0,1009.0,1.1,279
2026-04-08 14:00:00,27.0,25.7,47,0.0,1008.2,3.4,317
2026-04-08 15:00:00,30.0,25.7,45,0.0,1007.8,4.8,297
2026-04-08 16:00:00,32.0,25.1,45,0.0,1007.9,5.4,334
2026-04-08 17:00:00,37.0,23.9,54,0.1,1008.6,2.8,230
2026-04-08 18:00:00,37.0,22.0,59,0.7,1009.2,7.7,69
2026-04-08 19:00:00,33.0,20.4,68,0.0,1009.6,10.8,108
2026-04-08 20:00:00,36.0,19.8,72,0.0,1010.5,10.1,112
2026-04-08 21:00:00,36.0,19.2,75,0.0,1011.0,9.7,108
2026-04-08 22:00:00,39.0,18.5,77,0.0,1011.3,8.2,116
2026-04-08 23:00:00,46.0,19.2,81,0.0,1011.8,8.9,128
2026-04-09 00:00:00,50.0,18.6,81,0.0,1012.0,7.6,118
2026-04-09 01:00:00,37.0,18.0,83,0.0,1011.8,7.1,99
2026-04-09 02:00:00,33.0,17.4,86,0.0,1011.5,8.2,113
2026-04-09 03:00:00,34.0,16.9,92,0.0,1011.6,7.5,117
2026-04-09 04:00:00,33.0,16.5,96,0.0,1012.0,5.6,75
2026-04-09 06:00:00,28.0,16.8,97,0.0,1013.1,5.4,116
2026-04-09 07:00:00,45.0,17.4,94,0.0,1014.0,4.7,108
2026-04-09 08:00:00,48.0,18.9,87,0.0,1014.7,3.8,115
2026-04-09 09:00:00,39.0,21.1,79,0.0,1014.9,2.3,94
2026-04-09 10:00:00,27.0,23.3,69,0.0,1014.9,1.7,77
2026-04-09 11:00:00,28.0,25.5,53,0.0,1014.5,1.0,301
2026-04-09 12:00:00,25.0,27.1,41,0.0,1014.0,5.5,302
2026-04-09 13:00:00,27.0,27.4,33,0.0,1013.2,7.6,322
2026-04-09 14:00:00,28.0,27.9,29,0.0,1012.2,7.6,332
2026-04-09 15:00:00,30.0,28.1,27,0.0,1011.5,8.9,322
2026-04-09 16:00:00,23.0,28.0,26,0.0,1011.0,10.1,310
2026-04-09 17:00:00,21.0,27.4,35,0.0,1010.9,11.0,50
2026-04-09 18:00:00,28.0,25.7,51,0.0,1011.4,0.8,135
2026-04-09 19:00:00,36.0,24.4,58,0.0,1012.0,0.9,180
2026-04-09 20:00:00,44.0,23.5,59,0.0,1012.9,1.6,333
2026-04-09 21:00:00,65.0,22.1,62,0.0,1013.3,3.7,325
2026-04-09 22:00:00,95.0,21.4,53,0.0,1014.2,12.3,356
2026-04-09 23:00:00,78.0,20.8,57,0.0,1014.5,7.6,18
2026-04-10 00:00:00,62.0,19.6,65,0.0,1014.4,5.8,351
2026-04-10 01:00:00,55.0,19.2,66,0.0,1014.2,6.5,337
2026-04-10 02:00:00,52.0,18.7,68,0.0,1014.1,6.3,323
2026-04-10 03:00:00,60.0,18.1,71,0.0,1013.8,5.4,307
2026-04-10 04:00:00,66.0,17.8,71,0.0,1013.6,6.5,294
2026-04-10 05:00:00,113.0,18.0,71,0.0,1013.5,9.0,300
2026-04-10 06:00:00,102.0,18.0,71,0.0,1014.1,9.3,302
2026-04-10 07:00:00,95.0,19.0,69,0.0,1014.8,7.9,290
2026-04-10 08:00:00,66.0,20.9,61,0.0,1015.2,8.7,287
2026-04-10 09:00:00,49.0,23.1,52,0.0,1015.2,10.8,291
2026-04-10 10:00:00,25.0,25.1,43,0.0,1015.0,14.1,302
2026-04-10 11:00:00,20.0,27.6,35,0.0,1014.1,14.3,303
2026-04-10 12:00:00,20.0,29.2,30,0.0,1013.5,15.5,301
2026-04-10 13:00:00,12.0,30.2,26,0.0,1012.5,16.5,298
2026-04-10 14:00:00,18.0,30.9,23,0.0,1011.4,17.5,297
2026-04-10 15:00:00,17.0,31.1,22,0.0,1010.6,18.8,296
2026-04-10 16:00:00,15.0,30.8,21,0.0,1009.9,19.6,297
2026-04-10 17:00:00,18.0,31.1,19,0.0,1009.5,18.1,295
2026-04-10 18:00:00,25.0,30.0,20,0.0,1009.8,16.6,289
2026-04-10 19:00:00,35.0,28.9,22,0.0,1010.3,15.8,291
2026-04-10 20:00:00,47.0,27.6,26,0.0,1010.7,14.1,289
2026-04-10 21:00:00,49.0,26.3,30,0.0,1011.5,14.4,292
2026-04-10 22:00:00,42.0,25.5,33,0.0,1011.7,14.2,302
2026-04-10 23:00:00,42.0,25.4,36,0.0,1011.9,13.8,305
2026-04-11 00:00:00,36.0,24.8,37,0.0,1011.9,13.6,309
2026-04-11 01:00:00,36.0,24.3,39,0.0,1011.3,13.3,311
2026-04-11 02:00:00,38.0,23.5,42,0.0,1011.0,12.0,316
2026-04-11 03:00:00,43.0,22.3,46,0.0,1010.6,9.3,316
2026-04-11 04:00:00,47.0,21.6,49,0.0,1010.5,9.9,322
2026-04-11 05:00:00,35.0,21.6,52,0.0,1010.1,10.4,324
2026-04-11 06:00:00,49.0,21.4,54,0.0,1010.9,10.2,318
2026-04-11 07:00:00,68.0,22.5,52,0.0,1011.8,8.1,305
2026-04-11 08:00:00,60.0,24.7,45,0.0,1012.5,8.6,309
2026-04-11 09:00:00,34.0,27.1,38,0.0,1012.7,9.7,318
2026-04-11 10:00:00,21.0,29.0,33,0.0,1012.3,11.6,328
2026-04-11 11:00:00,23.0,30.7,29,0.0,1012.1,12.2,316
2026-04-11 12:00:00,23.0,32.6,24,0.0,1011.4,11.6,306
2026-04-11 13:00:00,27.0,33.0,22,0.0,1010.7,13.3,302
2026-04-11 14:00:00,22.0,33.0,20,0.0,1009.4,12.6,296
2026-04-11 15:00:00,18.0,33.1,19,0.0,1008.5,12.3,292
2026-04-11 16:00:00,25.0,32.7,20,0.0,1008.1,12.7,291
2026-04-11 17:00:00,27.0,31.3,24,0.0,1007.9,12.4,336
2026-04-11 18:00:00,40.0,29.8,29,0.0,1008.2,10.3,348
2026-04-11 19:00:00,46.0,28.3,32,0.0,1008.6,7.3,343
2026-04-11 20:00:00,59.0,27.7,34,0.0,1008.8,6.8,2
2026-04-11 21:00:00,63.0,27.3,33,0.0,1009.2,5.8,344
2026-04-11 22:00:00,62.0,26.8,34,0.0,1009.4,7.8,356
2026-04-11 23:00:00,69.0,26.5,39,0.0,1009.7,11.0,2
2026-04-12 00:00:00,79.0,25.1,42,0.0,1009.5,8.3,18
2026-04-12 01:00:00,66.0,24.8,42,0.0,1009.5,8.7,356
2026-04-12 02:00:00,60.0,24.2,42,0.0,1008.2,4.5,34
2026-04-12 03:00:00,58.0,23.7,44,0.0,1007.7,2.3,331
2026-04-12 04:00:00,56.0,22.7,47,0.0,1007.3,3.0,308
2026-04-12 05:00:00,52.0,22.6,56,0.0,1007.4,3.6,315
2026-04-12 06:00:00,65.0,22.6,56,0.0,1007.8,7.2,302
2026-04-12 07:00:00,157.0,23.8,51,0.0,1008.5,7.1,300
2026-04-12 08:00:00,104.0,25.9,43,0.0,1009.1,6.5,302
2026-04-12 09:00:00,69.0,28.4,37,0.0,1009.4,7.8,310
2026-04-12 10:00:00,68.0,30.6,28,0.0,1009.0,10.2,307
2026-04-12 11:00:00,39.0,32.3,23,0.0,1008.5,11.4,303
2026-04-12 12:00:00,29.0,33.3,21,0.0,1007.9,11.2,308
2026-04-12 13:00:00,26.0,33.9,19,0.0,1007.1,12.2,315
2026-04-12 14:00:00,24.0,34.1,19,0.0,1006.1,13.4,318
2026-04-12 15:00:00,21.0,34.0,18,0.0,1005.6,13.1,318
2026-04-12 16:00:00,16.0,33.8,18,0.0,1005.1,12.9,309
2026-04-12 17:00:00,19.0,33.8,17,0.0,1004.9,12.6,322
2026-04-12 18:00:00,22.0,32.1,20,0.0,1005.7,10.0,330
2026-04-12 19:00:00,20.0,30.4,23,0.0,1006.6,9.9,325
2026-04-12 20:00:00,36.0,28.8,25,0.0,1007.6,9.6,327
2026-04-12 21:00:00,33.0,27.4,27,0.0,1008.3,7.7,342
2026-04-12 22:00:00,37.0,26.2,29,0.0,1008.5,7.8,341
2026-04-12 23:00:00,38.0,25.9,31,0.0,1008.9,9.3,338
2026-04-13 00:00:00,41.0,25.0,33,0.0,1008.7,8.8,340
2026-04-13 01:00:00,45.0,24.2,36,0.0,1008.3,8.5,332
2026-04-13 02:00:00,41.0,23.3,38,0.0,1008.1,7.7,335
2026-04-13 03:00:00,51.0,22.6,40,0.0,1007.9,8.1,342
2026-04-13 04:00:00,55.0,22.0,41,0.0,1007.6,7.0,342
2026-04-13 05:00:00,49.0,21.9,47,0.0,1007.8,6.2,330
2026-04-13 06:00:00,69.0,22.0,46,0.0,1008.7,6.3,301
2026-04-13 07:00:00,175.0,23.4,42,0.0,1009.5,6.0,279
2026-04-13 08:00:00,119.0,25.8,36,0.0,1010.0,6.0,277
2026-04-13 09:00:00,85.0,28.2,30,0.0,1010.4,6.9,293
2026-04-13 10:00:00,65.0,30.4,23,0.0,1010.3,8.9,304
2026-04-13 11:00:00,30.0,32.3,20,0.0,1009.9,11.5,301
2026-04-13 12:00:00,18.0,33.8,17,0.0,1009.3,12.1,298
2026-04-13 13:00:00,13.0,34.7,14,0.0,1008.6,13.4,299
2026-04-13 14:00:00,14.0,35.1,13,0.0,1007.5,13.8,294
2026-04-13 15:00:00,15.0,35.1,13,0.0,1006.8,13.8,296
2026-04-13 16:00:00,8.0,34.6,14,0.0,1006.5,14.2,296
2026-04-13 17:00:00,15.0,34.8,13,0.0,1006.1,13.2,305
2026-04-13 18:00:00,19.0,33.7,14,0.0,1006.6,9.8,293
2026-04-13 19:00:00,34.0,32.1,16,0.0,1007.1,7.2,273
2026-04-13 20:00:00,51.0,31.0,19,0.0,1007.9,7.7,271
2026-04-13 21:00:00,66.0,30.3,20,0.0,1008.7,9.1,278
2026-04-13 22:00:00,59.0,28.7,21,0.0,1009.2,8.0,324
2026-04-13 23:00:00,64.0,27.1,26,0.0,1009.3,7.4,354
2026-04-14 00:00:00,57.0,25.3,31,0.0,1009.1,5.6,360
2026-04-14 01:00:00,63.0,24.4,36,0.0,1008.4,6.9,9
2026-04-14 02:00:00,55.0,23.6,42,0.0,1007.9,6.1,360
2026-04-14 03:00:00,46.0,22.6,46,0.0,1007.6,3.9,332
2026-04-14 04:00:00,43.0,22.2,48,0.0,1007.4,4.0,324
2026-04-14 05:00:00,46.0,22.4,50,0.0,1007.2,4.4,341
2026-04-14 06:00:00,49.0,22.7,49,0.0,1007.9,3.1,277
2026-04-14 07:00:00,77.0,25.2,41,0.0,1008.9,5.5,289
2026-04-14 08:00:00,97.0,28.3,33,0.0,1009.5,3.5,285
2026-04-14 09:00:00,89.0,31.4,24,0.0,1009.9,4.7,288
2026-04-14 10:00:00,64.0,34.1,17,0.0,1009.5,5.5,308
2026-04-14 11:00:00,43.0,35.6,13,0.0,1009.1,8.6,311
2026-04-14 12:00:00,44.0,36.9,13,0.0,1008.3,8.5,299
2026-04-14 13:00:00,30.0,37.6,13,0.0,1007.4,9.8,290
2026-04-14 14:00:00,23.0,38.0,12,0.0,1006.1,11.0,296
2026-04-14 15:00:00,23.0,37.9,12,0.0,1005.3,11.7,302
2026-04-14 16:00:00,23.0,37.4,12,0.0,1004.6,11.6,300
2026-04-14 17:00:00,23.0,37.2,12,0.0,1004.0,12.2,315
2026-04-14 18:00:00,26.0,35.8,13,0.0,1004.7,7.8,312
2026-04-14 19:00:00,40.0,34.1,15,0.0,1005.0,4.2,282
2026-04-14 20:00:00,59.0,33.2,18,0.0,1005.4,5.0,311
2026-04-14 21:00:00,62.0,30.5,23,0.0,1006.4,10.3,15
2026-04-14 22:00:00,65.0,29.0,25,0.0,1006.4,8.1,17
2026-04-14 23:00:00,72.0,28.6,27,0.0,1006.6,7.3,10
2026-04-15 00:00:00,71.0,27.0,30,0.0,1006.3,3.8,8
2026-04-15 01:00:00,72.0,26.2,31,0.0,1005.6,4.4,7
2026-04-15 02:00:00,70.0,25.1,33,0.0,1005.0,4.6,351
2026-04-15 03:00:00,65.0,24.4,35,0.0,1004.8,5.1,337
2026-04-15 04:00:00,69.0,23.8,36,0.0,1004.8,4.8,333
2026-04-15 05:00:00,84.0,23.6,44,0.0,1004.8,4.0,321
2026-04-15 06:00:00,123.0,23.7,43,0.0,1005.3,4.1,299
2026-04-15 07:00:00,240.0,25.8,37,0.0,1006.0,6.1,300
2026-04-15 08:00:00,195.0,28.8,30,0.0,1006.3,4.4,297
2026-04-15 09:00:00,162.0,31.9,24,0.0,1006.5,5.7,314
2026-04-15 10:00:00,59.0,34.7,18,0.0,1006.2,7.6,322
2026-04-15 11:00:00,53.0,36.6,13,0.0,1005.7,11.3,314
2026-04-15 12:00:00,27.0,37.9,12,0.0,1005.3,11.7,314
2026-04-15 13:00:00,25.0,38.6,10,0.0,1004.3,13.0,315
2026-04-15 14:00:00,19.0,38.7,10,0.0,1003.4,13.7,316
2026-04-15 15:00:00,8.0,38.5,9,0.0,1002.7,14.3,313
2026-04-15 16:00:00,13.0,37.9,10,0.0,1002.3,14.0,311
2026-04-15 17:00:00,19.0,37.8,10,0.0,1002.0,12.9,319
2026-04-15 18:00:00,16.0,36.4,12,0.0,1002.5,8.7,310
2026-04-15 19:00:00,32.0,35.1,13,0.0,1003.1,7.6,288
2026-04-15 20:00:00,49.0,34.2,14,0.0,1003.7,7.1,291
2026-04-15 21:00:00,70.0,32.1,16,0.0,1004.5,5.0,314
2026-04-15 22:00:00,75.0,30.8,19,0.0,1004.8,5.6,331
2026-04-15 23:00:00,85.0,29.5,23,0.0,1004.8,4.1,304
2026-04-16 00:00:00,122.0,27.1,28,0.0,1005.1,3.2,313
2026-04-16 01:00:00,127.0,26.1,31,0.0,1004.5,3.6,354
2026-04-16 02:00:00,143.0,25.4,36,0.0,1004.3,3.3,6
2026-04-16 03:00:00,139.0,24.8,38,0.0,1004.3,3.8,17
2026-04-16 04:00:00,156.0,24.6,38,0.0,1004.5,2.3,337
2026-04-16 05:00:00,146.0,24.7,50,0.0,1004.3,0.4,27
2026-04-16 06:00:00,152.0,24.4,46,0.0,1005.3,0.0,270
2026-04-16 07:00:00,157.0,26.6,40,0.0,1006.0,1.4,113
2026-04-16 08:00:00,237.0,30.5,29,0.0,1006.8,0.0,270
2026-04-16 09:00:00,144.0,33.7,21,0.0,1007.3,1.3,352
2026-04-16 10:00:00,52.0,36.0,16,0.0,1007.7,3.1,332
2026-04-16 11:00:00,30.0,37.5,14,0.0,1007.1,4.5,304
2026-04-16 12:00:00,28.0,39.4,11,0.0,1006.8,7.8,312
2026-04-16 13:00:00,27.0,39.9,10,0.0,1006.1,10.5,323
2026-04-16 14:00:00,31.0,39.8,11,0.0,1005.0,11.3,324
2026-04-16 15:00:00,27.0,40.1,10,0.0,1004.1,12.0,307
2026-04-16 16:00:00,25.0,39.2,11,0.0,1003.6,15.7,304
2026-04-16 17:00:00,29.0,38.8,11,0.0,1002.7,10.5,352
2026-04-16 18:00:00,31.0,36.8,16,0.0,1003.5,7.4,360
2026-04-16 19:00:00,43.0,34.5,23,0.0,1004.5,5.0,60
2026-04-16 20:00:00,57.0,33.3,23,0.0,1005.7,7.3,136
2026-04-16 21:00:00,57.0,31.9,26,0.0,1006.5,3.1,103
2026-04-16 22:00:00,66.0,30.8,29,0.0,1006.6,2.9,150
2026-04-16 23:00:00,83.0,30.7,29,0.0,1006.6,4.2,149
2026-04-17 00:00:00,88.0,29.4,31,0.0,1006.4,4.9,147
2026-04-17 01:00:00,98.0,28.4,32,0.0,1006.2,4.0,159
2026-04-17 02:00:00,105.0,28.4,32,0.0,1006.0,3.1,170
2026-04-17 03:00:00,113.0,28.1,31,0.0,1005.9,4.5,196
2026-04-17 04:00:00,117.0,27.0,34,0.0,1006.3,2.5,300
2026-04-17 05:00:00,142.0,27.1,33,0.0,1005.9,5.4,172
2026-04-17 06:00:00,161.0,28.2,31,0.0,1007.1,7.2,179
2026-04-17 07:00:00,156.0,30.0,28,0.0,1007.6,9.2,184
2026-04-17 08:00:00,153.0,32.7,23,0.0,1008.7,2.5,188
2026-04-17 09:00:00,120.0,34.9,20,0.0,1009.3,5.9,153
2026-04-17 10:00:00,94.0,37.1,16,0.0,1009.4,6.4,162
2026-04-17 11:00:00,86.0,37.9,17,0.0,1009.2,7.5,75
2026-04-17 12:00:00,122.0,38.2,17,0.0,1008.7,6.4,98
2026-04-17 13:00:00,73.0,39.0,15,0.0,1007.5,8.0,130
2026-04-17 14:00:00,48.0,40.4,12,0.0,1006.3,8.3,162
2026-04-17 15:00:00,50.0,40.5,11,0.0,1005.6,13.9,223
2026-04-17 16:00:00,44.0,38.5,15,0.0,1005.7,12.3,292
2026-04-17 17:00:00,57.0,33.6,29,0.0,1006.4,11.6,26
2026-04-17 18:00:00,56.0,31.9,31,0.0,1006.8,11.3,44
2026-04-17 19:00:00,33.0,30.8,31,0.0,1006.9,7.4,43
2026-04-17 20:00:00,34.0,29.9,33,0.0,1007.7,6.7,352
2026-04-17 21:00:00,20.0,29.4,33,0.0,1007.9,5.8,34
2026-04-17 22:00:00,7.0,28.6,35,0.0,1007.3,3.6,81
2026-04-17 23:00:00,7.0,27.8,41,0.0,1007.4,4.1,105
2026-04-18 00:00:00,12.0,27.0,42,0.0,1006.9,2.9,112
2026-04-18 01:00:00,21.0,26.5,43,0.0,1006.6,3.9,37
2026-04-18 02:00:00,25.0,26.1,43,0.0,1006.1,3.3,331
2026-04-18 03:00:00,35.0,25.7,43,0.0,1006.4,4.0,234
2026-04-18 04:00:00,138.0,25.0,45,0.0,1006.3,3.8,295
2026-04-18 05:00:00,142.0,25.1,55,0.0,1006.7,6.3,333
2026-04-18 06:00:00,126.0,24.6,57,0.0,1007.5,6.5,309
2026-04-18 07:00:00,109.0,26.4,51,0.0,1008.0,5.6,301
2026-04-18 08:00:00,96.0,29.6,41,0.0,1008.4,4.5,304
2026-04-18 09:00:00,92.0,32.8,32,0.0,1008.5,5.4,310
2026-04-18 10:00:00,71.0,35.4,25,0.0,1008.4,6.2,311
2026-04-18 11:00:00,73.0,36.9,22,0.0,1008.0,7.3,306
2026-04-18 12:00:00,47.0,39.0,17,0.0,1007.5,9.1,295
2026-04-18 13:00:00,36.0,40.0,14,0.0,1006.7,9.8,296
2026-04-18 14:00:00,33.0,40.6,13,0.0,1005.6,9.8,293
2026-04-18 15:00:00,25.0,40.5,11,0.0,1004.8,11.2,271
2026-04-18 16:00:00,24.0,39.9,12,0.0,1004.2,11.7,270
2026-04-18 17:00:00,24.0,39.5,11,0.0,1003.8,9.0,282
2026-04-18 18:00:00,28.0,37.9,13,0.0,1003.8,6.1,332
2026-04-18 19:00:00,52.0,35.8,18,0.0,1004.5,6.1,341
2026-04-18 20:00:00,60.0,34.6,19,0.0,1005.0,5.6,333
2026-04-18 21:00:00,81.0,33.3,21,0.0,1005.6,4.4,325
2026-04-18 22:00:00,83.0,32.6,21,0.0,1005.5,4.4,277
2026-04-18 23:00:00,79.0,32.4,25,0.0,1005.6,1.1,252
2026-04-19 00:00:00,103.0,30.6,27,0.0,1005.5,1.3,254
2026-04-19 01:00:00,121.0,29.5,28,0.0,1005.0,2.3,293
2026-04-19 02:00:00,132.0,28.6,29,0.0,1004.5,4.7,298
2026-04-19 03:00:00,216.0,28.0,30,0.0,1004.5,5.3,303
2026-04-19 04:00:00,204.0,27.0,33,0.0,1004.3,4.4,302
2026-04-19 05:00:00,194.0,26.1,43,0.0,1004.4,4.2,310
2026-04-19 06:00:00,190.0,26.7,42,0.0,1005.0,5.5,287
2026-04-19 07:00:00,201.0,28.4,38,0.0,1005.4,4.6,281
2026-04-19 08:00:00,200.0,31.5,32,0.0,1005.9,2.8,288
2026-04-19 09:00:00,207.0,35.0,25,0.0,1006.5,5.2,282
2026-04-19 10:00:00,178.0,37.3,21,0.0,1006.5,5.9,297
2026-04-19 11:00:00,115.0,39.2,14,0.0,1006.1,9.3,320
2026-04-19 12:00:00,102.0,40.0,13,0.0,1005.6,10.8,316
2026-04-19 13:00:00,35.0,40.5,11,0.0,1005.5,15.3,282
2026-04-19 14:00:00,27.0,39.6,11,0.0,1004.3,12.4,269
2026-04-19 15:00:00,21.0,40.3,11,0.0,1003.4,10.0,284
2026-04-19 16:00:00,18.0,39.3,11,0.0,1003.1,14.9,295
2026-04-19 17:00:00,25.0,38.8,11,0.0,1002.9,14.4,271
2026-04-19 18:00:00,28.0,37.8,11,0.0,1003.3,9.7,295
2026-04-19 19:00:00,39.0,36.2,13,0.0,1003.7,4.7,288
2026-04-19 20:00:00,58.0,34.3,17,0.0,1004.1,3.9,307
2026-04-19 21:00:00,69.0,33.8,16,0.0,1004.7,7.2,321
2026-04-19 22:00:00,59.0,31.5,19,0.0,1005.0,9.1,350
2026-04-19 23:00:00,49.0,30.2,26,0.0,1005.2,8.8,360
2026-04-20 00:00:00,58.0,29.4,27,0.0,1004.7,8.8,351
2026-04-20 01:00:00,53.0,28.6,29,0.0,1004.4,7.9,336
2026-04-20 02:00:00,55.0,28.0,30,0.0,1004.1,7.0,328
2026-04-20 03:00:00,54.0,27.4,32,0.0,1004.3,6.7,322
2026-04-20 04:00:00,58.0,26.8,34,0.0,1004.4,6.2,322
2026-04-20 05:00:00,69.0,26.6,42,0.0,1004.3,8.7,328
2026-04-20 06:00:00,72.0,26.7,42,0.0,1005.1,9.6,322
2026-04-20 07:00:00,158.0,28.0,40,0.0,1005.9,6.4,302
2026-04-20 08:00:00,141.0,30.4,35,0.0,1006.6,5.8,306
2026-04-20 09:00:00,98.0,33.5,28,0.0,1006.9,6.0,311
2026-04-20 10:00:00,88.0,36.4,19,0.0,1006.9,9.1,308
2026-04-20 11:00:00,65.0,38.2,15,0.0,1006.1,10.3,301
2026-04-20 12:00:00,33.0,39.2,13,0.0,1005.4,11.4,301
2026-04-20 13:00:00,20.0,39.7,11,0.0,1004.7,13.9,294
2026-04-20 14:00:00,22.0,39.4,11,0.0,1003.7,15.1,288
2026-04-20 15:00:00,27.0,39.4,10,0.0,1003.0,14.9,288
2026-04-20 16:00:00,23.0,38.8,11,0.0,1002.6,14.2,290
2026-04-20 17:00:00,27.0,38.1,12,0.0,1002.5,16.0,303
2026-04-20 18:00:00,24.0,36.9,13,0.0,1003.2,13.6,300
2026-04-20 19:00:00,36.0,35.4,14,0.0,1003.9,12.5,295
2026-04-20 20:00:00,41.0,33.9,14,0.0,1004.7,9.7,286
2026-04-20 21:00:00,58.0,32.5,15,0.0,1005.1,8.5,282
2026-04-20 22:00:00,69.0,31.5,16,0.0,1005.2,8.6,281
2026-04-20 23:00:00,61.0,31.1,15,0.0,1005.3,9.8,301
2026-04-21 00:00:00,61.0,30.1,15,0.0,1005.0,9.8,311
2026-04-21 01:00:00,62.0,29.0,16,0.0,1005.0,7.7,306
2026-04-21 02:00:00,63.0,28.2,17,0.0,1004.6,6.7,297
2026-04-21 03:00:00,61.0,27.4,18,0.0,1004.7,6.5,312
2026-04-21 04:00:00,58.0,26.6,20,0.0,1004.4,5.4,304
2026-04-21 05:00:00,61.0,27.1,24,0.0,1004.3,6.9,330
2026-04-21 06:00:00,89.0,26.7,26,0.0,1004.5,4.3,287
2026-04-21 07:00:00,139.0,28.3,24,0.0,1005.5,6.7,251
2026-04-21 08:00:00,117.0,30.7,21,0.0,1006.1,7.2,276
2026-04-21 09:00:00,91.0,33.4,19,0.0,1006.4,7.9,281
2026-04-21 10:00:00,84.0,35.8,16,0.0,1006.4,10.4,293
2026-04-21 11:00:00,46.0,37.6,13,0.0,1005.7,15.7,294
2026-04-21 12:00:00,29.0,38.6,12,0.0,1005.1,17.7,292
2026-04-21 13:00:00,30.0,39.0,12,0.0,1004.2,18.1,287
2026-04-21 14:00:00,32.0,39.0,12,0.0,1003.2,17.8,284
2026-04-21 15:00:00,29.0,38.7,13,0.0,1002.6,17.6,284
2026-04-21 16:00:00,31.0,38.4,14,0.0,1002.5,16.8,276
2026-04-21 17:00:00,31.0,38.0,13,0.0,1002.0,13.7,269
2026-04-21 18:00:00,33.0,36.9,15,0.0,1002.1,9.9,279
2026-04-21 19:00:00,39.0,35.2,17,0.0,1002.8,6.8,305
2026-04-21 20:00:00,54.0,34.1,18,0.0,1003.4,7.1,294
2026-04-21 21:00:00,71.0,33.3,20,0.0,1004.0,7.6,288
2026-04-21 22:00:00,88.0,32.5,21,0.0,1004.0,6.1,298
2026-04-21 23:00:00,103.0,31.4,24,0.0,1004.5,9.2,349
2026-04-22 00:00:00,112.0,29.5,28,0.0,1004.1,4.5,317
2026-04-22 01:00:00,119.0,28.5,30,0.0,1003.9,4.4,322
2026-04-22 02:00:00,111.0,27.9,30,0.0,1003.6,4.7,320
2026-04-22 03:00:00,143.0,27.7,30,0.0,1003.4,4.6,312
2026-04-22 04:00:00,128.0,27.4,30,0.0,1003.5,4.8,285
2026-04-22 05:00:00,134.0,27.1,32,0.0,1003.7,6.7,267
2026-04-22 06:00:00,180.0,26.9,33,0.0,1004.4,6.7,267
2026-04-22 07:00:00,153.0,28.3,32,0.0,1005.3,7.2,266
2026-04-22 08:00:00,104.0,30.6,28,0.0,1006.0,8.6,259
2026-04-22 09:00:00,74.0,33.8,21,0.0,1006.2,9.9,271
2026-04-22 10:00:00,53.0,36.4,17,0.0,1006.1,11.0,280
2026-04-22 11:00:00,37.0,38.2,14,0.0,1005.6,13.3,283
2026-04-22 12:00:00,29.0,39.6,12,0.0,1004.9,15.2,287
2026-04-22 13:00:00,23.0,40.2,11,0.0,1004.0,15.8,289
2026-04-22 14:00:00,30.0,40.6,11,0.0,1003.0,15.5,293
2026-04-22 15:00:00,26.0,40.6,10,0.0,1002.3,15.0,297
2026-04-22 16:00:00,26.0,40.0,11,0.0,1001.8,14.8,304
2026-04-22 17:00:00,23.0,39.4,12,0.0,1001.3,15.3,324
2026-04-22 18:00:00,32.0,38.2,13,0.0,1001.7,10.7,331
2026-04-22 19:00:00,39.0,36.5,15,0.0,1002.2,7.6,306
2026-04-22 20:00:00,65.0,35.3,16,0.0,1002.7,6.9,298
2026-04-22 21:00:00,67.0,33.7,18,0.0,1003.2,6.5,316
2026-04-22 22:00:00,79.0,32.1,21,0.0,1003.6,4.8,299
2026-04-22 23:00:00,90.0,31.8,23,0.0,1003.8,4.9,260
2026-04-23 00:00:00,104.0,30.1,25,0.0,1004.3,4.6,296
2026-04-23 01:00:00,97.0,29.7,25,0.0,1004.2,6.0,273
2026-04-23 02:00:00,90.0,28.9,27,0.0,1004.2,6.1,251
2026-04-23 03:00:00,90.0,28.4,28,0.0,1004.4,7.8,248
2026-04-23 04:00:00,62.0,28.2,27,0.0,1004.6,9.8,262
2026-04-23 05:00:00,34.0,29.0,24,0.0,1004.8,11.3,250
2026-04-23 06:00:00,20.0,29.0,20,0.0,1005.7,12.1,250
2026-04-23 07:00:00,30.0,30.0,18,0.0,1006.4,10.6,251
2026-04-23 08:00:00,19.0,31.9,16,0.0,1007.1,10.8,259
2026-04-23 09:00:00,27.0,34.4,15,0.0,1007.3,10.6,270
2026-04-23 10:00:00,28.0,36.9,13,0.0,1007.1,10.6,273
2026-04-23 11:00:00,26.0,38.9,12,0.0,1006.4,11.9,266
2026-04-23 12:00:00,141.0,40.5,11,0.0,1005.6,11.9,259
2026-04-23 13:00:00,141.0,41.2,11,0.0,1004.6,9.4,267
2026-04-23 15:00:00,25.0,41.3,11,0.0,1002.6,8.1,298
2026-04-23 16:00:00,25.0,40.7,11,0.0,1001.9,9.5,307
2026-04-23 17:00:00,27.0,39.8,12,0.0,1001.5,9.6,286
2026-04-23 18:00:00,37.0,39.0,13,0.0,1002.0,8.7,266
2026-04-23 19:00:00,51.0,37.7,15,0.0,1002.7,8.7,275
2026-04-23 20:00:00,55.0,36.3,17,0.0,1003.3,5.6,274
2026-04-23 21:00:00,68.0,34.6,19,0.0,1003.8,8.4,222
2026-04-23 22:00:00,82.0,33.5,21,0.0,1003.7,7.5,237
2026-04-23 23:00:00,95.0,32.5,26,0.0,1004.0,4.9,264
2026-04-24 00:00:00,111.0,30.7,28,0.0,1004.1,3.9,347
2026-04-24 01:00:00,119.0,29.9,35,0.0,1003.6,1.4,230
2026-04-24 02:00:00,164.0,29.4,30,0.0,1003.5,5.1,260
2026-04-24 03:00:00,203.0,29.5,29,0.0,1003.7,5.8,266
2026-04-24 04:00:00,175.0,29.3,29,0.0,1003.9,7.7,245
2026-04-24 05:00:00,139.0,28.5,35,0.0,1003.7,5.2,243
2026-04-24 06:00:00,125.0,29.0,31,0.0,1004.5,5.1,253
2026-04-24 07:00:00,70.0,30.4,29,0.0,1005.5,4.7,279
2026-04-24 08:00:00,40.0,32.6,26,0.0,1005.8,5.2,254
2026-04-24 09:00:00,61.0,35.5,22,0.0,1006.1,5.8,274
2026-04-24 10:00:00,81.0,38.1,18,0.0,1005.8,4.7,279
2026-04-24 11:00:00,63.0,40.0,15,0.0,1005.0,4.3,270
2026-04-24 12:00:00,57.0,41.7,13,0.0,1004.4,6.8,299
2026-04-24 13:00:00,45.0,42.2,12,0.0,1003.6,8.7,326
2026-04-24 14:00:00,48.0,41.9,13,0.0,1002.5,7.8,331
2026-04-24 15:00:00,43.0,42.0,13,0.0,1001.7,8.0,332
2026-04-24 16:00:00,51.0,41.6,13,0.0,1001.3,8.4,323
2026-04-24 17:00:00,45.0,41.1,11,0.0,1000.7,7.9,359
2026-04-24 18:00:00,50.0,39.5,14,0.0,1001.7,4.3,5
2026-04-24 19:00:00,70.0,37.4,33,0.0,1002.6,0.3,315
2026-04-24 20:00:00,73.0,36.3,25,0.0,1003.4,1.1,198
2026-04-24 21:00:00,90.0,35.0,23,0.0,1004.3,3.9,286
2026-04-24 22:00:00,143.0,33.4,23,0.0,1005.0,4.5,320
2026-04-24 23:00:00,139.0,33.1,28,0.0,1004.9,7.1,6
2026-04-25 00:00:00,132.0,32.3,30,0.0,1005.0,7.0,350
2026-04-25 01:00:00,144.0,31.4,31,0.0,1004.8,6.2,327
2026-04-25 02:00:00,121.0,30.8,29,0.0,1005.1,6.1,304
2026-04-25 03:00:00,98.0,30.1,28,0.0,1005.2,5.4,312
2026-04-25 04:00:00,77.0,29.6,29,0.0,1005.3,5.1,309
2026-04-25 05:00:00,71.0,28.9,43,0.0,1005.2,3.5,348
2026-04-25 06:00:00,98.0,29.7,36,0.0,1006.0,4.2,324
2026-04-25 07:00:00,207.0,31.4,33,0.0,1007.0,7.6,273
2026-04-25 08:00:00,135.0,33.4,29,0.0,1007.4,8.0,288
2026-04-25 09:00:00,96.0,36.2,24,0.0,1007.5,7.0,299
2026-04-25 10:00:00,60.0,39.1,19,0.0,1007.1,8.3,312
2026-04-25 11:00:00,46.0,40.9,14,0.0,1006.7,10.7,324
2026-04-25 12:00:00,38.0,41.8,13,0.0,1006.0,11.9,325
2026-04-25 13:00:00,30.0,42.1,12,0.0,1005.0,14.0,324
2026-04-25 14:00:00,34.0,42.2,13,0.0,1004.0,14.3,305
2026-04-25 15:00:00,37.0,42.1,12,0.0,1003.4,15.7,309
2026-04-25 16:00:00,39.0,41.3,13,0.0,1003.3,17.7,321
2026-04-25 17:00:00,38.0,41.4,12,0.0,1002.1,16.6,318
2026-04-25 18:00:00,41.0,40.0,13,0.0,1002.7,13.1,314
2026-04-25 19:00:00,49.0,38.2,15,0.0,1003.6,8.9,295
2026-04-25 20:00:00,60.0,37.0,16,0.0,1004.3,9.4,294
2026-04-25 21:00:00,82.0,35.7,18,0.0,1005.0,7.6,306
2026-04-25 22:00:00,89.0,34.4,20,0.0,1005.1,6.6,323
2026-04-25 23:00:00,89.0,33.6,23,0.0,1005.4,6.5,336
2026-04-26 00:00:00,98.0,32.9,25,0.0,1004.9,6.5,332
2026-04-26 01:00:00,90.0,32.3,27,0.0,1004.5,6.4,324
2026-04-26 02:00:00,90.0,31.4,30,0.0,1004.0,5.3,315
2026-04-26 03:00:00,92.0,31.0,31,0.0,1004.0,6.4,310
2026-04-26 04:00:00,117.0,30.2,33,0.0,1004.2,6.6,303
2026-04-26 05:00:00,187.0,29.8,36,0.0,1004.1,6.3,294
2026-04-26 06:00:00,162.0,30.1,35,0.0,1004.6,7.6,277
2026-04-26 07:00:00,142.0,31.3,33,0.0,1005.4,6.9,275
2026-04-26 08:00:00,140.0,33.6,29,0.0,1005.9,6.3,285
2026-04-26 09:00:00,111.0,36.3,25,0.0,1006.0,7.6,298
2026-04-26 10:00:00,79.0,38.5,21,0.0,1005.6,10.4,309
2026-04-26 11:00:00,54.0,40.2,19,0.0,1004.5,12.0,305
2026-04-26 12:00:00,44.0,41.3,17,0.0,1003.9,14.2,308
2026-04-26 13:00:00,43.0,41.6,16,0.0,1003.0,14.7,309
2026-04-26 14:00:00,40.0,41.6,15,0.0,1001.8,15.5,299
2026-04-26 15:00:00,45.0,41.0,14,0.0,1001.1,19.3,288
2026-04-26 16:00:00,48.0,39.9,16,0.0,1000.5,18.6,284
2026-04-26 17:00:00,43.0,40.7,14,0.0,999.5,17.0,300
2026-04-26 18:00:00,42.0,39.7,15,0.0,999.8,15.5,298
2026-04-26 19:00:00,52.0,38.4,16,0.0,1000.4,12.6,298
2026-04-26 20:00:00,69.0,37.2,17,0.0,1001.1,10.2,284
2026-04-26 21:00:00,73.0,35.9,18,0.0,1001.5,7.2,298
2026-04-26 22:00:00,88.0,34.5,21,0.0,1001.6,5.4,304
2026-04-26 23:00:00,83.0,33.7,21,0.0,1001.5,7.1,341
2026-04-27 00:00:00,68.0,31.4,25,0.0,1001.6,4.8,347
2026-04-27 01:00:00,58.0,30.3,30,0.0,1001.4,3.7,331
2026-04-27 02:00:00,53.0,29.6,32,0.0,1001.3,3.6,307
2026-04-27 03:00:00,64.0,29.2,29,0.0,1001.4,4.5,313
2026-04-27 04:00:00,78.0,28.6,31,0.0,1001.4,4.3,312
2026-04-27 05:00:00,101.0,29.2,35,0.0,1001.5,4.7,313
2026-04-27 06:00:00,155.0,30.2,28,0.0,1001.9,4.9,321
2026-04-27 07:00:00,192.0,31.8,27,0.0,1002.6,5.2,299
2026-04-27 08:00:00,166.0,34.3,23,0.0,1002.8,4.8,307
2026-04-27 09:00:00,83.0,36.8,18,0.0,1002.9,6.0,316
2026-04-27 10:00:00,49.0,38.9,14,0.0,1002.6,7.4,315
2026-04-27 11:00:00,44.0,39.9,14,0.0,1002.0,8.7,322
2026-04-27 12:00:00,32.0,41.3,13,0.0,1001.3,9.8,308
2026-04-27 13:00:00,27.0,42.2,13,0.0,1000.2,11.2,308
2026-04-27 14:00:00,57.0,42.5,14,0.0,998.9,14.2,303
2026-04-27 15:00:00,57.0,42.2,13,0.0,997.9,17.3,292
2026-04-27 16:00:00,82.0,41.5,13,0.0,997.6,19.1,295
2026-04-27 17:00:00,52.0,41.1,11,0.0,997.0,13.7,308
2026-04-27 18:00:00,49.0,40.3,12,0.0,997.4,8.1,294
2026-04-27 19:00:00,55.0,38.1,15,0.0,998.2,5.0,268
2026-04-27 20:00:00,135.0,38.2,14,0.0,999.1,10.1,281
2026-04-27 21:00:00,86.0,34.1,26,0.0,1001.1,19.8,266
2026-04-27 22:00:00,44.0,33.8,26,0.0,1001.5,18.1,265
2026-04-27 23:00:00,23.0,33.7,25,0.0,1000.8,13.5,249
2026-04-28 00:00:00,20.0,32.6,28,0.0,1000.5,7.8,277
2026-04-28 01:00:00,28.0,31.8,31,0.0,1000.8,7.3,279
2026-04-28 02:00:00,56.0,31.3,33,0.0,1001.0,9.5,272
2026-04-28 03:00:00,48.0,30.8,34,0.0,1001.3,12.3,305
2026-04-28 04:00:00,38.0,30.6,34,0.0,1001.5,11.6,305
2026-04-28 05:00:00,48.0,29.8,38,0.0,1001.0,7.4,311
2026-04-28 06:00:00,68.0,30.5,37,0.0,1002.3,8.8,309
2026-04-28 07:00:00,67.0,31.4,36,0.0,1003.9,8.2,238
2026-04-28 08:00:00,106.0,33.1,34,0.0,1004.2,9.9,292
2026-04-28 09:00:00,113.0,34.8,30,0.0,1003.9,8.4,329
2026-04-28 10:00:00,86.0,36.6,25,0.0,1003.8,8.2,351
2026-04-28 11:00:00,59.0,36.4,27,0.0,1003.3,9.9,53
2026-04-28 12:00:00,48.0,37.5,25,0.0,1002.8,6.7,38
2026-04-28 13:00:00,50.0,36.4,25,0.0,1002.6,3.1,80
2026-05-04 18:00:00,14.0,28.1,54,0.0,1004.7,10.0,98
2026-05-04 19:00:00,13.0,27.0,60,0.0,1005.9,8.8,99
2026-05-04 20:00:00,14.0,26.4,62,0.0,1006.1,10.0,116
2026-05-04 21:00:00,23.0,25.7,66,0.0,1007.3,7.9,78
2026-05-04 22:00:00,21.0,24.9,71,0.0,1008.1,9.6,62
2026-05-04 23:00:00,17.0,24.8,76,0.0,1008.2,7.8,77
2026-05-05 00:00:00,14.0,24.0,79,0.0,1008.0,6.6,147
2026-05-05 01:00:00,15.0,23.7,81,0.0,1008.4,6.0,147
2026-05-05 02:00:00,18.0,23.4,84,0.0,1007.8,2.4,27
2026-05-05 03:00:00,26.0,23.1,85,0.0,1007.5,5.5,63
2026-05-05 04:00:00,39.0,22.7,84,0.0,1007.7,8.4,79
2026-05-05 05:00:00,47.0,22.6,83,0.0,1008.5,11.1,65
2026-05-05 06:00:00,45.0,23.0,83,0.0,1008.8,9.2,73
2026-05-05 07:00:00,60.0,24.3,78,0.0,1009.7,6.9,84
2026-05-05 08:00:00,64.0,26.0,71,0.0,1010.7,8.6,59
2026-05-05 09:00:00,33.0,27.7,62,0.0,1011.0,5.6,90
2026-05-05 10:00:00,30.0,27.6,62,0.0,1011.2,3.7,141
2026-05-05 11:00:00,27.0,29.6,50,0.0,1011.4,2.3,209
2026-05-05 12:00:00,28.0,26.5,61,2.2,1011.8,16.5,141
2026-05-05 13:00:00,28.0,28.1,54,1.4,1010.7,2.7,42
2026-05-05 14:00:00,35.0,29.1,51,0.0,1009.8,4.5,61
2026-05-05 15:00:00,38.0,27.8,55,0.3,1009.5,5.0,139
2026-05-05 16:00:00,37.0,27.9,57,0.0,1008.9,4.4,150
2026-05-05 17:00:00,37.0,31.0,32,0.0,1007.1,5.8,263
2026-05-05 18:00:00,39.0,28.7,45,0.0,1007.9,8.8,4
2026-05-05 19:00:00,41.0,26.9,53,0.0,1008.6,6.3,24
2026-05-05 20:00:00,37.0,26.1,59,0.0,1008.8,7.0,58
2026-05-05 21:00:00,24.0,25.2,64,0.0,1009.3,5.1,67
2026-05-05 22:00:00,20.0,24.3,72,0.0,1009.5,3.2,47
2026-05-05 23:00:00,29.0,23.9,79,0.0,1008.9,1.7,283
2026-05-06 00:00:00,34.0,23.4,81,0.0,1008.4,2.3,274
2026-05-06 01:00:00,29.0,23.1,81,0.0,1008.0,2.1,290
2026-05-06 02:00:00,33.0,22.6,82,0.0,1007.8,3.1,336
2026-05-06 03:00:00,47.0,22.2,82,0.0,1008.2,4.2,353
2026-05-06 04:00:00,59.0,21.4,87,0.0,1008.1,3.4,354
2026-05-06 05:00:00,58.0,22.0,90,0.0,1008.1,1.0,202
2026-05-06 06:00:00,50.0,22.9,85,0.0,1009.0,1.9,253
2026-05-06 07:00:00,54.0,24.4,77,0.0,1009.6,1.1,270
2026-05-06 08:00:00,42.0,26.3,67,0.0,1009.8,0.9,259
2026-05-06 09:00:00,51.0,28.3,54,0.0,1009.6,1.9,292
2026-05-06 10:00:00,44.0,30.0,43,0.0,1009.2,3.0,322
2026-05-06 11:00:00,46.0,31.1,37,0.0,1008.9,3.6,6
2026-05-06 12:00:00,43.0,32.1,33,0.0,1008.2,4.0,5
2026-05-06 13:00:00,43.0,32.8,31,0.0,1007.0,3.1,357
2026-05-06 14:00:00,44.0,33.3,28,0.0,1005.7,3.3,331
2026-05-06 15:00:00,48.0,33.7,26,0.0,1004.7,4.2,348
2026-05-06 16:00:00,55.0,33.9,26,0.0,1004.0,5.1,343
2026-05-06 17:00:00,55.0,33.7,24,0.0,1003.4,2.6,335
2026-05-06 18:00:00,55.0,32.0,45,0.0,1003.7,0.7,90
2026-05-06 19:00:00,65.0,29.9,37,0.0,1004.4,6.5,95
2026-05-06 20:00:00,74.0,28.5,41,0.0,1005.0,7.6,104
2026-05-06 21:00:00,90.0,26.8,50,0.0,1005.6,4.7,118
2026-05-06 22:00:00,80.0,26.3,50,0.0,1005.8,5.9,121
2026-05-06 23:00:00,62.0,26.8,50,0.0,1005.4,9.1,58
2026-05-07 00:00:00,62.0,25.9,52,0.0,1005.1,8.3,66
2026-05-07 01:00:00,55.0,24.7,57,0.0,1005.3,5.7,81
2026-05-07 02:00:00,45.0,23.9,62,0.0,1005.3,4.9,96
2026-05-07 03:00:00,33.0,23.7,59,0.0,1005.9,8.2,130
2026-05-07 04:00:00,42.0,22.8,62,0.0,1006.4,12.1,138
2026-05-07 05:00:00,24.0,22.7,73,0.0,1006.1,4.6,132
2026-05-07 06:00:00,30.0,23.9,62,0.0,1006.8,9.0,149
2026-05-07 07:00:00,34.0,24.5,62,0.0,1007.5,9.9,128
2026-05-07 08:00:00,39.0,26.3,57,0.0,1008.3,12.1,105
2026-05-07 09:00:00,33.0,27.0,51,0.0,1008.8,15.4,116
2026-05-07 10:00:00,32.0,29.0,46,0.0,1008.5,17.4,131
2026-05-07 11:00:00,30.0,28.6,50,0.0,1009.4,16.6,112
2026-05-07 12:00:00,31.0,28.8,50,0.0,1009.2,15.4,120
2026-05-07 13:00:00,30.0,29.0,47,0.0,1009.0,15.5,105
2026-05-07 14:00:00,26.0,29.1,46,0.0,1008.3,12.4,107
2026-05-07 15:00:00,25.0,29.6,44,0.0,1007.5,12.8,105
2026-05-07 16:00:00,28.0,29.6,45,0.0,1007.1,13.1,124
2026-05-07 17:00:00,28.0,29.7,39,0.0,1006.5,13.8,121
2026-05-07 18:00:00,22.0,28.3,46,0.0,1007.1,10.3,97
2026-05-07 19:00:00,26.0,26.5,55,0.0,1007.7,9.7,90
2026-05-07 20:00:00,35.0,25.6,61,0.0,1008.4,9.0,88
2026-05-07 21:00:00,40.0,24.9,67,0.0,1008.8,10.1,95
2026-05-07 22:00:00,30.0,24.3,71,0.0,1008.7,9.0,106
2026-05-07 23:00:00,36.0,24.1,76,0.0,1008.5,10.0,105
2026-05-08 00:00:00,43.0,23.3,81,0.0,1008.1,7.5,120
2026-05-08 01:00:00,38.0,22.9,84,0.0,1007.5,6.8,117
2026-05-08 02:00:00,52.0,22.4,87,0.0,1007.4,7.7,102
2026-05-08 03:00:00,41.0,22.0,90,0.0,1007.5,7.8,105
2026-05-08 04:00:00,56.0,21.7,91,0.0,1007.9,7.2,102
2026-05-08 05:00:00,54.0,22.0,89,0.0,1008.5,8.8,121
2026-05-08 06:00:00,49.0,22.4,87,0.0,1009.0,7.9,107
2026-05-08 07:00:00,44.0,23.7,81,0.0,1009.4,8.8,116
2026-05-08 08:00:00,40.0,25.8,71,0.0,1009.7,9.2,123
2026-05-08 09:00:00,36.0,28.0,61,0.0,1010.0,11.4,117
2026-05-08 10:00:00,25.0,30.0,50,0.0,1009.8,12.9,118
2026-05-08 11:00:00,27.0,31.4,43,0.0,1009.1,14.2,123
2026-05-08 12:00:00,23.0,32.2,39,0.0,1008.6,13.1,123
2026-05-08 13:00:00,28.0,33.1,36,0.0,1008.0,12.2,118
2026-05-08 14:00:00,27.0,33.5,34,0.0,1007.1,10.1,112
2026-05-08 15:00:00,23.0,33.4,34,0.0,1006.4,8.5,103
2026-05-08 16:00:00,24.0,30.2,43,0.1,1007.7,5.4,94
2026-05-08 17:00:00,28.0,32.0,35,0.0,1006.1,9.1,105
2026-05-08 18:00:00,29.0,30.9,39,0.0,1006.4,8.4,83
2026-05-08 19:00:00,32.0,29.3,45,0.0,1007.1,6.8,78
2026-05-08 20:00:00,35.0,28.2,51,0.0,1007.6,6.4,72
2026-05-08 21:00:00,43.0,27.2,55,0.0,1008.0,6.4,82
2026-05-08 22:00:00,38.0,26.5,58,0.0,1008.2,5.5,73
2026-05-08 23:00:00,41.0,26.5,60,0.0,1007.9,6.1,90
2026-05-09 00:00:00,46.0,26.0,63,0.0,1007.3,5.1,94
2026-05-09 01:00:00,48.0,25.5,64,0.0,1007.2,5.4,98
2026-05-09 02:00:00,61.0,24.9,66,0.0,1007.3,5.4,105
2026-05-09 03:00:00,60.0,24.3,67,0.0,1007.6,5.3,98
2026-05-09 04:00:00,52.0,23.8,69,0.0,1008.1,5.3,100
2026-05-09 05:00:00,65.0,24.0,73,0.0,1008.3,6.1,93
2026-05-09 06:00:00,69.0,24.6,71,0.0,1009.0,5.9,90
2026-05-09 07:00:00,52.0,25.9,65,0.0,1009.6,5.4,94
2026-05-09 08:00:00,45.0,28.0,57,0.0,1009.9,6.0,99
2026-05-09 09:00:00,44.0,30.2,49,0.0,1010.0,7.2,109
2026-05-09 10:00:00,41.0,32.0,41,0.0,1009.6,8.6,119
2026-05-09 11:00:00,39.0,32.9,38,0.0,1009.0,9.0,112
2026-05-09 12:00:00,31.0,33.9,35,0.0,1008.5,8.0,108
2026-05-09 13:00:00,35.0,34.6,33,0.0,1007.7,6.5,98
2026-05-09 14:00:00,35.0,34.7,32,0.0,1006.9,7.3,99
2026-05-09 15:00:00,34.0,34.6,32,0.0,1006.2,6.1,87
2026-05-09 16:00:00,36.0,34.4,32,0.0,1005.9,6.9,83
2026-05-09 17:00:00,35.0,33.6,33,0.0,1005.5,8.9,76
2026-05-09 18:00:00,38.0,32.8,35,0.0,1006.0,9.8,60
2026-05-09 19:00:00,54.0,31.2,43,0.0,1006.5,10.1,44
2026-05-09 20:00:00,48.0,30.0,49,0.0,1006.9,8.6,74
2026-05-09 21:00:00,54.0,29.2,52,0.0,1007.5,7.7,87
2026-05-09 22:00:00,60.0,28.4,55,0.0,1007.6,4.9,100
2026-05-09 23:00:00,69.0,28.1,58,0.0,1007.7,5.6,112
2026-05-10 00:00:00,70.0,27.4,62,0.0,1007.3,3.8,115
2026-05-10 01:00:00,56.0,27.0,63,0.0,1006.7,4.4,125
2026-05-10 02:00:00,54.0,26.5,65,0.0,1006.6,4.1,131
2026-05-10 03:00:00,55.0,25.9,67,0.0,1007.0,4.7,137
2026-05-10 04:00:00,49.0,25.4,67,0.0,1007.4,5.5,128
2026-05-10 05:00:00,61.0,25.7,67,0.0,1007.9,6.9,133
2026-05-10 06:00:00,57.0,26.1,66,0.0,1008.9,6.9,121
2026-05-10 07:00:00,64.0,27.4,61,0.0,1009.4,6.0,129
2026-05-10 08:00:00,46.0,29.6,53,0.0,1009.9,5.4,132
2026-05-10 09:00:00,46.0,32.0,43,0.0,1010.1,7.4,135
2026-05-10 10:00:00,41.0,33.5,37,0.0,1009.4,9.9,128
2026-05-10 11:00:00,46.0,34.3,35,0.0,1008.7,11.5,115
2026-05-10 12:00:00,43.0,35.6,31,0.0,1008.0,8.4,100
2026-05-10 13:00:00,42.0,36.6,28,0.0,1007.1,6.1,62
2026-05-10 14:00:00,42.0,37.1,26,0.0,1005.8,6.4,54
2026-05-10 15:00:00,45.0,37.0,26,0.0,1004.8,7.9,60
2026-05-10 16:00:00,47.0,36.7,27,0.0,1004.1,7.3,62
2026-05-10 17:00:00,43.0,34.7,31,0.0,1004.2,10.7,68
2026-05-10 18:00:00,42.0,33.1,36,0.0,1004.7,12.1,62
2026-05-10 19:00:00,48.0,31.8,40,0.0,1005.1,10.4,60
2026-05-10 20:00:00,55.0,31.0,42,0.0,1005.6,8.9,72
2026-05-10 21:00:00,53.0,30.1,44,0.0,1006.4,6.6,99
2026-05-10 22:00:00,56.0,29.3,47,0.0,1006.6,6.9,107
2026-05-10 23:00:00,69.0,29.4,49,0.0,1006.7,7.5,105
2026-05-11 00:00:00,59.0,29.1,50,0.0,1006.7,7.6,104
2026-05-11 01:00:00,59.0,28.6,52,0.0,1006.6,7.0,93
2026-05-11 02:00:00,58.0,28.1,53,0.0,1006.4,7.5,114
2026-05-11 03:00:00,56.0,27.6,55,0.0,1006.6,7.2,108
2026-05-11 04:00:00,45.0,27.1,57,0.0,1007.3,5.3,108
2026-05-11 05:00:00,52.0,26.8,60,0.0,1007.9,7.9,125
2026-05-11 06:00:00,54.0,27.2,60,0.0,1008.8,7.4,112
2026-05-11 07:00:00,59.0,28.5,55,0.0,1009.0,8.1,115
2026-05-11 08:00:00,57.0,30.5,49,0.0,1009.1,9.5,126
2026-05-11 09:00:00,63.0,32.7,43,0.0,1009.7,6.8,130
2026-05-11 10:00:00,53.0,34.3,36,0.0,1009.3,7.4,141
2026-05-11 11:00:00,48.0,34.2,36,0.0,1009.0,3.9,158
2026-05-11 12:00:00,48.0,35.0,34,0.0,1007.6,7.0,116
2026-05-11 13:00:00,54.0,35.6,33,0.0,1006.4,7.3,120
2026-05-11 14:00:00,61.0,36.6,31,0.0,1005.3,7.1,135
2026-05-11 15:00:00,54.0,36.9,30,0.0,1004.5,5.4,120
2026-05-11 16:00:00,53.0,36.9,29,0.0,1004.1,5.0,77
2026-05-11 17:00:00,55.0,36.5,28,0.0,1004.2,5.5,44
2026-05-11 18:00:00,59.0,35.5,31,0.0,1003.9,6.9,51
2026-05-11 19:00:00,63.0,34.0,37,0.0,1004.3,7.8,53
2026-05-11 20:00:00,70.0,32.7,44,0.0,1004.7,6.3,75
2026-05-11 21:00:00,84.0,31.7,47,0.0,1005.2,5.3,100
2026-05-11 22:00:00,89.0,31.0,49,0.0,1005.3,5.6,115
2026-05-11 23:00:00,82.0,30.5,51,0.0,1004.6,8.6,123
2026-05-12 00:00:00,72.0,29.8,53,0.0,1004.3,7.4,116
2026-05-12 01:00:00,58.0,29.3,54,0.0,1004.2,6.9,127
2026-05-12 02:00:00,72.0,29.0,54,0.0,1004.1,6.7,128
2026-05-12 03:00:00,69.0,28.6,56,0.0,1004.2,6.2,136
2026-05-12 04:00:00,66.0,28.2,57,0.0,1004.6,6.6,139
2026-05-12 05:00:00,70.0,27.7,65,0.0,1005.0,8.5,114
2026-05-12 06:00:00,81.0,28.1,63,0.0,1005.5,8.4,130
2026-05-12 07:00:00,75.0,29.3,57,0.0,1005.6,10.2,135
2026-05-12 08:00:00,69.0,31.1,50,0.0,1006.0,9.7,135
2026-05-12 09:00:00,64.0,27.8,67,5.3,1008.8,21.3,18
2026-05-12 10:00:00,67.0,27.2,75,4.1,1006.2,14.6,161
2026-05-12 11:00:00,68.0,36.9,31,0.0,1005.1,15.2,132
2026-05-12 12:00:00,61.0,37.9,28,0.0,1004.1,14.4,138
2026-05-12 13:00:00,74.0,38.4,26,0.0,1003.0,12.2,139
2026-05-12 14:00:00,62.0,37.7,26,0.0,1002.3,9.4,119
2026-05-12 15:00:00,61.0,38.2,26,0.1,1001.7,10.7,125
2026-05-12 16:00:00,52.0,33.7,41,0.3,1002.3,15.4,60
2026-05-12 17:00:00,57.0,35.3,35,0.2,1000.7,14.6,119
2026-05-12 18:00:00,49.0,33.8,40,0.0,1001.1,11.2,109
2026-05-12 19:00:00,59.0,32.5,47,0.0,1001.5,9.5,80
2026-05-12 20:00:00,45.0,31.4,52,0.0,1002.3,7.0,80
2026-05-12 21:00:00,45.0,30.4,57,0.0,1002.9,8.1,58
2026-05-12 22:00:00,43.0,30.0,57,0.0,1003.0,6.4,79
2026-05-12 23:00:00,48.0,30.0,59,0.0,1003.3,7.4,112
2026-05-13 00:00:00,45.0,28.7,61,0.0,1002.7,9.1,80
2026-05-13 01:00:00,66.0,27.9,64,0.0,1002.0,8.6,112
2026-05-13 02:00:00,61.0,27.5,64,0.0,1001.9,8.0,128
2026-05-13 03:00:00,51.0,27.0,65,0.0,1002.5,6.6,123
2026-05-13 04:00:00,57.0,26.5,68,0.0,1003.0,6.6,74
2026-05-13 05:00:00,59.0,26.7,71,0.0,1003.0,9.9,117
2026-05-13 06:00:00,63.0,26.8,71,0.0,1003.5,7.2,127
2026-05-13 07:00:00,79.0,28.2,66,0.0,1004.2,7.1,111
2026-05-13 08:00:00,86.0,30.4,57,0.0,1004.8,7.8,83
2026-05-13 09:00:00,96.0,32.8,48,0.0,1004.8,8.6,92
2026-05-13 10:00:00,51.0,35.2,40,0.0,1004.1,8.3,112
2026-05-13 11:00:00,51.0,36.1,32,0.0,1004.0,10.1,137
2026-05-13 12:00:00,49.0,36.5,32,0.0,1003.0,7.3,121
2026-05-13 13:00:00,59.0,37.3,30,0.0,1001.7,5.9,125
2026-05-13 14:00:00,59.0,38.0,28,0.0,1000.2,4.6,121
2026-05-13 15:00:00,57.0,38.4,26,0.0,999.3,2.4,126
2026-05-13 16:00:00,55.0,39.0,23,0.0,999.4,4.3,336
2026-05-13 17:00:00,60.0,37.3,33,0.1,997.5,6.7,117
2026-05-13 18:00:00,62.0,36.4,35,0.0,998.2,4.2,130
2026-05-13 19:00:00,69.0,35.3,39,0.0,998.9,4.9,123
2026-05-13 20:00:00,39.0,33.8,47,0.0,1000.2,5.2,59
2026-05-13 21:00:00,28.0,32.8,53,0.0,1001.1,4.1,77
2026-05-13 22:00:00,32.0,31.8,58,0.0,1001.0,5.4,60
2026-05-13 23:00:00,40.0,28.3,61,0.0,1002.3,10.1,35
2026-05-14 00:00:00,35.0,27.7,60,0.0,1001.1,5.5,46
2026-05-14 01:00:00,30.0,27.5,59,0.0,1000.2,4.4,38
2026-05-14 02:00:00,30.0,27.4,59,0.0,999.8,2.0,225
2026-05-14 03:00:00,27.0,27.6,58,0.0,999.8,3.7,227
2026-05-14 04:00:00,38.0,27.8,54,0.0,1000.1,4.5,217
2026-05-14 05:00:00,30.0,26.9,64,0.0,1000.5,6.3,193
2026-05-14 06:00:00,24.0,26.9,63,0.0,1001.9,3.0,237
2026-05-14 07:00:00,33.0,28.3,56,0.0,1002.2,4.5,214
2026-05-14 08:00:00,32.0,30.9,44,0.0,1002.5,4.4,212
2026-05-14 09:00:00,27.0,33.7,35,0.0,1002.9,3.7,215
2026-05-14 10:00:00,38.0,36.0,28,0.0,1003.2,1.8,217
2026-05-14 11:00:00,42.0,37.4,24,0.0,1003.0,2.9,112
2026-05-14 12:00:00,100.0,38.3,23,0.0,1002.4,3.8,79
2026-05-14 13:00:00,60.0,39.1,21,0.0,1001.4,3.5,69
2026-05-14 14:00:00,56.0,39.1,21,0.2,1000.4,2.4,126
2026-05-14 15:00:00,54.0,38.7,21,0.1,999.8,6.5,14
2026-05-14 16:00:00,55.0,38.1,24,0.0,999.0,7.7,9
2026-05-14 17:00:00,60.0,37.8,27,0.0,998.0,9.6,78
2026-05-14 18:00:00,59.0,36.2,33,0.0,998.4,10.2,77
2026-05-14 19:00:00,49.0,35.1,36,0.0,999.2,8.1,86
2026-05-14 20:00:00,52.0,34.4,37,0.0,999.7,6.7,92
2026-05-14 21:00:00,54.0,33.5,41,0.0,1000.5,5.6,97
2026-05-14 22:00:00,60.0,32.6,45,0.0,1000.9,4.9,114
2026-05-14 23:00:00,61.0,33.6,43,0.0,1001.5,12.1,255
2026-05-15 00:00:00,54.0,31.3,46,0.1,1001.7,10.9,297
2026-05-15 01:00:00,27.0,29.4,55,0.0,1002.3,11.9,321
2026-05-15 02:00:00,27.0,28.8,60,0.0,1002.0,13.2,338
2026-05-15 03:00:00,44.0,28.0,56,0.0,1001.4,11.4,341
2026-05-15 04:00:00,26.0,27.6,51,0.0,1001.2,10.3,358
2026-05-15 05:00:00,26.0,28.9,48,0.0,1000.4,10.6,43
2026-05-15 06:00:00,32.0,29.2,48,0.0,1001.4,4.4,251
2026-05-15 07:00:00,38.0,31.0,40,0.0,1002.2,5.3,235
2026-05-15 08:00:00,38.0,33.1,33,0.0,1002.8,2.8,220
2026-05-15 09:00:00,45.0,35.0,27,0.0,1003.3,1.3,180
2026-05-15 10:00:00,56.0,36.6,23,0.0,1003.5,2.5,180
2026-05-15 11:00:00,41.0,38.2,20,0.0,1003.3,6.4,198
2026-05-15 12:00:00,35.0,39.6,16,0.0,1002.6,7.6,265
2026-05-15 13:00:00,59.0,39.8,15,0.0,1001.6,13.5,295
2026-05-15 14:00:00,54.0,40.0,15,0.0,1000.5,14.3,305
2026-05-15 15:00:00,32.0,39.9,15,0.0,999.9,14.3,319
2026-05-15 16:00:00,38.0,39.3,16,0.0,999.3,15.9,321
2026-05-15 17:00:00,50.0,38.2,19,0.0,999.3,12.4,346
2026-05-15 18:00:00,49.0,36.7,23,0.0,999.6,10.8,3
2026-05-15 19:00:00,70.0,35.0,30,0.0,1000.2,7.8,40
2026-05-15 20:00:00,69.0,33.8,34,0.0,1000.9,4.5,43
2026-05-15 21:00:00,69.0,33.1,36,0.0,1001.5,2.7,32
2026-05-15 22:00:00,69.0,32.2,38,0.0,1002.1,5.5,13
2026-05-15 23:00:00,69.0,32.0,44,0.0,1001.8,6.4,16
2026-05-16 00:00:00,73.0,31.0,47,0.0,1001.5,3.0,327
2026-05-16 01:00:00,77.0,30.8,46,0.0,1001.4,4.7,313
2026-05-16 02:00:00,82.0,30.4,43,0.0,1001.5,5.6,315
2026-05-16 03:00:00,91.0,29.9,41,0.0,1001.7,5.1,302
2026-05-16 04:00:00,93.0,29.5,41,0.0,1002.3,6.2,308
2026-05-16 05:00:00,86.0,28.9,45,0.0,1002.5,3.4,344
2026-05-16 06:00:00,102.0,29.0,46,0.0,1003.1,4.1,337
2026-05-16 07:00:00,117.0,30.3,42,0.0,1003.5,3.3,338
2026-05-16 08:00:00,92.0,32.2,38,0.0,1003.9,4.0,328
2026-05-16 09:00:00,69.0,34.4,32,0.0,1004.2,5.2,314
2026-05-16 10:00:00,70.0,36.4,27,0.0,1004.1,6.5,314
2026-05-16 11:00:00,57.0,39.2,20,0.0,1003.7,6.9,317
2026-05-16 12:00:00,57.0,40.3,16,0.0,1003.0,11.0,320
2026-05-16 13:00:00,33.0,40.3,15,0.0,1002.3,13.6,320
2026-05-16 14:00:00,29.0,40.4,15,0.0,1001.6,12.8,326
2026-05-16 15:00:00,27.0,40.2,15,0.0,1000.8,15.4,318
2026-05-16 16:00:00,29.0,39.5,16,0.0,1000.4,16.0,314
2026-05-16 17:00:00,33.0,39.7,15,0.0,1000.0,16.7,322
2026-05-16 18:00:00,32.0,38.6,17,0.0,1000.6,14.7,317
2026-05-16 19:00:00,43.0,37.3,19,0.0,1001.4,14.6,316
2026-05-16 20:00:00,54.0,36.4,21,0.0,1001.9,10.7,324
2026-05-16 21:00:00,60.0,35.2,23,0.0,1002.5,9.0,329
2026-05-16 22:00:00,69.0,34.5,25,0.0,1002.6,8.3,319
2026-05-16 23:00:00,66.0,34.2,28,0.0,1002.3,8.3,319
2026-05-17 00:00:00,67.0,33.2,30,0.0,1001.8,6.2,316
2026-05-17 01:00:00,63.0,32.4,31,0.0,1001.6,5.1,302
2026-05-17 02:00:00,66.0,31.7,32,0.0,1001.8,5.4,312
2026-05-17 03:00:00,69.0,31.0,34,0.0,1001.9,5.2,311
2026-05-17 04:00:00,84.0,30.4,35,0.0,1002.2,5.5,306
2026-05-17 05:00:00,88.0,30.6,36,0.0,1002.2,6.3,305
2026-05-17 06:00:00,87.0,30.6,37,0.0,1003.0,7.6,304
2026-05-17 07:00:00,118.0,31.7,36,0.0,1003.8,6.5,300
2026-05-17 08:00:00,118.0,33.6,33,0.0,1004.2,7.1,300
2026-05-17 09:00:00,83.0,36.0,27,0.0,1004.2,7.3,298
2026-05-17 10:00:00,60.0,37.9,23,0.0,1003.9,9.8,298
2026-05-17 11:00:00,52.0,40.2,20,0.0,1003.0,11.7,290
2026-05-17 12:00:00,50.0,41.1,20,0.0,1002.4,17.1,296
2026-05-17 13:00:00,42.0,40.9,20,0.0,1001.7,18.3,307
2026-05-17 14:00:00,40.0,41.2,20,0.0,1000.7,17.3,301
2026-05-17 15:00:00,35.0,41.3,19,0.0,999.7,19.4,301
2026-05-17 16:00:00,37.0,40.8,19,0.0,999.2,19.8,303
2026-05-17 17:00:00,36.0,41.1,17,0.0,998.7,19.1,301
2026-05-17 18:00:00,42.0,40.4,17,0.0,998.8,14.8,297
2026-05-17 19:00:00,46.0,38.9,20,0.0,999.1,10.4,318
2026-05-17 20:00:00,53.0,37.6,23,0.0,999.5,9.6,323
2026-05-17 21:00:00,58.0,36.4,24,0.0,999.9,10.5,327
2026-05-17 22:00:00,52.0,35.6,24,0.0,1000.2,9.0,322
2026-05-17 23:00:00,51.0,35.3,25,0.0,999.9,9.6,332
2026-05-18 00:00:00,46.0,34.1,26,0.0,999.2,8.3,330
2026-05-18 01:00:00,50.0,33.3,27,0.0,998.7,6.8,318
2026-05-18 02:00:00,55.0,32.7,28,0.0,998.6,6.3,288
2026-05-18 03:00:00,63.0,32.0,29,0.0,998.7,6.8,270
2026-05-18 04:00:00,70.0,31.3,31,0.0,999.3,7.0,266
2026-05-18 05:00:00,106.0,30.9,37,0.0,999.5,7.8,278
2026-05-18 06:00:00,88.0,30.8,39,0.0,1000.2,7.8,277
2026-05-18 07:00:00,90.0,32.0,38,0.0,1001.0,6.8,282
2026-05-18 08:00:00,87.0,34.0,35,0.0,1001.5,7.5,287
2026-05-18 09:00:00,76.0,36.3,30,0.0,1001.8,7.3,290
2026-05-18 10:00:00,58.0,38.3,25,0.0,1002.0,8.9,298
2026-05-18 11:00:00,43.0,40.6,21,0.0,1001.4,11.2,292
2026-05-18 12:00:00,38.0,41.6,19,0.0,1000.8,12.8,299
2026-05-18 13:00:00,36.0,42.1,20,0.0,999.9,14.3,304
2026-05-18 14:00:00,36.0,42.4,20,0.0,999.0,15.0,305
2026-05-18 15:00:00,37.0,42.7,19,0.0,998.4,15.3,307
2026-05-18 16:00:00,38.0,42.9,17,0.0,997.9,16.8,308
2026-05-18 17:00:00,37.0,43.4,15,0.0,997.3,15.5,316
2026-05-18 18:00:00,33.0,42.6,15,0.0,997.3,11.2,319
2026-05-18 19:00:00,38.0,41.4,17,0.0,997.7,7.3,306
2026-05-18 20:00:00,58.0,40.5,18,0.0,998.2,9.4,300
2026-05-18 21:00:00,73.0,39.3,18,0.0,998.8,9.1,285
2026-05-18 22:00:00,63.0,38.1,19,0.0,998.9,9.2,281
2026-05-18 23:00:00,54.0,37.8,20,0.0,998.7,10.5,319
2026-05-19 00:00:00,61.0,36.1,22,0.0,998.6,7.0,305
2026-05-19 01:00:00,64.0,34.8,24,0.0,998.5,6.5,278
2026-05-19 02:00:00,68.0,34.2,25,0.0,998.6,5.4,284
2026-05-19 03:00:00,62.0,33.4,27,0.0,999.0,6.7,256
2026-05-19 04:00:00,65.0,32.5,28,0.0,999.7,8.4,251
2026-05-19 05:00:00,72.0,33.1,27,0.0,1000.0,6.5,264
2026-05-19 06:00:00,67.0,33.0,27,0.0,1001.0,7.8,266
2026-05-19 07:00:00,78.0,34.4,25,0.0,1001.9,6.5,273
2026-05-19 08:00:00,72.0,36.5,21,0.0,1002.6,7.6,285
2026-05-19 09:00:00,54.0,38.8,19,0.0,1002.9,8.0,297
2026-05-19 10:00:00,88.0,41.2,13,0.0,1002.8,12.4,310
2026-05-19 11:00:00,58.0,43.4,10,0.0,1002.4,16.4,309
2026-05-19 12:00:00,44.0,44.2,10,0.0,1001.7,15.0,304
2026-05-19 13:00:00,34.0,44.7,9,0.0,1000.8,14.1,304
2026-05-19 14:00:00,31.0,44.7,9,0.0,999.8,14.2,299
2026-05-19 15:00:00,28.0,44.5,9,0.0,999.2,15.1,298
2026-05-19 16:00:00,32.0,44.1,10,0.0,998.8,14.8,288
2026-05-19 17:00:00,29.0,43.9,10,0.0,998.2,15.5,274
2026-05-19 18:00:00,22.0,42.9,11,0.0,998.4,14.1,268
2026-05-19 19:00:00,38.0,42.1,12,0.0,999.1,9.6,284
2026-05-19 20:00:00,60.0,41.2,13,0.0,999.6,9.3,304
2026-05-19 21:00:00,62.0,40.1,14,0.0,1000.0,9.7,301
2026-05-19 22:00:00,69.0,40.0,13,0.0,1000.1,11.4,294
2026-05-19 23:00:00,74.0,38.9,14,0.0,1000.5,10.1,243
2026-05-20 00:00:00,63.0,36.9,18,0.0,1000.2,9.8,262
2026-05-20 01:00:00,54.0,35.7,20,0.0,999.8,8.7,275
2026-05-20 02:00:00,43.0,34.8,20,0.0,999.6,8.5,277
2026-05-20 03:00:00,48.0,34.0,21,0.0,999.7,8.9,283
2026-05-20 04:00:00,42.0,33.3,21,0.0,1000.1,9.2,293
2026-05-20 05:00:00,38.0,33.8,21,0.0,1000.5,9.7,280
2026-05-20 06:00:00,30.0,33.4,23,0.0,1001.1,9.4,283
2026-05-20 07:00:00,43.0,34.4,23,0.0,1001.7,9.9,295
2026-05-20 08:00:00,47.0,36.4,22,0.0,1001.9,9.7,295
2026-05-20 09:00:00,62.0,38.5,22,0.0,1001.9,10.1,295
2026-05-20 10:00:00,65.0,40.6,19,0.0,1001.5,11.1,300
2026-05-20 11:00:00,39.0,42.6,16,0.0,1000.8,10.2,302
2026-05-20 12:00:00,32.0,43.2,14,0.0,1000.3,9.1,292
2026-05-20 13:00:00,29.0,43.8,13,0.0,999.2,8.4,277
2026-05-20 14:00:00,33.0,44.4,12,0.0,998.3,10.4,268
2026-05-20 15:00:00,23.0,44.0,12,0.0,997.5,12.7,262
2026-05-20 16:00:00,25.0,43.5,13,0.0,997.0,12.9,263
2026-05-20 17:00:00,21.0,43.4,13,0.0,996.5,7.8,278
2026-05-20 18:00:00,35.0,42.8,13,0.0,996.7,6.7,265
2026-05-20 19:00:00,46.0,41.3,15,0.0,997.2,5.5,232
2026-05-20 20:00:00,49.0,39.9,19,0.0,998.1,0.8,243
2026-05-20 21:00:00,48.0,39.1,19,0.0,998.6,2.8,235
2026-05-20 22:00:00,47.0,38.1,19,0.0,999.2,7.2,207
2026-05-20 23:00:00,36.0,37.1,20,0.0,999.2,9.0,232
2026-05-21 00:00:00,42.0,36.0,21,0.0,999.0,9.3,248
2026-05-21 01:00:00,36.0,35.2,22,0.0,998.6,9.7,259
2026-05-21 02:00:00,36.0,34.7,23,0.0,998.7,12.4,268
2026-05-21 03:00:00,33.0,34.4,25,0.0,999.0,14.0,271
2026-05-21 04:00:00,40.0,34.0,27,0.0,999.5,13.7,268
2026-05-21 05:00:00,40.0,34.7,30,0.0,999.8,14.8,268
2026-05-21 06:00:00,45.0,34.6,31,0.0,1000.4,14.6,265
2026-05-21 07:00:00,51.0,35.3,30,0.0,1001.0,14.8,264
2026-05-21 08:00:00,66.0,36.8,26,0.0,1001.4,17.9,274
2026-05-21 09:00:00,85.0,38.3,23,0.0,1001.5,18.1,276
2026-05-21 10:00:00,78.0,39.9,21,0.0,1001.3,17.2,281
2026-05-21 11:00:00,70.0,41.1,18,0.0,1001.6,16.9,284
2026-05-21 12:00:00,65.0,41.9,17,0.0,1001.1,16.4,289
2026-05-21 13:00:00,63.0,42.6,16,0.0,1000.2,14.6,290
2026-05-21 14:00:00,64.0,43.1,15,0.0,999.3,13.5,286
2026-05-21 15:00:00,51.0,43.1,15,0.0,998.7,13.3,280
2026-05-21 16:00:00,48.0,42.7,15,0.0,998.5,13.0,284
2026-05-21 17:00:00,48.0,43.3,12,0.0,997.7,12.2,268
2026-05-21 18:00:00,50.0,42.4,13,0.0,998.0,13.7,269
2026-05-21 19:00:00,48.0,41.1,14,0.0,998.8,13.2,256
2026-05-21 20:00:00,50.0,40.0,15,0.0,999.4,10.9,241
2026-05-21 21:00:00,50.0,38.8,16,0.0,1000.2,11.0,238
2026-05-21 22:00:00,44.0,38.0,17,0.0,1000.8,10.5,250
2026-05-21 23:00:00,39.0,37.6,18,0.0,1001.0,9.6,253
2026-05-22 00:00:00,34.0,36.6,17,0.0,1001.2,10.6,268
2026-05-22 01:00:00,41.0,35.7,17,0.0,1001.4,10.8,266
2026-05-22 02:00:00,32.0,34.7,17,0.0,1001.5,9.8,265
2026-05-22 03:00:00,35.0,34.0,18,0.0,1001.6,7.3,277
2026-05-22 04:00:00,43.0,33.1,19,0.0,1002.4,6.0,297
2026-05-22 05:00:00,41.0,33.3,21,0.0,1002.6,7.6,267
2026-05-22 06:00:00,47.0,33.1,22,0.0,1003.1,8.0,264
2026-05-22 07:00:00,52.0,34.2,22,0.0,1003.6,8.1,258
2026-05-22 08:00:00,54.0,35.8,21,0.0,1004.2,9.9,268
2026-05-22 09:00:00,59.0,37.5,20,0.0,1004.4,9.4,273
2026-05-22 10:00:00,57.0,39.3,19,0.0,1004.5,8.9,279
2026-05-22 11:00:00,66.0,41.5,15,0.0,1004.1,10.6,280
2026-05-22 12:00:00,56.0,42.3,14,0.0,1003.6,10.5,282
2026-05-22 13:00:00,48.0,42.6,14,0.0,1002.7,11.2,288
2026-05-22 14:00:00,616.0,42.7,13,0.0,1001.8,11.8,296
2026-05-22 15:00:00,48.0,42.6,13,0.0,1001.2,12.2,311
2026-05-22 16:00:00,45.0,42.0,14,0.0,1000.9,12.1,323
2026-05-22 17:00:00,56.0,42.0,12,0.0,1000.6,12.5,5
2026-05-22 18:00:00,67.0,40.2,17,0.0,1000.9,15.3,22
2026-05-22 19:00:00,60.0,38.2,22,0.0,1001.5,10.6,28
2026-05-22 20:00:00,56.0,37.0,24,0.0,1002.2,8.1,12
2026-05-22 21:00:00,58.0,36.4,25,0.0,1002.8,8.0,354
2026-05-22 22:00:00,57.0,36.0,24,0.0,1003.2,8.1,342
2026-05-22 23:00:00,50.0,35.4,25,0.0,1003.0,6.5,336
2026-05-23 00:00:00,51.0,34.4,26,0.0,1002.7,5.4,326
2026-05-23 01:00:00,46.0,33.7,27,0.0,1002.5,4.4,330
2026-05-23 02:00:00,46.0,33.2,28,0.0,1002.6,5.4,323
2026-05-23 03:00:00,52.0,32.7,29,0.0,1002.9,4.1,304
2026-05-23 04:00:00,79.0,32.4,30,0.0,1003.1,3.8,281
2026-05-23 05:00:00,111.0,32.6,33,0.0,1003.3,5.1,266
2026-05-23 06:00:00,70.0,32.7,33,0.0,1003.8,6.9,277
2026-05-23 07:00:00,90.0,34.0,31,0.0,1004.2,7.5,280
2026-05-23 08:00:00,86.0,36.2,27,0.0,1004.5,8.3,290
2026-05-23 09:00:00,40.0,38.5,22,0.0,1004.6,9.0,286
2026-05-23 10:00:00,41.0,40.1,19,0.0,1004.5,12.4,292
2026-05-23 11:00:00,42.0,41.2,15,0.0,1004.1,16.4,310
2026-05-23 12:00:00,57.0,39.3,19,0.0,1004.4,18.4,348
2026-05-23 13:00:00,52.0,39.7,18,0.0,1003.7,14.3,332
2026-05-23 14:00:00,52.0,40.4,16,0.0,1002.9,14.9,307
2026-05-23 15:00:00,68.0,41.1,14,0.0,1001.7,13.0,308
2026-05-23 16:00:00,56.0,41.2,12,0.0,1000.9,18.3,317
2026-05-23 17:00:00,45.0,41.1,15,0.0,1000.2,13.6,317
2026-05-23 18:00:00,55.0,40.6,13,0.0,1000.4,13.8,296
2026-05-23 19:00:00,63.0,39.5,15,0.0,1000.5,10.1,259
2026-05-23 20:00:00,60.0,38.4,17,0.0,1001.1,9.7,270
2026-05-23 21:00:00,56.0,37.5,18,0.0,1001.6,9.8,284
2026-05-23 22:00:00,54.0,36.5,17,0.0,1001.9,9.5,289
2026-05-23 23:00:00,49.0,36.0,21,0.0,1001.7,9.1,302
2026-05-24 00:00:00,61.0,34.3,21,0.0,1001.2,7.6,333
2026-05-24 01:00:00,60.0,33.3,22,0.0,1000.7,5.5,333
2026-05-24 02:00:00,57.0,32.8,22,0.0,1000.7,3.8,267
2026-05-24 03:00:00,73.0,32.4,23,0.0,1001.1,6.5,268
2026-05-24 04:00:00,84.0,31.8,24,0.0,1001.8,7.9,267
2026-05-24 05:00:00,96.0,31.5,29,0.0,1002.1,8.9,262
2026-05-24 06:00:00,67.0,31.4,30,0.0,1003.1,8.6,272
2026-05-24 07:00:00,67.0,32.6,29,0.0,1003.6,7.3,261
2026-05-24 08:00:00,77.0,34.7,26,0.0,1003.9,10.8,266
2026-05-24 09:00:00,73.0,37.3,23,0.0,1004.0,10.8,281
2026-05-24 10:00:00,56.0,39.6,17,0.0,1003.9,14.3,291
2026-05-24 11:00:00,48.0,41.8,15,0.0,1003.2,14.0,301
2026-05-24 12:00:00,34.0,42.4,13,0.0,1002.7,16.7,306
2026-05-24 13:00:00,31.0,42.3,14,0.0,1002.2,16.2,299
2026-05-24 14:00:00,38.0,42.4,14,0.0,1001.5,16.5,286
2026-05-24 15:00:00,39.0,42.4,14,0.0,1001.1,18.0,286
2026-05-24 16:00:00,38.0,41.9,14,0.0,1000.6,15.7,302
2026-05-24 17:00:00,39.0,42.5,12,0.0,999.7,9.4,306
2026-05-24 18:00:00,38.0,41.6,12,0.0,999.4,4.9,2
2026-05-24 19:00:00,64.0,39.9,14,0.0,999.8,4.0,357
2026-05-24 20:00:00,57.0,38.9,16,0.0,1000.0,2.6,124
2026-05-24 21:00:00,65.0,37.6,17,0.0,1000.9,4.2,108
2026-05-24 22:00:00,84.0,36.9,20,0.0,1001.3,5.6,123
2026-05-24 23:00:00,60.0,36.5,22,0.0,1001.0,8.0,174
2026-05-25 00:00:00,61.0,35.3,24,0.0,1000.3,8.5,178
2026-05-25 01:00:00,49.0,35.2,19,0.0,999.6,10.8,249
2026-05-25 02:00:00,51.0,35.1,18,0.0,999.5,14.1,273
2026-05-25 03:00:00,54.0,34.3,19,0.0,1000.1,14.1,274
2026-05-25 04:00:00,55.0,33.7,20,0.0,1000.6,15.3,273
2026-05-25 05:00:00,64.0,34.0,22,0.0,1000.8,13.5,268
2026-05-25 06:00:00,62.0,34.1,22,0.0,1001.3,13.0,273
2026-05-25 07:00:00,74.0,35.1,22,0.0,1001.8,10.4,260
2026-05-25 08:00:00,74.0,36.8,21,0.0,1002.1,13.2,268
2026-05-25 09:00:00,76.0,38.4,20,0.0,1002.2,14.8,272
2026-05-25 10:00:00,139.0,39.8,19,0.0,1002.1,15.4,280
2026-05-25 11:00:00,94.0,42.2,15,0.0,1001.6,11.1,287
2026-05-25 12:00:00,92.0,42.9,15,0.0,1000.8,8.2,289
2026-05-25 13:00:00,90.0,43.4,14,0.0,999.7,8.8,270
2026-05-25 14:00:00,87.0,43.4,12,0.0,999.0,15.7,280
2026-05-25 15:00:00,79.0,42.9,12,0.1,998.5,14.5,282
2026-05-25 16:00:00,74.0,42.3,14,0.0,997.9,13.8,301
2026-05-25 17:00:00,72.0,41.9,13,0.4,998.0,12.7,291
2026-05-25 18:00:00,83.0,41.3,14,0.0,997.9,9.7,331
2026-05-25 19:00:00,78.0,40.4,15,0.0,998.4,3.6,333
2026-05-25 20:00:00,89.0,40.3,13,0.0,998.9,9.6,282
2026-05-25 21:00:00,105.0,39.1,15,0.0,999.7,7.9,297
2026-05-25 22:00:00,115.0,37.9,17,0.0,1000.4,7.1,311
2026-05-25 23:00:00,100.0,37.0,19,0.0,1000.6,8.0,351
2026-05-26 00:00:00,116.0,35.4,20,0.0,1000.7,5.6,339
2026-05-26 01:00:00,113.0,34.7,21,0.0,1000.6,5.3,315
2026-05-26 02:00:00,103.0,34.2,22,0.0,1000.8,5.9,315
2026-05-26 03:00:00,96.0,33.4,22,0.0,1000.7,4.8,315
2026-05-26 04:00:00,105.0,32.8,23,0.0,1000.9,5.6,312
2026-05-26 05:00:00,103.0,32.7,23,0.0,1001.2,8.4,307
2026-05-26 06:00:00,124.0,32.7,23,0.0,1002.2,8.9,289
2026-05-26 07:00:00,113.0,33.8,22,0.0,1002.9,7.0,282
2026-05-26 08:00:00,100.0,35.9,19,0.0,1003.2,5.9,293
2026-05-26 09:00:00,61.0,38.2,17,0.0,1003.8,8.5,288
2026-05-26 10:00:00,47.0,39.8,16,0.0,1003.9,10.2,301
2026-05-26 11:00:00,40.0,42.0,10,0.0,1003.2,13.9,306
2026-05-26 12:00:00,25.0,42.2,10,0.0,1002.8,16.2,315
2026-05-26 13:00:00,27.0,42.8,10,0.0,1001.8,16.7,299
2026-05-26 14:00:00,32.0,43.3,9,0.0,1000.8,16.5,293
2026-05-26 15:00:00,24.0,43.0,9,0.0,1000.1,18.8,285
2026-05-26 16:00:00,26.0,42.2,10,0.0,1000.0,19.6,280
2026-05-26 17:00:00,25.0,42.5,9,0.0,999.5,16.5,290
2026-05-26 18:00:00,25.0,41.7,10,0.0,999.5,13.1,308
2026-05-26 19:00:00,38.0,40.3,11,0.0,1000.2,8.8,314
2026-05-26 20:00:00,54.0,38.9,13,0.0,1000.7,6.5,318
2026-05-26 21:00:00,49.0,37.9,15,0.0,1001.4,8.3,333
2026-05-26 22:00:00,62.0,36.9,16,0.0,1001.8,6.2,330
2026-05-26 23:00:00,62.0,36.5,17,0.0,1001.8,4.2,320
2026-05-27 00:00:00,72.0,35.0,19,0.0,1001.4,3.9,336
2026-05-27 01:00:00,68.0,34.3,20,0.0,1000.8,1.9,292
2026-05-27 02:00:00,70.0,33.6,20,0.0,1000.6,3.5,294
2026-05-27 03:00:00,67.0,33.1,20,0.0,1000.7,5.5,283
2026-05-27 04:00:00,77.0,32.5,20,0.0,1001.0,6.4,288
2026-05-27 05:00:00,110.0,32.8,21,0.0,1001.1,4.7,286
2026-05-27 06:00:00,135.0,32.5,21,0.0,1001.9,6.7,286
2026-05-27 07:00:00,145.0,34.0,20,0.0,1002.6,5.5,279
2026-05-27 08:00:00,169.0,36.2,17,0.0,1003.3,6.7,286
2026-05-27 09:00:00,105.0,38.5,14,0.0,1003.5,8.1,301
2026-05-27 10:00:00,30.0,40.0,13,0.0,1003.3,10.0,308
2026-05-27 11:00:00,48.0,41.8,11,0.0,1002.4,10.3,303
2026-05-27 12:00:00,32.0,42.7,10,0.0,1001.9,11.7,306
2026-05-27 13:00:00,30.0,43.1,11,0.0,1001.3,13.9,304
2026-05-27 14:00:00,36.0,43.2,11,0.0,1000.5,14.8,300
2026-05-27 15:00:00,34.0,43.1,12,0.0,1000.0,15.3,298
2026-05-27 16:00:00,33.0,42.9,12,0.0,999.6,15.6,299
2026-05-27 17:00:00,36.0,43.9,9,0.0,998.7,18.3,307
2026-05-27 18:00:00,43.0,42.9,10,0.0,999.2,14.7,305
2026-05-27 19:00:00,39.0,41.6,12,0.0,999.8,10.1,299
2026-05-27 20:00:00,58.0,40.0,15,0.0,1000.2,6.1,315
2026-05-27 21:00:00,59.0,38.8,17,0.0,1000.5,5.5,328
2026-05-27 22:00:00,73.0,37.9,18,0.0,1000.7,3.9,344
2026-05-27 23:00:00,74.0,36.2,20,0.0,1000.9,7.3,67
2026-05-28 00:00:00,87.0,34.3,26,0.0,1000.3,4.7,113
2026-05-28 01:00:00,87.0,33.7,31,0.0,1000.1,4.1,128
2026-05-28 02:00:00,87.0,32.9,34,0.0,1000.3,4.6,144
2026-05-28 03:00:00,76.0,31.8,38,0.0,1000.5,5.7,134
2026-05-28 04:00:00,85.0,30.5,43,0.0,1000.9,6.8,92
2026-05-28 05:00:00,82.0,29.6,46,0.0,1001.2,7.9,102
2026-05-28 06:00:00,82.0,29.5,44,0.0,1002.0,9.4,113
2026-05-28 08:00:00,77.0,32.4,45,0.0,1003.7,10.8,116
2026-05-28 09:00:00,74.0,34.4,43,0.0,1003.7,12.3,111
2026-05-28 10:00:00,73.0,36.4,39,0.0,1003.6,11.5,115
2026-05-28 11:00:00,67.0,38.0,35,0.0,1003.1,11.7,113
2026-05-28 12:00:00,71.0,39.2,33,0.0,1002.7,10.1,107
2026-05-28 13:00:00,116.0,40.1,31,0.0,1001.7,10.6,105
2026-05-28 14:00:00,60.0,39.8,32,0.0,1000.6,11.4,97
2026-05-28 15:00:00,61.0,38.4,32,0.0,1000.4,9.0,116
2026-05-28 16:00:00,62.0,38.3,35,0.0,1000.2,9.5,148
2026-05-28 17:00:00,48.0,38.4,33,0.0,999.1,9.4,126
2026-05-28 18:00:00,110.0,35.9,37,0.0,1000.2,13.4,184
2026-05-28 19:00:00,34.0,31.2,51,0.5,1002.6,10.4,194
2026-05-28 20:00:00,24.0,32.1,49,0.1,1002.0,1.6,297
2026-05-28 21:00:00,67.0,32.4,49,0.1,1002.1,3.4,74
2026-05-28 22:00:00,22.0,31.9,51,0.1,1000.8,4.8,195
2026-05-28 23:00:00,18.0,30.7,39,0.0,1001.7,13.5,192
2026-05-29 00:00:00,20.0,29.9,42,0.0,1002.1,6.9,14
2026-05-29 01:00:00,14.0,29.5,49,0.0,1002.4,7.0,32
2026-05-29 02:00:00,32.0,27.9,66,0.0,1002.3,8.7,60
2026-05-29 03:00:00,42.0,27.2,71,0.0,1002.3,4.8,103
2026-05-29 04:00:00,29.0,26.9,71,0.0,1003.3,10.5,93
2026-05-29 05:00:00,27.0,26.5,66,0.0,1003.0,12.3,95
2026-05-29 06:00:00,30.0,26.5,68,0.0,1004.6,11.4,119
2026-05-29 07:00:00,36.0,27.3,65,0.0,1005.2,15.0,134
2026-05-29 08:00:00,33.0,28.4,64,0.0,1005.5,14.2,126
2026-05-29 09:00:00,41.0,29.9,61,0.0,1005.4,13.8,121
2026-05-29 10:00:00,43.0,31.6,55,0.0,1005.4,12.1,123
2026-05-29 11:00:00,39.0,31.9,50,0.0,1004.7,16.7,125
2026-05-29 12:00:00,41.0,34.2,45,0.3,1004.6,13.4,125
2026-05-29 13:00:00,38.0,32.4,50,0.1,1004.5,10.1,153
2026-05-29 14:00:00,26.0,33.4,47,0.0,1003.8,10.2,150
2026-05-29 15:00:00,27.0,32.1,50,0.2,1003.8,10.4,101
2026-05-29 16:00:00,28.0,32.8,48,0.1,1003.0,7.9,133
2026-05-29 17:00:00,29.0,35.0,41,0.0,1001.9,12.7,172
2026-05-29 18:00:00,27.0,33.9,43,0.0,1002.7,7.4,157
2026-05-29 19:00:00,15.0,33.4,44,0.0,1002.9,9.4,162
2026-05-29 20:00:00,30.0,33.0,45,0.0,1003.7,6.3,125
2026-05-29 21:00:00,21.0,32.4,46,0.0,1004.5,7.2,129
2026-05-29 22:00:00,16.0,31.8,46,0.0,1005.2,9.2,135
2026-05-29 23:00:00,23.0,29.3,50,0.0,1004.8,13.5,131
2026-05-30 00:00:00,18.0,27.5,58,0.0,1005.1,13.1,136
2026-05-30 01:00:00,16.0,26.8,61,0.0,1004.7,11.8,142
2026-05-30 02:00:00,15.0,26.3,63,0.0,1004.5,10.5,143
2026-05-30 03:00:00,19.0,25.9,66,0.0,1004.8,7.2,153
2026-05-30 04:00:00,18.0,25.5,69,0.0,1005.5,6.2,142
2026-05-30 05:00:00,33.0,25.6,71,0.0,1004.6,10.8,144
2026-05-30 06:00:00,28.0,25.4,73,0.0,1005.9,8.5,153
2026-05-30 07:00:00,19.0,26.3,69,0.0,1007.0,8.9,140
2026-05-30 08:00:00,17.0,28.4,59,0.0,1007.3,9.8,131
2026-05-30 09:00:00,19.0,30.3,50,0.0,1006.9,12.5,140
2026-05-30 10:00:00,19.0,31.9,47,0.0,1007.4,5.6,121
2026-05-30 11:00:00,27.0,33.2,47,0.1,1005.8,11.1,130
2026-05-30 12:00:00,26.0,34.1,43,0.0,1005.5,11.0,125
2026-05-30 13:00:00,21.0,35.3,38,0.0,1005.0,9.6,130
2026-05-30 14:00:00,26.0,34.9,38,0.0,1004.6,4.0,177
2026-05-30 15:00:00,32.0,28.2,66,2.7,1005.4,14.5,34
2026-05-30 16:00:00,70.0,25.0,80,3.8,1008.0,9.2,64
2026-05-30 17:00:00,20.0,24.2,91,1.7,1005.8,8.1,77
2026-05-30 18:00:00,27.0,25.8,81,0.3,1004.5,2.0,180
2026-05-30 19:00:00,36.0,26.2,79,0.0,1005.4,1.5,120
2026-05-30 20:00:00,38.0,26.0,82,0.0,1005.9,7.0,108
2026-05-30 21:00:00,52.0,25.7,85,0.0,1006.2,9.3,114
2026-05-30 22:00:00,41.0,25.4,85,0.0,1006.5,9.8,114
2026-05-30 23:00:00,22.0,24.7,71,0.0,1006.0,11.7,117
2026-05-31 00:00:00,17.0,24.2,69,0.0,1005.7,8.1,127
2026-05-31 01:00:00,16.0,24.0,71,0.0,1006.3,5.0,136
2026-05-31 02:00:00,8.0,23.8,72,0.0,1006.1,6.4,122
2026-05-31 03:00:00,24.0,23.6,73,0.0,1006.1,6.1,130
2026-05-31 04:00:00,24.0,23.5,74,0.0,1006.2,6.4,119
2026-05-31 05:00:00,26.0,24.2,76,0.0,1006.9,10.9,142
2026-05-31 06:00:00,28.0,24.5,76,0.0,1007.4,9.6,142
2026-05-31 07:00:00,23.0,25.7,71,0.0,1007.9,9.4,149
2026-05-31 08:00:00,25.0,27.3,65,0.0,1008.5,8.9,156
2026-05-31 09:00:00,27.0,29.1,58,0.0,1008.6,8.3,158
2026-05-31 10:00:00,33.0,30.8,50,0.0,1008.3,8.0,157
2026-05-31 11:00:00,36.0,32.4,40,0.0,1008.6,7.3,152
2026-05-31 12:00:00,25.0,32.6,41,0.0,1008.2,5.2,136
2026-05-31 13:00:00,30.0,32.7,41,0.0,1007.7,3.9,112
2026-05-31 14:00:00,33.0,33.3,39,0.0,1006.7,3.4,108
2026-05-31 15:00:00,29.0,32.7,40,0.0,1006.0,7.9,51
2026-05-31 16:00:00,21.0,29.8,51,0.2,1006.1,15.2,60
2026-05-31 17:00:00,27.0,25.4,88,0.0,1006.1,9.9,105
2026-05-31 18:00:00,27.0,26.3,74,0.1,1006.3,10.6,62
2026-05-31 19:00:00,25.0,26.1,80,0.1,1006.5,7.5,57
2026-05-31 20:00:00,24.0,26.2,81,0.0,1007.4,4.1,103
2026-05-31 21:00:00,23.0,25.8,82,0.0,1007.9,5.7,41
2026-05-31 22:00:00,24.0,25.7,80,0.0,1007.6,2.5,82
2026-05-31 23:00:00,28.0,26.8,72,0.0,1007.2,2.1,75
2026-06-01 00:00:00,28.0,26.1,78,0.0,1006.9,2.1,110
2026-06-01 01:00:00,36.0,25.6,81,0.0,1006.7,2.3,90
2026-06-01 02:00:00,27.0,25.1,83,0.0,1006.7,3.8,82
2026-06-01 03:00:00,34.0,24.7,86,0.0,1006.7,4.0,90
2026-06-01 04:00:00,37.0,24.5,86,0.0,1007.0,5.3,80
2026-06-01 05:00:00,53.0,25.0,85,0.0,1007.0,4.3,123
2026-06-01 06:00:00,40.0,25.3,84,0.0,1007.5,3.1,114
2026-06-01 07:00:00,41.0,26.3,76,0.2,1008.7,8.0,63
2026-06-01 08:00:00,36.0,24.3,79,0.5,1009.1,7.6,121
2026-06-01 09:00:00,31.0,27.3,68,0.0,1009.0,6.1,133
2026-06-01 10:00:00,33.0,29.2,60,0.0,1009.0,7.3,80
2026-06-01 11:00:00,29.0,29.9,49,0.0,1008.3,10.2,118
2026-06-01 12:00:00,24.0,32.0,42,0.1,1008.0,7.6,133
2026-06-01 13:00:00,27.0,32.4,40,0.0,1007.4,6.3,93
2026-06-01 14:00:00,27.0,32.5,39,0.0,1006.1,6.0,87
2026-06-01 15:00:00,28.0,33.1,37,0.0,1005.4,4.8,75
2026-06-01 16:00:00,31.0,33.1,36,0.0,1004.8,6.6,55
2026-06-01 17:00:00,26.0,32.4,43,0.0,1004.3,8.7,84
2026-06-01 18:00:00,22.0,31.2,48,0.0,1004.7,7.7,79
2026-06-01 19:00:00,30.0,30.0,56,0.0,1005.5,6.5,84
2026-06-01 20:00:00,34.0,29.3,58,0.0,1006.2,5.5,101
2026-06-01 21:00:00,43.0,28.7,60,0.0,1006.8,5.1,107
2026-06-01 22:00:00,46.0,28.3,61,0.0,1007.1,4.7,97
2026-06-01 23:00:00,51.0,28.5,60,0.0,1006.7,8.0,104
2026-06-02 00:00:00,39.0,27.3,65,0.0,1006.5,6.9,83
2026-06-02 01:00:00,42.0,26.5,69,0.0,1006.5,6.0,80
2026-06-02 02:00:00,36.0,25.9,73,0.3,1007.0,8.6,179
2026-06-02 03:00:00,34.0,25.2,75,0.1,1007.0,3.5,129
2026-06-02 04:00:00,39.0,24.7,79,0.0,1006.9,3.0,65
2026-06-02 05:00:00,42.0,26.1,77,0.0,1007.3,3.5,152
2026-06-02 06:00:00,36.0,26.6,72,0.0,1007.8,4.5,209
2026-06-02 07:00:00,38.0,27.6,65,0.0,1007.8,3.4,155
2026-06-02 08:00:00,51.0,29.5,55,0.0,1008.1,5.1,98
2026-06-02 09:00:00,42.0,31.3,48,0.0,1008.0,6.6,79
2026-06-02 10:00:00,39.0,33.1,41,0.0,1007.6,8.0,85
2026-06-02 11:00:00,39.0,34.2,34,0.1,1007.4,8.9,96
2026-06-02 12:00:00,33.0,35.1,30,0.1,1006.3,8.2,100
2026-06-02 13:00:00,33.0,35.6,29,0.1,1005.6,7.9,102
2026-06-02 14:00:00,33.0,35.8,29,0.0,1004.4,9.1,108
2026-06-02 15:00:00,32.0,35.9,29,0.0,1003.6,9.2,101
2026-06-02 16:00:00,35.0,35.3,30,0.0,1003.0,8.7,97
2026-06-02 17:00:00,32.0,32.6,45,0.0,1003.4,6.4,164
2026-06-02 18:00:00,28.0,32.7,45,0.0,1003.0,6.9,160
2026-06-02 19:00:00,31.0,32.1,47,0.0,1003.6,5.1,144
2026-06-02 20:00:00,41.0,31.8,49,0.0,1004.0,5.6,140
2026-06-02 21:00:00,49.0,31.5,50,0.0,1004.5,5.1,132
2026-06-02 22:00:00,55.0,30.9,53,0.0,1004.9,4.6,108
2026-06-02 23:00:00,56.0,31.8,49,0.0,1004.0,3.9,156
2026-06-03 00:00:00,55.0,31.2,55,0.0,1004.1,1.9,202
2026-06-03 01:00:00,69.0,31.0,55,0.0,1004.0,1.3,236
2026-06-03 02:00:00,71.0,30.5,58,0.0,1003.8,0.6,72
2026-06-03 03:00:00,60.0,29.7,64,0.0,1003.7,0.9,90
2026-06-03 04:00:00,69.0,29.0,68,0.0,1003.8,1.3,106
2026-06-03 05:00:00,60.0,28.4,70,0.0,1004.1,3.3,96
2026-06-03 06:00:00,57.0,28.4,69,0.0,1004.1,4.1,88
2026-06-03 07:00:00,53.0,30.0,61,0.0,1004.3,3.6,93
2026-06-03 08:00:00,40.0,32.2,51,0.0,1004.3,4.0,100
2026-06-03 09:00:00,35.0,34.1,41,0.0,1004.0,3.4,90
2026-06-03 10:00:00,47.0,35.2,37,0.0,1003.7,4.0,72
2026-06-03 11:00:00,43.0,35.8,35,0.0,1003.5,6.0,74
2026-06-03 12:00:00,50.0,36.0,35,0.0,1003.0,4.3,48
2026-06-03 13:00:00,57.0,36.8,31,0.0,1002.0,4.0,27
2026-06-03 14:00:00,68.0,37.4,27,0.0,1000.8,5.4,15
2026-06-03 15:00:00,72.0,37.9,25,0.0,999.7,5.9,14
2026-06-03 16:00:00,69.0,37.8,25,0.0,999.0,5.4,358
2026-06-03 17:00:00,63.0,37.4,30,0.0,998.5,10.5,57
2026-06-03 18:00:00,59.0,36.2,33,0.0,999.0,9.2,83
2026-06-03 19:00:00,55.0,35.1,36,0.0,999.5,7.7,99
2026-06-03 20:00:00,69.0,34.6,39,0.0,999.9,5.8,88
2026-06-03 21:00:00,70.0,34.0,42,0.0,1000.4,4.7,106
2026-06-03 22:00:00,74.0,33.5,44,0.0,1000.7,5.2,136
2026-06-03 23:00:00,68.0,33.8,44,0.0,1000.5,8.2,157
2026-06-04 00:00:00,69.0,32.9,46,0.0,1000.6,5.6,178
2026-06-04 01:00:00,66.0,32.2,49,0.0,1000.2,5.2,168
2026-06-04 02:00:00,68.0,31.6,50,0.0,999.9,5.8,178
2026-06-04 03:00:00,56.0,31.0,52,0.0,999.9,5.4,184
2026-06-04 04:00:00,49.0,30.4,53,0.0,1000.0,5.4,195
2026-06-04 05:00:00,42.0,31.6,48,0.0,1000.3,8.3,198
2026-06-04 06:00:00,43.0,28.3,60,0.1,1001.2,16.7,48
2026-06-04 07:00:00,57.0,26.3,75,0.8,1001.9,5.9,153
2026-06-04 08:00:00,50.0,29.9,57,0.1,1001.4,6.6,133
2026-06-04 09:00:00,47.0,31.6,54,0.0,1002.1,11.6,105
2026-06-04 10:00:00,66.0,33.2,48,0.0,1001.8,8.5,118
2026-06-04 11:00:00,84.0,37.1,30,0.0,1000.7,6.9,107
2026-06-04 12:00:00,69.0,38.5,24,0.0,999.9,6.1,102
2026-06-04 13:00:00,66.0,39.4,22,0.0,999.4,0.6,18
2026-06-04 14:00:00,46.0,39.4,21,0.0,998.8,6.3,321
2026-06-04 15:00:00,15.0,36.6,33,0.2,998.8,14.4,9
2026-06-04 16:00:00,42.0,36.1,35,0.1,998.6,11.3,37
2026-06-04 17:00:00,20.0,33.9,34,0.0,998.0,6.8,93
2026-06-04 18:00:00,29.0,35.0,32,0.0,998.2,8.1,209
2026-06-04 19:00:00,61.0,32.2,40,0.0,999.5,21.3,250
2026-06-04 20:00:00,36.0,31.5,44,0.0,1000.3,9.2,298
2026-06-04 21:00:00,40.0,31.4,45,0.0,1001.1,9.1,263
2026-06-04 22:00:00,36.0,31.2,47,0.0,1001.4,4.3,275
2026-06-04 23:00:00,51.0,29.0,51,0.0,1002.3,13.1,312
2026-06-05 00:00:00,37.0,25.5,78,2.6,1002.4,4.5,233
2026-06-05 01:00:00,36.0,25.3,88,1.5,1001.2,3.8,8
2026-06-05 02:00:00,36.0,25.6,88,0.3,1000.4,10.2,121
2026-06-05 03:00:00,43.0,25.9,83,0.0,999.8,4.7,152
2026-06-05 04:00:00,41.0,26.0,82,0.0,1000.5,3.3,354
2026-06-05 05:00:00,32.0,26.5,78,0.0,1001.6,11.2,294
2026-06-05 06:00:00,20.0,26.8,69,0.0,1002.5,3.3,338
2026-06-05 07:00:00,24.0,27.3,66,0.0,1002.5,2.3,61
2026-06-05 08:00:00,28.0,28.8,59,0.0,1003.3,1.1,108
2026-06-05 09:00:00,32.0,29.1,57,0.0,1004.2,5.8,20
2026-06-05 10:00:00,35.0,31.2,47,0.0,1003.8,6.2,322
2026-06-05 11:00:00,50.0,32.5,41,0.0,1003.7,8.1,348
2026-06-05 12:00:00,53.0,33.0,41,0.0,1003.6,11.7,10
2026-06-05 13:00:00,53.0,33.2,47,0.0,1002.7,9.9,9
2026-06-05 14:00:00,61.0,33.2,48,0.0,1002.2,6.9,17
2026-06-05 15:00:00,55.0,32.8,49,0.0,1001.6,8.1,18
2026-06-05 16:00:00,44.0,33.1,48,0.0,1000.8,6.5,23
2026-06-05 17:00:00,47.0,33.7,48,0.0,1000.2,5.9,23
2026-06-05 18:00:00,48.0,32.7,52,0.0,1000.3,6.9,20
2026-06-05 19:00:00,52.0,31.8,56,0.0,1000.7,6.9,23
2026-06-05 20:00:00,59.0,31.4,58,0.0,1001.2,4.1,23
2026-06-05 21:00:00,81.0,31.1,60,0.0,1001.7,3.1,28
2026-06-05 22:00:00,93.0,30.8,62,0.0,1002.0,2.5,86
2026-06-05 23:00:00,84.0,31.1,62,0.0,1001.8,6.6,125
2026-06-06 00:00:00,86.0,29.9,68,0.0,1001.7,3.7,113
2026-06-06 01:00:00,98.0,29.3,71,0.0,1001.4,3.6,117
2026-06-06 02:00:00,94.0,28.8,75,0.0,1001.3,3.3,139
2026-06-06 03:00:00,82.0,28.5,77,0.0,1001.7,2.9,158
2026-06-06 04:00:00,89.0,28.1,79,0.0,1001.8,4.1,157
2026-06-06 05:00:00,85.0,28.9,71,0.0,1001.7,4.1,193
2026-06-06 06:00:00,94.0,29.6,65,0.0,1002.4,3.1,180
2026-06-06 07:00:00,88.0,31.2,56,0.0,1003.0,2.0,175
2026-06-06 08:00:00,52.0,33.3,47,0.0,1003.4,1.5,166
2026-06-06 09:00:00,48.0,35.3,41,0.0,1003.5,0.8,243
2026-06-06 10:00:00,36.0,36.9,35,0.0,1003.1,2.1,340
2026-06-06 11:00:00,41.0,38.5,29,0.0,1002.8,5.3,332
2026-06-06 12:00:00,48.0,39.1,26,0.0,1002.1,7.7,351
2026-06-06 13:00:00,48.0,39.6,24,0.0,1001.1,9.8,6
2026-06-06 14:00:00,48.0,39.8,24,0.0,1000.6,8.9,354
2026-06-06 15:00:00,48.0,39.6,24,0.0,1000.0,10.3,353
2026-06-06 16:00:00,46.0,39.2,23,0.0,999.7,10.1,333
2026-06-06 17:00:00,44.0,35.3,36,0.0,999.1,12.6,149
2026-06-06 18:00:00,38.0,35.2,36,0.1,999.7,5.6,197
2026-06-06 19:00:00,37.0,35.5,31,0.0,1000.1,10.2,222
2026-06-06 20:00:00,48.0,35.0,33,0.0,1000.8,7.9,225
2026-06-06 21:00:00,29.0,34.7,34,0.0,1001.3,5.9,211
2026-06-06 22:00:00,32.0,34.4,35,0.0,1001.6,5.9,250
2026-06-06 23:00:00,26.0,33.6,37,0.0,1002.0,11.7,257
2026-06-07 00:00:00,30.0,32.3,41,0.0,1001.9,11.6,251
2026-06-07 01:00:00,26.0,31.3,45,0.0,1001.8,10.9,258
2026-06-07 02:00:00,30.0,30.5,48,0.0,1001.9,10.2,263
2026-06-07 03:00:00,22.0,30.1,48,0.0,1002.0,8.6,268
2026-06-07 04:00:00,25.0,29.7,49,0.0,1002.5,7.9,274
2026-06-07 05:00:00,21.0,29.9,52,0.0,1002.5,5.9,290
2026-06-07 06:00:00,26.0,29.8,54,0.0,1003.1,4.1,283
2026-06-07 07:00:00,27.0,31.0,50,0.0,1003.6,4.7,268
2026-06-07 08:00:00,41.0,32.8,44,0.0,1003.8,4.8,292
2026-06-07 09:00:00,47.0,32.5,42,0.0,1005.0,19.4,310
2026-06-07 10:00:00,48.0,31.9,45,0.1,1003.7,4.1,34
2026-06-07 11:00:00,46.0,37.5,31,0.0,1003.4,4.2,340
2026-06-07 12:00:00,48.0,38.4,29,0.0,1002.6,4.4,330
2026-06-07 13:00:00,51.0,39.5,26,0.0,1001.5,4.9,332
2026-06-07 14:00:00,49.0,40.3,23,0.0,1000.4,5.4,304
2026-06-07 15:00:00,45.0,40.7,21,0.0,999.4,8.8,296
2026-06-07 16:00:00,41.0,40.0,21,0.0,999.0,12.3,295
2026-06-07 17:00:00,31.0,39.3,26,0.0,998.5,11.6,274
2026-06-07 18:00:00,40.0,35.0,41,0.6,999.2,8.9,117
2026-06-07 19:00:00,46.0,33.0,48,0.1,999.3,10.9,156
2026-06-07 20:00:00,29.0,33.3,48,0.0,999.6,4.9,182
2026-06-07 21:00:00,39.0,32.9,51,0.0,1000.4,2.3,129
2026-06-07 22:00:00,31.0,32.6,53,0.0,1000.6,3.4,148
2026-06-07 23:00:00,25.0,33.2,48,0.0,1000.0,9.0,237
2026-06-08 00:00:00,32.0,33.4,42,0.0,999.9,11.0,265
2026-06-08 01:00:00,47.0,32.7,41,0.0,999.7,10.3,265
2026-06-08 02:00:00,32.0,31.9,42,0.0,999.6,9.8,263
2026-06-08 03:00:00,27.0,31.4,43,0.0,999.6,9.2,268
2026-06-08 04:00:00,19.0,30.9,44,0.0,999.8,9.0,264
2026-06-08 05:00:00,25.0,31.5,49,0.0,1000.1,9.9,270
2026-06-08 06:00:00,29.0,31.7,50,0.0,1000.5,9.5,270
2026-06-08 07:00:00,33.0,32.9,47,0.0,1001.0,10.1,270
2026-06-08 08:00:00,39.0,34.8,41,0.0,1001.2,11.2,276
2026-06-08 09:00:00,39.0,36.8,36,0.0,1001.1,11.8,282
2026-06-08 10:00:00,43.0,38.5,30,0.0,1000.7,11.6,292
2026-06-08 11:00:00,39.0,40.1,23,0.0,1000.5,9.7,288
2026-06-08 12:00:00,43.0,41.6,17,0.0,999.7,11.3,292
2026-06-08 13:00:00,49.0,41.8,15,0.0,998.8,13.6,290
2026-06-08 14:00:00,49.0,42.0,14,0.0,997.8,12.2,289
2026-06-08 15:00:00,46.0,42.4,13,0.0,997.3,13.8,298
2026-06-08 16:00:00,34.0,41.9,14,0.0,996.8,15.0,303
2026-06-08 17:00:00,33.0,41.7,17,0.0,996.2,11.4,307
2026-06-08 18:00:00,35.0,41.7,14,0.0,996.1,8.8,287
2026-06-08 19:00:00,40.0,40.1,16,0.0,996.5,5.5,314
2026-06-08 20:00:00,52.0,38.5,25,0.0,997.3,2.5,8
2026-06-08 21:00:00,68.0,37.9,28,0.0,997.8,0.4,297
2026-06-08 22:00:00,49.0,37.0,29,0.0,998.2,0.7,14
2026-06-08 23:00:00,37.0,36.9,30,0.0,997.9,2.0,243
2026-06-09 00:00:00,43.0,35.7,30,0.0,997.8,5.5,251
2026-06-09 01:00:00,39.0,34.8,31,0.0,997.5,5.0,249
2026-06-09 02:00:00,42.0,33.8,32,0.0,997.4,5.0,249
2026-06-09 03:00:00,40.0,33.5,32,0.0,997.6,3.8,265
2026-06-09 04:00:00,39.0,33.2,32,0.0,997.8,5.0,249
2026-06-09 05:00:00,48.0,33.3,37,0.0,997.7,8.6,234
2026-06-09 06:00:00,39.0,33.0,40,0.0,998.2,8.3,254
2026-06-09 07:00:00,39.0,34.1,43,0.0,998.7,10.3,268
2026-06-09 08:00:00,43.0,35.9,40,0.0,998.8,9.0,273
2026-06-09 09:00:00,49.0,38.1,34,0.0,998.8,8.6,280
2026-06-09 10:00:00,47.0,39.9,27,0.0,998.6,8.3,300
2026-06-09 11:00:00,43.0,42.0,18,0.0,998.1,8.3,319
2026-06-09 12:00:00,52.0,42.6,16,0.0,997.8,12.6,322
2026-06-09 13:00:00,39.0,42.7,15,0.0,997.1,13.4,318
2026-06-09 14:00:00,45.0,43.2,13,0.0,996.3,13.1,308
2026-06-09 15:00:00,42.0,43.3,13,0.0,995.8,15.3,300
2026-06-09 16:00:00,37.0,42.9,13,0.0,995.4,15.3,294
2026-06-09 17:00:00,73.0,42.7,15,0.0,994.7,16.9,278
2026-06-09 18:00:00,57.0,41.5,15,0.0,995.4,18.3,276
2026-06-09 19:00:00,36.0,39.8,20,0.0,996.2,16.6,271
2026-06-09 20:00:00,20.0,39.5,21,0.0,996.8,12.4,262
2026-06-09 21:00:00,20.0,39.2,21,0.0,997.0,7.6,236
2026-06-09 22:00:00,45.0,38.0,23,0.0,997.3,6.4,223
2026-06-09 23:00:00,32.0,37.8,23,0.0,998.1,8.5,266
2026-06-10 00:00:00,20.0,36.6,25,0.0,997.6,9.3,251
2026-06-10 01:00:00,19.0,35.9,25,0.0,997.5,9.8,250
2026-06-10 02:00:00,27.0,35.0,27,0.0,997.1,6.9,247
2026-06-10 03:00:00,34.0,34.5,27,0.0,996.8,4.6,228
2026-06-10 04:00:00,30.0,34.1,28,0.0,997.5,7.0,249
2026-06-10 05:00:00,43.0,33.8,31,0.0,998.0,7.6,243
2026-06-10 06:00:00,37.0,32.9,34,0.0,998.9,6.0,185
2026-06-10 07:00:00,48.0,33.8,37,0.0,999.4,4.1,151
2026-06-10 08:00:00,46.0,35.4,40,0.0,999.5,4.6,244
2026-06-10 09:00:00,58.0,37.5,39,0.0,999.3,11.5,268
2026-06-10 10:00:00,52.0,39.3,34,0.0,999.1,12.6,280
2026-06-10 11:00:00,52.0,41.2,22,0.0,998.7,14.7,284
2026-06-10 12:00:00,48.0,42.1,20,0.0,998.1,12.0,287
2026-06-10 13:00:00,47.0,42.7,19,0.0,997.0,11.0,285
2026-06-10 14:00:00,47.0,43.1,18,0.0,995.9,11.3,287
2026-06-10 15:00:00,45.0,43.2,16,0.0,995.6,12.9,282
2026-06-10 16:00:00,40.0,42.6,16,0.0,995.3,13.9,266
2026-06-10 17:00:00,42.0,43.6,16,0.3,994.4,8.6,324
2026-06-10 18:00:00,52.0,42.0,20,0.0,994.7,4.5,5
2026-06-10 19:00:00,63.0,40.0,27,0.5,995.3,6.0,99
2026-06-10 20:00:00,80.0,39.7,25,0.0,995.3,9.4,160
2026-06-10 21:00:00,74.0,39.2,26,0.0,995.9,8.0,166
2026-06-10 22:00:00,69.0,37.5,34,0.0,996.7,1.9,49
2026-06-10 23:00:00,63.0,35.8,40,0.0,997.2,6.8,53
2026-06-11 00:00:00,63.0,35.3,43,0.0,996.8,5.6,155
2026-06-11 01:00:00,59.0,34.9,44,0.0,996.5,2.6,164
2026-06-11 02:00:00,39.0,34.5,46,0.0,996.6,0.8,153
2026-06-11 03:00:00,38.0,34.1,46,0.0,996.4,0.6,198
2026-06-11 04:00:00,29.0,33.1,48,0.0,996.8,2.1,52
2026-06-11 05:00:00,35.0,31.2,51,0.0,997.0,10.0,141
2026-06-11 06:00:00,36.0,29.9,55,0.0,998.6,11.9,117
2026-06-11 07:00:00,35.0,29.2,59,0.1,999.1,12.6,160
2026-06-11 08:00:00,36.0,30.4,58,0.0,1000.1,12.8,125
2026-06-11 09:00:00,48.0,31.7,58,0.0,1000.3,13.1,133
2026-06-11 10:00:00,43.0,33.9,52,0.0,1000.0,13.2,137
2026-06-11 11:00:00,45.0,33.2,52,0.0,1001.2,16.5,113
2026-06-11 12:00:00,39.0,34.1,51,0.0,1000.5,15.7,132
2026-06-11 13:00:00,32.0,35.3,48,0.0,999.4,14.7,139
2026-06-11 14:00:00,37.0,36.2,46,0.0,998.5,13.6,145
2026-06-11 15:00:00,35.0,36.7,45,0.0,998.1,12.5,144
2026-06-11 16:00:00,37.0,36.9,45,0.0,997.6,10.2,141
2026-06-11 17:00:00,33.0,36.0,43,0.0,996.8,16.4,119
2026-06-11 18:00:00,35.0,34.7,47,0.0,997.3,15.0,116
2026-06-11 19:00:00,33.0,33.2,53,0.0,998.0,15.7,100
2026-06-11 20:00:00,39.0,32.3,55,0.0,998.8,14.5,96
2026-06-11 21:00:00,38.0,31.6,57,0.0,1000.4,15.4,84
2026-06-11 22:00:00,35.0,30.3,62,0.0,1001.3,18.4,91
2026-06-11 23:00:00,35.0,26.9,78,0.0,1002.5,12.0,45
2026-06-12 00:00:00,10.0,26.4,82,0.0,1003.5,15.8,44
2026-06-12 01:00:00,9.0,25.6,85,0.0,1003.0,15.4,49
2026-06-12 02:00:00,21.0,25.6,84,0.0,1002.7,12.4,60
2026-06-12 03:00:00,6.0,24.7,88,1.3,1003.2,13.4,97
2026-06-12 04:00:00,14.0,24.4,91,1.0,1002.5,18.1,100
2026-06-12 05:00:00,18.0,23.9,90,0.1,1004.2,6.4,18
2026-06-12 06:00:00,18.0,23.3,93,3.3,1004.9,17.6,98
2026-06-12 07:00:00,19.0,24.1,89,0.6,1005.6,13.5,102
2026-06-12 08:00:00,22.0,25.7,80,0.0,1005.7,14.7,113
2026-06-12 09:00:00,18.0,27.4,73,0.0,1005.7,15.5,115
2026-06-12 10:00:00,22.0,29.1,66,0.0,1005.5,15.3,117
2026-06-12 11:00:00,24.0,30.4,61,0.0,1005.7,14.1,122
2026-06-12 12:00:00,24.0,30.8,59,0.0,1005.6,15.4,117
2026-06-12 13:00:00,29.0,31.4,56,0.0,1005.0,13.3,115
2026-06-12 14:00:00,27.0,31.9,55,0.0,1004.3,11.6,120
2026-06-12 15:00:00,34.0,32.2,54,0.0,1003.6,9.7,124
2026-06-12 16:00:00,34.0,32.6,52,0.0,1003.3,6.5,114
2026-06-12 17:00:00,32.0,31.2,63,0.0,1002.9,2.2,265
2026-06-12 18:00:00,39.0,25.9,86,2.8,1004.6,3.2,133
2026-06-12 19:00:00,37.0,26.8,81,0.1,1003.4,3.1,353
2026-06-12 20:00:00,38.0,26.9,80,0.0,1004.3,7.7,66
2026-06-12 21:00:00,35.0,27.2,77,0.0,1004.7,7.4,103
2026-06-12 22:00:00,35.0,27.0,78,0.0,1005.1,7.2,118
2026-06-12 23:00:00,52.0,26.4,78,0.0,1005.7,8.8,171
2026-06-13 00:00:00,18.0,26.2,79,0.0,1005.5,5.0,201
2026-06-13 01:00:00,9.0,26.0,81,0.0,1004.7,4.7,130
2026-06-13 02:00:00,10.0,25.9,81,0.0,1003.6,6.0,141
2026-06-13 03:00:00,13.0,25.8,81,0.1,1003.1,4.9,82
2026-06-13 04:00:00,24.0,25.4,84,0.0,1005.1,4.9,303
2026-06-13 05:00:00,18.0,25.6,81,0.0,1005.3,7.5,281
2026-06-13 06:00:00,21.0,25.3,82,0.0,1005.8,6.9,255
2026-06-13 07:00:00,23.0,25.8,81,0.0,1006.4,5.2,236
2026-06-13 08:00:00,29.0,26.9,76,0.0,1006.4,0.5,315
2026-06-13 09:00:00,34.0,27.8,69,0.0,1006.0,2.9,60
2026-06-13 10:00:00,40.0,29.1,64,0.0,1005.9,6.3,72
2026-06-13 11:00:00,58.0,30.4,58,0.0,1005.9,2.2,66
2026-06-13 12:00:00,44.0,30.9,57,0.0,1005.5,3.1,360
2026-06-13 13:00:00,40.0,32.3,53,0.0,1005.0,2.1,329
2026-06-13 14:00:00,41.0,32.9,48,0.0,1004.5,0.6,342
2026-06-13 15:00:00,48.0,33.1,47,0.0,1003.8,1.9,253
2026-06-13 16:00:00,61.0,33.2,47,0.0,1002.9,1.1,261
2026-06-13 17:00:00,58.0,34.3,42,0.0,1002.8,2.8,40
2026-06-13 18:00:00,58.0,31.8,58,0.0,1002.6,4.0,72
2026-06-13 20:00:00,59.0,29.1,77,0.0,1002.9,2.0,135
2026-06-13 21:00:00,56.0,28.6,81,0.0,1003.4,1.0,22
2026-06-13 22:00:00,57.0,28.0,84,0.0,1003.5,2.9,79
2026-06-13 23:00:00,63.0,28.7,79,0.0,1003.0,3.5,242
2026-06-14 00:00:00,73.0,28.4,76,0.0,1002.8,3.7,231
2026-06-14 01:00:00,100.0,27.8,74,0.0,1002.5,4.2,216
2026-06-14 02:00:00,75.0,27.2,72,0.0,1002.3,4.5,227
2026-06-14 03:00:00,58.0,26.7,73,0.0,1002.4,4.8,243
2026-06-14 04:00:00,56.0,26.3,74,0.0,1002.8,4.5,272
2026-06-14 05:00:00,48.0,27.0,85,0.0,1003.0,1.6,354
2026-06-14 06:00:00,45.0,27.3,83,0.0,1003.4,3.7,23
2026-06-14 07:00:00,48.0,28.4,79,0.0,1003.7,2.7,53
2026-06-14 08:00:00,49.0,30.0,72,0.0,1003.9,1.0,45
2026-06-14 09:00:00,46.0,31.6,64,0.0,1004.0,1.3,254
2026-06-14 10:00:00,42.0,32.9,58,0.0,1003.7,3.0,253
2026-06-14 11:00:00,43.0,34.6,47,0.0,1003.1,3.3,241
2026-06-14 12:00:00,51.0,35.8,41,0.0,1002.3,2.6,231
2026-06-14 13:00:00,44.0,36.7,36,0.0,1001.4,5.7,316
2026-06-14 14:00:00,44.0,35.9,35,0.1,1001.0,9.2,303
2026-06-14 15:00:00,47.0,36.1,36,0.0,1000.3,8.2,306
2026-06-14 16:00:00,48.0,34.8,39,0.4,1000.2,11.3,312
2026-06-14 17:00:00,47.0,36.3,36,0.3,998.6,4.1,358
2026-06-14 18:00:00,48.0,34.9,45,0.0,998.8,3.6,30
2026-06-14 19:00:00,53.0,32.8,60,0.0,999.2,2.8,101
2026-06-14 20:00:00,55.0,31.3,69,0.0,1000.1,3.3,77
2026-06-14 21:00:00,63.0,30.3,74,0.0,1000.7,3.9,103
2026-06-14 22:00:00,75.0,29.8,76,0.0,1001.3,3.2,137
2026-06-14 23:00:00,43.0,30.2,72,0.0,1001.2,8.8,179
2026-06-15 00:00:00,25.0,30.1,60,0.0,1001.3,9.1,238
2026-06-15 01:00:00,31.0,29.4,52,0.0,1001.2,9.5,248
2026-06-15 02:00:00,29.0,29.1,53,0.0,1001.1,8.8,253
2026-06-15 03:00:00,29.0,28.6,55,0.0,1001.0,7.6,271
2026-06-15 04:00:00,26.0,28.3,56,0.0,1001.5,7.4,274
2026-06-15 05:00:00,24.0,27.8,62,0.0,1002.1,6.9,301
2026-06-15 06:00:00,29.0,28.1,62,0.0,1002.6,5.6,299
2026-06-15 07:00:00,39.0,29.4,60,0.0,1003.4,6.4,288
2026-06-15 08:00:00,40.0,31.1,52,0.0,1003.7,7.2,283
2026-06-15 09:00:00,39.0,33.0,46,0.0,1003.7,9.1,321
2026-06-15 10:00:00,41.0,34.4,42,0.0,1003.8,8.7,323
2026-06-15 11:00:00,36.0,35.3,39,0.0,1002.8,9.8,314
2026-06-15 12:00:00,38.0,36.0,36,0.0,1002.3,10.1,311
2026-06-15 13:00:00,49.0,36.7,34,0.0,1001.7,9.1,308
2026-06-15 14:00:00,60.0,36.7,34,0.0,1001.8,14.7,301
2026-06-15 15:00:00,20.0,31.5,50,0.8,1003.0,9.9,305
2026-06-15 16:00:00,20.0,32.6,47,0.2,1001.3,9.4,325
2026-06-15 18:00:00,25.0,30.1,60,0.0,1001.2,5.2,354
2026-06-15 19:00:00,32.0,29.3,62,0.0,1002.1,4.9,6
2026-06-15 20:00:00,25.0,28.6,66,0.0,1002.8,4.1,347
2026-06-15 21:00:00,41.0,28.3,68,0.0,1003.4,2.6,245
2026-06-15 22:00:00,46.0,28.1,69,0.0,1003.8,2.6,205
2026-06-15 23:00:00,48.0,27.8,64,0.0,1003.9,9.5,217
2026-06-16 00:00:00,47.0,27.0,61,0.0,1003.6,6.6,229
2026-06-16 01:00:00,41.0,26.7,63,0.0,1003.4,4.6,228
2026-06-16 02:00:00,52.0,26.3,68,0.0,1002.9,3.4,227
2026-06-16 03:00:00,47.0,26.0,70,0.0,1003.1,4.0,275
2026-06-16 04:00:00,53.0,26.1,69,0.0,1003.1,4.5,268
2026-06-16 05:00:00,48.0,26.2,72,0.1,1002.9,2.1,329
2026-06-16 06:00:00,50.0,26.9,67,0.0,1003.7,1.3,180
2026-06-16 07:00:00,91.0,28.5,64,0.0,1005.1,10.5,241
2026-06-16 08:00:00,110.0,29.2,60,0.0,1005.5,7.8,262
2026-06-16 09:00:00,22.0,30.4,56,0.0,1005.8,6.7,272
2026-06-16 10:00:00,14.0,31.7,48,0.0,1006.3,9.6,256
2026-06-16 11:00:00,25.0,28.3,58,0.0,1006.7,8.6,260
2026-06-16 12:00:00,24.0,29.5,51,0.0,1006.0,7.7,282
2026-06-16 13:00:00,26.0,29.9,49,0.0,1005.0,3.1,230
2026-06-16 14:00:00,28.0,29.7,49,0.0,1003.8,3.7,219
2026-06-16 15:00:00,20.0,31.3,46,0.0,1003.6,6.7,243
2026-06-16 16:00:00,26.0,32.7,39,0.0,1002.9,4.5,284
2026-06-16 17:00:00,21.0,32.5,47,0.0,1002.7,10.2,263
2026-06-16 18:00:00,23.0,31.8,50,0.0,1003.0,8.9,276
2026-06-16 19:00:00,32.0,30.4,57,0.0,1003.3,9.8,278
2026-06-16 20:00:00,26.0,29.4,62,0.0,1003.5,5.4,276
2026-06-16 21:00:00,24.0,28.7,66,0.0,1004.1,4.1,326
2026-06-16 22:00:00,29.0,28.5,68,0.0,1004.5,3.6,307
2026-06-16 23:00:00,29.0,27.9,68,0.0,1004.9,8.0,247
2026-06-17 00:00:00,27.0,27.4,69,0.0,1004.6,5.9,259
2026-06-17 01:00:00,21.0,27.0,70,0.0,1004.3,3.7,281
2026-06-17 02:00:00,21.0,26.5,71,0.0,1004.3,5.4,276
2026-06-17 03:00:00,20.0,25.8,73,0.0,1004.7,6.5,256
2026-06-17 04:00:00,18.0,25.4,74,0.0,1004.7,7.4,276
2026-06-17 05:00:00,26.0,26.0,76,0.0,1004.9,6.5,257
2026-06-17 06:00:00,30.0,26.2,75,0.0,1005.6,5.8,279
2026-06-17 07:00:00,28.0,27.5,70,0.0,1005.8,3.7,299
2026-06-17 08:00:00,41.0,29.4,61,0.0,1005.8,3.2,297
2026-06-17 09:00:00,60.0,31.3,52,0.0,1005.6,1.9,292
2026-06-17 10:00:00,50.0,32.9,45,0.0,1005.4,1.3,278
2026-06-17 11:00:00,40.0,34.5,36,0.0,1005.2,1.9,292
2026-06-17 12:00:00,227.0,36.2,31,0.0,1004.5,1.5,306
2026-06-17 13:00:00,33.0,37.1,29,0.0,1003.6,2.3,337
2026-06-17 14:00:00,39.0,37.7,27,0.0,1002.7,3.4,344
2026-06-17 15:00:00,35.0,37.9,26,0.0,1001.9,5.3,332
2026-06-17 16:00:00,43.0,37.6,27,0.0,1001.0,7.6,332
2026-06-17 17:00:00,33.0,37.2,32,0.0,1000.4,9.3,297
2026-06-17 18:00:00,31.0,36.5,35,0.0,1000.6,9.8,290
2026-06-17 19:00:00,36.0,35.6,37,0.0,1000.9,8.5,287
2026-06-17 20:00:00,46.0,35.2,38,0.0,1001.6,6.2,292
2026-06-17 21:00:00,50.0,34.6,41,0.0,1002.3,3.1,306
2026-06-17 22:00:00,57.0,34.2,44,0.0,1002.8,1.5,277
2026-06-17 23:00:00,61.0,34.0,45,0.0,1003.4,6.7,294
2026-06-18 00:00:00,78.0,33.3,48,0.0,1003.6,4.6,296
2026-06-18 01:00:00,70.0,32.7,49,0.0,1003.3,4.6,279
2026-06-18 02:00:00,109.0,31.3,54,0.0,1003.1,4.1,23
2026-06-18 03:00:00,91.0,30.6,58,0.0,1003.1,1.5,54
2026-06-18 04:00:00,74.0,30.0,60,0.0,1002.8,0.9,101
2026-06-18 05:00:00,61.0,30.6,60,0.0,1002.8,3.0,308
2026-06-18 06:00:00,73.0,30.9,59,0.0,1002.9,3.5,282
2026-06-18 07:00:00,81.0,32.3,53,0.0,1003.5,3.6,300
2026-06-18 08:00:00,91.0,34.2,44,0.0,1003.8,3.6,330
2026-06-18 09:00:00,68.0,35.7,38,0.0,1003.9,5.2,338
2026-06-18 10:00:00,46.0,37.0,34,0.0,1003.8,5.7,328
2026-06-18 11:00:00,42.0,38.0,31,0.0,1003.9,6.8,325
2026-06-18 12:00:00,47.0,38.8,29,0.0,1003.1,6.7,322
2026-06-18 13:00:00,46.0,39.5,26,0.0,1002.3,9.5,314
2026-06-18 14:00:00,47.0,39.2,27,0.0,1001.3,11.9,308
2026-06-18 15:00:00,45.0,39.1,28,0.0,1000.5,11.8,303
2026-06-18 16:00:00,31.0,38.3,28,0.0,1000.3,15.3,302
2026-06-18 17:00:00,37.0,39.0,24,0.0,999.1,13.4,307
2026-06-18 18:00:00,38.0,37.9,26,0.0,999.4,12.0,309
2026-06-18 19:00:00,28.0,36.6,28,0.0,1000.4,11.8,296
2026-06-18 20:00:00,24.0,35.8,31,0.0,1001.2,11.4,289
2026-06-18 21:00:00,24.0,35.5,33,0.0,1001.9,10.4,288
2026-06-18 22:00:00,20.0,34.6,37,0.0,1002.8,12.8,289
2026-06-18 23:00:00,24.0,32.9,40,0.0,1002.6,9.3,285
2026-06-19 00:00:00,23.0,32.3,42,0.0,1002.8,10.4,291
2026-06-19 01:00:00,27.0,31.9,43,0.0,1002.6,8.9,297
2026-06-19 02:00:00,33.0,31.5,43,0.0,1002.1,9.9,292
2026-06-19 03:00:00,42.0,30.8,44,0.0,1002.7,11.9,295
2026-06-19 04:00:00,35.0,29.9,48,0.0,1002.7,7.6,306
2026-06-19 05:00:00,45.0,28.6,59,0.0,1002.8,7.3,293
2026-06-19 06:00:00,45.0,28.8,58,0.0,1003.3,7.6,266
2026-06-19 08:00:00,50.0,31.5,49,0.0,1003.4,1.5,339
2026-06-19 09:00:00,48.0,33.4,45,0.0,1003.4,1.8,315
2026-06-19 10:00:00,55.0,34.9,41,0.0,1003.5,2.8,320
2026-06-19 11:00:00,63.0,37.1,34,0.0,1003.4,4.9,324
2026-06-19 12:00:00,52.0,38.2,31,0.0,1002.9,8.3,311
2026-06-19 13:00:00,53.0,38.7,29,0.0,1002.4,10.1,297
2026-06-19 14:00:00,44.0,38.8,28,0.0,1001.8,11.6,285
2026-06-19 15:00:00,40.0,38.5,30,0.0,1001.4,11.7,281
2026-06-19 16:00:00,36.0,38.0,32,0.0,1000.6,11.5,284
2026-06-19 17:00:00,26.0,38.3,28,0.0,1000.6,12.5,288
2026-06-19 18:00:00,28.0,37.3,31,0.0,1000.9,12.4,298
2026-06-19 19:00:00,30.0,36.3,33,0.0,1001.4,11.9,301
2026-06-19 20:00:00,35.0,35.7,36,0.0,1002.1,9.8,310
2026-06-19 21:00:00,33.0,35.0,39,0.0,1003.2,8.9,324
2026-06-19 22:00:00,52.0,34.3,41,0.0,1003.7,8.2,327
2026-06-19 23:00:00,46.0,34.3,41,0.0,1003.5,9.0,290
2026-06-20 00:00:00,54.0,33.4,44,0.0,1003.4,8.6,292
2026-06-20 01:00:00,54.0,32.7,45,0.0,1003.0,8.2,293
2026-06-20 03:00:00,45.0,31.5,47,0.0,1002.4,6.9,290
2026-06-20 04:00:00,45.0,31.1,48,0.0,1002.5,6.2,287
2026-06-20 05:00:00,47.0,31.2,52,0.0,1002.4,6.3,283
2026-06-20 06:00:00,47.0,31.3,52,0.0,1003.1,5.2,276
2026-06-20 07:00:00,68.0,32.4,49,0.0,1003.4,5.6,299
2026-06-20 08:00:00,48.0,34.4,42,0.0,1003.9,8.1,307
2026-06-20 09:00:00,70.0,35.8,37,0.0,1004.1,13.5,297
2026-06-20 10:00:00,44.0,36.3,37,0.1,1004.2,13.8,292
2026-06-20 11:00:00,38.0,37.4,34,0.0,1003.7,14.0,292
2026-06-20 12:00:00,35.0,38.2,32,0.0,1003.3,13.5,291
2026-06-20 13:00:00,40.0,38.7,30,0.0,1002.5,13.2,292
2026-06-20 14:00:00,30.0,39.1,28,0.0,1001.9,13.3,297
2026-06-20 15:00:00,34.0,39.1,28,0.0,1001.1,12.7,300
2026-06-20 16:00:00,37.0,38.9,29,0.0,1000.5,12.3,297
2026-06-20 17:00:00,41.0,30.8,67,0.0,1001.5,3.1,69
2026-06-20 18:00:00,45.0,35.8,39,0.0,1000.8,6.5,214
2026-06-20 19:00:00,43.0,35.8,37,0.0,1000.9,6.1,225
2026-06-20 20:00:00,57.0,36.0,35,0.0,1001.2,5.6,253
2026-06-20 21:00:00,56.0,36.1,33,0.0,1002.0,7.6,267
2026-06-20 22:00:00,71.0,35.7,34,0.0,1002.5,7.9,267
2026-06-20 23:00:00,53.0,35.1,38,0.0,1002.3,8.8,253
2026-06-21 00:00:00,40.0,34.0,39,0.0,1002.1,9.4,270
2026-06-21 01:00:00,38.0,33.3,40,0.0,1001.9,7.6,267
2026-06-21 02:00:00,38.0,32.6,42,0.0,1001.7,6.7,264
2026-06-21 03:00:00,40.0,32.2,43,0.0,1001.5,6.7,264
2026-06-21 04:00:00,29.0,31.8,45,0.0,1001.7,6.9,264
2026-06-21 05:00:00,25.0,29.2,55,0.0,1002.2,7.5,253
2026-06-21 06:00:00,21.0,30.0,53,0.0,1002.9,8.0,326
2026-06-21 07:00:00,26.0,31.1,50,0.0,1003.0,8.0,261
2026-06-21 08:00:00,26.0,32.3,46,0.0,1003.1,9.0,282
2026-06-21 09:00:00,25.0,32.7,45,0.0,1003.1,8.6,272
2026-06-21 10:00:00,26.0,34.5,41,0.0,1002.8,8.9,278
2026-06-21 11:00:00,31.0,34.5,40,0.0,1002.6,10.0,279
2026-06-21 12:00:00,31.0,35.3,37,0.0,1002.1,8.9,288
2026-06-21 13:00:00,33.0,36.6,33,0.0,1001.1,8.1,282
2026-06-21 14:00:00,35.0,38.0,29,0.0,1000.1,9.2,282
2026-06-21 15:00:00,25.0,38.8,27,0.0,999.3,9.5,289
2026-06-21 16:00:00,31.0,38.6,27,0.0,999.1,10.0,285
2026-06-21 17:00:00,29.0,39.3,25,0.0,997.8,7.2,264
2026-06-21 18:00:00,34.0,38.6,25,0.0,998.1,9.7,266
2026-06-21 19:00:00,22.0,37.8,28,0.0,999.1,12.2,270
2026-06-21 20:00:00,27.0,37.4,29,0.0,1000.0,14.3,265
2026-06-21 21:00:00,51.0,36.3,30,0.0,1000.9,13.5,274
2026-06-21 22:00:00,162.0,35.0,33,0.0,1001.6,11.2,288
2026-06-21 23:00:00,96.0,33.8,35,0.0,1001.5,8.2,296
2026-06-22 00:00:00,58.0,33.1,36,0.0,1001.5,7.0,312
2026-06-22 01:00:00,44.0,32.1,40,0.0,1001.5,8.0,322
2026-06-22 02:00:00,43.0,31.1,46,0.0,1001.7,9.1,335
2026-06-22 03:00:00,45.0,30.5,49,0.0,1001.5,5.2,314
2026-06-22 04:00:00,33.0,30.3,50,0.0,1001.4,3.5,279
2026-06-22 05:00:00,34.0,29.6,55,0.0,1002.1,9.4,266
2026-06-22 06:00:00,45.0,29.3,56,0.0,1002.9,11.3,261
2026-06-22 07:00:00,50.0,30.3,50,0.0,1003.4,10.1,260
2026-06-22 08:00:00,37.0,32.0,41,0.0,1003.3,6.7,275
2026-06-22 09:00:00,34.0,32.6,37,0.0,1003.6,7.4,288
2026-06-22 10:00:00,38.0,32.8,37,0.0,1003.8,13.9,295
2026-06-22 11:00:00,33.0,35.3,33,0.0,1003.4,14.4,302
2026-06-22 12:00:00,28.0,36.4,33,0.0,1002.3,11.2,325
2026-06-22 13:00:00,27.0,36.1,34,0.0,1001.5,10.5,321
2026-06-22 14:00:00,22.0,36.9,32,0.3,1001.0,12.8,299
2026-06-22 15:00:00,24.0,35.6,35,0.5,1000.7,12.6,314
2026-06-22 16:00:00,20.0,35.3,37,0.1,1000.4,10.2,319
2026-06-22 17:00:00,21.0,36.5,29,0.1,999.6,11.0,325
2026-06-22 18:00:00,26.0,36.0,30,0.0,999.5,8.9,312
2026-06-22 19:00:00,26.0,35.4,31,0.0,999.9,6.2,303
2026-06-22 21:00:00,38.0,34.6,35,0.0,1001.4,7.6,285
2026-06-22 22:00:00,37.0,33.8,38,0.0,1001.7,7.1,311
2026-06-22 23:00:00,43.0,33.5,41,0.0,1001.3,5.0,316
2026-06-23 00:00:00,47.0,32.3,46,0.0,1001.0,3.1,320
2026-06-23 01:00:00,61.0,31.7,48,0.0,1000.9,3.5,309
2026-06-23 02:00:00,72.0,31.0,51,0.0,1000.8,3.7,331
2026-06-23 03:00:00,69.0,30.4,54,0.0,1000.7,4.9,354
2026-06-23 04:00:00,63.0,29.8,55,0.0,1000.6,4.7,2
2026-06-23 05:00:00,67.0,30.0,57,0.0,1000.7,2.7,337
2026-06-23 06:00:00,66.0,30.5,55,0.0,1001.0,2.4,306
2026-06-23 07:00:00,107.0,31.9,49,0.0,1001.4,2.7,318
2026-06-23 08:00:00,88.0,33.5,43,0.0,1001.4,3.2,333
2026-06-23 09:00:00,54.0,35.1,38,0.0,1001.2,3.8,311
2026-06-23 10:00:00,43.0,36.7,33,0.0,1000.9,6.0,303
2026-06-23 11:00:00,38.0,39.1,26,0.0,1000.0,10.1,292
2026-06-23 12:00:00,34.0,37.3,28,0.4,1000.0,18.5,318
2026-06-23 13:00:00,38.0,36.0,32,0.3,999.7,9.0,286
2026-06-23 14:00:00,58.0,37.6,27,0.0,998.9,13.1,283
2026-06-23 15:00:00,26.0,36.6,31,0.2,998.6,10.3,276
2026-06-23 16:00:00,23.0,36.5,31,0.0,998.3,11.4,295
2026-06-23 17:00:00,25.0,34.3,34,0.0,998.4,11.2,235
2026-06-23 18:00:00,26.0,34.4,34,0.0,998.1,7.6,242
2026-06-23 19:00:00,27.0,34.2,36,0.0,998.4,7.4,236
2026-06-23 20:00:00,27.0,33.5,39,0.0,999.3,3.5,258
2026-06-23 21:00:00,32.0,32.9,42,0.0,999.9,1.0,329
2026-06-23 22:00:00,30.0,32.6,44,0.0,1000.4,1.5,194
2026-06-23 23:00:00,25.0,32.6,48,0.0,1000.0,5.6,220
2026-06-24 00:00:00,29.0,31.6,52,0.0,1000.1,2.6,258
2026-06-24 01:00:00,32.0,31.2,53,0.0,1000.0,1.8,264
2026-06-24 02:00:00,28.0,30.7,54,0.0,999.8,3.3,221
2026-06-24 03:00:00,25.0,30.2,55,0.0,999.7,2.9,223
2026-06-24 04:00:00,29.0,29.9,56,0.0,999.8,2.9,240
2026-06-24 05:00:00,25.0,30.4,57,0.0,1000.2,4.6,206
2026-06-24 06:00:00,51.0,30.1,56,0.0,1000.8,7.3,197
2026-06-24 07:00:00,44.0,30.9,52,0.0,1001.3,7.3,208
2026-06-24 08:00:00,38.0,33.3,42,0.0,1001.4,7.8,220
2026-06-24 09:00:00,40.0,35.2,35,0.0,1001.5,8.7,240
2026-06-24 10:00:00,34.0,36.3,33,0.0,1001.2,6.7,243
2026-06-24 11:00:00,43.0,37.6,30,0.0,1001.2,7.2,235
2026-06-24 12:00:00,32.0,36.8,31,0.0,1000.7,10.6,252
2026-06-24 13:00:00,31.0,36.0,33,0.0,1000.0,10.3,257
2026-06-24 14:00:00,29.0,37.9,29,0.0,999.0,6.1,268
2026-06-24 15:00:00,29.0,38.5,27,0.0,998.3,4.4,302
2026-06-24 16:00:00,30.0,38.5,25,0.0,998.0,5.4,320
2026-06-24 17:00:00,29.0,25.5,85,0.1,999.2,13.4,133
2026-06-24 18:00:00,37.0,31.4,53,0.2,998.4,7.7,152
2026-06-24 19:00:00,40.0,32.0,51,0.0,999.1,3.1,294
2026-06-24 20:00:00,17.0,32.1,51,0.0,999.6,2.2,138
2026-06-24 21:00:00,23.0,32.1,54,0.0,1000.5,1.4,157
2026-06-24 22:00:00,23.0,32.3,54,0.0,1001.3,2.4,27
2026-06-24 23:00:00,38.0,33.0,49,0.0,1001.2,4.1,322
2026-06-25 00:00:00,36.0,32.0,56,0.0,1001.1,2.3,360
2026-06-25 01:00:00,31.0,31.4,61,0.0,1000.8,2.2,35
2026-06-25 02:00:00,33.0,30.8,66,0.0,1000.5,2.3,45
2026-06-25 03:00:00,31.0,30.3,67,0.0,1000.6,2.1,52
2026-06-25 04:00:00,31.0,29.8,69,0.0,1001.0,2.1,38
2026-06-25 05:00:00,26.0,30.8,56,0.0,1001.0,4.9,126
2026-06-25 06:00:00,35.0,31.1,56,0.0,1001.7,4.2,137
2026-06-25 07:00:00,71.0,31.3,53,0.0,1003.0,4.2,162
2026-06-25 08:00:00,31.0,29.7,64,1.8,1004.0,1.3,45
2026-06-25 09:00:00,43.0,32.7,53,0.3,1003.4,4.4,199
2026-06-25 10:00:00,31.0,35.0,42,0.0,1003.3,6.2,226
2026-06-25 11:00:00,53.0,36.8,34,0.0,1002.7,6.0,241
2026-06-25 12:00:00,48.0,37.5,32,0.0,1002.1,3.5,258
2026-06-25 13:00:00,56.0,38.6,30,0.0,1001.2,3.5,298
2026-06-25 14:00:00,28.0,39.2,29,0.0,1000.3,3.6,330
2026-06-25 15:00:00,40.0,39.3,29,0.0,999.6,4.4,348
2026-06-25 16:00:00,35.0,38.6,30,0.0,999.0,6.4,8
2026-06-25 17:00:00,37.0,36.5,37,0.0,999.0,3.1,100
2026-06-25 18:00:00,47.0,37.3,34,0.0,999.0,2.7,122
2026-06-25 19:00:00,52.0,36.7,35,0.0,999.7,3.8,93
2026-06-25 20:00:00,56.0,36.4,37,0.0,1000.4,5.0,90
2026-06-25 21:00:00,48.0,36.0,38,0.0,1001.3,5.4,146
2026-06-25 22:00:00,36.0,35.8,39,0.0,1001.9,5.1,174
2026-06-25 23:00:00,29.0,34.4,41,0.0,1002.5,7.9,286
2026-06-26 00:00:00,28.0,32.8,48,0.3,1002.3,3.7,325
2026-06-26 01:00:00,21.0,32.6,51,0.0,1001.8,0.4,207
2026-06-26 02:00:00,25.0,32.7,50,0.0,1001.7,3.7,215
2026-06-26 03:00:00,19.0,32.5,51,0.0,1001.5,2.2,222
2026-06-26 04:00:00,14.0,32.4,50,0.0,1002.1,4.8,222
2026-06-26 05:00:00,18.0,31.8,55,0.0,1002.3,5.6,272
2026-06-26 06:00:00,24.0,31.6,57,0.0,1003.0,4.7,242
2026-06-26 07:00:00,39.0,32.6,54,0.1,1003.2,3.8,267
2026-06-26 08:00:00,35.0,34.5,47,0.0,1003.6,3.8,273
2026-06-26 09:00:00,38.0,36.3,40,0.0,1003.5,2.5,262
2026-06-26 10:00:00,47.0,38.0,36,0.0,1003.5,1.4,247
2026-06-26 11:00:00,38.0,39.2,32,0.0,1003.2,1.9,338
2026-06-26 12:00:00,34.0,39.9,30,0.0,1002.6,2.2,24
2026-06-26 13:00:00,31.0,40.4,29,0.0,1001.7,3.3,41
2026-06-26 14:00:00,36.0,40.4,29,0.0,1001.0,3.7,43
2026-06-26 15:00:00,30.0,40.4,29,0.0,1000.0,5.8,22
2026-06-26 16:00:00,31.0,38.8,32,0.0,999.9,4.9,156
2026-06-26 17:00:00,31.0,29.7,80,0.0,1000.0,8.1,201
2026-06-26 18:00:00,34.0,34.5,47,0.6,1000.1,9.2,138
2026-06-26 19:00:00,41.0,34.2,47,0.0,1000.8,4.1,214
2026-06-26 20:00:00,27.0,34.4,48,0.0,1001.6,2.1,160
2026-06-26 21:00:00,28.0,33.6,55,0.0,1002.2,2.9,184
2026-06-26 22:00:00,28.0,33.8,55,0.0,1002.7,3.5,261
2026-06-26 23:00:00,25.0,34.0,48,0.0,1002.4,4.9,280
2026-06-27 00:00:00,33.0,33.5,52,0.0,1002.0,3.3,283
2026-06-27 01:00:00,40.0,33.1,53,0.0,1001.7,3.5,309
2026-06-27 02:00:00,33.0,32.8,55,0.0,1001.5,3.5,305
2026-06-27 03:00:00,45.0,32.3,59,0.0,1001.5,2.3,266
2026-06-27 04:00:00,37.0,31.7,60,0.0,1001.8,2.9,281
2026-06-27 05:00:00,33.0,29.3,67,0.0,1002.0,8.4,251
2026-06-27 06:00:00,39.0,29.9,68,0.3,1002.7,9.6,223
2026-06-27 07:00:00,52.0,31.0,64,0.0,1002.8,5.1,234
2026-06-27 08:00:00,43.0,34.0,50,0.0,1002.7,5.3,282
2026-06-27 09:00:00,44.0,36.5,40,0.0,1002.7,3.3,311
2026-06-27 10:00:00,46.0,38.5,33,0.0,1002.4,2.6,321
2026-06-27 11:00:00,48.0,39.7,31,0.0,1002.2,4.9,17
2026-06-27 12:00:00,51.0,38.9,34,0.0,1001.6,6.3,2
2026-06-27 13:00:00,57.0,39.2,33,0.0,1000.8,5.7,11
2026-06-27 14:00:00,53.0,39.7,32,0.0,999.9,5.7,9
2026-06-27 15:00:00,49.0,40.0,30,0.0,998.9,5.2,14
2026-06-27 16:00:00,38.0,40.0,29,0.0,997.8,6.1,360
2026-06-27 17:00:00,39.0,39.0,33,0.0,997.4,3.7,241
2026-06-27 18:00:00,48.0,39.0,31,0.0,997.6,0.5,360
2026-06-27 19:00:00,66.0,37.9,35,0.1,998.1,2.8,27
2026-06-27 20:00:00,69.0,37.4,37,0.0,998.5,4.4,187
2026-06-27 21:00:00,75.0,36.4,45,0.0,999.3,7.8,175
2026-06-27 22:00:00,70.0,35.5,51,0.0,999.8,7.4,177
2026-06-27 23:00:00,74.0,34.9,49,0.0,999.3,7.4,129
2026-06-28 00:00:00,84.0,35.6,45,0.2,999.3,5.2,186
2026-06-28 01:00:00,111.0,35.0,47,0.2,999.2,6.8,230
2026-06-28 02:00:00,91.0,33.8,52,0.0,998.9,8.9,212
2026-06-28 03:00:00,83.0,33.0,53,0.0,998.9,5.9,211
2026-06-28 04:00:00,69.0,32.9,52,0.0,999.2,3.8,239
2026-06-28 05:00:00,57.0,31.0,62,0.0,998.9,9.2,201
2026-06-28 06:00:00,41.0,31.4,61,0.0,998.8,7.5,197
2026-06-28 07:00:00,47.0,33.5,53,0.0,999.3,4.0,231
2026-06-28 08:00:00,33.0,35.6,45,0.0,999.9,5.5,224
2026-06-28 09:00:00,33.0,37.3,40,0.0,1000.0,6.5,246
2026-06-28 10:00:00,33.0,39.1,35,0.0,999.9,2.5,291
2026-06-28 11:00:00,36.0,40.5,31,0.0,999.4,2.8,18
2026-06-28 12:00:00,42.0,41.5,28,0.0,998.5,5.3,12
2026-06-28 13:00:00,41.0,41.7,28,0.0,997.7,7.9,13
2026-06-28 14:00:00,39.0,41.5,29,0.0,996.8,9.4,5
2026-06-28 15:00:00,42.0,41.4,29,0.0,996.0,9.9,2
2026-06-28 16:00:00,43.0,40.9,30,0.0,995.5,10.2,347
2026-06-28 17:00:00,62.0,40.1,30,0.0,995.4,13.2,330
2026-06-28 18:00:00,33.0,39.1,33,0.0,995.9,12.0,327
2026-06-28 19:00:00,48.0,37.9,38,0.1,996.6,10.4,334
2026-06-28 20:00:00,52.0,37.5,38,0.0,997.3,7.3,337
2026-06-28 21:00:00,62.0,37.1,40,0.0,998.0,5.5,333
2026-06-28 22:00:00,52.0,36.8,41,0.0,998.3,4.1,315
2026-06-28 23:00:00,59.0,36.0,49,0.0,998.2,3.4,65
2026-06-29 00:00:00,71.0,35.9,48,0.0,997.8,4.0,120
2026-06-29 01:00:00,51.0,35.4,49,0.0,997.5,4.5,157
2026-06-29 02:00:00,43.0,35.3,47,0.0,997.2,5.8,171
2026-06-29 03:00:00,43.0,34.4,49,0.0,997.4,5.3,188
2026-06-29 04:00:00,41.0,34.0,50,0.0,997.7,5.2,202
2026-06-29 05:00:00,40.0,33.8,53,0.0,997.4,6.1,251
2026-06-29 06:00:00,35.0,33.6,52,0.1,997.7,11.5,241
2026-06-29 07:00:00,34.0,34.5,47,0.0,997.9,11.3,243
2026-06-29 08:00:00,33.0,36.3,41,0.0,998.4,7.2,248
2026-06-29 09:00:00,31.0,37.9,36,0.0,998.8,10.3,282
2026-06-29 10:00:00,40.0,38.5,34,0.2,998.9,8.9,304
2026-06-29 11:00:00,34.0,39.2,34,0.0,998.5,8.0,288
2026-06-29 12:00:00,45.0,40.7,29,0.1,998.0,8.9,302
2026-06-29 13:00:00,47.0,41.6,28,0.0,997.0,9.0,313
2026-06-29 14:00:00,49.0,42.2,27,0.0,996.1,11.7,315
2026-06-29 15:00:00,42.0,40.3,31,1.3,995.8,11.8,304
2026-06-29 16:00:00,41.0,40.0,32,0.1,995.0,9.2,315
2026-06-29 17:00:00,41.0,41.2,26,0.1,994.9,8.8,348
2026-06-29 18:00:00,37.0,40.2,28,0.0,994.8,5.8,26
2026-06-29 19:00:00,37.0,39.3,29,0.0,995.3,1.8,53
2026-06-29 20:00:00,49.0,38.6,32,0.0,996.1,4.3,158
2026-06-29 21:00:00,58.0,37.6,35,0.0,996.8,6.3,141
2026-06-29 22:00:00,48.0,36.5,39,0.0,997.6,6.6,145
2026-06-29 23:00:00,33.0,36.4,41,0.0,997.3,7.0,177
2026-06-30 00:00:00,38.0,32.8,55,0.7,997.5,9.4,128
2026-06-30 01:00:00,27.0,28.3,80,2.2,997.1,13.1,171
2026-06-30 02:00:00,32.0,30.5,67,0.1,996.0,8.6,203
2026-06-30 03:00:00,26.0,30.8,72,0.0,996.3,7.4,193
2026-06-30 04:00:00,25.0,31.4,68,0.0,997.0,6.8,209
2026-06-30 05:00:00,38.0,29.8,85,0.0,996.7,10.0,172
2026-06-30 06:00:00,44.0,32.1,71,0.0,997.2,7.7,196
2026-06-30 07:00:00,37.0,35.0,44,0.0,998.0,8.5,266
2026-06-30 08:00:00,36.0,35.5,40,0.0,998.6,12.8,279
2026-06-30 09:00:00,48.0,36.5,39,0.0,998.7,13.8,277
2026-06-30 10:00:00,57.0,37.5,37,0.0,999.0,14.1,285
2026-06-30 11:00:00,51.0,37.7,38,0.0,999.2,14.7,295
2026-06-30 12:00:00,56.0,38.3,37,0.0,999.2,10.1,317
2026-06-30 13:00:00,60.0,38.7,37,0.0,998.7,8.4,335
2026-06-30 14:00:00,67.0,37.5,41,0.0,997.9,8.4,37
2026-06-30 15:00:00,69.0,35.3,55,0.6,997.8,12.5,82
2026-06-30 16:00:00,84.0,34.5,60,0.6,997.7,5.4,111
2026-06-30 17:00:00,86.0,33.4,63,0.1,997.0,5.2,124
2026-06-30 18:00:00,78.0,35.0,54,0.0,997.1,7.3,136
2026-06-30 19:00:00,73.0,34.3,56,0.0,997.6,9.1,128
2026-06-30 20:00:00,70.0,33.1,61,0.0,998.3,12.5,118
2026-06-30 21:00:00,71.0,31.8,69,0.0,999.1,11.9,122
2026-06-30 22:00:00,60.0,31.3,72,0.0,999.6,10.4,113
2026-06-30 23:00:00,48.0,31.4,74,0.0,999.6,11.1,134
2026-07-01 00:00:00,59.0,31.1,75,0.0,999.5,9.7,130
2026-07-01 01:00:00,48.0,30.7,74,0.0,999.2,11.1,120
2026-07-01 02:00:00,54.0,30.2,73,0.0,999.4,10.2,113
2026-07-01 03:00:00,48.0,29.7,72,0.0,999.2,10.0,118
2026-07-01 04:00:00,40.0,29.3,74,0.0,999.7,9.1,115
2026-07-01 05:00:00,40.0,28.3,89,0.0,999.7,9.4,126
2026-07-01 06:00:00,37.0,26.8,92,0.5,1000.5,12.4,118
2026-07-01 07:00:00,27.0,26.9,93,0.8,1000.8,8.9,115
2026-07-01 08:00:00,23.0,28.0,87,0.5,1001.0,7.6,112
2026-07-01 09:00:00,29.0,29.5,82,0.1,1001.4,5.5,99
2026-07-01 10:00:00,37.0,30.0,80,0.0,1001.6,6.3,88
2026-07-01 11:00:00,36.0,29.5,76,0.0,1002.3,9.0,119
2026-07-01 12:00:00,30.0,29.8,76,0.0,1001.8,7.4,122
2026-07-01 13:00:00,30.0,30.4,74,0.0,1000.8,6.9,127
2026-07-01 14:00:00,32.0,31.2,71,0.0,999.9,7.0,103
2026-07-01 15:00:00,37.0,31.7,69,0.0,999.0,6.9,99
2026-07-01 16:00:00,39.0,31.2,70,0.0,998.6,7.5,105
2026-07-01 17:00:00,40.0,32.2,62,0.0,997.7,8.2,122
2026-07-01 18:00:00,37.0,31.0,68,0.0,998.0,6.2,123
2026-07-01 19:00:00,45.0,30.3,71,0.0,998.7,6.2,134
2026-07-01 20:00:00,49.0,30.0,73,0.0,999.4,4.8,160
2026-07-01 21:00:00,41.0,29.8,74,0.0,1000.3,4.6,159
2026-07-01 22:00:00,43.0,29.6,77,0.0,1001.2,3.6,127
2026-07-01 23:00:00,38.0,30.1,75,0.0,1001.0,6.1,152
2026-07-02 00:00:00,35.0,30.0,76,0.0,1001.2,2.2,81
2026-07-02 01:00:00,35.0,29.7,77,0.0,1001.0,1.8,45
2026-07-02 02:00:00,29.0,29.4,76,0.0,1000.7,4.1,139
2026-07-02 03:00:00,29.0,28.8,77,0.0,1000.7,5.2,151
2026-07-02 04:00:00,28.0,28.6,76,0.0,1001.3,3.7,137
2026-07-02 05:00:00,28.0,25.7,95,0.0,1001.9,5.2,92
2026-07-02 06:00:00,46.0,26.1,90,2.6,1002.2,2.6,231
2026-07-02 07:00:00,11.0,26.1,91,1.2,1001.7,3.3,229
2026-07-02 08:00:00,9.0,27.3,87,0.2,1001.5,3.5,204
2026-07-02 09:00:00,10.0,29.3,76,0.0,1001.9,2.5,180
2026-07-02 10:00:00,11.0,28.9,77,0.0,1002.3,1.8,169
2026-07-02 11:00:00,12.0,28.0,76,0.0,1002.2,2.9,270
2026-07-02 12:00:00,30.0,28.3,74,0.0,1001.7,2.7,293
2026-07-02 13:00:00,37.0,30.4,66,0.0,1000.8,4.8,13
2026-07-02 14:00:00,38.0,30.9,63,0.0,999.6,4.3,318
2026-07-02 15:00:00,28.0,31.8,61,0.0,998.9,3.5,325
2026-07-02 16:00:00,41.0,31.9,60,0.0,998.3,3.1,280
2026-07-02 17:00:00,38.0,31.7,65,0.0,998.0,2.2,85
2026-07-02 18:00:00,47.0,31.3,67,0.0,998.2,2.9,22
2026-07-02 19:00:00,60.0,30.5,74,0.0,998.8,5.7,41
2026-07-02 20:00:00,68.0,29.9,79,0.0,999.5,7.2,62
2026-07-02 21:00:00,58.0,29.4,82,0.0,1000.5,7.0,64
2026-07-02 22:00:00,33.0,29.0,85,0.0,1001.3,5.9,70
2026-07-02 23:00:00,33.0,29.2,82,0.0,1001.8,5.4,75
2026-07-03 00:00:00,39.0,28.9,85,0.0,1001.5,5.8,70
2026-07-03 01:00:00,34.0,28.6,85,0.0,1001.2,7.5,80
2026-07-03 02:00:00,39.0,28.2,87,0.0,1000.8,7.8,81
2026-07-03 03:00:00,46.0,27.9,88,0.0,1000.7,6.8,93
2026-07-03 04:00:00,47.0,27.7,89,0.0,1000.6,6.4,98
2026-07-03 05:00:00,48.0,27.2,88,0.0,1001.0,3.1,50
2026-07-03 06:00:00,48.0,27.9,83,0.0,1001.3,2.8,63
2026-07-03 07:00:00,55.0,29.3,76,0.0,1001.8,2.8,72
2026-07-03 08:00:00,49.0,31.1,67,0.0,1001.6,3.3,81
2026-07-03 09:00:00,48.0,33.1,57,0.0,1001.4,5.4,98
2026-07-03 10:00:00,43.0,34.3,51,0.0,1001.4,7.6,117
2026-07-03 11:00:00,41.0,35.9,45,0.1,1000.8,6.0,129
2026-07-03 12:00:00,46.0,34.9,50,0.0,1000.6,7.4,137
2026-07-03 13:00:00,53.0,34.6,52,0.0,999.9,6.5,132
2026-07-03 14:00:00,44.0,34.8,51,0.0,998.8,4.4,125
2026-07-03 15:00:00,52.0,34.7,51,0.0,998.4,3.9,133
2026-07-03 16:00:00,49.0,34.9,51,0.0,997.8,3.6,135
2026-07-03 17:00:00,45.0,34.5,55,0.0,997.3,5.7,143
2026-07-03 18:00:00,48.0,33.3,60,0.0,998.0,7.3,138
2026-07-03 19:00:00,45.0,32.2,66,0.0,998.7,7.4,137
2026-07-03 20:00:00,44.0,31.5,71,0.0,999.4,5.5,128
2026-07-03 21:00:00,50.0,31.2,75,0.0,1000.1,5.4,124
2026-07-03 22:00:00,61.0,30.9,77,0.0,1000.3,4.7,118
2026-07-03 23:00:00,68.0,31.1,75,0.0,999.7,4.5,133
2026-07-04 00:00:00,66.0,31.1,73,0.0,999.7,4.6,101
2026-07-04 01:00:00,61.0,30.9,73,0.0,999.7,5.0,92
2026-07-04 02:00:00,63.0,30.8,73,0.0,999.6,5.6,97
2026-07-04 03:00:00,63.0,30.7,73,0.0,999.4,5.0,105
2026-07-04 04:00:00,65.0,30.4,72,0.0,999.3,4.0,82
2026-07-04 05:00:00,62.0,29.6,82,0.0,999.4,3.9,143
2026-07-04 06:00:00,63.0,29.8,81,0.0,999.9,3.8,121
2026-07-04 07:00:00,63.0,30.9,76,0.0,1000.3,3.2,117
2026-07-04 08:00:00,47.0,32.0,66,0.1,1000.0,5.7,131
2026-07-04 09:00:00,41.0,32.2,68,0.3,999.7,4.4,161
2026-07-04 10:00:00,41.0,33.7,61,0.0,999.8,4.1,142
2026-07-04 11:00:00,59.0,32.1,69,0.1,999.9,1.5,111
2026-07-04 12:00:00,48.0,34.2,59,0.1,999.4,1.5,330
2026-07-04 13:00:00,35.0,35.5,53,0.1,998.2,1.8,349
2026-07-04 14:00:00,27.0,36.0,50,0.1,997.1,4.7,353
2026-07-04 15:00:00,28.0,36.3,49,0.1,996.4,5.8,353
2026-07-04 16:00:00,44.0,35.9,51,0.1,995.9,6.5,8
2026-07-04 17:00:00,66.0,33.6,67,0.6,996.0,7.2,341
2026-07-04 18:00:00,78.0,33.0,70,0.0,995.7,5.1,350
2026-07-04 19:00:00,78.0,32.4,73,0.0,996.2,2.2,355
2026-07-04 20:00:00,72.0,32.0,78,0.0,996.9,3.1,90
2026-07-04 21:00:00,84.0,31.6,83,0.0,997.3,1.2,117
2026-07-04 22:00:00,80.0,30.9,83,0.0,998.2,6.3,121
2026-07-04 23:00:00,76.0,31.4,80,0.0,998.0,5.5,52
2026-07-05 00:00:00,81.0,30.6,85,0.0,997.6,4.5,16
2026-07-05 01:00:00,84.0,30.4,86,0.0,997.5,3.7,11
2026-07-05 02:00:00,90.0,30.2,85,0.0,997.5,4.6,26
2026-07-05 03:00:00,98.0,29.9,85,0.0,997.6,5.8,112
2026-07-05 04:00:00,109.0,29.2,88,0.1,997.9,5.8,116
2026-07-05 05:00:00,106.0,28.7,94,0.1,998.0,7.7,79
2026-07-05 06:00:00,112.0,29.6,89,0.0,998.3,3.8,93
2026-07-05 07:00:00,97.0,31.2,79,0.0,999.0,3.6,96
2026-07-05 08:00:00,70.0,32.9,69,0.0,998.8,3.5,99
2026-07-05 09:00:00,58.0,34.7,56,0.0,998.6,3.9,112
2026-07-05 10:00:00,38.0,33.4,58,0.4,999.1,11.0,94
2026-07-05 11:00:00,25.0,31.6,74,0.4,999.2,3.1,10
2026-07-05 12:00:00,17.0,34.1,64,0.0,998.4,3.1,353
2026-07-05 13:00:00,18.0,32.4,69,0.3,998.1,8.2,98
2026-07-05 14:00:00,15.0,31.6,75,0.3,997.2,5.2,110
2026-07-05 15:00:00,18.0,32.9,68,0.0,996.4,1.5,76
2026-07-05 16:00:00,21.0,33.6,63,0.0,995.9,1.3,56
2026-07-05 17:00:00,23.0,32.0,70,0.0,995.7,4.7,88
2026-07-05 18:00:00,28.0,31.9,72,0.0,996.1,4.3,85
2026-07-05 19:00:00,33.0,31.0,77,0.0,997.2,6.1,93
2026-07-05 20:00:00,38.0,30.7,79,0.0,998.0,9.2,125
2026-07-05 21:00:00,41.0,30.2,80,0.0,998.7,6.5,124
2026-07-05 22:00:00,44.0,30.1,81,0.0,999.2,3.8,115
2026-07-05 23:00:00,42.0,30.0,79,0.0,998.4,3.1,83
2026-07-06 00:00:00,43.0,30.1,79,0.0,998.7,6.8,102
2026-07-06 01:00:00,48.0,30.0,78,0.0,998.9,6.2,107
2026-07-06 02:00:00,47.0,29.7,79,0.0,998.5,6.4,122
2026-07-06 03:00:00,30.0,29.6,79,0.0,998.1,4.8,127
2026-07-06 04:00:00,31.0,29.7,79,0.0,998.6,1.4,67
2026-07-06 05:00:00,34.0,27.0,97,0.0,998.5,6.8,73
2026-07-06 06:00:00,32.0,27.7,95,0.0,998.8,5.8,51
2026-07-06 07:00:00,37.0,28.9,88,0.0,998.9,4.6,77
2026-07-06 08:00:00,24.0,30.6,79,0.0,999.6,4.0,95
2026-07-06 09:00:00,33.0,32.0,72,0.0,999.7,4.4,122
2026-07-06 10:00:00,29.0,33.5,64,0.1,999.8,6.0,141
2026-07-06 11:00:00,32.0,34.5,52,0.0,999.4,7.1,153
2026-07-06 12:00:00,31.0,36.8,42,0.0,998.4,2.8,153
2026-07-06 13:00:00,28.0,38.0,39,0.0,997.9,0.7,90
2026-07-06 14:00:00,33.0,38.7,37,0.0,996.7,1.3,56
2026-07-06 15:00:00,38.0,38.6,38,0.0,996.2,3.1,24
2026-07-06 16:00:00,44.0,37.2,42,0.0,995.7,5.3,55
2026-07-06 17:00:00,41.0,35.0,53,0.1,995.4,7.5,110
2026-07-06 18:00:00,29.0,34.3,60,0.1,995.9,5.2,166
2026-07-06 19:00:00,28.0,33.4,67,0.0,996.5,3.1,159
2026-07-06 20:00:00,37.0,33.1,70,0.0,997.2,2.2,99
2026-07-06 21:00:00,43.0,32.6,72,0.0,998.2,4.3,105
2026-07-06 22:00:00,46.0,32.0,74,0.0,998.6,3.9,106
2026-07-06 23:00:00,47.0,31.5,76,0.0,998.6,4.7,113
2026-07-07 00:00:00,43.0,31.2,79,0.0,998.6,3.3,99
2026-07-07 01:00:00,36.0,31.0,81,0.0,998.3,2.4,73
2026-07-07 02:00:00,33.0,30.7,83,0.0,997.9,3.4,106
2026-07-07 03:00:00,30.0,30.4,85,0.0,997.2,3.8,107
2026-07-07 04:00:00,39.0,30.0,86,0.0,997.6,2.7,157
2026-07-07 05:00:00,39.0,26.7,95,0.0,998.2,6.0,5
2026-07-07 06:00:00,42.0,27.2,97,0.7,998.3,4.0,5
2026-07-07 07:00:00,68.0,28.3,92,0.1,998.7,3.0,218
2026-07-07 08:00:00,52.0,30.2,84,0.0,999.3,5.8,236
2026-07-07 09:00:00,50.0,32.3,72,0.0,999.0,6.4,259
2026-07-07 10:00:00,47.0,33.8,61,0.0,998.8,7.3,226
2026-07-07 11:00:00,33.0,30.1,83,0.0,999.0,2.0,5
2026-07-07 12:00:00,28.0,32.8,66,0.0,998.6,1.9,163
2026-07-07 13:00:00,26.0,32.9,63,0.0,997.9,4.7,274
2026-07-07 14:00:00,12.0,33.1,60,0.0,997.0,1.5,324
2026-07-07 15:00:00,13.0,32.3,65,0.0,996.3,8.7,84
2026-07-07 16:00:00,14.0,29.6,84,0.1,996.0,9.1,99
2026-07-07 17:00:00,10.0,26.6,93,0.4,996.1,6.7,92
2026-07-07 18:00:00,22.0,26.7,95,2.5,995.9,1.5,45
2026-07-07 19:00:00,22.0,26.7,96,1.8,996.7,2.8,333
2026-07-07 20:00:00,30.0,26.8,95,1.6,997.8,3.9,77
2026-07-07 21:00:00,29.0,26.7,97,0.6,998.9,5.8,106
2026-07-07 22:00:00,33.0,26.7,95,0.0,999.1,3.5,118
2026-07-07 23:00:00,30.0,26.9,94,0.0,998.3,3.1,103
2026-07-08 00:00:00,32.0,26.9,94,0.0,998.1,3.0,115
2026-07-08 01:00:00,35.0,27.0,94,0.0,997.5,0.6,326
2026-07-08 02:00:00,31.0,26.9,94,0.0,997.7,9.9,328
2026-07-08 03:00:00,37.0,26.9,90,0.0,997.7,5.2,27
2026-07-08 04:00:00,45.0,26.7,92,0.0,997.9,7.8,29
2026-07-08 05:00:00,41.0,26.2,98,0.5,997.5,5.7,41
2026-07-08 06:00:00,35.0,26.5,97,1.0,997.6,10.4,42
2026-07-08 07:00:00,35.0,26.8,95,0.5,997.8,9.4,60
2026-07-08 08:00:00,33.0,27.4,92,0.2,998.2,10.7,70
2026-07-08 09:00:00,27.0,27.8,89,0.0,998.4,8.6,68
2026-07-08 10:00:00,38.0,28.9,82,0.0,998.4,9.6,76
2026-07-08 11:00:00,48.0,27.8,90,0.2,998.5,7.6,97
2026-07-08 12:00:00,22.0,28.1,85,0.8,998.1,8.8,64
2026-07-08 13:00:00,17.0,29.4,78,0.3,997.4,7.5,53
2026-07-08 14:00:00,17.0,29.5,78,0.3,996.6,7.0,40
2026-07-08 18:00:00,21.0,26.5,95,1.7,995.9,8.1,354
2026-07-08 19:00:00,14.0,26.4,95,0.6,996.2,7.9,20
2026-07-08 20:00:00,13.0,26.6,93,0.4,997.1,9.6,37
2026-07-08 21:00:00,28.0,26.8,95,1.2,997.6,10.4,36
2026-07-08 22:00:00,36.0,26.8,95,1.7,997.6,11.0,42
2026-07-08 23:00:00,25.0,26.5,95,2.7,997.2,8.4,10
2026-07-09 00:00:00,19.0,26.2,96,3.3,996.8,8.8,360
2026-07-09 01:00:00,7.0,26.0,97,3.0,996.2,9.1,353
2026-07-09 02:00:00,5.0,26.0,96,1.9,995.9,9.4,358
2026-07-09 03:00:00,0.0,25.6,96,3.8,995.5,10.6,326
2026-07-09 04:00:00,1.0,25.7,96,13.5,995.9,11.2,325
2026-07-09 05:00:00,3.0,25.4,96,28.6,996.8,11.4,6
2026-07-09 06:00:00,2.0,25.1,98,10.5,996.1,13.5,346
2026-07-09 07:00:00,1.0,25.3,97,10.5,996.5,17.1,3
2026-07-09 08:00:00,0.0,25.8,91,27.8,997.4,19.3,357
2026-07-09 09:00:00,1.0,25.4,92,30.6,997.7,16.7,354
2026-07-09 10:00:00,0.0,25.3,94,8.2,998.2,13.4,332
2026-07-09 11:00:00,6.0,25.2,94,6.1,999.5,9.5,14
2026-07-09 12:00:00,6.0,25.4,94,3.3,999.1,8.3,336
2026-07-09 13:00:00,5.0,26.4,92,1.4,998.6,8.1,325
2026-07-09 14:00:00,8.0,27.6,83,0.3,998.0,12.4,334
2026-07-09 15:00:00,9.0,28.6,76,0.0,998.1,11.6,336
2026-07-09 16:00:00,12.0,28.9,76,0.0,997.4,10.0,326
2026-07-09 17:00:00,13.0,29.1,76,0.0,997.1,12.1,333
2026-07-09 18:00:00,15.0,28.3,81,0.0,997.4,11.3,353
2026-07-09 19:00:00,9.0,27.3,88,0.0,998.2,8.0,355
2026-07-09 20:00:00,5.0,26.8,90,0.0,998.7,6.5,332
2026-07-09 21:00:00,6.0,26.4,91,0.0,999.5,4.5,323
2026-07-09 22:00:00,10.0,26.1,93,0.0,999.3,4.7,298
2026-07-09 23:00:00,11.0,26.8,97,0.0,999.4,6.2,352
2026-07-10 00:00:00,9.0,26.4,97,0.0,999.0,6.6,338
2026-07-10 01:00:00,13.0,26.2,97,0.0,998.4,5.2,304
2026-07-10 02:00:00,10.0,26.1,97,0.0,998.2,6.2,327
2026-07-10 03:00:00,13.0,25.9,97,0.0,998.0,6.6,305
2026-07-10 04:00:00,15.0,25.7,96,0.0,998.6,8.1,298
2026-07-10 05:00:00,20.0,27.2,97,0.0,998.3,5.0,285
2026-07-10 06:00:00,18.0,27.3,97,0.2,998.7,3.6,327
2026-07-10 07:00:00,25.0,27.5,89,0.8,999.6,8.6,350
2026-07-10 08:00:00,36.0,28.0,88,0.4,999.6,6.6,311
2026-07-10 09:00:00,32.0,29.4,81,0.1,1000.2,9.8,337
2026-07-10 10:00:00,41.0,29.2,79,0.1,1000.4,10.5,336
2026-07-10 11:00:00,30.0,30.9,72,0.0,999.8,10.2,318
2026-07-10 12:00:00,20.0,31.9,65,0.0,999.7,10.2,324
2026-07-10 13:00:00,24.0,32.3,61,0.0,998.7,11.0,328
2026-07-10 14:00:00,12.0,32.6,60,0.0,998.1,10.8,330
2026-07-10 15:00:00,17.0,32.7,59,0.0,997.8,10.2,332
2026-07-10 16:00:00,17.0,32.5,61,0.0,997.2,8.5,335
2026-07-10 18:00:00,13.0,31.5,69,0.0,997.2,3.7,309
2026-07-10 19:00:00,27.0,30.3,76,0.0,997.8,3.9,304
2026-07-10 20:00:00,31.0,29.6,79,0.0,998.5,5.7,294
2026-07-10 21:00:00,31.0,29.1,81,0.0,999.2,4.3,312
2026-07-10 22:00:00,27.0,28.8,84,0.0,999.3,1.3,45
2026-07-10 23:00:00,26.0,29.0,85,0.0,999.0,3.1,7
2026-07-11 00:00:00,17.0,28.4,88,0.0,998.4,4.0,234
2026-07-11 01:00:00,14.0,28.2,89,0.0,998.0,3.1,310
2026-07-11 02:00:00,24.0,28.0,91,0.0,997.5,1.4,320
2026-07-11 03:00:00,23.0,27.7,92,0.0,997.6,1.2,321
2026-07-11 04:00:00,21.0,27.7,92,0.0,997.7,0.7,166
2026-07-11 05:00:00,21.0,27.4,92,0.0,997.8,0.9,79
2026-07-11 06:00:00,32.0,27.5,93,0.0,998.2,2.2,351
2026-07-11 07:00:00,37.0,28.6,86,0.1,998.6,3.1,62
2026-07-11 08:00:00,32.0,28.5,87,1.0,999.4,4.9,17
2026-07-11 09:00:00,30.0,29.8,82,0.3,999.1,4.5,194
2026-07-11 10:00:00,40.0,31.8,69,0.0,998.9,7.4,248
2026-07-11 11:00:00,46.0,33.4,61,0.0,998.6,11.7,290
2026-07-11 12:00:00,55.0,33.9,60,0.0,998.2,8.7,294
2026-07-11 13:00:00,55.0,34.2,60,0.0,997.3,7.1,294
2026-07-11 15:00:00,60.0,34.3,58,0.0,996.0,5.5,257
2026-07-11 16:00:00,63.0,34.2,57,0.0,995.4,5.8,244
2026-07-11 17:00:00,63.0,34.4,59,0.0,995.3,2.6,258
2026-07-11 18:00:00,58.0,33.4,65,0.0,995.6,2.5,225
2026-07-11 19:00:00,55.0,32.0,75,0.1,996.2,1.5,144
2026-07-11 20:00:00,61.0,31.2,81,0.0,996.9,2.5,82
2026-07-11 21:00:00,64.0,30.7,83,0.0,997.4,3.8,139
2026-07-11 22:00:00,66.0,30.3,84,0.0,997.7,5.3,152
2026-07-11 23:00:00,64.0,31.4,77,0.0,997.2,4.9,197
2026-07-12 00:00:00,48.0,30.6,77,0.0,996.4,5.3,215
2026-07-12 01:00:00,45.0,30.2,78,0.0,995.9,4.4,243
2026-07-12 02:00:00,41.0,29.8,80,0.0,995.4,4.8,248
2026-07-12 03:00:00,37.0,29.5,80,0.0,994.9,4.4,249
2026-07-12 04:00:00,31.0,29.3,80,0.0,995.0,3.4,273
2026-07-12 05:00:00,27.0,29.8,74,0.0,994.6,10.1,239
2026-07-12 06:00:00,27.0,29.9,72,0.0,995.2,9.7,245
2026-07-12 07:00:00,40.0,30.6,71,0.0,995.6,9.2,253
2026-07-12 08:00:00,39.0,31.6,66,0.0,995.9,11.5,256
2026-07-12 09:00:00,46.0,32.4,64,0.0,996.4,11.2,259
2026-07-12 10:00:00,53.0,33.3,61,0.0,996.5,10.7,261
2026-07-12 11:00:00,64.0,34.7,58,0.0,996.5,11.2,274
2026-07-12 12:00:00,75.0,35.0,55,0.1,996.5,10.1,282
2026-07-12 13:00:00,90.0,35.2,54,0.1,995.8,9.7,288
2026-07-12 14:00:00,77.0,35.3,54,0.1,995.4,8.8,296
2026-07-12 15:00:00,93.0,34.9,55,0.1,995.3,9.3,294
2026-07-12 16:00:00,100.0,33.8,60,0.3,995.4,8.9,295
2026-07-12 17:00:00,103.0,35.1,54,0.1,994.7,4.6,291
2026-07-12 18:00:00,88.0,33.9,63,0.0,994.9,4.0,291
2026-07-12 19:00:00,94.0,32.7,69,0.0,995.2,4.3,287
2026-07-12 20:00:00,91.0,32.2,70,0.0,995.9,3.8,253
2026-07-12 21:00:00,84.0,31.8,71,0.0,996.8,4.0,238
2026-07-12 22:00:00,84.0,31.4,72,0.0,997.2,5.4,230
2026-07-13 00:00:00,48.0,30.7,74,0.2,996.6,6.1,246
2026-07-13 01:00:00,37.0,30.5,69,0.0,996.5,11.8,281
2026-07-13 02:00:00,27.0,29.8,70,0.0,996.5,8.2,278
2026-07-13 03:00:00,30.0,29.2,72,0.0,996.4,6.5,276
2026-07-13 04:00:00,32.0,28.7,74,0.0,996.7,7.0,273
2026-07-13 05:00:00,31.0,29.3,73,0.0,996.6,11.2,259
2026-07-13 06:00:00,38.0,29.3,72,0.0,996.9,10.5,265
2026-07-13 07:00:00,35.0,30.2,71,0.0,997.3,8.7,266
2026-07-13 08:00:00,35.0,31.5,66,0.0,998.0,8.5,271
2026-07-13 09:00:00,39.0,32.6,62,0.0,998.1,9.6,275
2026-07-13 10:00:00,37.0,33.8,58,0.0,998.1,9.5,281
2026-07-13 11:00:00,39.0,35.1,52,0.0,997.9,9.6,284
2026-07-13 12:00:00,48.0,35.5,50,0.0,997.9,7.8,279
2026-07-13 13:00:00,45.0,36.0,48,0.0,997.5,6.5,265
2026-07-13 14:00:00,49.0,36.1,47,0.0,997.0,7.1,263
2026-07-13 15:00:00,48.0,36.0,47,0.0,996.4,8.5,265
2026-07-13 16:00:00,37.0,35.9,48,0.0,996.2,8.7,265
2026-07-13 17:00:00,41.0,35.0,56,0.0,995.9,5.6,174
2026-07-13 18:00:00,43.0,33.8,64,0.0,996.4,4.6,132
2026-07-13 19:00:00,50.0,33.1,68,0.0,996.7,3.6,171
2026-07-13 20:00:00,37.0,32.8,68,0.0,997.5,5.4,230
2026-07-13 21:00:00,37.0,32.4,65,0.0,998.0,6.3,272
2026-07-13 23:00:00,33.0,31.2,71,0.0,998.3,5.8,248
2026-07-14 00:00:00,37.0,30.3,76,0.0,998.5,4.4,251
2026-07-14 01:00:00,45.0,30.0,77,0.0,998.0,3.9,257
2026-07-14 02:00:00,39.0,29.8,75,0.0,998.0,6.2,280
2026-07-14 03:00:00,39.0,29.3,76,0.0,998.0,6.6,317
2026-07-14 04:00:00,40.0,28.8,75,0.0,998.4,7.1,333
2026-07-14 05:00:00,27.0,26.4,91,0.0,999.0,10.4,219
2026-07-14 06:00:00,26.0,27.4,84,0.4,999.0,14.0,254
2026-07-14 07:00:00,37.0,28.8,76,0.0,999.1,9.0,237
2026-07-14 08:00:00,44.0,31.4,68,0.0,999.1,6.8,259
2026-07-14 09:00:00,51.0,32.6,60,0.0,999.7,8.1,269
2026-07-14 10:00:00,53.0,33.8,57,0.0,1000.0,8.7,262
2026-07-14 11:00:00,60.0,35.8,48,0.0,1000.0,10.5,282
2026-07-14 12:00:00,54.0,36.2,46,0.0,999.8,9.7,286
2026-07-14 13:00:00,54.0,36.5,43,0.0,999.4,9.3,283
2026-07-14 14:00:00,51.0,36.7,42,0.0,998.8,8.1,282
2026-07-14 15:00:00,54.0,36.8,41,0.0,998.2,8.6,285
2026-07-14 16:00:00,46.0,36.5,41,0.0,998.0,9.8,284
2026-07-14 17:00:00,49.0,30.0,76,0.0,998.6,11.3,194
2026-07-14 18:00:00,42.0,30.4,74,0.6,998.6,8.3,214
2026-07-14 19:00:00,27.0,29.5,79,0.0,999.7,10.0,206
2026-07-14 20:00:00,23.0,29.0,80,0.2,1000.4,6.8,235
2026-07-14 21:00:00,29.0,28.9,80,0.0,1000.8,7.4,223
2026-07-14 22:00:00,23.0,29.1,79,0.0,1001.3,6.9,237
2026-07-14 23:00:00,28.0,29.4,73,0.0,1001.2,6.2,206
2026-07-15 00:00:00,30.0,26.8,84,0.6,1001.2,5.6,135
2026-07-15 01:00:00,21.0,27.0,83,0.1,1000.8,7.5,191
2026-07-15 02:00:00,28.0,26.6,87,0.0,1001.0,5.8,106
2026-07-15 03:00:00,30.0,26.3,88,0.0,1000.3,3.8,107
2026-07-15 04:00:00,29.0,26.5,89,0.0,1000.2,2.8,215
2026-07-15 05:00:00,21.0,26.1,91,0.0,1001.3,12.3,129
2026-07-15 06:00:00,25.0,25.1,95,11.1,1002.0,9.1,153
2026-07-15 07:00:00,32.0,26.1,98,2.5,1001.3,8.2,194
2026-07-15 08:00:00,37.0,28.7,86,0.1,1002.0,5.4,186
2026-07-15 09:00:00,36.0,30.8,75,0.0,1002.2,2.7,208
2026-07-15 10:00:00,38.0,33.1,61,0.0,1002.2,6.5,267
2026-07-15 11:00:00,40.0,35.2,49,0.0,1002.0,8.3,275
2026-07-15 12:00:00,42.0,35.8,45,0.0,1001.6,7.1,285
2026-07-15 13:00:00,45.0,36.2,43,0.1,1000.8,8.2,296
2026-07-15 14:00:00,50.0,35.9,44,0.1,1000.4,8.3,309
2026-07-15 15:00:00,43.0,35.9,46,0.0,1000.0,7.4,304
2026-07-15 16:00:00,52.0,35.7,47,0.0,999.4,7.6,284
2026-07-15 17:00:00,50.0,35.5,45,0.0,999.2,2.7,208
2026-07-15 18:00:00,48.0,34.7,47,0.0,999.7,6.6,196
2026-07-15 19:00:00,52.0,33.6,54,0.0,1000.4,8.6,200
2026-07-15 20:00:00,53.0,33.0,58,0.0,1001.0,7.8,230
2026-07-15 21:00:00,45.0,32.5,60,0.0,1001.8,6.2,262
2026-07-15 22:00:00,40.0,32.3,60,0.0,1002.4,4.9,264
2026-07-15 23:00:00,37.0,33.2,59,0.0,1001.6,4.0,252
2026-07-16 00:00:00,40.0,32.6,58,0.0,1001.9,7.1,260
2026-07-16 01:00:00,36.0,31.9,60,0.0,1001.6,7.3,250
2026-07-16 02:00:00,39.0,31.5,61,0.0,1001.4,7.8,247
2026-07-16 03:00:00,35.0,31.2,61,0.0,1001.3,8.2,256
2026-07-16 04:00:00,35.0,30.9,60,0.0,1001.4,9.4,266
2026-07-16 05:00:00,36.0,30.8,62,0.0,1001.6,8.9,263
2026-07-16 06:00:00,40.0,31.0,61,0.0,1001.8,9.2,273
2026-07-16 07:00:00,42.0,32.0,57,0.0,1002.1,7.8,275
2026-07-16 08:00:00,54.0,33.3,54,0.0,1002.2,8.7,283
2026-07-16 09:00:00,55.0,35.0,51,0.0,1002.3,9.0,285
2026-07-16 10:00:00,47.0,36.5,43,0.0,1002.3,11.0,294
2026-07-16 11:00:00,48.0,37.6,39,0.0,1002.2,12.5,306
2026-07-16 12:00:00,50.0,37.3,40,0.0,1001.9,11.4,305
2026-07-16 13:00:00,49.0,37.9,38,0.0,1001.1,12.4,303
2026-07-16 14:00:00,48.0,38.1,37,0.0,1000.5,12.7,302
2026-07-16 15:00:00,48.0,38.0,37,0.0,999.6,12.4,300
2026-07-16 16:00:00,44.0,37.8,36,0.0,999.2,12.2,299
2026-07-16 17:00:00,45.0,38.2,35,0.0,998.5,13.0,314
2026-07-16 18:00:00,45.0,37.5,36,0.0,999.0,9.7,325
2026-07-16 19:00:00,44.0,36.6,39,0.0,999.6,7.0,337
2026-07-16 20:00:00,52.0,36.2,40,0.0,1000.2,3.1,336
2026-07-16 21:00:00,56.0,35.8,44,0.0,1000.9,0.9,281
2026-07-16 22:00:00,50.0,35.4,49,0.0,1001.1,0.0,270
2026-07-16 23:00:00,63.0,36.0,41,0.0,1000.3,2.2,90
2026-07-17 00:00:00,67.0,35.1,48,0.0,1000.2,1.8,84
2026-07-17 01:00:00,81.0,34.5,50,0.0,1000.1,1.7,72
2026-07-17 02:00:00,55.0,34.0,52,0.0,999.9,1.5,173
2026-07-17 03:00:00,42.0,33.4,54,0.0,999.9,3.1,234
2026-07-17 04:00:00,38.0,32.9,58,0.0,1000.1,2.0,243
2026-07-17 05:00:00,40.0,32.3,65,0.0,1000.2,5.0,308
2026-07-17 06:00:00,42.0,31.9,67,0.0,1000.9,4.1,272
2026-07-17 07:00:00,38.0,32.4,66,0.0,1001.3,5.5,261
2026-07-17 08:00:00,36.0,33.4,60,0.0,1001.4,8.0,265
2026-07-17 09:00:00,38.0,34.8,52,0.0,1001.5,8.8,274
2026-07-17 10:00:00,44.0,36.0,46,0.0,1001.7,9.1,280
2026-07-17 11:00:00,40.0,36.2,43,0.0,1001.9,10.5,311
2026-07-17 12:00:00,40.0,36.6,42,0.1,1001.4,11.0,311
2026-07-17 13:00:00,44.0,37.0,41,0.1,1000.7,11.5,305
2026-07-17 14:00:00,42.0,37.4,39,0.0,999.8,10.8,303
2026-07-17 15:00:00,40.0,37.6,38,0.0,998.9,11.5,305
2026-07-17 16:00:00,46.0,37.4,38,0.0,998.5,11.3,306
2026-07-17 17:00:00,41.0,36.8,40,0.0,998.6,10.2,323
2026-07-17 18:00:00,46.0,35.9,45,0.0,999.1,6.9,345
2026-07-17 19:00:00,49.0,34.6,56,0.0,999.5,2.8,11
2026-07-17 20:00:00,69.0,34.6,57,0.0,1000.1,1.0,59
2026-07-17 21:00:00,70.0,34.2,59,0.0,1001.0,0.8,135
2026-07-17 22:00:00,74.0,33.4,64,0.0,1001.2,3.0,163
2026-07-17 23:00:00,86.0,33.8,59,0.0,1000.6,2.2,185
2026-07-18 00:00:00,77.0,32.6,66,0.0,1000.5,4.5,187
2026-07-18 01:00:00,69.0,32.0,68,0.0,1000.4,4.9,219
2026-07-18 02:00:00,70.0,31.6,65,0.0,1000.2,4.9,242
2026-07-18 03:00:00,56.0,31.3,63,0.0,1000.0,4.3,253
2026-07-18 04:00:00,41.0,31.4,60,0.0,1000.0,6.5,246
2026-07-18 05:00:00,35.0,32.0,64,0.0,999.6,11.0,268
2026-07-18 06:00:00,34.0,31.9,57,0.0,1000.2,11.3,279
2026-07-18 07:00:00,32.0,32.4,54,0.0,1000.6,11.1,278
2026-07-18 08:00:00,35.0,32.6,55,0.0,1000.8,9.2,277
2026-07-18 09:00:00,35.0,33.5,53,0.0,1001.0,10.1,280
2026-07-18 10:00:00,34.0,35.4,48,0.0,1000.9,13.5,286
2026-07-18 11:00:00,34.0,35.8,47,0.0,1000.9,14.2,288
2026-07-18 12:00:00,38.0,35.9,46,0.0,1000.4,13.0,295
2026-07-18 13:00:00,38.0,36.6,44,0.0,999.7,11.4,301
2026-07-18 14:00:00,41.0,36.8,42,0.0,999.1,9.6,298
2026-07-18 15:00:00,47.0,37.1,40,0.0,998.7,9.1,297
2026-07-18 16:00:00,44.0,36.5,41,0.0,998.3,8.2,292
2026-07-18 17:00:00,48.0,37.0,38,0.0,998.3,4.9,298
2026-07-18 18:00:00,50.0,36.9,38,0.0,998.8,4.7,227
2026-07-18 19:00:00,48.0,35.6,44,0.0,999.4,7.8,206
2026-07-18 20:00:00,53.0,35.2,44,0.0,999.8,8.0,232
2026-07-18 21:00:00,50.0,34.7,52,0.0,1000.3,2.1,290
2026-07-18 22:00:00,48.0,33.6,53,0.0,1001.0,4.0,93
2026-07-18 23:00:00,47.0,34.0,56,0.0,1000.7,2.4,171
2026-07-19 00:00:00,53.0,32.8,60,0.1,1000.5,4.9,163
2026-07-19 01:00:00,55.0,32.2,64,0.1,1000.2,4.3,163
2026-07-19 02:00:00,49.0,31.6,67,0.0,999.9,7.0,177
2026-07-19 03:00:00,37.0,31.5,66,0.0,1000.1,6.0,196
2026-07-19 04:00:00,43.0,31.0,67,0.0,1000.2,5.8,206
2026-07-19 05:00:00,46.0,30.8,73,0.0,999.9,3.6,153
2026-07-19 06:00:00,46.0,30.9,74,0.0,1000.5,5.2,178
2026-07-19 07:00:00,46.0,31.7,73,0.0,1000.5,4.7,220
2026-07-19 08:00:00,40.0,33.2,59,0.0,1001.0,6.7,265
2026-07-19 09:00:00,40.0,33.7,54,0.0,1001.5,7.8,275
2026-07-19 10:00:00,47.0,34.8,49,0.0,1001.5,7.9,287
2026-07-19 11:00:00,39.0,36.4,43,0.0,1001.4,11.8,301
2026-07-19 12:00:00,45.0,36.5,44,0.1,1001.2,11.1,309
2026-07-19 13:00:00,39.0,35.9,47,0.0,1000.7,10.2,298
2026-07-19 14:00:00,37.0,36.4,46,0.0,999.9,6.0,307
2026-07-19 15:00:00,42.0,34.5,53,0.3,999.6,6.3,31
2026-07-19 16:00:00,47.0,33.8,59,0.8,999.9,5.7,66
2026-07-19 17:00:00,43.0,36.7,42,0.0,998.8,6.3,77
2026-07-19 18:00:00,59.0,33.3,66,0.0,999.8,12.6,110
2026-07-19 19:00:00,51.0,32.2,73,0.1,999.9,9.3,140
2026-07-19 20:00:00,69.0,31.7,79,0.0,1000.9,7.9,131
2026-07-19 21:00:00,64.0,31.6,78,0.0,1002.1,6.3,145
2026-07-19 22:00:00,68.0,31.2,80,0.3,1002.4,5.0,125
2026-07-19 23:00:00,67.0,30.9,82,0.3,1002.2,9.4,120
2026-07-20 00:00:00,51.0,28.7,89,1.4,1001.4,10.4,129
2026-07-20 01:00:00,52.0,27.8,89,0.1,1001.2,8.0,121
2026-07-20 02:00:00,50.0,27.6,88,0.0,1000.8,6.5,113
2026-07-20 03:00:00,46.0,27.7,89,0.0,1000.9,3.9,146
2026-07-20 04:00:00,44.0,27.2,94,3.6,1001.1,10.3,216
2026-07-20 05:00:00,42.0,29.5,77,0.9,1000.6,9.4,206
2026-07-20 06:00:00,50.0,29.4,78,0.0,1000.5,6.2,213
2026-07-20 07:00:00,49.0,28.7,83,2.1,1001.3,5.0,289
2026-07-20 08:00:00,41.0,27.5,92,5.1,1001.7,4.9,208
2026-07-20 09:00:00,45.0,28.6,89,0.6,1002.5,3.6,127
2026-07-20 10:00:00,48.0,28.3,89,1.0,1002.8,5.5,67
2026-07-20 11:00:00,52.0,32.2,70,0.7,1002.3,6.1,182
2026-07-20 12:00:00,55.0,30.0,79,2.3,1002.5,9.5,111
2026-07-20 13:00:00,37.0,30.6,77,0.9,1001.7,10.0,165
2026-07-20 14:00:00,44.0,30.0,80,0.5,1001.1,7.7,152
2026-07-20 15:00:00,40.0,30.6,79,0.2,1000.4,3.8,185
2026-07-20 16:00:00,33.0,31.1,77,0.0,1000.1,3.0,197
2026-07-20 17:00:00,30.0,30.0,79,0.1,1001.4,3.3,112
2026-07-20 18:00:00,28.0,27.2,93,7.7,1001.8,2.1,329
2026-07-20 20:00:00,32.0,27.5,94,1.3,1002.2,2.7,262
2026-07-20 21:00:00,35.0,27.7,94,0.4,1002.9,1.9,319
2026-07-20 22:00:00,47.0,27.7,91,0.1,1003.4,1.4,67
2026-07-20 23:00:00,46.0,27.0,95,0.2,1003.3,2.0,350
2026-07-21 00:00:00,36.0,27.1,91,0.4,1002.7,3.3,99
2026-07-21 01:00:00,35.0,26.7,93,0.3,1002.2,5.1,100
2026-07-21 02:00:00,32.0,26.6,92,0.0,1002.2,6.7,82
2026-07-21 03:00:00,40.0,26.4,93,0.0,1001.8,7.4,96
2026-07-21 04:00:00,25.0,26.1,93,0.6,1002.0,7.4,94
2026-07-21 05:00:00,15.0,26.2,93,0.8,1001.7,6.9,53
2026-07-21 06:00:00,17.0,26.1,92,2.6,1002.5,8.8,67
2026-07-21 07:00:00,35.0,26.1,93,0.5,1002.5,11.5,76
2026-07-21 08:00:00,30.0,26.6,91,0.2,1002.8,10.9,83
2026-07-21 09:00:00,24.0,27.5,85,0.1,1002.7,9.0,89
2026-07-21 10:00:00,21.0,28.5,80,0.1,1002.7,10.3,97
2026-07-21 11:00:00,25.0,27.5,91,0.1,1002.6,11.1,102
2026-07-21 12:00:00,33.0,28.7,89,0.7,1001.9,6.6,101
2026-07-21 13:00:00,34.0,30.3,80,0.5,1001.0,7.9,91
2026-07-21 14:00:00,31.0,28.7,83,2.1,1000.6,8.8,86
2026-07-21 15:00:00,27.0,28.4,87,1.7,1000.2,7.9,141
2026-07-21 16:00:00,26.0,29.2,83,0.4,999.6,3.9,133
2026-07-21 17:00:00,14.0,29.7,80,0.1,999.2,7.9,69
2026-07-21 18:00:00,16.0,29.5,77,0.2,999.7,7.6,109
2026-07-21 19:00:00,16.0,28.8,84,0.1,1000.6,5.4,116
2026-07-21 20:00:00,21.0,28.4,85,0.1,1001.3,6.7,109
2026-07-21 21:00:00,26.0,28.1,87,0.1,1002.0,8.0,98
2026-07-21 22:00:00,26.0,27.7,87,0.1,1002.6,10.5,112
2026-07-21 23:00:00,32.0,27.1,93,0.3,1002.4,11.5,125
2026-07-22 00:00:00,24.0,26.8,92,0.2,1001.9,10.3,123
2026-07-22 01:00:00,16.0,26.5,94,0.1,1001.4,8.8,110
2026-07-22 02:00:00,23.0,26.7,95,0.0,1000.9,8.6,105
2026-07-22 03:00:00,23.0,25.9,96,1.9,1001.2,10.2,103
2026-07-22 05:00:00,25.0,26.2,94,0.6,1001.2,10.3,113
2026-07-22 06:00:00,24.0,26.1,95,0.8,1001.7,12.9,108
2026-07-22 07:00:00,21.0,26.8,90,0.4,1001.9,14.5,111
2026-07-22 08:00:00,24.0,27.2,86,1.1,1002.4,13.4,110
2026-07-22 09:00:00,19.0,29.0,76,0.2,1002.2,14.1,118
2026-07-22 10:00:00,31.0,30.0,73,0.4,1002.1,13.3,122
2026-07-22 11:00:00,25.0,30.9,66,0.4,1001.8,15.4,125
2026-07-22 12:00:00,25.0,31.5,66,0.3,1001.5,14.2,119
2026-07-22 13:00:00,24.0,31.6,67,0.0,1000.6,11.4,114
2026-07-22 14:00:00,17.0,32.0,66,0.0,999.5,11.5,110
2026-07-22 15:00:00,22.0,32.0,66,0.1,998.9,11.0,113
2026-07-22 16:00:00,17.0,31.7,66,0.1,998.1,9.4,101
2026-07-22 17:00:00,13.0,28.3,88,0.5,999.0,4.6,18
2026-07-22 18:00:00,15.0,28.9,87,0.0,999.4,3.5,24
2026-07-22 19:00:00,21.0,28.8,90,0.0,999.9,4.8,45
2026-07-22 20:00:00,24.0,29.1,90,0.0,1000.5,6.9,59
2026-07-22 21:00:00,24.0,29.1,84,0.0,1000.9,9.4,85
2026-07-22 22:00:00,33.0,28.6,83,0.1,1001.1,9.1,99
2026-07-22 23:00:00,14.0,28.5,83,0.0,1000.8,10.3,105
2026-07-23 00:00:00,16.0,28.4,83,0.0,1000.6,11.4,101
2026-07-23 01:00:00,12.0,28.0,84,0.0,1000.1,10.8,105
2026-07-23 02:00:00,14.0,27.8,85,0.0,999.8,10.9,107
2026-07-23 03:00:00,24.0,27.5,85,0.0,999.6,10.1,106
2026-07-23 04:00:00,23.0,27.3,85,0.0,999.8,9.9,106
2026-07-23 05:00:00,10.0,26.9,92,0.0,999.9,8.7,108
2026-07-23 06:00:00,16.0,26.6,92,0.6,1000.3,7.9,107
2026-07-23 07:00:00,26.0,26.8,88,0.5,1000.4,11.4,111
2026-07-23 08:00:00,25.0,28.0,81,0.3,1000.7,12.2,110
2026-07-23 09:00:00,27.0,29.0,79,0.3,1000.3,10.0,107
2026-07-23 10:00:00,26.0,30.6,73,0.1,1000.1,11.9,110
2026-07-23 11:00:00,31.0,31.2,66,0.0,1000.1,14.1,106
2026-07-23 12:00:00,25.0,31.9,63,0.1,999.3,14.0,106
2026-07-23 13:00:00,28.0,32.3,62,0.2,998.5,13.5,109
2026-07-23 14:00:00,28.0,32.5,62,0.1,997.7,12.7,105
2026-07-23 15:00:00,27.0,30.4,74,1.5,997.7,12.3,122
2026-07-23 16:00:00,19.0,31.0,74,0.5,997.0,5.2,112
2026-07-23 17:00:00,22.0,31.9,65,0.2,997.1,12.8,110
2026-07-23 18:00:00,24.0,30.8,70,0.1,997.9,9.1,122
2026-07-23 19:00:00,20.0,30.2,74,0.0,998.3,8.0,104
2026-07-23 20:00:00,25.0,29.6,78,0.0,999.1,7.4,119
2026-07-23 21:00:00,22.0,26.6,93,2.8,1000.6,8.3,92
2026-07-23 22:00:00,26.0,26.9,91,0.1,1000.3,12.0,107
2026-07-23 23:00:00,29.0,27.6,87,0.0,1000.3,12.7,106
2026-07-24 00:00:00,33.0,27.2,87,0.0,1000.0,10.3,101
2026-07-24 01:00:00,31.0,27.1,88,0.0,999.8,10.1,110
2026-07-24 02:00:00,35.0,27.0,89,0.0,999.2,8.7,94
2026-07-24 03:00:00,30.0,26.8,90,0.0,999.3,8.9,96
2026-07-24 04:00:00,38.0,26.6,90,0.0,999.3,9.6,94
2026-07-24 05:00:00,35.0,25.8,94,0.0,999.6,8.5,88
2026-07-24 06:00:00,40.0,26.0,94,0.3,999.2,10.5,87
2026-07-24 07:00:00,34.0,26.9,90,0.0,999.6,9.4,93
2026-07-24 08:00:00,32.0,28.4,82,0.0,999.5,14.0,105
2026-07-24 09:00:00,44.0,29.6,75,0.1,999.8,13.8,110
2026-07-24 10:00:00,39.0,30.4,72,0.3,999.9,13.5,113
2026-07-24 11:00:00,23.0,31.0,73,0.2,1000.1,13.2,120
2026-07-24 12:00:00,13.0,31.6,70,0.3,999.7,12.6,138
2026-07-24 13:00:00,18.0,31.5,70,0.5,998.5,12.7,147
2026-07-24 14:00:00,16.0,29.0,80,3.5,998.7,11.6,134
2026-07-24 15:00:00,13.0,29.5,81,0.6,997.6,5.8,90
2026-07-24 16:00:00,14.0,30.7,73,0.1,996.9,7.9,117
2026-07-24 17:00:00,28.0,30.4,80,0.1,996.5,6.5,93
2026-07-24 18:00:00,24.0,30.4,81,0.0,997.1,7.4,93
2026-07-24 19:00:00,27.0,29.9,83,0.0,998.1,8.9,99
2026-07-24 20:00:00,29.0,29.5,83,0.0,999.2,9.7,101
2026-07-24 21:00:00,29.0,29.0,83,0.0,1000.2,10.2,100
2026-07-24 22:00:00,31.0,28.8,83,0.0,1000.6,10.3,102
2026-07-24 23:00:00,31.0,28.6,85,0.0,1000.4,12.5,106
2026-07-25 00:00:00,30.0,28.5,83,0.0,1000.3,12.2,116
2026-07-25 01:00:00,31.0,28.2,83,0.0,1000.5,11.3,117
2026-07-25 02:00:00,30.0,27.9,86,0.1,1000.6,10.0,113
2026-07-25 03:00:00,30.0,27.8,88,0.1,1000.4,10.3,117
2026-07-25 04:00:00,27.0,27.6,89,0.1,1000.4,9.4,121
2026-07-25 05:00:00,28.0,27.2,92,0.2,1000.3,9.7,118
2026-07-25 06:00:00,24.0,27.5,91,0.0,1001.4,8.1,133
2026-07-25 07:00:00,24.0,28.7,81,0.2,1001.8,8.4,127
2026-07-25 08:00:00,27.0,28.6,82,0.6,1002.1,11.2,112
2026-07-25 09:00:00,33.0,29.5,81,0.1,1002.4,9.3,103
2026-07-25 10:00:00,33.0,30.0,77,0.2,1002.6,10.2,103
2026-07-25 12:00:00,38.0,31.5,66,0.2,1001.4,11.4,114
2026-07-25 13:00:00,38.0,32.4,63,0.1,1000.8,11.2,123
2026-07-26 01:00:00,39.0,27.6,95,0.0,1001.8,7.9,102
2026-07-26 02:00:00,39.0,27.5,95,0.0,1001.5,7.3,101
2026-07-26 08:00:00,29.0,29.1,87,0.3,1002.1,2.3,90
2026-07-26 09:00:00,31.0,30.5,80,0.0,1001.8,2.5,90
2026-07-26 10:00:00,33.0,31.5,74,0.1,1002.1,2.7,82
2026-07-26 11:00:00,29.0,32.5,71,0.0,1002.1,2.8,63
2026-07-26 12:00:00,29.0,33.0,69,0.2,1001.8,3.0,104
2026-07-26 15:00:00,34.0,33.5,68,0.1,999.5,2.8,145
2026-07-26 16:00:00,34.0,33.2,70,0.1,998.8,3.1,126
2026-07-27 02:00:00,30.0,29.7,90,0.0,998.7,2.2,194
2026-07-27 03:00:00,33.0,29.6,89,0.0,998.7,2.1,195
2026-07-27 04:00:00,31.0,29.4,89,0.0,998.8,2.1,195
2026-07-27 05:00:00,32.0,29.3,90,0.0,998.8,2.2,318
2026-07-27 06:00:00,32.0,29.3,90,0.1,998.9,1.6,6
2026-07-27 08:00:00,26.0,31.6,75,0.0,999.2,1.0,292
2026-07-27 09:00:00,21.0,32.6,69,0.1,999.1,1.3,254
2026-07-27 10:00:00,18.0,33.4,65,0.1,999.3,2.0,275
2026-07-27 11:00:00,13.0,34.5,52,0.1,998.7,2.4,228
2026-07-27 12:00:00,18.0,35.3,50,0.0,998.7,3.0,213
2026-07-27 13:00:00,20.0,35.7,50,0.0,997.9,4.1,221
2026-07-27 14:00:00,23.0,35.4,52,0.1,997.0,5.2,245
2026-07-27 15:00:00,22.0,33.6,56,0.1,996.4,4.3,253
2026-07-27 16:00:00,21.0,34.0,56,0.2,996.4,3.8,251
2026-07-27 17:00:00,21.0,33.4,58,0.0,996.4,0.9,127
2026-07-27 19:00:00,40.0,31.8,71,0.0,996.7,4.2,121
2026-07-27 20:00:00,48.0,30.8,79,0.0,997.6,8.9,119
2026-07-27 21:00:00,44.0,29.7,84,0.0,998.3,9.0,127
2026-07-27 22:00:00,52.0,29.3,84,0.0,999.0,10.8,142
2026-07-27 23:00:00,47.0,30.3,85,0.1,998.4,10.3,139
2026-07-28 00:00:00,33.0,28.6,89,0.1,998.9,12.2,155
2026-07-28 01:00:00,31.0,26.9,95,1.3,999.1,8.5,108
2026-07-28 02:00:00,34.0,26.7,95,0.5,998.7,10.6,132
2026-07-28 03:00:00,21.0,26.0,96,0.2,998.3,7.7,129
2026-07-28 04:00:00,21.0,25.9,97,0.3,998.2,8.9,124
2026-07-28 05:00:00,23.0,28.8,92,0.1,997.5,7.5,150
2026-07-28 06:00:00,20.0,28.6,93,0.0,998.1,7.8,132
2026-07-28 07:00:00,24.0,28.9,90,0.1,998.3,7.4,148
2026-07-28 08:00:00,19.0,27.9,88,1.2,999.1,13.1,144
2026-07-28 09:00:00,20.0,27.6,91,0.7,999.8,8.6,143
2026-07-28 10:00:00,43.0,27.2,93,4.6,1000.7,8.9,156
2026-07-28 11:00:00,30.0,27.3,93,0.8,1000.5,7.7,126
2026-07-28 12:00:00,3.0,27.1,94,2.1,999.8,9.0,151
2026-07-28 13:00:00,4.0,26.9,93,1.6,999.7,7.0,162
2026-07-28 14:00:00,4.0,27.4,90,0.9,998.7,3.9,202
2026-07-28 16:00:00,13.0,27.7,86,0.4,997.4,3.6,180
2026-07-28 17:00:00,21.0,30.5,74,0.0,997.3,2.8,342
2026-07-28 18:00:00,16.0,29.9,77,0.0,997.5,3.4,18
2026-07-28 19:00:00,18.0,29.0,83,0.0,998.1,3.2,63
2026-07-28 20:00:00,22.0,28.5,85,0.0,998.9,4.2,83
2026-07-28 21:00:00,18.0,28.3,87,0.0,999.8,4.5,90
2026-07-28 22:00:00,16.0,28.0,89,0.2,1000.4,4.6,99
2026-07-28 23:00:00,20.0,27.6,90,0.2,1000.2,1.9,241
2026-07-29 00:00:00,17.0,27.4,92,0.4,1000.2,1.5,76
2026-07-29 01:00:00,23.0,26.9,96,0.8,1000.2,5.2,63
2026-07-29 02:00:00,20.0,26.7,97,0.7,999.7,4.7,81
2026-07-29 03:00:00,31.0,26.6,97,0.2,999.7,3.0,115
2026-07-29 04:00:00,36.0,26.6,98,0.0,1000.0,1.5,126
2026-07-29 05:00:00,40.0,27.0,96,0.1,999.5,1.6,186
2026-07-29 06:00:00,33.0,26.3,98,1.4,1000.2,1.4,180
2026-07-29 07:00:00,37.0,26.5,99,1.5,1000.7,3.0,104
2026-07-29 08:00:00,34.0,27.0,95,0.7,1000.8,1.5,104
2026-07-29 09:00:00,38.0,28.3,85,0.5,1001.1,2.3,119
2026-07-29 10:00:00,37.0,28.9,82,0.1,1001.1,3.5,152
2026-07-29 11:00:00,29.0,30.5,76,0.1,1000.5,2.4,261
2026-07-29 12:00:00,34.0,31.9,71,0.1,1000.2,2.3,238
2026-07-29 13:00:00,41.0,32.3,69,0.0,999.5,4.3,242
2026-07-29 14:00:00,38.0,32.6,68,0.0,998.5,5.6,243
2026-07-29 15:00:00,38.0,32.1,70,0.1,998.0,2.7,8
2026-07-29 16:00:00,42.0,31.1,78,0.1,997.3,5.7,66
2026-07-29 17:00:00,41.0,33.0,64,0.0,996.9,3.5,125
2026-07-29 18:00:00,36.0,32.2,69,0.0,996.9,3.9,114
2026-07-29 19:00:00,43.0,31.1,78,0.0,997.8,3.9,118
2026-07-29 20:00:00,45.0,30.5,82,0.0,998.7,5.3,128
2026-07-29 21:00:00,49.0,30.0,84,0.0,999.7,5.1,132
2026-07-29 22:00:00,54.0,29.5,88,0.0,999.9,3.5,129
2026-07-29 23:00:00,48.0,29.9,85,0.0,999.5,6.4,117
2026-07-30 00:00:00,62.0,29.2,89,0.0,999.2,7.5,105
2026-07-30 01:00:00,55.0,28.9,88,0.0,999.1,0.5,270
2026-07-30 02:00:00,50.0,25.9,96,1.5,999.3,4.3,336
2026-07-30 03:00:00,40.0,26.1,97,0.4,998.8,2.3,108
2026-07-30 04:00:00,29.0,26.4,99,0.1,998.6,1.8,186
2026-07-30 05:00:00,32.0,28.9,92,0.0,997.9,2.8,125
2026-07-30 06:00:00,41.0,28.6,94,1.0,998.3,1.3,315
2026-07-30 07:00:00,40.0,28.8,85,0.4,999.2,8.8,145
2026-07-30 08:00:00,44.0,29.3,83,0.4,999.6,7.4,146
2026-07-30 17:00:00,41.0,31.3,74,0.0,996.8,13.1,71
2026-07-30 18:00:00,33.0,28.8,84,0.1,997.5,10.1,74
2026-07-30 19:00:00,30.0,28.8,86,0.0,998.2,6.9,47
2026-07-30 20:00:00,33.0,28.7,90,0.0,999.0,6.7,56
2026-07-30 21:00:00,38.0,28.4,91,0.0,999.8,7.1,69
2026-07-30 22:00:00,38.0,28.4,90,0.0,1000.1,7.4,84
2026-07-31 00:00:00,24.0,28.8,90,0.0,999.4,10.2,99
2026-07-31 01:00:00,24.0,28.7,88,0.0,999.3,9.9,106
2026-07-31 02:00:00,14.0,28.5,87,0.0,999.3,9.8,103
2026-07-31 03:00:00,25.0,28.3,87,0.0,999.2,9.9,100
2026-07-31 04:00:00,25.0,28.0,86,0.0,999.5,10.5,96
2026-07-31 06:00:00,15.0,28.1,84,0.1,999.7,9.7,102
2026-07-31 07:00:00,16.0,28.7,81,0.0,1000.2,9.2,96
2026-07-31 08:00:00,22.0,29.0,79,0.2,1000.5,13.1,99
2026-07-31 09:00:00,15.0,29.7,75,0.2,1000.7,13.3,100
2026-07-31 10:00:00,21.0,30.2,72,0.3,1000.8,13.7,101
2026-07-31 11:00:00,17.0,30.9,70,0.6,1000.9,12.4,107
2026-07-31 12:00:00,29.0,31.3,66,0.1,1000.3,14.5,101
2026-07-31 13:00:00,23.0,31.6,67,0.2,999.5,10.8,92
2026-07-31 14:00:00,27.0,32.4,67,0.1,998.5,10.6,90
2026-07-31 15:00:00,27.0,32.6,66,0.1,997.4,11.5,92
2026-07-31 16:00:00,21.0,31.8,69,0.5,997.0,10.7,95
2026-07-31 17:00:00,25.0,31.8,69,0.9,997.0,6.7,90
2026-07-31 18:00:00,21.0,31.2,73,0.0,997.6,7.2,78
2026-07-31 19:00:00,18.0,30.3,79,0.0,998.3,7.4,77
2026-07-31 20:00:00,21.0,29.9,82,0.0,999.1,8.1,78
2026-07-31 21:00:00,28.0,29.7,82,0.1,999.9,10.6,105
2026-07-31 22:00:00,24.0,29.2,84,0.0,1000.4,10.3,106
2026-07-31 23:00:00,21.0,28.4,86,0.0,999.9,9.2,84
2026-08-01 00:00:00,30.0,28.7,86,0.0,999.8,10.7,102
2026-08-01 01:00:00,34.0,27.8,90,1.0,999.9,8.7,112
2026-08-01 02:00:00,34.0,27.7,87,0.0,999.4,10.1,102
2026-08-01 04:00:00,23.0,27.6,89,0.0,999.5,9.0,90
2026-08-01 05:00:00,23.0,27.0,93,0.1,999.5,10.0,99
2026-08-01 06:00:00,23.0,26.8,92,0.0,1000.0,12.3,79
2026-08-01 07:00:00,17.0,27.1,88,0.2,1000.4,11.6,82
2026-08-01 08:00:00,31.0,27.9,83,0.0,1000.3,12.1,100
2026-08-01 09:00:00,42.0,29.7,76,0.1,1000.1,11.4,106
2026-08-01 10:00:00,46.0,31.0,70,0.2,1000.0,11.7,111
2026-08-01 11:00:00,42.0,32.0,66,0.3,999.7,11.4,109
2026-08-01 12:00:00,46.0,32.6,66,0.2,999.0,10.3,103
2026-08-01 13:00:00,44.0,32.4,67,0.2,998.5,12.1,105
2026-08-01 14:00:00,46.0,31.1,73,0.7,998.0,9.0,61
2026-08-01 15:00:00,38.0,31.3,74,0.1,997.1,8.1,65
2026-08-01 16:00:00,40.0,31.8,71,0.1,996.6,8.0,63
2026-08-01 17:00:00,44.0,30.4,80,0.5,997.2,8.2,82
2026-08-01 18:00:00,45.0,30.7,78,0.0,997.6,6.4,98
2026-08-01 19:00:00,46.0,30.2,82,0.0,998.0,6.7,92
2026-08-01 20:00:00,47.0,29.9,84,0.0,998.8,6.5,82
2026-08-01 21:00:00,51.0,29.6,85,0.0,999.7,8.8,86
2026-08-01 22:00:00,47.0,29.4,85,0.0,1000.0,9.3,105
2026-08-01 23:00:00,49.0,26.7,90,0.0,1000.3,11.0,111
2026-08-02 00:00:00,35.0,26.9,91,0.8,999.8,11.2,123
2026-08-02 01:00:00,21.0,27.0,92,0.4,1000.2,9.0,116
2026-08-02 02:00:00,10.0,27.0,93,0.2,1000.0,6.6,107
2026-08-02 03:00:00,9.0,26.9,94,0.0,999.4,6.2,98
2026-08-02 04:00:00,9.0,26.9,94,0.0,1000.0,6.8,115
2026-08-02 05:00:00,18.0,27.1,96,0.0,1000.1,9.2,92
2026-08-02 06:00:00,30.0,26.5,96,0.3,1000.8,10.0,99
2026-08-02 07:00:00,37.0,27.1,94,0.4,1000.9,6.3,93
2026-08-02 08:00:00,33.0,28.8,85,0.1,1001.0,7.9,102
2026-08-02 09:00:00,29.0,30.6,76,0.0,1000.8,8.6,113
2026-08-02 10:00:00,21.0,32.0,68,0.1,1000.6,8.3,114
2026-08-02 11:00:00,27.0,33.7,59,0.1,1000.4,7.5,127
2026-08-02 12:00:00,28.0,33.4,61,0.4,1000.1,7.4,93
2026-08-02 13:00:00,30.0,32.4,65,1.0,1000.0,8.3,92
2026-08-02 14:00:00,35.0,32.5,68,0.4,999.0,7.5,110
2026-08-02 15:00:00,31.0,33.0,65,0.1,998.2,6.7,109
2026-08-02 16:00:00,19.0,33.0,64,0.3,997.8,7.5,123
2026-08-02 17:00:00,34.0,29.2,84,0.2,999.0,3.6,150
2026-08-02 18:00:00,31.0,27.9,90,2.0,999.7,10.0,75
2026-08-02 19:00:00,29.0,27.5,94,1.8,999.3,3.1,87
2026-08-02 20:00:00,29.0,27.7,95,0.4,1000.2,5.2,46
2026-08-02 22:00:00,33.0,27.9,97,0.0,1001.6,6.8,72
2026-08-02 23:00:00,36.0,28.8,96,0.0,1000.9,6.8,101
2026-08-03 00:00:00,35.0,28.5,97,0.0,1000.6,7.2,87
2026-08-03 01:00:00,38.0,28.3,96,0.0,1000.6,7.7,106
2026-08-03 02:00:00,36.0,27.7,94,0.0,1000.3,8.4,101
2026-08-03 03:00:00,31.0,27.4,94,0.0,1000.0,7.6,108
2026-08-03 04:00:00,27.0,27.3,95,0.0,1000.1,7.7,120
2026-08-03 05:00:00,30.0,27.7,95,0.0,999.9,8.3,132
2026-08-03 06:00:00,28.0,27.1,97,0.1,1000.5,2.3,4
2026-08-03 07:00:00,35.0,27.7,93,0.1,1000.7,7.3,100
2026-08-03 08:00:00,37.0,28.7,87,0.1,1001.5,4.2,130
2026-08-03 09:00:00,39.0,29.6,81,0.0,1001.7,2.7,110
2026-08-03 10:00:00,22.0,30.8,77,0.0,1001.8,4.7,106
2026-08-03 11:00:00,24.0,31.7,71,0.1,1001.4,5.4,116
2026-08-03 12:00:00,22.0,33.3,65,0.2,1001.0,6.7,110
2026-08-03 13:00:00,17.0,34.1,62,0.0,1000.7,7.5,110
2026-08-03 14:00:00,23.0,31.9,68,1.0,999.9,12.5,147
2026-08-03 15:00:00,14.0,31.6,74,0.5,1000.1,2.4,107
2026-08-03 16:00:00,12.0,31.3,74,0.1,999.3,6.0,164
2026-08-03 17:00:00,19.0,33.3,67,0.2,998.5,9.3,146
2026-08-03 18:00:00,24.0,30.6,75,0.0,998.6,7.7,155
2026-08-03 19:00:00,32.0,27.4,93,7.7,1000.7,4.0,100
2026-08-03 20:00:00,27.0,27.4,95,1.6,1001.3,6.5,138
2026-08-03 21:00:00,32.0,27.4,94,1.2,1002.2,2.3,212
2026-08-03 22:00:00,21.0,27.2,94,0.9,1002.4,2.4,126
2026-08-03 23:00:00,21.0,26.7,97,0.4,1002.2,4.1,135
2026-08-04 00:00:00,21.0,27.1,96,1.5,1001.8,6.4,144
2026-08-04 01:00:00,28.0,27.0,97,0.4,1001.4,7.2,145
2026-08-04 02:00:00,20.0,26.7,98,0.2,1001.3,5.8,141
2026-08-04 03:00:00,16.0,26.7,97,0.1,1001.6,4.9,126
2026-08-04 04:00:00,3.0,26.7,97,0.0,1001.5,3.6,135
2026-08-04 05:00:00,6.0,27.0,96,0.0,1000.9,8.4,170
2026-08-04 06:00:00,13.0,26.6,97,0.3,1001.8,8.5,184
2026-08-04 07:00:00,18.0,27.1,93,0.2,1002.0,1.9,241
2026-08-04 08:00:00,12.0,28.0,88,0.0,1002.4,2.9,187
2026-08-04 09:00:00,12.0,29.7,79,0.0,1002.6,4.7,122
2026-08-04 10:00:00,21.0,30.6,77,0.1,1003.1,3.2,133
2026-08-04 11:00:00,25.0,28.9,85,0.4,1003.1,5.4,272
2026-08-04 12:00:00,16.0,28.2,91,2.8,1002.7,4.4,330
2026-08-04 13:00:00,18.0,28.8,85,0.6,1002.2,7.1,354
2026-08-04 14:00:00,13.0,29.1,84,0.3,1001.6,7.6,360
2026-08-04 15:00:00,15.0,29.5,82,0.2,1000.9,5.5,351
2026-08-04 16:00:00,20.0,29.1,83,0.1,1000.0,3.7,349
2026-08-04 17:00:00,23.0,27.5,92,0.0,1000.5,1.5,83
2026-08-04 18:00:00,21.0,27.3,94,1.8,1000.5,1.9,146
2026-08-04 19:00:00,25.0,27.2,95,0.9,1000.8,1.0,31
2026-08-04 20:00:00,24.0,27.3,96,0.6,1001.5,1.5,284
2026-08-04 21:00:00,19.0,27.3,96,0.6,1002.3,1.6,63
2026-08-04 22:00:00,19.0,27.1,96,0.9,1002.4,1.1,189
2026-08-05 00:00:00,16.0,27.5,97,0.0,1000.9,2.7,20
2026-08-05 02:00:00,15.0,27.4,93,0.1,1000.2,1.5,346
2026-08-05 03:00:00,23.0,27.0,92,0.1,1000.2,2.6,326
2026-08-05 04:00:00,29.0,26.4,96,1.0,1000.2,3.3,45
2026-08-05 05:00:00,34.0,26.1,95,0.1,1000.1,2.2,360
2026-08-05 06:00:00,32.0,25.7,95,2.4,1000.5,2.0,265
2026-08-05 07:00:00,32.0,26.8,94,0.1,1000.5,2.8,288
2026-08-05 09:00:00,42.0,30.0,77,0.0,1000.4,3.7,317
2026-08-05 10:00:00,58.0,31.3,69,0.0,1000.1,4.7,310
2026-08-05 11:00:00,45.0,31.6,71,0.1,1000.2,3.6,300
2026-08-05 12:00:00,47.0,31.1,72,0.1,999.0,4.4,289
2026-08-05 13:00:00,50.0,31.9,69,0.0,998.6,5.0,300
2026-08-05 14:00:00,23.0,31.8,68,0.0,997.6,5.7,294
2026-08-05 15:00:00,32.0,33.0,62,0.0,997.1,6.9,293
2026-08-05 16:00:00,33.0,32.7,63,0.0,996.8,4.5,299
2026-08-05 17:00:00,37.0,28.3,94,0.0,997.3,5.3,80
2026-08-05 18:00:00,41.0,28.4,88,0.9,997.8,4.6,211
2026-08-05 19:00:00,37.0,28.1,90,0.5,998.7,7.0,193
2026-08-05 20:00:00,37.0,27.6,92,0.9,999.5,6.7,178
2026-08-05 21:00:00,41.0,27.8,93,0.0,1000.1,5.3,145
2026-08-05 22:00:00,45.0,27.8,95,0.0,1000.1,4.4,153
2026-08-05 23:00:00,37.0,27.3,100,0.1,999.7,5.4,140
2026-08-06 00:00:00,44.0,27.3,96,2.8,999.2,2.6,168
2026-08-06 01:00:00,29.0,26.4,95,2.1,999.3,5.6,153
2026-08-06 02:00:00,25.0,26.5,96,2.5,998.6,3.8,211
2026-08-06 03:00:00,25.0,26.8,95,0.1,998.6,4.4,201
2026-08-06 04:00:00,35.0,26.9,97,0.0,999.0,5.4,230
2026-08-06 05:00:00,27.0,27.4,95,0.0,998.5,3.5,145
2026-08-06 06:00:00,24.0,27.5,94,0.2,999.5,2.7,113
2026-08-06 07:00:00,25.0,27.7,92,0.3,1000.3,6.7,114
2026-08-06 08:00:00,29.0,27.3,90,0.7,1001.0,7.0,122
2026-08-06 09:00:00,23.0,27.0,88,1.8,1001.6,3.6,117
2026-08-06 10:00:00,15.0,26.7,87,1.5,1001.7,1.6,84
2026-08-06 11:00:00,24.0,26.8,85,1.0,1001.6,1.8,45
2026-08-06 12:00:00,19.0,28.0,80,1.0,1001.1,3.0,17
2026-08-06 13:00:00,18.0,27.5,84,0.6,1000.6,4.6,315
2026-08-06 14:00:00,27.0,27.3,85,0.3,999.8,5.5,306
2026-08-06 15:00:00,30.0,27.2,87,0.4,999.6,5.5,302
2026-08-06 16:00:00,30.0,27.8,84,0.0,999.1,6.9,319
2026-08-06 18:00:00,12.0,27.5,91,0.4,999.0,7.4,22
2026-08-06 19:00:00,17.0,27.3,92,0.1,999.6,5.2,6
2026-08-06 20:00:00,30.0,27.1,93,0.0,1000.1,4.7,353
2026-08-06 21:00:00,25.0,27.0,94,0.0,1000.6,5.7,32
2026-08-06 22:00:00,32.0,26.9,94,0.0,1000.7,5.9,59
2026-08-06 23:00:00,35.0,26.7,93,0.0,1000.9,8.7,84
2026-08-07 00:00:00,31.0,26.0,97,1.7,1000.4,8.0,85
2026-08-07 01:00:00,36.0,26.0,97,1.2,1000.1,3.3,61
2026-08-07 02:00:00,49.0,26.0,98,0.2,999.8,4.2,355
2026-08-07 03:00:00,28.0,25.9,99,0.0,999.6,6.0,9
2026-08-07 04:00:00,28.0,25.9,95,0.2,999.6,6.9,14
2026-08-07 05:00:00,17.0,26.3,97,2.8,999.2,3.9,43
2026-08-07 06:00:00,21.0,26.2,98,0.8,999.4,6.1,304
2026-08-07 07:00:00,13.0,25.9,96,4.2,1000.2,7.8,50
2026-08-07 08:00:00,24.0,26.5,94,2.8,1000.3,9.7,22
2026-08-07 09:00:00,28.0,26.6,92,3.4,1000.6,12.4,43
2026-08-07 10:00:00,19.0,27.0,92,1.6,1000.7,11.1,36
2026-08-07 11:00:00,25.0,27.3,90,2.4,1000.4,14.6,58
2026-08-07 12:00:00,18.0,26.4,96,7.6,1000.0,11.8,51
2026-08-07 13:00:00,23.0,27.2,95,1.9,999.3,12.0,55
2026-08-07 14:00:00,38.0,28.4,89,0.6,998.6,10.5,27
2026-08-07 15:00:00,34.0,29.5,82,0.1,998.0,11.1,13
2026-08-07 16:00:00,23.0,28.6,79,0.8,998.0,12.6,28
2026-08-07 17:00:00,17.0,27.2,92,9.6,998.4,9.8,24
2026-08-07 18:00:00,14.0,27.0,93,1.1,998.4,8.2,32
2026-08-07 19:00:00,14.0,26.7,95,1.1,999.3,7.7,49
2026-08-07 20:00:00,13.0,26.4,95,0.2,1000.1,12.1,46
2026-08-07 21:00:00,21.0,25.7,97,3.0,1000.8,11.7,52
2026-08-07 22:00:00,26.0,25.7,96,8.3,1001.1,9.3,34
2026-08-07 23:00:00,39.0,25.9,97,11.9,1000.9,2.3,32
2026-08-08 00:00:00,31.0,26.0,98,1.4,1000.4,7.2,357
2026-08-08 01:00:00,33.0,25.8,96,0.3,1000.0,10.3,12
2026-08-08 02:00:00,34.0,25.3,96,1.8,999.9,6.8,29
2026-08-08 03:00:00,30.0,24.9,99,5.7,999.9,7.6,3
2026-08-08 04:00:00,45.0,24.8,99,5.8,1000.0,6.5,13
2026-08-08 05:00:00,34.0,25.5,96,0.5,999.7,2.2,90
2026-08-08 06:00:00,38.0,25.6,96,5.8,1000.5,10.5,102
2026-08-08 07:00:00,38.0,26.0,95,1.3,1000.6,6.9,104
2026-08-08 09:00:00,40.0,29.6,85,0.1,1001.3,6.5,85
2026-08-08 10:00:00,37.0,31.1,77,0.1,1001.3,12.6,115
2026-08-08 11:00:00,34.0,29.6,80,0.8,1001.9,13.3,113
2026-08-08 12:00:00,28.0,31.2,74,0.5,1001.5,12.4,111
2026-08-08 13:00:00,32.0,30.8,73,0.5,1000.9,12.9,130
2026-08-08 14:00:00,28.0,30.7,76,1.0,999.9,7.0,108
2026-08-08 15:00:00,27.0,32.3,66,0.1,999.3,8.1,129
2026-08-08 16:00:00,18.0,32.2,66,0.1,998.7,7.4,108
2026-08-08 17:00:00,9.0,31.1,73,0.8,999.6,8.6,119
2026-08-08 18:00:00,13.0,30.3,78,0.0,999.9,6.5,104
2026-08-08 19:00:00,17.0,29.4,82,0.0,1000.2,5.9,113
2026-08-08 20:00:00,32.0,29.1,85,0.0,1001.3,4.0,117
2026-08-08 21:00:00,32.0,28.9,87,0.0,1002.1,6.4,101
2026-08-08 22:00:00,35.0,28.6,87,0.0,1002.7,5.4,98
2026-08-08 23:00:00,38.0,29.1,89,0.0,1002.4,2.6,51
2026-08-09 00:00:00,30.0,28.5,90,0.1,1002.3,3.1,54
2026-08-09 01:00:00,48.0,28.2,90,0.4,1002.0,2.9,79
2026-08-09 02:00:00,45.0,27.2,92,0.3,1002.2,5.8,68
2026-08-09 03:00:00,49.0,26.9,94,0.6,1002.2,5.2,112
2026-08-09 04:00:00,45.0,26.6,95,0.2,1002.3,4.8,138
2026-08-09 05:00:00,44.0,25.3,97,0.1,1002.3,4.7,94
2026-08-09 06:00:00,49.0,26.0,96,0.0,1002.6,3.5,111
2026-08-09 07:00:00,36.0,27.3,93,0.0,1003.0,1.8,45
2026-08-09 08:00:00,41.0,29.2,85,0.0,1003.1,3.1,83
2026-08-09 09:00:00,32.0,30.8,79,0.0,1003.1,5.1,107
2026-08-09 10:00:00,29.0,31.7,74,0.1,1003.4,6.5,124
2026-08-09 11:00:00,33.0,32.6,68,0.0,1002.7,8.9,119
2026-08-09 12:00:00,21.0,32.9,66,0.2,1002.1,6.1,122
2026-08-09 13:00:00,18.0,33.6,62,0.0,1001.4,4.8,124
2026-08-09 14:00:00,20.0,33.9,61,0.0,1000.5,4.4,109
2026-08-09 15:00:00,24.0,34.1,61,0.0,999.8,2.2,81
2026-08-09 16:00:00,15.0,33.8,61,0.0,999.2,3.3,54
2026-08-09 17:00:00,23.0,34.0,60,0.0,998.9,3.3,131
2026-08-09 18:00:00,27.0,32.0,71,0.5,999.8,4.4,30
2026-08-09 19:00:00,30.0,30.9,80,0.0,1000.4,4.4,99
2026-08-09 20:00:00,33.0,30.4,82,0.0,1000.7,4.7,130
2026-08-09 21:00:00,28.0,30.0,83,0.0,1001.8,4.0,148
2026-08-09 22:00:00,31.0,29.6,85,0.0,1002.2,3.7,119
2026-08-09 23:00:00,33.0,30.3,80,0.0,1001.5,7.4,139
2026-08-10 00:00:00,35.0,29.3,85,0.0,1001.4,3.1,114
2026-08-10 01:00:00,36.0,27.4,92,0.2,1001.4,9.0,327
2026-08-10 02:00:00,36.0,27.1,92,0.1,1001.0,4.4,330
2026-08-10 03:00:00,30.0,27.4,93,0.0,1000.6,4.1,77
2026-08-10 04:00:00,43.0,27.7,93,0.0,1001.0,4.6,72
2026-08-10 05:00:00,43.0,27.8,90,0.0,1000.8,8.1,114
2026-08-10 07:00:00,40.0,27.5,89,0.1,1001.8,5.0,125
2026-08-10 08:00:00,36.0,28.5,85,0.0,1002.0,6.0,136
2026-08-10 09:00:00,32.0,29.7,80,0.0,1002.1,7.6,135
2026-08-10 10:00:00,34.0,31.1,74,0.0,1002.2,5.5,131
2026-08-10 11:00:00,43.0,33.0,64,0.0,1001.4,6.2,139
2026-08-10 12:00:00,36.0,33.0,66,0.0,1001.2,4.9,126
2026-08-10 13:00:00,30.0,29.5,81,3.0,1001.5,13.6,95
2026-08-10 14:00:00,25.0,28.4,89,3.2,1000.5,2.0,10
2026-08-10 15:00:00,29.0,29.2,86,1.1,1000.1,1.9,214
2026-08-10 16:00:00,11.0,29.6,83,0.0,999.4,2.7,290
2026-08-10 17:00:00,25.0,29.9,82,0.0,999.7,8.5,32
2026-08-10 18:00:00,33.0,29.4,85,0.0,1000.0,6.2,49
2026-08-10 19:00:00,37.0,28.9,88,0.0,1000.5,6.0,65
2026-08-10 20:00:00,41.0,28.6,90,0.0,1001.3,5.3,66
2026-08-10 21:00:00,45.0,28.6,91,0.0,1002.0,3.4,87
2026-08-10 22:00:00,55.0,28.5,92,0.0,1001.9,3.2,63
2026-08-10 23:00:00,50.0,27.9,95,0.0,1001.0,6.0,61
2026-08-11 00:00:00,45.0,27.7,95,0.2,1000.9,9.6,96
2026-08-11 01:00:00,33.0,27.5,94,0.0,1000.8,8.5,114
2026-08-11 02:00:00,36.0,27.3,95,0.0,1000.9,8.8,113
2026-08-11 03:00:00,28.0,27.1,96,0.1,1000.5,7.6,109
2026-08-11 04:00:00,26.0,27.3,90,0.1,1000.9,7.8,127
2026-08-11 05:00:00,27.0,26.8,94,0.8,1001.3,7.2,148
2026-08-11 06:00:00,35.0,27.0,93,0.1,1001.4,7.3,134
2026-08-11 07:00:00,32.0,27.6,90,0.0,1002.1,8.1,155
2026-08-11 08:00:00,35.0,28.5,87,0.0,1002.4,5.7,162
2026-08-11 09:00:00,51.0,29.0,85,0.0,1002.7,5.6,153
2026-08-11 10:00:00,57.0,30.1,81,0.1,1002.7,4.3,138
2026-08-11 11:00:00,59.0,30.0,81,0.9,1002.5,4.0,87
2026-08-11 12:00:00,65.0,28.2,88,4.5,1002.5,7.7,57
2026-08-11 13:00:00,78.0,28.3,92,2.1,1001.9,5.4,86
2026-08-11 14:00:00,67.0,29.2,89,0.6,1001.0,4.8,70
2026-08-11 15:00:00,59.0,30.3,83,0.2,999.7,5.5,58
2026-08-11 16:00:00,59.0,30.5,79,0.0,999.4,5.0,41
2026-08-11 17:00:00,59.0,30.4,79,0.2,999.8,3.8,90
2026-08-11 19:00:00,34.0,29.3,87,0.2,1000.3,3.1,126
2026-08-11 20:00:00,44.0,28.9,89,0.2,1001.3,4.4,117
2026-08-11 21:00:00,40.0,28.7,89,0.1,1002.1,3.6,143
2026-08-11 22:00:00,45.0,28.3,90,0.0,1002.3,4.4,150
2026-08-11 23:00:00,48.0,28.7,87,0.0,1001.9,4.9,144
2026-08-12 00:00:00,44.0,28.4,88,0.0,1001.8,3.1,167
2026-08-12 01:00:00,44.0,28.3,89,0.0,1001.8,0.5,360
2026-08-12 02:00:00,47.0,27.8,91,0.0,1001.8,2.8,45
2026-08-12 03:00:00,35.0,27.4,93,0.0,1001.9,3.6,60
2026-08-12 04:00:00,37.0,27.1,95,0.0,1002.0,2.4,54
2026-08-12 05:00:00,34.0,27.5,97,0.0,1001.8,2.2,66
2026-08-12 06:00:00,42.0,27.4,97,0.0,1002.1,2.9,4
2026-08-12 07:00:00,58.0,28.5,92,0.0,1002.3,2.7,352
2026-08-12 08:00:00,49.0,30.0,82,0.0,1002.7,3.1,353
2026-08-12 09:00:00,64.0,31.2,74,0.0,1002.7,3.4,357
2026-08-12 10:00:00,47.0,32.1,69,0.1,1002.6,2.7,4
2026-08-12 11:00:00,41.0,33.0,64,0.1,1002.2,3.5,336
2026-08-12 12:00:00,52.0,33.6,63,0.1,1001.7,2.3,337
2026-08-12 13:00:00,57.0,34.1,60,0.1,1000.7,1.9,319
2026-08-12 14:00:00,59.0,34.5,59,0.1,1000.1,0.2,360
2026-08-12 15:00:00,50.0,34.7,59,0.0,999.8,0.2,270
2026-08-12 16:00:00,41.0,34.4,60,0.0,999.1,0.0,270
2026-08-12 17:00:00,43.0,34.3,61,0.2,999.4,3.5,55
2026-08-12 18:00:00,45.0,31.9,73,0.5,1000.5,5.8,261
2026-08-12 19:00:00,46.0,30.0,83,0.3,1001.7,8.1,253
2026-08-12 20:00:00,61.0,28.7,87,0.0,1002.3,5.9,218
2026-08-12 21:00:00,59.0,28.6,91,0.0,1003.3,6.3,231
2026-08-12 22:00:00,50.0,28.5,92,0.0,1003.6,5.0,167
2026-08-12 23:00:00,45.0,30.0,84,0.0,1003.4,5.8,173
2026-08-13 00:00:00,48.0,29.3,87,0.0,1003.5,3.8,199
2026-08-13 01:00:00,45.0,29.0,88,0.0,1002.8,4.2,220
2026-08-13 02:00:00,52.0,28.8,88,0.0,1002.2,4.3,255
2026-08-13 03:00:00,37.0,28.5,89,0.0,1002.3,5.6,277
2026-08-13 04:00:00,20.0,28.1,92,0.0,1002.0,3.1,277
2026-08-13 05:00:00,23.0,27.3,95,0.0,1002.1,5.1,266
2026-08-13 06:00:00,28.0,26.9,94,0.2,1002.5,10.1,246
2026-08-13 07:00:00,25.0,28.1,90,0.0,1002.6,6.3,272
2026-08-13 08:00:00,16.0,30.1,80,0.0,1002.4,3.8,311
2026-08-13 09:00:00,39.0,31.6,75,0.0,1002.4,4.1,315
2026-08-13 10:00:00,36.0,32.6,71,0.0,1002.6,2.7,307
2026-08-13 11:00:00,29.0,33.3,67,0.1,1002.6,3.1,291
2026-08-13 12:00:00,29.0,34.2,64,0.0,1001.9,3.5,192
2026-08-13 13:00:00,32.0,33.5,63,0.2,1001.1,8.2,251
2026-08-13 14:00:00,22.0,32.8,68,0.8,1000.8,3.9,286
2026-08-13 15:00:00,11.0,33.7,66,0.0,999.9,5.1,293
2026-08-13 16:00:00,19.0,33.5,67,0.0,999.3,4.8,312
2026-08-13 17:00:00,19.0,30.2,87,0.7,1000.1,3.8,25
2026-08-13 18:00:00,28.0,30.3,85,0.2,1000.1,1.8,156
2026-08-13 19:00:00,35.0,29.9,89,0.0,1000.7,3.8,175
2026-08-13 20:00:00,46.0,30.0,89,0.0,1001.4,2.7,222
2026-08-13 21:00:00,44.0,30.1,88,0.0,1002.1,2.5,225
2026-08-13 22:00:00,48.0,29.9,88,0.0,1002.0,3.3,202
2026-08-13 23:00:00,54.0,30.5,88,0.0,1001.4,2.1,200
2026-08-14 00:00:00,55.0,30.0,88,0.0,1001.2,3.1,204
2026-08-14 01:00:00,59.0,29.6,89,0.0,1000.9,4.2,227
2026-08-14 02:00:00,62.0,29.4,89,0.0,1000.8,3.9,248
2026-08-14 03:00:00,44.0,29.2,89,0.0,1000.6,4.0,252
2026-08-14 04:00:00,23.0,28.9,90,0.0,1000.7,4.6,257
2026-08-14 05:00:00,20.0,27.5,96,0.0,1000.9,0.7,194
2026-08-14 06:00:00,25.0,26.8,98,2.9,1002.0,3.8,121
2026-08-14 07:00:00,25.0,27.2,96,0.8,1002.4,4.1,135
2026-08-14 08:00:00,20.0,28.2,91,0.2,1003.1,2.8,165
2026-08-14 09:00:00,26.0,28.8,85,0.2,1003.1,3.7,331
2026-08-14 10:00:00,20.0,29.8,81,0.1,1003.0,1.2,321
2026-08-14 11:00:00,25.0,30.4,79,0.1,1003.6,2.4,297
2026-08-14 12:00:00,25.0,30.6,80,0.7,1003.8,1.5,277
2026-08-14 13:00:00,18.0,31.2,78,0.3,1003.1,2.6,78
2026-08-14 14:00:00,5.0,30.3,80,0.3,1002.9,5.4,50
2026-08-14 15:00:00,14.0,29.1,85,0.8,1002.4,1.5,150
2026-08-14 16:00:00,19.0,29.4,84,0.4,1001.4,0.9,127
2026-08-14 17:00:00,22.0,29.9,80,0.1,1001.1,4.1,88
2026-08-14 18:00:00,27.0,29.3,83,0.0,1001.5,3.6,84
2026-08-14 19:00:00,38.0,28.7,87,0.0,1002.1,4.2,70
2026-08-14 20:00:00,38.0,28.3,89,0.0,1002.5,4.5,97
2026-08-14 21:00:00,44.0,28.2,89,0.0,1003.2,1.7,131
2026-08-14 22:00:00,44.0,28.1,90,0.0,1003.1,2.7,188
2026-08-14 23:00:00,51.0,28.3,88,0.0,1002.7,3.3,193
2026-08-15 00:00:00,46.0,28.0,90,0.0,1002.7,1.8,246
2026-08-15 01:00:00,38.0,27.7,92,0.0,1002.5,2.4,261
2026-08-15 02:00:00,46.0,27.5,93,0.0,1002.7,1.9,209
2026-08-15 03:00:00,46.0,27.3,93,0.0,1002.3,2.2,180
2026-08-15 04:00:00,50.0,27.2,94,0.0,1002.6,0.2,90
2026-08-15 05:00:00,48.0,26.7,95,0.0,1003.1,4.7,238
2026-08-15 06:00:00,49.0,26.5,99,1.2,1003.5,3.1,339
2026-08-15 07:00:00,64.0,26.5,98,1.6,1003.7,2.1,70
2026-08-15 08:00:00,70.0,27.5,93,0.6,1004.1,2.7,90
2026-08-15 09:00:00,65.0,28.0,89,0.3,1004.2,2.4,77
2026-08-15 10:00:00,55.0,29.6,82,0.1,1004.1,0.8,333
2026-08-15 11:00:00,33.0,32.3,71,0.0,1003.6,5.5,333
2026-08-15 12:00:00,22.0,31.8,70,0.1,1002.8,8.7,328
2026-08-15 13:00:00,26.0,30.6,80,2.3,1002.6,5.5,347
2026-08-15 14:00:00,18.0,32.3,71,0.3,1001.3,4.6,329
2026-08-15 15:00:00,24.0,32.7,64,0.3,1000.4,8.3,321
2026-08-15 16:00:00,24.0,32.5,67,0.1,999.7,6.4,299
2026-08-15 17:00:00,23.0,31.9,73,0.0,999.5,9.6,298
2026-08-15 18:00:00,27.0,31.3,78,0.0,999.9,4.8,259
2026-08-15 19:00:00,41.0,30.7,82,0.0,1000.5,4.9,231
2026-08-15 20:00:00,39.0,30.3,85,0.0,1001.2,5.0,232
2026-08-15 21:00:00,41.0,30.0,87,0.0,1001.7,3.8,253
2026-08-15 22:00:00,40.0,29.7,88,0.0,1001.9,3.1,239
2026-08-15 23:00:00,34.0,29.6,83,0.0,1001.5,8.4,217
2026-08-16 00:00:00,29.0,29.1,86,0.0,1001.4,7.0,228
2026-08-16 01:00:00,24.0,28.8,88,0.1,1000.9,4.9,246
2026-08-16 02:00:00,18.0,28.6,88,0.4,1000.7,9.0,314
2026-08-16 03:00:00,15.0,26.1,93,2.2,1000.4,8.0,250
2026-08-16 04:00:00,20.0,26.4,92,0.3,1000.5,8.0,260
2026-08-16 05:00:00,12.0,28.0,86,0.0,999.9,10.3,273
2026-08-16 06:00:00,23.0,27.7,85,0.2,1000.8,10.6,280
2026-08-16 07:00:00,23.0,28.7,80,0.1,1001.1,10.7,263
2026-08-16 08:00:00,12.0,29.5,78,0.0,1001.5,8.8,269
2026-08-16 09:00:00,27.0,30.2,76,0.0,1001.6,6.5,294
2026-08-16 10:00:00,30.0,31.9,70,0.0,1001.5,6.1,289
2026-08-16 11:00:00,27.0,32.6,67,0.0,1001.2,7.2,302
2026-08-16 12:00:00,32.0,33.3,65,0.1,1000.7,7.2,298
2026-08-16 13:00:00,30.0,33.5,65,0.0,1000.5,5.7,288
2026-08-16 14:00:00,32.0,33.6,65,0.0,999.4,7.2,270
2026-08-16 15:00:00,29.0,33.5,64,0.1,998.7,10.4,269
2026-08-16 16:00:00,36.0,33.2,65,0.1,998.6,6.7,294
2026-08-16 17:00:00,21.0,31.6,74,0.1,999.5,4.5,272
2026-08-16 18:00:00,26.0,31.2,78,0.0,999.7,2.2,284
2026-08-16 19:00:00,34.0,30.6,81,0.2,1000.3,4.3,202
2026-08-16 20:00:00,39.0,29.9,84,0.5,1001.1,7.0,198
2026-08-16 21:00:00,36.0,29.5,87,0.0,1001.7,5.7,193
2026-08-16 22:00:00,29.0,29.1,88,0.1,1001.9,6.6,197
2026-08-16 23:00:00,45.0,29.5,84,0.0,1001.2,5.5,203
2026-08-17 00:00:00,39.0,29.0,84,0.0,1001.1,4.8,228
2026-08-17 01:00:00,35.0,28.5,87,0.1,1001.1,7.7,298
2026-08-17 02:00:00,23.0,28.2,87,0.0,1000.5,6.0,243
2026-08-17 03:00:00,26.0,28.2,85,0.0,1000.5,7.4,247
2026-08-17 04:00:00,25.0,28.0,84,0.0,1000.5,8.3,250
2026-08-17 05:00:00,24.0,28.4,82,0.0,1000.9,7.6,295
2026-08-17 06:00:00,25.0,28.0,84,0.2,1001.4,7.3,263
2026-08-17 07:00:00,29.0,28.8,79,0.0,1002.0,9.6,276
2026-08-17 08:00:00,26.0,29.4,76,0.0,1002.5,10.0,324
2026-08-17 09:00:00,23.0,30.3,74,0.0,1002.6,7.7,298
2026-08-17 10:00:00,29.0,31.4,71,0.0,1002.9,8.3,284
2026-08-17 11:00:00,32.0,32.7,65,0.0,1002.6,10.7,293
2026-08-17 12:00:00,31.0,33.2,64,0.0,1001.9,8.7,292
2026-08-17 13:00:00,26.0,32.0,67,0.0,1001.4,8.1,287
2026-08-17 14:00:00,26.0,31.3,71,1.5,1000.9,7.0,212
2026-08-17 15:00:00,25.0,31.9,70,0.0,1000.5,4.0,198
2026-08-17 16:00:00,19.0,31.8,73,0.1,999.7,5.1,176
2026-08-17 17:00:00,19.0,29.7,78,2.4,1000.9,15.4,260
2026-08-17 18:00:00,24.0,27.1,95,2.0,1000.7,3.5,192
2026-08-17 19:00:00,27.0,27.5,95,0.1,1001.4,5.7,208
2026-08-17 20:00:00,30.0,27.8,90,0.0,1002.1,3.6,217
2026-08-17 21:00:00,29.0,28.1,89,0.0,1002.6,4.3,202
2026-08-17 22:00:00,24.0,28.1,89,0.0,1003.0,4.5,194
2026-08-17 23:00:00,25.0,28.7,87,0.0,1002.8,2.3,328
2026-08-18 00:00:00,21.0,28.4,88,0.0,1002.7,0.6,198
2026-08-18 01:00:00,21.0,28.1,90,0.0,1002.4,2.8,191
2026-08-18 02:00:00,19.0,27.9,90,0.0,1002.2,0.4,153
2026-08-18 03:00:00,15.0,27.6,92,0.0,1002.1,1.1,198
2026-08-18 04:00:00,21.0,27.6,88,0.0,1002.1,4.6,234
2026-08-18 05:00:00,19.0,27.7,86,0.0,1002.0,5.4,340
2026-08-18 06:00:00,24.0,27.4,89,0.0,1002.6,1.4,50
2026-08-18 07:00:00,21.0,28.3,84,0.0,1003.2,2.3,219
2026-08-18 08:00:00,26.0,29.4,75,0.0,1003.3,7.9,258
2026-08-18 09:00:00,26.0,30.6,71,0.0,1003.8,5.6,276
2026-08-18 10:00:00,25.0,31.6,68,0.0,1003.8,6.5,275
2026-08-18 11:00:00,28.0,32.5,63,0.0,1004.0,6.9,298
2026-08-18 12:00:00,33.0,33.1,60,0.1,1003.5,5.1,293
2026-08-18 13:00:00,36.0,33.5,59,0.1,1002.9,4.8,285
2026-08-18 14:00:00,31.0,33.3,60,0.0,1002.1,3.3,264
2026-08-18 15:00:00,29.0,33.1,62,0.0,1001.3,3.9,257
2026-08-18 16:00:00,29.0,31.4,69,0.2,1000.9,4.2,280
2026-08-18 17:00:00,28.0,33.0,60,0.7,1001.0,4.7,268
2026-08-18 18:00:00,28.0,30.6,74,0.7,1002.1,5.4,76
2026-08-18 19:00:00,48.0,29.2,84,0.1,1002.9,7.9,102
2026-08-18 20:00:00,50.0,28.5,89,0.1,1003.7,1.8,315
2026-08-18 21:00:00,48.0,26.7,88,0.2,1004.5,12.7,173
2026-08-18 22:00:00,45.0,26.5,87,0.1,1004.3,4.8,217
2026-08-18 23:00:00,45.0,27.6,87,0.0,1003.9,3.5,192
2026-08-19 01:00:00,20.0,27.4,89,0.0,1003.0,2.9,277
2026-08-19 02:00:00,18.0,27.1,92,0.0,1003.0,1.7,347
2026-08-19 03:00:00,17.0,27.0,93,0.0,1002.7,0.2,180
2026-08-19 04:00:00,18.0,26.8,95,0.0,1003.2,0.3,135
2026-08-19 05:00:00,18.0,28.2,93,0.0,1002.4,4.4,261
2026-08-19 06:00:00,25.0,28.2,90,0.0,1003.3,3.6,303
2026-08-19 07:00:00,29.0,28.7,87,0.0,1004.0,2.3,315
2026-08-19 08:00:00,34.0,29.7,81,0.0,1004.5,3.7,305
2026-08-19 09:00:00,33.0,30.7,74,0.0,1004.8,4.4,322
2026-08-19 10:00:00,28.0,31.6,69,0.0,1004.5,3.5,332
2026-08-19 11:00:00,33.0,31.7,64,0.0,1004.7,6.3,15
2026-08-19 12:00:00,40.0,31.9,65,1.1,1003.9,3.8,8
2026-08-19 13:00:00,36.0,32.6,63,0.4,1003.4,2.6,326
2026-08-19 14:00:00,35.0,32.9,63,0.1,1002.7,2.9,292
2026-08-19 15:00:00,38.0,33.0,61,0.0,1001.9,2.3,293
2026-08-19 16:00:00,38.0,33.1,59,0.0,1001.4,3.3,264
2026-08-19 18:00:00,35.0,28.0,92,2.0,1002.9,3.0,147
2026-08-19 20:00:00,48.0,28.3,92,0.0,1004.1,2.6,168
2026-08-19 21:00:00,50.0,28.0,93,0.0,1004.7,3.6,135
2026-08-19 22:00:00,50.0,27.8,94,0.0,1004.5,2.8,130
2026-08-19 23:00:00,55.0,29.2,92,0.0,1004.2,0.6,56
2026-08-20 00:00:00,45.0,28.7,94,0.4,1004.0,3.0,142
2026-08-20 01:00:00,34.0,28.2,92,0.5,1004.2,5.7,316
2026-08-20 02:00:00,35.0,27.3,95,0.6,1003.8,2.4,333
2026-08-20 03:00:00,27.0,27.1,96,0.1,1003.8,5.7,325
2026-08-20 04:00:00,12.0,27.0,95,0.0,1003.8,0.6,342
2026-08-20 05:00:00,19.0,27.0,96,0.0,1003.8,1.9,338
2026-08-20 06:00:00,22.0,27.2,95,2.0,1004.1,4.3,327
2026-08-20 07:00:00,19.0,27.7,95,0.6,1004.9,3.4,273
2026-08-20 08:00:00,40.0,27.8,91,0.1,1005.3,5.7,246
2026-08-20 09:00:00,32.0,28.9,81,0.0,1005.8,4.1,241
2026-08-20 10:00:00,35.0,30.0,75,0.0,1005.8,2.8,252
2026-08-20 11:00:00,40.0,30.8,69,0.0,1005.2,1.3,34
2026-08-20 12:00:00,40.0,32.1,66,0.2,1004.4,1.9,319
2026-08-20 13:00:00,35.0,32.9,62,0.0,1003.6,3.2,313
2026-08-20 14:00:00,37.0,33.3,60,0.0,1002.4,3.3,311
2026-08-20 15:00:00,39.0,33.5,60,0.0,1001.8,3.3,324
2026-08-20 16:00:00,45.0,33.3,60,0.0,1001.2,2.6,326
2026-08-20 17:00:00,34.0,29.2,91,0.1,1002.1,5.0,167
2026-08-20 18:00:00,40.0,28.8,94,1.4,1002.6,6.3,173
2026-08-20 19:00:00,39.0,28.3,95,0.8,1002.8,6.0,189
2026-08-20 20:00:00,45.0,28.1,97,0.2,1003.3,4.6,198
2026-08-20 21:00:00,52.0,28.1,97,0.0,1003.7,4.9,216
2026-08-20 22:00:00,62.0,28.1,92,0.0,1003.8,4.8,225
2026-08-20 23:00:00,62.0,29.8,91,0.0,1003.1,3.6,243
2026-08-21 01:00:00,56.0,28.7,88,0.1,1002.8,6.0,260
2026-08-21 02:00:00,56.0,28.3,89,0.0,1002.5,6.0,279
2026-08-21 03:00:00,33.0,28.2,91,0.0,1002.4,6.5,298
2026-08-21 04:00:00,23.0,27.9,92,0.0,1002.4,4.3,294
2026-08-21 05:00:00,24.0,27.2,95,0.0,1002.7,9.3,328
2026-08-21 06:00:00,22.0,27.0,92,0.1,1002.8,5.6,303
2026-08-21 07:00:00,30.0,27.7,87,0.0,1003.6,5.7,281
2026-08-21 08:00:00,29.0,29.2,79,0.0,1004.2,7.3,286
2026-08-21 09:00:00,30.0,30.7,71,0.0,1003.9,10.1,287
2026-08-21 10:00:00,27.0,32.0,67,0.0,1004.0,9.3,292
2026-08-21 11:00:00,32.0,33.2,62,0.0,1003.7,10.6,314
2026-08-21 12:00:00,21.0,33.8,59,0.0,1002.9,9.9,315
2026-08-21 13:00:00,21.0,33.8,58,0.1,1002.1,8.8,314
2026-08-21 14:00:00,24.0,33.9,57,0.0,1001.1,8.7,308
2026-08-21 15:00:00,20.0,34.0,54,0.4,1000.5,9.3,307
2026-08-21 16:00:00,20.0,32.8,60,0.7,1000.0,11.1,310
2026-08-21 17:00:00,16.0,32.2,67,0.0,1000.1,5.9,320
2026-08-21 18:00:00,28.0,32.0,72,0.0,1000.3,3.4,288
2026-08-21 19:00:00,25.0,31.3,77,0.0,1001.0,3.0,253
2026-08-21 20:00:00,25.0,30.6,80,0.0,1001.5,3.3,257
2026-08-21 21:00:00,31.0,30.2,83,0.0,1002.1,2.9,240
2026-08-21 22:00:00,26.0,29.8,85,0.0,1002.2,3.2,236
2026-08-21 23:00:00,28.0,29.0,82,0.0,1002.2,7.4,238
2026-08-22 00:00:00,29.0,28.4,85,0.0,1001.8,4.3,204
2026-08-22 01:00:00,27.0,27.9,87,0.0,1001.8,9.9,185
2026-08-22 02:00:00,23.0,26.0,97,6.6,1002.8,1.8,217
2026-08-22 03:00:00,9.0,25.3,99,2.1,1001.7,6.2,197
2026-08-22 04:00:00,10.0,25.6,99,0.4,1001.9,6.9,213
2026-08-22 05:00:00,19.0,26.9,93,0.2,1002.5,0.8,117
2026-08-22 06:00:00,13.0,27.0,93,0.4,1002.9,4.4,282
2026-08-22 07:00:00,20.0,27.9,90,0.0,1003.5,2.7,290
2026-08-22 08:00:00,31.0,29.3,82,0.1,1003.6,5.1,274
2026-08-22 09:00:00,30.0,30.8,71,0.0,1003.6,8.6,280
2026-08-22 10:00:00,26.0,32.1,65,0.0,1003.7,8.3,266
2026-08-22 11:00:00,28.0,31.8,65,0.0,1003.9,8.0,306
2026-08-22 12:00:00,25.0,32.4,62,0.0,1002.9,7.3,306
2026-08-22 13:00:00,29.0,33.0,60,0.1,1002.0,6.8,302
2026-08-22 14:00:00,33.0,33.4,60,0.1,1001.1,7.5,310
2026-08-22 15:00:00,25.0,33.2,61,0.0,1000.4,7.4,309
2026-08-22 16:00:00,27.0,29.5,76,1.4,1000.6,14.4,348
2026-08-22 17:00:00,23.0,31.7,68,0.6,1000.7,4.4,240
2026-08-22 18:00:00,27.0,30.9,73,0.1,1001.1,2.0,100
2026-08-22 19:00:00,27.0,29.4,83,0.0,1001.6,7.3,171
2026-08-22 20:00:00,46.0,28.5,85,0.0,1002.3,6.3,195
2026-08-22 21:00:00,57.0,28.2,85,0.0,1002.8,4.5,209
2026-08-22 22:00:00,56.0,27.9,87,0.0,1003.1,6.5,193
2026-08-22 23:00:00,57.0,29.1,86,0.0,1003.1,7.0,162
2026-08-23 00:00:00,58.0,28.3,86,0.0,1002.9,4.2,173
2026-08-23 01:00:00,46.0,28.1,86,0.3,1002.8,5.0,206
2026-08-23 02:00:00,49.0,27.7,89,0.0,1002.3,7.5,213
2026-08-23 03:00:00,59.0,27.4,90,0.0,1002.3,5.7,208
2026-08-23 04:00:00,46.0,26.8,91,0.1,1002.8,5.1,328
2026-08-23 05:00:00,40.0,26.5,93,1.1,1003.2,8.0,82
2026-08-23 06:00:00,20.0,25.4,98,1.6,1004.0,8.4,170
2026-08-23 07:00:00,19.0,26.4,95,0.2,1004.0,4.1,193
2026-08-23 08:00:00,21.0,28.4,84,0.0,1004.4,1.5,277
2026-08-23 09:00:00,20.0,29.8,73,0.3,1005.0,8.1,355
2026-08-23 10:00:00,14.0,30.2,74,0.2,1005.3,5.5,333
2026-08-23 11:00:00,19.0,30.8,71,0.1,1005.4,8.7,297
2026-08-23 12:00:00,29.0,31.0,71,0.0,1004.6,9.5,297
2026-08-23 13:00:00,25.0,32.4,65,0.0,1003.5,10.3,308
2026-08-23 14:00:00,39.0,33.0,63,0.0,1002.4,9.7,313
2026-08-23 15:00:00,36.0,33.1,62,0.0,1001.7,8.2,320
2026-08-23 16:00:00,35.0,32.8,63,0.0,1001.0,7.2,321
2026-08-23 17:00:00,31.0,32.9,64,0.0,1000.7,7.7,335
2026-08-23 18:00:00,32.0,31.9,71,0.0,1001.6,3.2,317
2026-08-23 19:00:00,25.0,31.2,77,0.0,1002.3,2.9,313
2026-08-23 20:00:00,31.0,30.9,80,0.0,1003.4,2.0,280
2026-08-23 21:00:00,35.0,30.2,83,0.0,1004.2,1.7,328
2026-08-23 22:00:00,37.0,29.4,86,0.0,1003.8,3.3,112
2026-08-23 23:00:00,39.0,28.7,88,0.0,1004.2,0.4,297
2026-08-24 00:00:00,41.0,27.9,93,0.0,1003.7,3.9,254
2026-08-24 01:00:00,42.0,27.9,93,0.0,1003.1,2.8,252
2026-08-24 02:00:00,42.0,27.8,92,0.0,1003.0,2.8,288
2026-08-24 04:00:00,44.0,25.7,95,0.9,1004.1,8.2,216
2026-08-24 05:00:00,36.0,26.7,90,0.6,1003.7,11.0,273
2026-08-24 06:00:00,50.0,25.8,96,1.8,1004.3,4.9,294
2026-08-24 07:00:00,56.0,26.2,95,0.4,1004.6,3.3,276
2026-08-24 08:00:00,73.0,27.2,91,0.0,1004.5,1.5,54
2026-08-24 09:00:00,50.0,28.6,85,0.0,1004.6,1.1,189
2026-08-24 10:00:00,40.0,30.7,75,0.0,1004.6,2.3,274
2026-08-24 11:00:00,27.0,29.9,74,0.1,1004.9,7.0,305
2026-08-24 12:00:00,27.0,30.2,71,0.0,1004.5,4.9,262
2026-08-24 14:00:00,11.0,31.7,65,0.0,1002.5,2.8,315
2026-08-24 15:00:00,25.0,32.1,63,0.0,1001.7,5.1,302
2026-08-24 16:00:00,38.0,32.0,64,0.0,1001.5,4.4,297
2026-08-24 17:00:00,40.0,31.5,70,0.0,1001.3,5.9,325
2026-08-24 18:00:00,44.0,31.1,76,0.0,1001.8,1.1,351
2026-08-24 19:00:00,47.0,30.7,78,0.0,1002.5,0.3,135
2026-08-24 20:00:00,41.0,30.2,82,0.0,1003.4,4.0,144
2026-08-24 21:00:00,49.0,29.4,85,0.0,1004.2,6.4,144
2026-08-24 22:00:00,52.0,28.8,88,0.0,1004.1,5.8,144
2026-08-24 23:00:00,48.0,28.8,88,0.0,1003.6,3.8,131
2026-08-25 00:00:00,48.0,28.4,91,0.0,1003.6,2.2,138
2026-08-25 03:00:00,50.0,28.0,93,0.0,1003.2,1.2,243
2026-08-25 04:00:00,37.0,27.9,94,0.0,1003.3,0.4,333
2026-08-25 05:00:00,39.0,26.1,97,0.0,1003.9,1.8,315
2026-08-25 06:00:00,31.0,26.4,97,1.7,1004.6,5.1,252
2026-08-25 07:00:00,17.0,26.8,97,0.8,1004.5,3.6,297
2026-08-25 08:00:00,12.0,27.4,93,0.3,1004.9,3.1,310
2026-08-25 09:00:00,21.0,28.9,86,0.0,1005.1,0.6,56
2026-08-25 10:00:00,36.0,30.2,79,0.0,1005.3,3.4,74
2026-08-25 11:00:00,39.0,31.5,66,0.0,1005.0,4.2,83
2026-08-25 12:00:00,40.0,31.8,64,0.1,1004.6,4.8,79
2026-08-25 13:00:00,67.0,32.4,63,0.0,1003.8,2.8,50
2026-08-25 14:00:00,84.0,32.6,62,0.0,1002.9,2.2,76
2026-08-25 15:00:00,51.0,32.7,62,0.0,1002.3,2.6,115
2026-08-25 16:00:00,19.0,32.6,63,0.0,1001.9,1.5,120
2026-08-25 17:00:00,26.0,28.4,92,0.0,1002.8,5.9,125
2026-08-25 18:00:00,27.0,28.8,90,0.6,1003.1,4.4,171
2026-08-25 19:00:00,27.0,28.7,91,0.1,1003.2,3.4,174
2026-08-25 21:00:00,41.0,28.5,93,0.0,1004.3,2.7,160
2026-08-25 22:00:00,31.0,28.1,93,0.0,1004.2,6.2,173
2026-08-25 23:00:00,33.0,28.3,91,0.0,1004.2,4.4,210
2026-08-26 00:00:00,32.0,28.0,91,0.0,1004.0,3.5,242
2026-08-26 01:00:00,28.0,27.7,92,0.0,1003.6,3.9,233
2026-08-26 02:00:00,29.0,27.5,92,0.0,1003.4,4.0,231
2026-08-26 03:00:00,20.0,27.3,93,0.0,1003.0,3.1,260
2026-08-26 04:00:00,26.0,27.2,93,0.0,1003.1,2.0,297
2026-08-26 05:00:00,28.0,27.6,95,0.0,1003.2,3.1,315
2026-08-26 06:00:00,32.0,27.1,94,0.4,1003.7,2.0,170
2026-08-26 07:00:00,52.0,26.1,98,6.7,1004.4,4.7,272
2026-08-26 08:00:00,72.0,26.5,98,1.5,1004.5,1.4,113
2026-08-26 09:00:00,71.0,28.2,87,0.4,1005.1,5.5,101
2026-08-26 10:00:00,53.0,28.8,84,0.2,1005.4,4.8,121
2026-08-26 11:00:00,55.0,29.8,84,0.1,1004.5,3.0,253
2026-08-26 12:00:00,60.0,31.6,74,0.1,1003.7,2.8,252
2026-08-26 13:00:00,60.0,32.3,71,0.1,1003.0,1.7,238
2026-08-26 14:00:00,61.0,32.2,69,0.1,1001.9,2.3,252
2026-08-26 15:00:00,69.0,32.4,67,0.0,1001.2,3.2,267
2026-08-26 16:00:00,50.0,32.3,66,0.1,1000.5,5.1,276
2026-08-26 17:00:00,50.0,29.9,84,0.1,1001.7,4.3,287
2026-08-26 18:00:00,56.0,29.2,89,0.6,1001.5,3.9,164
2026-08-26 19:00:00,77.0,28.6,94,0.7,1001.7,7.0,181
2026-08-26 20:00:00,59.0,28.3,94,0.3,1001.9,8.6,196
2026-08-26 21:00:00,62.0,28.1,94,0.0,1002.4,7.9,192
2026-08-26 22:00:00,51.0,27.9,94,0.0,1002.7,6.8,207
2026-08-26 23:00:00,55.0,29.1,91,0.0,1002.5,7.3,224
2026-08-27 00:00:00,55.0,28.6,92,0.0,1002.1,6.7,226
2026-08-27 02:00:00,47.0,28.1,92,0.0,1001.6,6.7,234
2026-08-27 03:00:00,49.0,27.9,91,0.0,1001.5,5.6,241
2026-08-27 04:00:00,52.0,27.6,91,0.0,1001.4,6.0,241
2026-08-27 05:00:00,40.0,28.7,89,0.0,1001.2,5.6,263
2026-08-27 06:00:00,41.0,28.5,89,0.0,1001.7,8.1,253
2026-08-27 07:00:00,44.0,29.3,86,0.0,1002.1,2.4,287
2026-08-27 08:00:00,42.0,29.8,85,0.0,1002.5,2.2,95
2026-08-27 09:00:00,43.0,30.1,84,0.0,1003.0,4.3,132
2026-08-27 10:00:00,44.0,31.7,77,0.0,1003.0,2.9,158
2026-08-27 11:00:00,41.0,33.2,59,0.0,1002.6,1.5,240
2026-08-27 12:00:00,41.0,32.8,59,0.0,1002.5,7.2,32
2026-08-27 14:00:00,51.0,31.4,70,0.0,1001.0,5.0,154
2026-08-27 16:00:00,59.0,31.9,69,0.0,999.8,4.4,171
2026-08-27 17:00:00,45.0,30.5,76,0.0,999.8,4.5,223
2026-08-27 18:00:00,39.0,30.2,79,0.1,1000.3,3.6,240
2026-08-27 19:00:00,46.0,29.9,83,0.0,1000.5,2.3,157
2026-08-27 20:00:00,63.0,29.5,85,0.0,1001.3,4.4,161
2026-08-27 21:00:00,64.0,29.2,85,0.0,1001.9,5.1,184
2026-08-27 22:00:00,86.0,29.1,85,0.0,1002.2,6.0,177
2026-08-27 23:00:00,72.0,29.5,85,0.0,1001.8,6.9,173
2026-08-28 00:00:00,53.0,28.8,88,0.0,1001.6,7.0,183
2026-08-28 01:00:00,42.0,28.4,89,0.0,1001.6,5.8,182
2026-08-28 02:00:00,41.0,28.0,89,0.0,1001.2,4.0,216
2026-08-28 03:00:00,39.0,28.0,89,0.0,1000.9,5.0,244
2026-08-28 04:00:00,41.0,28.3,84,0.0,1000.7,7.7,271
2026-08-28 05:00:00,29.0,26.5,91,0.0,1001.2,11.7,249
2026-08-28 06:00:00,36.0,26.7,93,0.5,1002.3,7.2,18
2026-08-28 07:00:00,30.0,27.7,92,0.0,1002.5,5.1,309
2026-08-28 08:00:00,35.0,29.4,80,0.0,1002.7,6.1,304
2026-08-28 09:00:00,35.0,30.9,70,0.0,1002.9,9.5,302
2026-08-28 10:00:00,41.0,32.1,65,0.0,1003.0,8.7,302
2026-08-28 11:00:00,41.0,33.0,59,0.0,1002.8,10.9,306
2026-08-28 13:00:00,40.0,34.3,53,0.0,1001.2,10.7,307
2026-08-28 14:00:00,41.0,34.6,51,0.0,1000.5,10.7,306
2026-08-28 15:00:00,34.0,34.6,51,0.0,999.7,11.1,304
2026-08-28 16:00:00,39.0,34.2,52,0.0,999.2,11.3,304
2026-08-28 17:00:00,36.0,34.1,53,0.0,999.3,9.8,302
2026-08-28 18:00:00,42.0,32.6,63,0.0,999.8,4.3,285
2026-08-28 19:00:00,44.0,31.8,69,0.0,1000.0,3.4,267
2026-08-28 20:00:00,50.0,31.4,71,0.0,1000.8,2.8,252
2026-08-28 21:00:00,56.0,30.7,73,0.0,1001.6,3.8,229
2026-08-28 22:00:00,55.0,30.0,77,0.0,1001.8,3.5,231
2026-08-28 23:00:00,44.0,30.3,75,0.0,1001.5,5.6,230
2026-08-29 00:00:00,41.0,29.5,76,0.0,1001.2,5.5,234
2026-08-29 01:00:00,32.0,29.1,77,0.0,1001.1,5.7,246
2026-08-29 02:00:00,20.0,28.8,77,0.0,1001.0,6.7,256
2026-08-29 03:00:00,22.0,28.4,78,0.0,1000.8,8.2,261
2026-08-29 04:00:00,25.0,28.2,78,0.0,1001.0,9.8,257
2026-08-29 05:00:00,25.0,28.7,76,0.0,1001.0,11.9,266
2026-08-29 07:00:00,25.0,29.0,73,0.0,1001.9,11.2,270
2026-08-29 08:00:00,25.0,30.0,69,0.0,1002.2,12.1,272
2026-08-29 09:00:00,25.0,31.2,63,0.0,1002.5,11.9,270
2026-08-29 10:00:00,27.0,32.5,59,0.0,1002.6,11.4,275
2026-08-29 11:00:00,20.0,34.0,53,0.0,1002.5,10.6,285
2026-08-29 12:00:00,33.0,34.9,50,0.0,1001.8,9.8,284
2026-08-29 13:00:00,34.0,35.6,47,0.0,1001.1,9.3,285
2026-08-29 14:00:00,30.0,35.9,45,0.0,999.8,9.5,281
2026-08-29 15:00:00,27.0,35.8,45,0.0,999.1,10.4,280
2026-08-29 16:00:00,23.0,35.3,46,0.0,998.8,10.9,283
2026-08-29 17:00:00,27.0,34.9,47,0.0,999.1,9.0,275
2026-08-29 18:00:00,28.0,33.9,51,0.0,999.2,6.1,273
2026-08-29 19:00:00,30.0,33.2,61,0.0,999.8,0.9,37
2026-08-29 20:00:00,45.0,32.4,63,0.0,1000.4,1.2,117
2026-08-29 21:00:00,51.0,31.4,68,0.0,1001.3,3.3,139
2026-08-29 22:00:00,47.0,31.1,70,0.0,1001.4,4.1,157
2026-08-29 23:00:00,45.0,31.3,71,0.0,1000.8,3.2,207
2026-08-30 00:00:00,48.0,30.4,74,0.0,1000.8,3.1,208
2026-08-30 01:00:00,34.0,30.0,74,0.0,1000.5,7.0,238
2026-08-30 02:00:00,34.0,29.8,71,0.0,1000.2,8.8,250
2026-08-30 03:00:00,20.0,29.4,70,0.0,1000.5,8.4,259
2026-08-30 04:00:00,15.0,28.9,70,0.0,1000.7,8.4,261
2026-08-30 05:00:00,19.0,29.3,68,0.0,1000.7,11.5,274
2026-08-30 06:00:00,22.0,28.8,69,0.0,1001.4,10.1,272
2026-08-30 07:00:00,28.0,29.5,67,0.0,1002.0,8.6,268
2026-08-30 08:00:00,27.0,30.7,62,0.0,1002.5,10.4,272
2026-08-30 09:00:00,27.0,32.0,58,0.0,1002.8,9.8,275
2026-08-30 10:00:00,27.0,33.5,53,0.0,1002.8,9.7,281
2026-08-30 11:00:00,26.0,34.5,48,0.0,1003.0,9.4,296
2026-08-30 12:00:00,27.0,35.2,45,0.2,1002.6,7.6,292
2026-08-30 13:00:00,31.0,34.8,45,0.2,1002.2,7.1,285
2026-08-30 14:00:00,34.0,34.2,48,0.1,1001.5,5.7,279
2026-08-30 15:00:00,29.0,34.8,46,0.0,1001.0,5.3,262
2026-08-30 16:00:00,22.0,34.8,45,0.0,1001.0,6.2,260
2026-08-30 17:00:00,27.0,34.3,48,0.0,1000.6,3.5,208
2026-08-30 18:00:00,27.0,33.3,52,0.2,1001.1,3.7,191
2026-08-30 19:00:00,34.0,32.3,60,0.0,1001.7,2.7,152
2026-08-30 20:00:00,38.0,31.6,65,0.0,1002.5,4.5,143
2026-08-30 21:00:00,41.0,30.8,71,0.0,1003.2,5.2,131
2026-08-30 22:00:00,39.0,30.4,73,0.0,1003.1,5.0,134
2026-08-30 23:00:00,33.0,30.9,71,0.0,1002.2,5.5,197
2026-08-31 00:00:00,36.0,30.2,72,0.0,1002.0,6.2,213
2026-08-31 01:00:00,30.0,29.8,72,0.0,1001.8,6.1,240
2026-08-31 02:00:00,30.0,29.6,69,0.0,1001.6,7.6,262
2026-08-31 11:00:00,33.0,34.0,48,0.0,1003.5,10.8,307
2026-08-31 12:00:00,33.0,34.2,48,0.2,1002.9,8.6,307
2026-08-31 13:00:00,37.0,34.9,45,0.3,1001.9,7.0,310
2026-08-31 14:00:00,32.0,34.9,45,0.3,1000.9,7.2,302
2026-08-31 15:00:00,34.0,35.1,44,0.3,1000.3,8.2,289
2026-08-31 16:00:00,32.0,34.5,47,0.6,999.8,9.5,291
2026-08-31 17:00:00,34.0,34.0,50,0.5,1000.1,7.5,287
2026-08-31 18:00:00,32.0,33.2,52,0.0,1000.8,5.7,279
2026-08-31 19:00:00,32.0,32.5,58,0.0,1001.6,2.5,291
2026-08-31 20:00:00,48.0,32.1,63,0.0,1002.2,0.0,270
2026-08-31 21:00:00,55.0,31.3,66,0.0,1002.9,2.5,111
2026-08-31 22:00:00,47.0,30.4,74,0.0,1003.0,4.3,105
2026-08-31 23:00:00,45.0,31.3,66,0.0,1002.6,3.2,180
2026-09-01 00:00:00,38.0,30.2,72,0.1,1002.7,4.0,219
2026-09-01 01:00:00,33.0,29.8,73,0.0,1002.2,5.3,242
2026-09-01 02:00:00,33.0,29.6,70,0.0,1002.0,6.1,258
2026-09-01 04:00:00,25.0,28.5,72,0.0,1002.2,5.3,262
2026-09-01 05:00:00,26.0,28.9,68,0.0,1002.2,10.3,270
2026-09-01 06:00:00,24.0,28.3,72,0.0,1002.8,8.8,272
2026-09-01 07:00:00,27.0,28.9,70,0.0,1003.7,8.0,275
2026-09-01 08:00:00,25.0,30.0,66,0.0,1004.1,9.7,271
2026-09-01 09:00:00,28.0,31.4,61,0.0,1004.4,9.2,277
2026-09-01 10:00:00,34.0,32.8,55,0.0,1004.6,7.4,293
2026-09-01 11:00:00,27.0,33.0,52,0.2,1004.8,6.6,334
2026-09-01 12:00:00,27.0,33.9,49,0.1,1004.3,5.5,349
2026-09-01 14:00:00,33.0,31.8,60,1.0,1003.6,10.6,58
2026-09-01 15:00:00,35.0,31.8,63,0.8,1003.3,4.2,40
2026-09-01 16:00:00,37.0,30.2,69,0.2,1003.6,10.4,42
2026-09-01 17:00:00,37.0,32.1,62,0.8,1003.0,2.1,340
2026-09-01 18:00:00,47.0,31.2,64,0.1,1003.9,6.8,61
2026-09-01 19:00:00,27.0,30.0,72,0.0,1004.7,8.7,84
2026-09-01 20:00:00,32.0,29.7,73,0.0,1005.7,3.8,109
2026-09-01 21:00:00,12.0,29.6,74,0.0,1006.1,2.4,73
2026-09-01 22:00:00,26.0,29.3,77,0.0,1006.2,2.0,80
2026-09-01 23:00:00,28.0,28.1,76,0.0,1006.0,8.6,110
2026-09-02 00:00:00,19.0,27.0,85,0.0,1005.4,4.6,121
2026-09-02 01:00:00,27.0,26.3,89,0.0,1005.3,5.3,128
2026-09-02 02:00:00,25.0,26.2,90,0.0,1004.7,1.9,124
2026-09-02 03:00:00,33.0,26.2,90,0.0,1004.4,0.9,101
2026-09-02 04:00:00,36.0,26.2,89,0.0,1004.6,2.6,74
2026-09-02 05:00:00,42.0,25.8,89,0.0,1005.1,1.8,276
2026-09-02 06:00:00,67.0,25.4,91,0.9,1005.3,2.5,90
2026-09-02 07:00:00,42.0,26.4,86,0.1,1005.7,1.3,278
2026-09-02 08:00:00,42.0,28.2,76,0.0,1005.9,3.1,50
2026-09-02 09:00:00,31.0,30.0,69,0.0,1006.3,3.4,65
2026-09-02 10:00:00,52.0,31.6,62,0.0,1006.3,2.7,67
2026-09-02 11:00:00,52.0,29.7,73,0.1,1006.5,10.7,63
2026-09-02 13:00:00,17.0,27.3,87,3.4,1005.4,4.6,329
2026-09-02 14:00:00,20.0,28.8,82,0.8,1004.3,3.6,27
2026-09-02 15:00:00,22.0,29.2,78,0.1,1003.6,5.8,324
2026-09-02 16:00:00,18.0,29.4,76,0.0,1003.0,5.6,17
2026-09-02 17:00:00,17.0,30.9,62,0.0,1002.9,9.9,35
2026-09-02 18:00:00,21.0,29.4,69,0.1,1003.4,8.1,37
2026-09-02 19:00:00,27.0,28.8,72,0.0,1004.2,6.0,51
2026-09-02 20:00:00,21.0,28.4,75,0.0,1005.0,5.4,76
2026-09-02 21:00:00,29.0,28.1,79,0.0,1005.6,4.9,86
2026-09-02 22:00:00,25.0,27.8,83,0.0,1005.5,5.1,86
2026-09-02 23:00:00,24.0,27.9,84,0.0,1004.5,5.4,120
2026-09-03 00:00:00,23.0,27.0,87,0.1,1004.9,8.6,98
2026-09-03 01:00:00,24.0,26.5,88,0.2,1004.5,6.9,105
2026-09-03 02:00:00,22.0,26.1,91,0.2,1004.0,5.4,84
2026-09-03 03:00:00,24.0,25.9,92,0.2,1004.0,4.9,92
2026-09-03 04:00:00,21.0,25.9,92,0.1,1003.9,4.5,88
2026-09-03 05:00:00,18.0,25.9,96,0.0,1004.0,2.7,62
2026-09-03 06:00:00,18.0,26.0,97,0.2,1004.8,3.3,45
2026-09-03 08:00:00,71.0,28.2,84,0.0,1005.5,5.3,66
2026-09-03 09:00:00,47.0,29.3,81,0.1,1005.7,5.9,88
2026-09-03 10:00:00,36.0,30.4,76,0.1,1005.9,6.3,85
2026-09-03 11:00:00,9.0,30.9,69,0.1,1005.7,6.7,93
2026-09-03 12:00:00,19.0,31.7,65,0.4,1005.1,8.5,94
2026-09-03 13:00:00,28.0,31.8,63,0.4,1004.1,9.1,98
2026-09-03 14:00:00,26.0,32.1,61,0.2,1002.9,7.7,106
2026-09-03 15:00:00,21.0,32.3,59,0.0,1002.2,6.4,98
2026-09-03 16:00:00,16.0,32.3,59,0.0,1001.9,6.5,88
2026-09-03 17:00:00,16.0,28.7,83,0.5,1002.8,7.6,133
2026-09-03 18:00:00,13.0,28.1,85,0.1,1002.8,4.6,162
2026-09-03 19:00:00,11.0,27.8,87,0.0,1003.0,3.0,128
2026-09-03 20:00:00,15.0,27.6,89,0.0,1004.0,5.2,136
2026-09-03 21:00:00,22.0,27.5,89,0.0,1004.6,4.1,139
2026-09-03 22:00:00,27.0,27.4,91,0.0,1005.1,3.2,133
2026-09-03 23:00:00,22.0,28.9,86,0.0,1004.7,3.2,137
2026-09-04 00:00:00,15.0,28.3,84,0.5,1004.3,0.3,315
2026-09-04 01:00:00,20.0,27.6,90,0.1,1004.0,2.3,23
2026-09-04 02:00:00,15.0,27.4,91,0.1,1003.7,5.9,76
2026-09-04 03:00:00,23.0,27.0,92,0.0,1003.4,4.9,88
2026-09-04 04:00:00,25.0,26.8,93,0.0,1003.9,5.4,76
2026-09-04 05:00:00,23.0,25.8,100,0.0,1004.4,8.5,58
2026-09-04 06:00:00,25.0,25.7,98,1.6,1005.0,7.6,76
2026-09-04 07:00:00,25.0,26.0,96,0.8,1005.8,7.8,94
2026-09-04 08:00:00,28.0,27.0,89,0.3,1005.9,6.9,73
2026-09-04 09:00:00,21.0,28.9,79,0.1,1006.4,7.9,87
2026-09-04 10:00:00,27.0,29.9,76,0.0,1006.3,7.4,84
2026-09-04 11:00:00,23.0,29.6,78,0.0,1006.1,8.3,108
2026-09-04 12:00:00,27.0,30.0,77,1.2,1006.0,3.3,112
2026-09-04 13:00:00,30.0,29.3,78,1.0,1005.5,8.6,106
2026-09-04 14:00:00,36.0,28.8,82,1.9,1005.0,6.3,63
2026-09-04 15:00:00,22.0,29.3,80,0.2,1004.0,6.0,29
2026-09-04 16:00:00,0.0,29.4,79,0.0,1003.4,5.3,33
2026-09-04 17:00:00,7.0,28.9,76,0.0,1003.7,5.5,67
2026-09-04 18:00:00,8.0,28.1,82,0.0,1004.5,3.6,41
2026-09-04 19:00:00,22.0,27.7,86,0.2,1005.4,4.8,48
2026-09-04 20:00:00,24.0,27.5,90,0.3,1006.5,5.1,39
2026-09-04 21:00:00,34.0,27.3,93,0.7,1006.8,5.8,22
2026-09-04 22:00:00,32.0,26.9,95,1.0,1007.2,5.3,52
2026-09-04 23:00:00,32.0,27.1,93,3.2,1007.3,7.1,38
2026-09-05 00:00:00,36.0,26.7,96,0.5,1006.8,7.2,37
2026-09-05 01:00:00,32.0,26.6,96,0.4,1006.5,6.8,37
2026-09-05 02:00:00,31.0,26.2,95,1.0,1006.2,9.2,67
2026-09-05 03:00:00,28.0,26.0,96,1.7,1006.0,6.9,67
2026-09-05 04:00:00,19.0,25.8,97,2.1,1006.0,6.8,68
2026-09-05 05:00:00,20.0,25.4,97,1.0,1006.3,15.5,72
2026-09-05 06:00:00,20.0,25.0,96,2.0,1006.2,8.9,61
2026-09-05 07:00:00,24.0,25.6,96,0.5,1007.2,3.6,49
2026-09-05 08:00:00,27.0,26.2,92,0.2,1007.7,6.5,77
2026-09-05 09:00:00,38.0,27.0,90,0.4,1008.4,4.3,73
2026-09-05 10:00:00,17.0,27.9,85,0.5,1008.5,5.3,52
2026-09-05 11:00:00,10.0,28.5,84,0.5,1008.3,6.1,62
2026-09-05 12:00:00,9.0,27.7,88,1.7,1007.8,8.3,44
2026-09-05 13:00:00,36.0,26.3,92,5.7,1007.3,5.1,54
2026-09-05 14:00:00,42.0,26.2,95,1.8,1005.8,6.4,18
2026-09-05 15:00:00,39.0,27.3,91,0.7,1005.7,6.5,39
2026-09-05 16:00:00,22.0,27.4,91,0.4,1005.4,6.0,27
