value,flagInfo,parameter,period,coordinates,summary,coverage
270.0,{'hasFlags': False},"{'id': 2, 'name': 'pm25', 'units': 'µg/m³', 'displayName': None}","{'label': 'raw', 'interval': '01:00:00', 'datetimeFrom': {'utc': '2016-11-09T17:30:00Z', 'local': '2016-11-09T23:00:00+05:30'}, 'datetimeTo': {'utc': '2016-11-09T18:30:00Z', 'local': '2016-11-10T00:00:00+05:30'}}",,,"{'expectedCount': 1, 'expectedInterval': '01:00:00', 'observedCount': 1, 'observedInterval': '01:00:00', 'percentComplete': 100.0, 'percentCoverage': 100.0, 'datetimeFrom': {'utc': '2016-11-09T17:30:00Z', 'local': '2016-11-09T23:00:00+05:30'}, 'datetimeTo': {'utc': '2016-11-09T18:30:00Z', 'local': '2016-11-10T00:00:00+05:30'}}"
297.0,{'hasFlags': False},"{'id': 2, 'name': 'pm25', 'units': 'µg/m³', 'displayName': None}","{'label': 'raw', 'interval': '01:00:00', 'datetimeFrom': {'utc': '2016-11-09T18:30:00Z', 'local': '2016-11-10T00:00:00+05:30'}, 'datetimeTo': {'utc': '2016-11-09T19:30:00Z', 'local': '2016-11-10T01:00:00+05:30'}}",,,"{'expectedCount': 1, 'expectedInterval': '01:00:00', 'observedCount': 1, 'observedInterval': '01:00:00', 'percentComplete': 100.0, 'percentCoverage': 100.0, 'datetimeFrom': {'utc': '2016-11-09T18:30:00Z', 'local': '2016-11-10T00:00:00+05:30'}, 'datetimeTo': {'utc': '2016-11-09T19:30:00Z', 'local': '2016-11-10T01:00:00+05:30'}}"
306.5,{'hasFlags': False},"{'id': 2, 'name': 'pm25', 'units': 'µg/m³', 'displayName': None}","{'label': 'raw', 'interval': '01:00:00', 'datetimeFrom': {'utc': '2016-11-09T19:30:00Z', 'local': '2016-11-10T01:00:00+05:30'}, 'datetimeTo': {'utc': '2016-11-09T20:30:00Z', 'local': '2016-11-10T02:00:00+05:30'}}",,,"{'expectedCount': 1, 'expectedInterval': '01:00:00', 'observedCount': 1, 'observedInterval': '01:00:00', 'percentComplete': 100.0, 'percentCoverage': 100.0, 'datetimeFrom': {'utc': '2016-11-09T19:30:00Z', 'local': '2016-11-10T01:00:00+05:30'}, 'datetimeTo': {'utc': '2016-11-09T20:30:00Z', 'local': '2016-11-10T02:00:00+05:30'}}"
308.7,{'hasFlags': False},"{'id': 2, 'name': 'pm25', 'units': 'µg/m³', 'displayName': None}","{'label': 'raw', 'interval': '01:00:00', 'datetimeFrom': {'utc': '2016-11-09T20:30:00Z', 'local': '2016-11-10T02:00:00+05:30'}, 'datetimeTo': {'utc': '2016-11-09T21:30:00Z', 'local': '2016-11-10T03:00:00+05:30'}}",,,"{'expectedCount': 1, 'expectedInterval': '01:00:00', 'observedCount': 1, 'observedInterval': '01:00:00', 'percentComplete': 100.0, 'percentCoverage': 100.0, 'datetimeFrom': {'utc': '2016-11-09T20:30:00Z', 'local': '2016-11-10T02:00:00+05:30'}, 'datetimeTo': {'utc': '2016-11-09T21:30:00Z', 'local': '2016-11-10T03:00:00+05:30'}}"
315.3,{'hasFlags': False},"{'id': 2, 'name': 'pm25', 'units': 'µg/m³', 'displayName': None}","{'label': 'raw', 'interval': '01:00:00', 'datetimeFrom': {'utc': '2016-11-09T21:30:00Z', 'local': '2016-11-10T03:00:00+05:30'}, 'datetimeTo': {'utc': '2016-11-09T22:30:00Z', 'local': '2016-11-10T04:00:00+05:30'}}",,,"{'expectedCount': 1, 'expectedInterval': '01:00:00', 'observedCount': 1, 'observedInterval': '01:00:00', 'percentComplete': 100.0, 'percentCoverage': 100.0, 'datetimeFrom': {'utc': '2016-11-09T21:30:00Z', 'local': '2016-11-10T03:00:00+05:30'}, 'datetimeTo': {'utc': '2016-11-09T22:30:00Z', 'local': '2016-11-10T04:00:00+05:30'}}"
330.2,{'hasFlags': False},"{'id': 2, 'name': 'pm25', 'units': 'µg/m³', 'displayName': None}","{'label': 'raw', 'interval': '01:00:00', 'datetimeFrom': {'utc': '2016-11-09T22:30:00Z', 'local': '2016-11-10T04:00:00+05:30'}, 'datetimeTo': {'utc': '2016-11-09T23:30:00Z', 'local': '2016-11-10T05:00:00+05:30'}}",,,"{'expectedCount': 1, 'expectedInterval': '01:00:00', 'observedCount': 1, 'observedInterval': '01:00:00', 'percentComplete': 100.0, 'percentCoverage': 100.0, 'datetimeFrom': {'utc': '2016-11-09T22:30:00Z', 'local': '2016-11-10T04:00:00+05:30'}, 'datetimeTo': {'utc': '2016-11-09T23:30:00Z', 'local': '2016-11-10T05:00:00+05:30'}}"
333.6,{'hasFlags': False},"{'id': 2, 'name': 'pm25', 'units': 'µg/m³', 'displayName': None}","{'label': 'raw', 'interval': '01:00:00', 'datetimeFrom': {'utc': '2016-11-09T23:30:00Z', 'local': '2016-11-10T05:00:00+05:30'}, 'datetimeTo': {'utc': '2016-11-10T00:30:00Z', 'local': '2016-11-10T06:00:00+05:30'}}",,,"{'expectedCount': 1, 'expectedInterval': '01:00:00', 'observedCount': 1, 'observedInterval': '01:00:00', 'percentComplete': 100.0, 'percentCoverage': 100.0, 'datetimeFrom': {'utc': '2016-11-09T23:30:00Z', 'local': '2016-11-10T05:00:00+05:30'}, 'datetimeTo': {'utc': '2016-11-10T00:30:00Z', 'local': '2016-11-10T06:00:00+05:30'}}"
299.8,{'hasFlags': False},"{'id': 2, 'name': 'pm25', 'units': 'µg/m³', 'displayName': None}","{'label': 'raw', 'interval': '01:00:00', 'datetimeFrom': {'utc': '2016-11-10T00:30:00Z', 'local': '2016-11-10T06:00:00+05:30'}, 'datetimeTo': {'utc': '2016-11-10T01:30:00Z', 'local': '2016-11-10T07:00:00+05:30'}}",,,"{'expectedCount': 1, 'expectedInterval': '01:00:00', 'observedCount': 1, 'observedInterval': '01:00:00', 'percentComplete': 100.0, 'percentCoverage': 100.0, 'datetimeFrom': {'utc': '2016-11-10T00:30:00Z', 'local': '2016-11-10T06:00:00+05:30'}, 'datetimeTo': {'utc': '2016-11-10T01:30:00Z', 'local': '2016-11-10T07:00:00+05:30'}}"
274.8,{'hasFlags': False},"{'id': 2, 'name': 'pm25', 'units': 'µg/m³', 'displayName': None}","{'label': 'raw', 'interval': '01:00:00', 'datetimeFrom': {'utc': '2016-11-10T01:30:00Z', 'local': '2016-11-10T07:00:00+05:30'}, 'datetimeTo': {'utc': '2016-11-10T02:30:00Z', 'local': '2016-11-10T08:00:00+05:30'}}",,,"{'expectedCount': 1, 'expectedInterval': '01:00:00', 'observedCount': 1, 'observedInterval': '01:00:00', 'percentComplete': 100.0, 'percentCoverage': 100.0, 'datetimeFrom': {'utc': '2016-11-10T01:30:00Z', 'local': '2016-11-10T07:00:00+05:30'}, 'datetimeTo': {'utc': '2016-11-10T02:30:00Z', 'local': '2016-11-10T08:00:00+05:30'}}"
249.3,{'hasFlags': False},"{'id': 2, 'name': 'pm25', 'units': 'µg/m³', 'displayName': None}","{'label': 'raw', 'interval': '01:00:00', 'datetimeFrom': {'utc': '2016-11-10T02:30:00Z', 'local': '2016-11-10T08:00:00+05:30'}, 'datetimeTo': {'utc': '2016-11-10T03:30:00Z', 'local': '2016-11-10T09:00:00+05:30'}}",,,"{'expectedCount': 1, 'expectedInterval': '01:00:00', 'observedCount': 1, 'observedInterval': '01:00:00', 'percentComplete': 100.0, 'percentCoverage': 100.0, 'datetimeFrom': {'utc': '2016-11-10T02:30:00Z', 'local': '2016-11-10T08:00:00+05:30'}, 'datetimeTo': {'utc': '2016-11-10T03:30:00Z', 'local': '2016-11-10T09:00:00+05:30'}}"
221.9,{'hasFlags': False},"{'id': 2, 'name': 'pm25', 'units': 'µg/m³', 'displayName': None}","{'label': 'raw', 'interval': '01:00:00', 'datetimeFrom': {'utc': '2016-11-10T03:30:00Z', 'local': '2016-11-10T09:00:00+05:30'}, 'datetimeTo': {'utc': '2016-11-10T04:30:00Z', 'local': '2016-11-10T10:00:00+05:30'}}",,,"{'expectedCount': 1, 'expectedInterval': '01:00:00', 'observedCount': 1, 'observedInterval': '01:00:00', 'percentComplete': 100.0, 'percentCoverage': 100.0, 'datetimeFrom': {'utc': '2016-11-10T03:30:00Z', 'local': '2016-11-10T09:00:00+05:30'}, 'datetimeTo': {'utc': '2016-11-10T04:30:00Z', 'local': '2016-11-10T10:00:00+05:30'}}"
218.4,{'hasFlags': False},"{'id': 2, 'name': 'pm25', 'units': 'µg/m³', 'displayName': None}","{'label': 'raw', 'interval': '01:00:00', 'datetimeFrom': {'utc': '2016-11-10T04:30:00Z', 'local': '2016-11-10T10:00:00+05:30'}, 'datetimeTo': {'utc': '2016-11-10T05:30:00Z', 'local': '2016-11-10T11:00:00+05:30'}}",,,"{'expectedCount': 1, 'expectedInterval': '01:00:00', 'observedCount': 1, 'observedInterval': '01:00:00', 'percentComplete': 100.0, 'percentCoverage': 100.0, 'datetimeFrom': {'utc': '2016-11-10T04:30:00Z', 'local': '2016-11-10T10:00:00+05:30'}, 'datetimeTo': {'utc': '2016-11-10T05:30:00Z', 'local': '2016-11-10T11:00:00+05:30'}}"
218.3,{'hasFlags': False},"{'id': 2, 'name': 'pm25', 'units': 'µg/m³', 'displayName': None}","{'label': 'raw', 'interval': '01:00:00', 'datetimeFrom': {'utc': '2016-11-10T05:30:00Z', 'local': '2016-11-10T11:00:00+05:30'}, 'datetimeTo': {'utc': '2016-11-10T06:30:00Z', 'local': '2016-11-10T12:00:00+05:30'}}",,,"{'expectedCount': 1, 'expectedInterval': '01:00:00', 'observedCount': 1, 'observedInterval': '01:00:00', 'percentComplete': 100.0, 'percentCoverage': 100.0, 'datetimeFrom': {'utc': '2016-11-10T05:30:00Z', 'local': '2016-11-10T11:00:00+05:30'}, 'datetimeTo': {'utc': '2016-11-10T06:30:00Z', 'local': '2016-11-10T12:00:00+05:30'}}"
240.9,{'hasFlags': False},"{'id': 2, 'name': 'pm25', 'units': 'µg/m³', 'displayName': None}","{'label': 'raw', 'interval': '01:00:00', 'datetimeFrom': {'utc': '2016-11-10T06:30:00Z', 'local': '2016-11-10T12:00:00+05:30'}, 'datetimeTo': {'utc': '2016-11-10T07:30:00Z', 'local': '2016-11-10T13:00:00+05:30'}}",,,"{'expectedCount': 1, 'expectedInterval': '01:00:00', 'observedCount': 1, 'observedInterval': '01:00:00', 'percentComplete': 100.0, 'percentCoverage': 100.0, 'datetimeFrom': {'utc': '2016-11-10T06:30:00Z', 'local': '2016-11-10T12:00:00+05:30'}, 'datetimeTo': {'utc': '2016-11-10T07:30:00Z', 'local': '2016-11-10T13:00:00+05:30'}}"
266.5,{'hasFlags': False},"{'id': 2, 'name': 'pm25', 'units': 'µg/m³', 'displayName': None}","{'label': 'raw', 'interval': '01:00:00', 'datetimeFrom': {'utc': '2016-11-10T07:30:00Z', 'local': '2016-11-10T13:00:00+05:30'}, 'datetimeTo': {'utc': '2016-11-10T08:30:00Z', 'local': '2016-11-10T14:00:00+05:30'}}",,,"{'expectedCount': 1, 'expectedInterval': '01:00:00', 'observedCount': 1, 'observedInterval': '01:00:00', 'percentComplete': 100.0, 'percentCoverage': 100.0, 'datetimeFrom': {'utc': '2016-11-10T07:30:00Z', 'local': '2016-11-10T13:00:00+05:30'}, 'datetimeTo': {'utc': '2016-11-10T08:30:00Z', 'local': '2016-11-10T14:00:00+05:30'}}"
274.3,{'hasFlags': False},"{'id': 2, 'name': 'pm25', 'units': 'µg/m³', 'displayName': None}","{'label': 'raw', 'interval': '01:00:00', 'datetimeFrom': {'utc': '2016-11-10T08:30:00Z', 'local': '2016-11-10T14:00:00+05:30'}, 'datetimeTo': {'utc': '2016-11-10T09:30:00Z', 'local': '2016-11-10T15:00:00+05:30'}}",,,"{'expectedCount': 1, 'expectedInterval': '01:00:00', 'observedCount': 1, 'observedInterval': '01:00:00', 'percentComplete': 100.0, 'percentCoverage': 100.0, 'datetimeFrom': {'utc': '2016-11-10T08:30:00Z', 'local': '2016-11-10T14:00:00+05:30'}, 'datetimeTo': {'utc': '2016-11-10T09:30:00Z', 'local': '2016-11-10T15:00:00+05:30'}}"
208.3,{'hasFlags': False},"{'id': 2, 'name': 'pm25', 'units': 'µg/m³', 'displayName': None}","{'label': 'raw', 'interval': '01:00:00', 'datetimeFrom': {'utc': '2016-11-10T09:30:00Z', 'local': '2016-11-10T15:00:00+05:30'}, 'datetimeTo': {'utc': '2016-11-10T10:30:00Z', 'local': '2016-11-10T16:00:00+05:30'}}",,,"{'expectedCount': 1, 'expectedInterval': '01:00:00', 'observedCount': 1, 'observedInterval': '01:00:00', 'percentComplete': 100.0, 'percentCoverage': 100.0, 'datetimeFrom': {'utc': '2016-11-10T09:30:00Z', 'local': '2016-11-10T15:00:00+05:30'}, 'datetimeTo': {'utc': '2016-11-10T10:30:00Z', 'local': '2016-11-10T16:00:00+05:30'}}"
201.0,{'hasFlags': False},"{'id': 2, 'name': 'pm25', 'units': 'µg/m³', 'displayName': None}","{'label': 'raw', 'interval': '01:00:00', 'datetimeFrom': {'utc': '2016-11-10T10:30:00Z', 'local': '2016-11-10T16:00:00+05:30'}, 'datetimeTo': {'utc': '2016-11-10T11:30:00Z', 'local': '2016-11-10T17:00:00+05:30'}}",,,"{'expectedCount': 1, 'expectedInterval': '01:00:00', 'observedCount': 1, 'observedInterval': '01:00:00', 'percentComplete': 100.0, 'percentCoverage': 100.0, 'datetimeFrom': {'utc': '2016-11-10T10:30:00Z', 'local': '2016-11-10T16:00:00+05:30'}, 'datetimeTo': {'utc': '2016-11-10T11:30:00Z', 'local': '2016-11-10T17:00:00+05:30'}}"
179.3,{'hasFlags': False},"{'id': 2, 'name': 'pm25', 'units': 'µg/m³', 'displayName': None}","{'label': 'raw', 'interval': '01:00:00', 'datetimeFrom': {'utc': '2016-11-10T11:30:00Z', 'local': '2016-11-10T17:00:00+05:30'}, 'datetimeTo': {'utc': '2016-11-10T12:30:00Z', 'local': '2016-11-10T18:00:00+05:30'}}",,,"{'expectedCount': 1, 'expectedInterval': '01:00:00', 'observedCount': 1, 'observedInterval': '01:00:00', 'percentComplete': 100.0, 'percentCoverage': 100.0, 'datetimeFrom': {'utc': '2016-11-10T11:30:00Z', 'local': '2016-11-10T17:00:00+05:30'}, 'datetimeTo': {'utc': '2016-11-10T12:30:00Z', 'local': '2016-11-10T18:00:00+05:30'}}"
188.1,{'hasFlags': False},"{'id': 2, 'name': 'pm25', 'units': 'µg/m³', 'displayName': None}","{'label': 'raw', 'interval': '01:00:00', 'datetimeFrom': {'utc': '2016-11-10T12:30:00Z', 'local': '2016-11-10T18:00:00+05:30'}, 'datetimeTo': {'utc': '2016-11-10T13:30:00Z', 'local': '2016-11-10T19:00:00+05:30'}}",,,"{'expectedCount': 1, 'expectedInterval': '01:00:00', 'observedCount': 1, 'observedInterval': '01:00:00', 'percentComplete': 100.0, 'percentCoverage': 100.0, 'datetimeFrom': {'utc': '2016-11-10T12:30:00Z', 'local': '2016-11-10T18:00:00+05:30'}, 'datetimeTo': {'utc': '2016-11-10T13:30:00Z', 'local': '2016-11-10T19:00:00+05:30'}}"
208.1,{'hasFlags': False},"{'id': 2, 'name': 'pm25', 'units': 'µg/m³', 'displayName': None}","{'label': 'raw', 'interval': '01:00:00', 'datetimeFrom': {'utc': '2016-11-10T13:30:00Z', 'local': '2016-11-10T19:00:00+05:30'}, 'datetimeTo': {'utc': '2016-11-10T14:30:00Z', 'local': '2016-11-10T20:00:00+05:30'}}",,,"{'expectedCount': 1, 'expectedInterval': '01:00:00', 'observedCount': 1, 'observedInterval': '01:00:00', 'percentComplete': 100.0, 'percentCoverage': 100.0, 'datetimeFrom': {'utc': '2016-11-10T13:30:00Z', 'local': '2016-11-10T19:00:00+05:30'}, 'datetimeTo': {'utc': '2016-11-10T14:30:00Z', 'local': '2016-11-10T20:00:00+05:30'}}"
227.0,{'hasFlags': False},"{'id': 2, 'name': 'pm25', 'units': 'µg/m³', 'displayName': None}","{'label': 'raw', 'interval': '01:00:00', 'datetimeFrom': {'utc': '2016-11-10T14:30:00Z', 'local': '2016-11-10T20:00:00+05:30'}, 'datetimeTo': {'utc': '2016-11-10T15:30:00Z', 'local': '2016-11-10T21:00:00+05:30'}}",,,"{'expectedCount': 1, 'expectedInterval': '01:00:00', 'observedCount': 1, 'observedInterval': '01:00:00', 'percentComplete': 100.0, 'percentCoverage': 100.0, 'datetimeFrom': {'utc': '2016-11-10T14:30:00Z', 'local': '2016-11-10T20:00:00+05:30'}, 'datetimeTo': {'utc': '2016-11-10T15:30:00Z', 'local': '2016-11-10T21:00:00+05:30'}}"
232.5,{'hasFlags': False},"{'id': 2, 'name': 'pm25', 'units': 'µg/m³', 'displayName': None}","{'label': 'raw', 'interval': '01:00:00', 'datetimeFrom': {'utc': '2016-11-10T15:30:00Z', 'local': '2016-11-10T21:00:00+05:30'}, 'datetimeTo': {'utc': '2016-11-10T16:30:00Z', 'local': '2016-11-10T22:00:00+05:30'}}",,,"{'expectedCount': 1, 'expectedInterval': '01:00:00', 'observedCount': 1, 'observedInterval': '01:00:00', 'percentComplete': 100.0, 'percentCoverage': 100.0, 'datetimeFrom': {'utc': '2016-11-10T15:30:00Z', 'local': '2016-11-10T21:00:00+05:30'}, 'datetimeTo': {'utc': '2016-11-10T16:30:00Z', 'local': '2016-11-10T22:00:00+05:30'}}"
240.7,{'hasFlags': False},"{'id': 2, 'name': 'pm25', 'units': 'µg/m³', 'displayName': None}","{'label': 'raw', 'interval': '01:00:00', 'datetimeFrom': {'utc': '2016-11-10T16:30:00Z', 'local': '2016-11-10T22:00:00+05:30'}, 'datetimeTo': {'utc': '2016-11-10T17:30:00Z', 'local': '2016-11-10T23:00:00+05:30'}}",,,"{'expectedCount': 1, 'expectedInterval': '01:00:00', 'observedCount': 1, 'observedInterval': '01:00:00', 'percentComplete': 100.0, 'percentCoverage': 100.0, 'datetimeFrom': {'utc': '2016-11-10T16:30:00Z', 'local': '2016-11-10T22:00:00+05:30'}, 'datetimeTo': {'utc': '2016-11-10T17:30:00Z', 'local': '2016-11-10T23:00:00+05:30'}}"
265.8,{'hasFlags': False},"{'id': 2, 'name': 'pm25', 'units': 'µg/m³', 'displayName': None}","{'label': 'raw', 'interval': '01:00:00', 'datetimeFrom': {'utc': '2016-11-10T17:30:00Z', 'local': '2016-11-10T23:00:00+05:30'}, 'datetimeTo': {'utc': '2016-11-10T18:30:00Z', 'local': '2016-11-11T00:00:00+05:30'}}",,,"{'expectedCount': 1, 'expectedInterval': '01:00:00', 'observedCount': 1, 'observedInterval': '01:00:00', 'percentComplete': 100.0, 'percentCoverage': 100.0, 'datetimeFrom': {'utc': '2016-11-10T17:30:00Z', 'local': '2016-11-10T23:00:00+05:30'}, 'datetimeTo': {'utc': '2016-11-10T18:30:00Z', 'local': '2016-11-11T00:00:00+05:30'}}"
287.9,{'hasFlags': False},"{'id': 2, 'name': 'pm25', 'units': 'µg/m³', 'displayName': None}","{'label': 'raw', 'interval': '01:00:00', 'datetimeFrom': {'utc': '2016-11-10T18:30:00Z', 'local': '2016-11-11T00:00:00+05:30'}, 'datetimeTo': {'utc': '2016-11-10T19:30:00Z', 'local': '2016-11-11T01:00:00+05:30'}}",,,"{'expectedCount': 1, 'expectedInterval': '01:00:00', 'observedCount': 1, 'observedInterval': '01:00:00', 'percentComplete': 100.0, 'percentCoverage': 100.0, 'datetimeFrom': {'utc': '2016-11-10T18:30:00Z', 'local': '2016-11-11T00:00:00+05:30'}, 'datetimeTo': {'utc': '2016-11-10T19:30:00Z', 'local': '2016-11-11T01:00:00+05:30'}}"
321.4,{'hasFlags': False},"{'id': 2, 'name': 'pm25', 'units': 'µg/m³', 'displayName': None}","{'label': 'raw', 'interval': '01:00:00', 'datetimeFrom': {'utc': '2016-11-10T19:30:00Z', 'local': '2016-11-11T01:00:00+05:30'}, 'datetimeTo': {'utc': '2016-11-10T20:30:00Z', 'local': '2016-11-11T02:00:00+05:30'}}",,,"{'expectedCount': 1, 'expectedInterval': '01:00:00', 'observedCount': 1, 'observedInterval': '01:00:00', 'percentComplete': 100.0, 'percentCoverage': 100.0, 'datetimeFrom': {'utc': '2016-11-10T19:30:00Z', 'local': '2016-11-11T01:00:00+05:30'}, 'datetimeTo': {'utc': '2016-11-10T20:30:00Z', 'local': '2016-11-11T02:00:00+05:30'}}"
334.2,{'hasFlags': False},"{'id': 2, 'name': 'pm25', 'units': 'µg/m³', 'displayName': None}","{'label': 'raw', 'interval': '01:00:00', 'datetimeFrom': {'utc': '2016-11-10T20:30:00Z', 'local': '2016-11-11T02:00:00+05:30'}, 'datetimeTo': {'utc': '2016-11-10T21:30:00Z', 'local': '2016-11-11T03:00:00+05:30'}}",,,"{'expectedCount': 1, 'expectedInterval': '01:00:00', 'observedCount': 1, 'observedInterval': '01:00:00', 'percentComplete': 100.0, 'percentCoverage': 100.0, 'datetimeFrom': {'utc': '2016-11-10T20:30:00Z', 'local': '2016-11-11T02:00:00+05:30'}, 'datetimeTo': {'utc': '2016-11-10T21:30:00Z', 'local': '2016-11-11T03:00:00+05:30'}}"
329.1,{'hasFlags': False},"{'id': 2, 'name': 'pm25', 'units': 'µg/m³', 'displayName': None}","{'label': 'raw', 'interval': '01:00:00', 'datetimeFrom': {'utc': '2016-11-10T21:30:00Z', 'local': '2016-11-11T03:00:00+05:30'}, 'datetimeTo': {'utc': '2016-11-10T22:30:00Z', 'local': '2016-11-11T04:00:00+05:30'}}",,,"{'expectedCount': 1, 'expectedInterval': '01:00:00', 'observedCount': 1, 'observedInterval': '01:00:00', 'percentComplete': 100.0, 'percentCoverage': 100.0, 'datetimeFrom': {'utc': '2016-11-10T21:30:00Z', 'local': '2016-11-11T03:00:00+05:30'}, 'datetimeTo': {'utc': '2016-11-10T22:30:00Z', 'local': '2016-11-11T04:00:00+05:30'}}"
309.5,{'hasFlags': False},"{'id': 2, 'name': 'pm25', 'units': 'µg/m³', 'displayName': None}","{'label': 'raw', 'interval': '01:00:00', 'datetimeFrom': {'utc': '2016-11-10T22:30:00Z', 'local': '2016-11-11T04:00:00+05:30'}, 'datetimeTo': {'utc': '2016-11-10T23:30:00Z', 'local': '2016-11-11T05:00:00+05:30'}}",,,"{'expectedCount': 1, 'expectedInterval': '01:00:00', 'observedCount': 1, 'observedInterval': '01:00:00', 'percentComplete': 100.0, 'percentCoverage': 100.0, 'datetimeFrom': {'utc': '2016-11-10T22:30:00Z', 'local': '2016-11-11T04:00:00+05:30'}, 'datetimeTo': {'utc': '2016-11-10T23:30:00Z', 'local': '2016-11-11T05:00:00+05:30'}}"
299.7,{'hasFlags': False},"{'id': 2, 'name': 'pm25', 'units': 'µg/m³', 'displayName': None}","{'label': 'raw', 'interval': '01:00:00', 'datetimeFrom': {'utc': '2016-11-10T23:30:00Z', 'local': '2016-11-11T05:00:00+05:30'}, 'datetimeTo': {'utc': '2016-11-11T00:30:00Z', 'local': '2016-11-11T06:00:00+05:30'}}",,,"{'expectedCount': 1, 'expectedInterval': '01:00:00', 'observedCount': 1, 'observedInterval': '01:00:00', 'percentComplete': 100.0, 'percentCoverage': 100.0, 'datetimeFrom': {'utc': '2016-11-10T23:30:00Z', 'local': '2016-11-11T05:00:00+05:30'}, 'datetimeTo': {'utc': '2016-11-11T00:30:00Z', 'local': '2016-11-11T06:00:00+05:30'}}"
302.0,{'hasFlags': False},"{'id': 2, 'name': 'pm25', 'units': 'µg/m³', 'displayName': None}","{'label': 'raw', 'interval': '01:00:00', 'datetimeFrom': {'utc': '2016-11-11T00:30:00Z', 'local': '2016-11-11T06:00:00+05:30'}, 'datetimeTo': {'utc': '2016-11-11T01:30:00Z', 'local': '2016-11-11T07:00:00+05:30'}}",,,"{'expectedCount': 1, 'expectedInterval': '01:00:00', 'observedCount': 1, 'observedInterval': '01:00:00', 'percentComplete': 100.0, 'percentCoverage': 100.0, 'datetimeFrom': {'utc': '2016-11-11T00:30:00Z', 'local': '2016-11-11T06:00:00+05:30'}, 'datetimeTo': {'utc': '2016-11-11T01:30:00Z', 'local': '2016-11-11T07:00:00+05:30'}}"
304.4,{'hasFlags': False},"{'id': 2, 'name': 'pm25', 'units': 'µg/m³', 'displayName': None}","{'label': 'raw', 'interval': '01:00:00', 'datetimeFrom': {'utc': '2016-11-11T01:30:00Z', 'local': '2016-11-11T07:00:00+05:30'}, 'datetimeTo': {'utc': '2016-11-11T02:30:00Z', 'local': '2016-11-11T08:00:00+05:30'}}",,,"{'expectedCount': 1, 'expectedInterval': '01:00:00', 'observedCount': 1, 'observedInterval': '01:00:00', 'percentComplete': 100.0, 'percentCoverage': 100.0, 'datetimeFrom': {'utc': '2016-11-11T01:30:00Z', 'local': '2016-11-11T07:00:00+05:30'}, 'datetimeTo': {'utc': '2016-11-11T02:30:00Z', 'local': '2016-11-11T08:00:00+05:30'}}"
309.4,{'hasFlags': False},"{'id': 2, 'name': 'pm25', 'units': 'µg/m³', 'displayName': None}","{'label': 'raw', 'interval': '01:00:00', 'datetimeFrom': {'utc': '2016-11-11T02:30:00Z', 'local': '2016-11-11T08:00:00+05:30'}, 'datetimeTo': {'utc': '2016-11-11T03:30:00Z', 'local': '2016-11-11T09:00:00+05:30'}}",,,"{'expectedCount': 1, 'expectedInterval': '01:00:00', 'observedCount': 1, 'observedInterval': '01:00:00', 'percentComplete': 100.0, 'percentCoverage': 100.0, 'datetimeFrom': {'utc': '2016-11-11T02:30:00Z', 'local': '2016-11-11T08:00:00+05:30'}, 'datetimeTo': {'utc': '2016-11-11T03:30:00Z', 'local': '2016-11-11T09:00:00+05:30'}}"
333.6,{'hasFlags': False},"{'id': 2, 'name': 'pm25', 'units': 'µg/m³', 'displayName': None}","{'label': 'raw', 'interval': '01:00:00', 'datetimeFrom': {'utc': '2016-11-11T03:30:00Z', 'local': '2016-11-11T09:00:00+05:30'}, 'datetimeTo': {'utc': '2016-11-11T04:30:00Z', 'local': '2016-11-11T10:00:00+05:30'}}",,,"{'expectedCount': 1, 'expectedInterval': '01:00:00', 'observedCount': 1, 'observedInterval': '01:00:00', 'percentComplete': 100.0, 'percentCoverage': 100.0, 'datetimeFrom': {'utc': '2016-11-11T03:30:00Z', 'local': '2016-11-11T09:00:00+05:30'}, 'datetimeTo': {'utc': '2016-11-11T04:30:00Z', 'local': '2016-11-11T10:00:00+05:30'}}"
357.4,{'hasFlags': False},"{'id': 2, 'name': 'pm25', 'units': 'µg/m³', 'displayName': None}","{'label': 'raw', 'interval': '01:00:00', 'datetimeFrom': {'utc': '2016-11-11T04:30:00Z', 'local': '2016-11-11T10:00:00+05:30'}, 'datetimeTo': {'utc': '2016-11-11T05:30:00Z', 'local': '2016-11-11T11:00:00+05:30'}}",,,"{'expectedCount': 1, 'expectedInterval': '01:00:00', 'observedCount': 1, 'observedInterval': '01:00:00', 'percentComplete': 100.0, 'percentCoverage': 100.0, 'datetimeFrom': {'utc': '2016-11-11T04:30:00Z', 'local': '2016-11-11T10:00:00+05:30'}, 'datetimeTo': {'utc': '2016-11-11T05:30:00Z', 'local': '2016-11-11T11:00:00+05:30'}}"
351.0,{'hasFlags': False},"{'id': 2, 'name': 'pm25', 'units': 'µg/m³', 'displayName': None}","{'label': 'raw', 'interval': '01:00:00', 'datetimeFrom': {'utc': '2016-11-11T05:30:00Z', 'local': '2016-11-11T11:00:00+05:30'}, 'datetimeTo': {'utc': '2016-11-11T06:30:00Z', 'local': '2016-11-11T12:00:00+05:30'}}",,,"{'expectedCount': 1, 'expectedInterval': '01:00:00', 'observedCount': 1, 'observedInterval': '01:00:00', 'percentComplete': 100.0, 'percentCoverage': 100.0, 'datetimeFrom': {'utc': '2016-11-11T05:30:00Z', 'local': '2016-11-11T11:00:00+05:30'}, 'datetimeTo': {'utc': '2016-11-11T06:30:00Z', 'local': '2016-11-11T12:00:00+05:30'}}"
331.1,{'hasFlags': False},"{'id': 2, 'name': 'pm25', 'units': 'µg/m³', 'displayName': None}","{'label': 'raw', 'interval': '01:00:00', 'datetimeFrom': {'utc': '2016-11-11T06:30:00Z', 'local': '2016-11-11T12:00:00+05:30'}, 'datetimeTo': {'utc': '2016-11-11T07:30:00Z', 'local': '2016-11-11T13:00:00+05:30'}}",,,"{'expectedCount': 1, 'expectedInterval': '01:00:00', 'observedCount': 1, 'observedInterval': '01:00:00', 'percentComplete': 100.0, 'percentCoverage': 100.0, 'datetimeFrom': {'utc': '2016-11-11T06:30:00Z', 'local': '2016-11-11T12:00:00+05:30'}, 'datetimeTo': {'utc': '2016-11-11T07:30:00Z', 'local': '2016-11-11T13:00:00+05:30'}}"
258.6,{'hasFlags': False},"{'id': 2, 'name': 'pm25', 'units': 'µg/m³', 'displayName': None}","{'label': 'raw', 'interval': '01:00:00', 'datetimeFrom': {'utc': '2016-11-11T07:30:00Z', 'local': '2016-11-11T13:00:00+05:30'}, 'datetimeTo': {'utc': '2016-11-11T08:30:00Z', 'local': '2016-11-11T14:00:00+05:30'}}",,,"{'expectedCount': 1, 'expectedInterval': '01:00:00', 'observedCount': 1, 'observedInterval': '01:00:00', 'percentComplete': 100.0, 'percentCoverage': 100.0, 'datetimeFrom': {'utc': '2016-11-11T07:30:00Z', 'local': '2016-11-11T13:00:00+05:30'}, 'datetimeTo': {'utc': '2016-11-11T08:30:00Z', 'local': '2016-11-11T14:00:00+05:30'}}"
226.8,{'hasFlags': False},"{'id': 2, 'name': 'pm25', 'units': 'µg/m³', 'displayName': None}","{'label': 'raw', 'interval': '01:00:00', 'datetimeFrom': {'utc': '2016-11-11T08:30:00Z', 'local': '2016-11-11T14:00:00+05:30'}, 'datetimeTo': {'utc': '2016-11-11T09:30:00Z', 'local': '2016-11-11T15:00:00+05:30'}}",,,"{'expectedCount': 1, 'expectedInterval': '01:00:00', 'observedCount': 1, 'observedInterval': '01:00:00', 'percentComplete': 100.0, 'percentCoverage': 100.0, 'datetimeFrom': {'utc': '2016-11-11T08:30:00Z', 'local': '2016-11-11T14:00:00+05:30'}, 'datetimeTo': {'utc': '2016-11-11T09:30:00Z', 'local': '2016-11-11T15:00:00+05:30'}}"
205.3,{'hasFlags': False},"{'id': 2, 'name': 'pm25', 'units': 'µg/m³', 'displayName': None}","{'label': 'raw', 'interval': '01:00:00', 'datetimeFrom': {'utc': '2016-11-11T09:30:00Z', 'local': '2016-11-11T15:00:00+05:30'}, 'datetimeTo': {'utc': '2016-11-11T10:30:00Z', 'local': '2016-11-11T16:00:00+05:30'}}",,,"{'expectedCount': 1, 'expectedInterval': '01:00:00', 'observedCount': 1, 'observedInterval': '01:00:00', 'percentComplete': 100.0, 'percentCoverage': 100.0, 'datetimeFrom': {'utc': '2016-11-11T09:30:00Z', 'local': '2016-11-11T15:00:00+05:30'}, 'datetimeTo': {'utc': '2016-11-11T10:30:00Z', 'local': '2016-11-11T16:00:00+05:30'}}"
190.6,{'hasFlags': False},"{'id': 2, 'name': 'pm25', 'units': 'µg/m³', 'displayName': None}","{'label': 'raw', 'interval': '01:00:00', 'datetimeFrom': {'utc': '2016-11-11T10:30:00Z', 'local': '2016-11-11T16:00:00+05:30'}, 'datetimeTo': {'utc': '2016-11-11T11:30:00Z', 'local': '2016-11-11T17:00:00+05:30'}}",,,"{'expectedCount': 1, 'expectedInterval': '01:00:00', 'observedCount': 1, 'observedInterval': '01:00:00', 'percentComplete': 100.0, 'percentCoverage': 100.0, 'datetimeFrom': {'utc': '2016-11-11T10:30:00Z', 'local': '2016-11-11T16:00:00+05:30'}, 'datetimeTo': {'utc': '2016-11-11T11:30:00Z', 'local': '2016-11-11T17:00:00+05:30'}}"
183.8,{'hasFlags': False},"{'id': 2, 'name': 'pm25', 'units': 'µg/m³', 'displayName': None}","{'label': 'raw', 'interval': '01:00:00', 'datetimeFrom': {'utc': '2016-11-11T11:30:00Z', 'local': '2016-11-11T17:00:00+05:30'}, 'datetimeTo': {'utc': '2016-11-11T12:30:00Z', 'local': '2016-11-11T18:00:00+05:30'}}",,,"{'expectedCount': 1, 'expectedInterval': '01:00:00', 'observedCount': 1, 'observedInterval': '01:00:00', 'percentComplete': 100.0, 'percentCoverage': 100.0, 'datetimeFrom': {'utc': '2016-11-11T11:30:00Z', 'local': '2016-11-11T17:00:00+05:30'}, 'datetimeTo': {'utc': '2016-11-11T12:30:00Z', 'local': '2016-11-11T18:00:00+05:30'}}"
190.4,{'hasFlags': False},"{'id': 2, 'name': 'pm25', 'units': 'µg/m³', 'displayName': None}","{'label': 'raw', 'interval': '01:00:00', 'datetimeFrom': {'utc': '2016-11-11T12:30:00Z', 'local': '2016-11-11T18:00:00+05:30'}, 'datetimeTo': {'utc': '2016-11-11T13:30:00Z', 'local': '2016-11-11T19:00:00+05:30'}}",,,"{'expectedCount': 1, 'expectedInterval': '01:00:00', 'observedCount': 1, 'observedInterval': '01:00:00', 'percentComplete': 100.0, 'percentCoverage': 100.0, 'datetimeFrom': {'utc': '2016-11-11T12:30:00Z', 'local': '2016-11-11T18:00:00+05:30'}, 'datetimeTo': {'utc': '2016-11-11T13:30:00Z', 'local': '2016-11-11T19:00:00+05:30'}}"
197.6,{'hasFlags': False},"{'id': 2, 'name': 'pm25', 'units': 'µg/m³', 'displayName': None}","{'label': 'raw', 'interval': '01:00:00', 'datetimeFrom': {'utc': '2016-11-11T13:30:00Z', 'local': '2016-11-11T19:00:00+05:30'}, 'datetimeTo': {'utc': '2016-11-11T14:30:00Z', 'local': '2016-11-11T20:00:00+05:30'}}",,,"{'expectedCount': 1, 'expectedInterval': '01:00:00', 'observedCount': 1, 'observedInterval': '01:00:00', 'percentComplete': 100.0, 'percentCoverage': 100.0, 'datetimeFrom': {'utc': '2016-11-11T13:30:00Z', 'local': '2016-11-11T19:00:00+05:30'}, 'datetimeTo': {'utc': '2016-11-11T14:30:00Z', 'local': '2016-11-11T20:00:00+05:30'}}"
208.3,{'hasFlags': False},"{'id': 2, 'name': 'pm25', 'units': 'µg/m³', 'displayName': None}","{'label': 'raw', 'interval': '01:00:00', 'datetimeFrom': {'utc': '2016-11-11T14:30:00Z', 'local': '2016-11-11T20:00:00+05:30'}, 'datetimeTo': {'utc': '2016-11-11T15:30:00Z', 'local': '2016-11-11T21:00:00+05:30'}}",,,"{'expectedCount': 1, 'expectedInterval': '01:00:00', 'observedCount': 1, 'observedInterval': '01:00:00', 'percentComplete': 100.0, 'percentCoverage': 100.0, 'datetimeFrom': {'utc': '2016-11-11T14:30:00Z', 'local': '2016-11-11T20:00:00+05:30'}, 'datetimeTo': {'utc': '2016-11-11T15:30:00Z', 'local': '2016-11-11T21:00:00+05:30'}}"
224.1,{'hasFlags': False},"{'id': 2, 'name': 'pm25', 'units': 'µg/m³', 'displayName': None}","{'label': 'raw', 'interval': '01:00:00', 'datetimeFrom': {'utc': '2016-11-11T15:30:00Z', 'local': '2016-11-11T21:00:00+05:30'}, 'datetimeTo': {'utc': '2016-11-11T16:30:00Z', 'local': '2016-11-11T22:00:00+05:30'}}",,,"{'expectedCount': 1, 'expectedInterval': '01:00:00', 'observedCount': 1, 'observedInterval': '01:00:00', 'percentComplete': 100.0, 'percentCoverage': 100.0, 'datetimeFrom': {'utc': '2016-11-11T15:30:00Z', 'local': '2016-11-11T21:00:00+05:30'}, 'datetimeTo': {'utc': '2016-11-11T16:30:00Z', 'local': '2016-11-11T22:00:00+05:30'}}"
233.4,{'hasFlags': False},"{'id': 2, 'name': 'pm25', 'units': 'µg/m³', 'displayName': None}","{'label': 'raw', 'interval': '01:00:00', 'datetimeFrom': {'utc': '2016-11-11T16:30:00Z', 'local': '2016-11-11T22:00:00+05:30'}, 'datetimeTo': {'utc': '2016-11-11T17:30:00Z', 'local': '2016-11-11T23:00:00+05:30'}}",,,"{'expectedCount': 1, 'expectedInterval': '01:00:00', 'observedCount': 1, 'observedInterval': '01:00:00', 'percentComplete': 100.0, 'percentCoverage': 100.0, 'datetimeFrom': {'utc': '2016-11-11T16:30:00Z', 'local': '2016-11-11T22:00:00+05:30'}, 'datetimeTo': {'utc': '2016-11-11T17:30:00Z', 'local': '2016-11-11T23:00:00+05:30'}}"
232.7,{'hasFlags': False},"{'id': 2, 'name': 'pm25', 'units': 'µg/m³', 'displayName': None}","{'label': 'raw', 'interval': '01:00:00', 'datetimeFrom': {'utc': '2016-11-11T17:30:00Z', 'local': '2016-11-11T23:00:00+05:30'}, 'datetimeTo': {'utc': '2016-11-11T18:30:00Z', 'local': '2016-11-12T00:00:00+05:30'}}",,,"{'expectedCount': 1, 'expectedInterval': '01:00:00', 'observedCount': 1, 'observedInterval': '01:00:00', 'percentComplete': 100.0, 'percentCoverage': 100.0, 'datetimeFrom': {'utc': '2016-11-11T17:30:00Z', 'local': '2016-11-11T23:00:00+05:30'}, 'datetimeTo': {'utc': '2016-11-11T18:30:00Z', 'local': '2016-11-12T00:00:00+05:30'}}"
241.3,{'hasFlags': False},"{'id': 2, 'name': 'pm25', 'units': 'µg/m³', 'displayName': None}","{'label': 'raw', 'interval': '01:00:00', 'datetimeFrom': {'utc': '2016-11-11T18:30:00Z', 'local': '2016-11-12T00:00:00+05:30'}, 'datetimeTo': {'utc': '2016-11-11T19:30:00Z', 'local': '2016-11-12T01:00:00+05:30'}}",,,"{'expectedCount': 1, 'expectedInterval': '01:00:00', 'observedCount': 1, 'observedInterval': '01:00:00', 'percentComplete': 100.0, 'percentCoverage': 100.0, 'datetimeFrom': {'utc': '2016-11-11T18:30:00Z', 'local': '2016-11-12T00:00:00+05:30'}, 'datetimeTo': {'utc': '2016-11-11T19:30:00Z', 'local': '2016-11-12T01:00:00+05:30'}}"
249.5,{'hasFlags': False},"{'id': 2, 'name': 'pm25', 'units': 'µg/m³', 'displayName': None}","{'label': 'raw', 'interval': '01:00:00', 'datetimeFrom': {'utc': '2016-11-11T19:30:00Z', 'local': '2016-11-12T01:00:00+05:30'}, 'datetimeTo': {'utc': '2016-11-11T20:30:00Z', 'local': '2016-11-12T02:00:00+05:30'}}",,,"{'expectedCount': 1, 'expectedInterval': '01:00:00', 'observedCount': 1, 'observedInterval': '01:00:00', 'percentComplete': 100.0, 'percentCoverage': 100.0, 'datetimeFrom': {'utc': '2016-11-11T19:30:00Z', 'local': '2016-11-12T01:00:00+05:30'}, 'datetimeTo': {'utc': '2016-11-11T20:30:00Z', 'local': '2016-11-12T02:00:00+05:30'}}"
265.5,{'hasFlags': False},"{'id': 2, 'name': 'pm25', 'units': 'µg/m³', 'displayName': None}","{'label': 'raw', 'interval': '01:00:00', 'datetimeFrom': {'utc': '2016-11-11T20:30:00Z', 'local': '2016-11-12T02:00:00+05:30'}, 'datetimeTo': {'utc': '2016-11-11T21:30:00Z', 'local': '2016-11-12T03:00:00+05:30'}}",,,"{'expectedCount': 1, 'expectedInterval': '01:00:00', 'observedCount': 1, 'observedInterval': '01:00:00', 'percentComplete': 100.0, 'percentCoverage': 100.0, 'datetimeFrom': {'utc': '2016-11-11T20:30:00Z', 'local': '2016-11-12T02:00:00+05:30'}, 'datetimeTo': {'utc': '2016-11-11T21:30:00Z', 'local': '2016-11-12T03:00:00+05:30'}}"
280.3,{'hasFlags': False},"{'id': 2, 'name': 'pm25', 'units': 'µg/m³', 'displayName': None}","{'label': 'raw', 'interval': '01:00:00', 'datetimeFrom': {'utc': '2016-11-11T21:30:00Z', 'local': '2016-11-12T03:00:00+05:30'}, 'datetimeTo': {'utc': '2016-11-11T22:30:00Z', 'local': '2016-11-12T04:00:00+05:30'}}",,,"{'expectedCount': 1, 'expectedInterval': '01:00:00', 'observedCount': 1, 'observedInterval': '01:00:00', 'percentComplete': 100.0, 'percentCoverage': 100.0, 'datetimeFrom': {'utc': '2016-11-11T21:30:00Z', 'local': '2016-11-12T03:00:00+05:30'}, 'datetimeTo': {'utc': '2016-11-11T22:30:00Z', 'local': '2016-11-12T04:00:00+05:30'}}"
289.5,{'hasFlags': False},"{'id': 2, 'name': 'pm25', 'units': 'µg/m³', 'displayName': None}","{'label': 'raw', 'interval': '01:00:00', 'datetimeFrom': {'utc': '2016-11-11T22:30:00Z', 'local': '2016-11-12T04:00:00+05:30'}, 'datetimeTo': {'utc': '2016-11-11T23:30:00Z', 'local': '2016-11-12T05:00:00+05:30'}}",,,"{'expectedCount': 1, 'expectedInterval': '01:00:00', 'observedCount': 1, 'observedInterval': '01:00:00', 'percentComplete': 100.0, 'percentCoverage': 100.0, 'datetimeFrom': {'utc': '2016-11-11T22:30:00Z', 'local': '2016-11-12T04:00:00+05:30'}, 'datetimeTo': {'utc': '2016-11-11T23:30:00Z', 'local': '2016-11-12T05:00:00+05:30'}}"
295.6,{'hasFlags': False},"{'id': 2, 'name': 'pm25', 'units': 'µg/m³', 'displayName': None}","{'label': 'raw', 'interval': '01:00:00', 'datetimeFrom': {'utc': '2016-11-11T23:30:00Z', 'local': '2016-11-12T05:00:00+05:30'}, 'datetimeTo': {'utc': '2016-11-12T00:30:00Z', 'local': '2016-11-12T06:00:00+05:30'}}",,,"{'expectedCount': 1, 'expectedInterval': '01:00:00', 'observedCount': 1, 'observedInterval': '01:00:00', 'percentComplete': 100.0, 'percentCoverage': 100.0, 'datetimeFrom': {'utc': '2016-11-11T23:30:00Z', 'local': '2016-11-12T05:00:00+05:30'}, 'datetimeTo': {'utc': '2016-11-12T00:30:00Z', 'local': '2016-11-12T06:00:00+05:30'}}"
299.6,{'hasFlags': False},"{'id': 2, 'name': 'pm25', 'units': 'µg/m³', 'displayName': None}","{'label': 'raw', 'interval': '01:00:00', 'datetimeFrom': {'utc': '2016-11-12T00:30:00Z', 'local': '2016-11-12T06:00:00+05:30'}, 'datetimeTo': {'utc': '2016-11-12T01:30:00Z', 'local': '2016-11-12T07:00:00+05:30'}}",,,"{'expectedCount': 1, 'expectedInterval': '01:00:00', 'observedCount': 1, 'observedInterval': '01:00:00', 'percentComplete': 100.0, 'percentCoverage': 100.0, 'datetimeFrom': {'utc': '2016-11-12T00:30:00Z', 'local': '2016-11-12T06:00:00+05:30'}, 'datetimeTo': {'utc': '2016-11-12T01:30:00Z', 'local': '2016-11-12T07:00:00+05:30'}}"
301.0,{'hasFlags': False},"{'id': 2, 'name': 'pm25', 'units': 'µg/m³', 'displayName': None}","{'label': 'raw', 'interval': '01:00:00', 'datetimeFrom': {'utc': '2016-11-12T01:30:00Z', 'local': '2016-11-12T07:00:00+05:30'}, 'datetimeTo': {'utc': '2016-11-12T02:30:00Z', 'local': '2016-11-12T08:00:00+05:30'}}",,,"{'expectedCount': 1, 'expectedInterval': '01:00:00', 'observedCount': 1, 'observedInterval': '01:00:00', 'percentComplete': 100.0, 'percentCoverage': 100.0, 'datetimeFrom': {'utc': '2016-11-12T01:30:00Z', 'local': '2016-11-12T07:00:00+05:30'}, 'datetimeTo': {'utc': '2016-11-12T02:30:00Z', 'local': '2016-11-12T08:00:00+05:30'}}"
299.0,{'hasFlags': False},"{'id': 2, 'name': 'pm25', 'units': 'µg/m³', 'displayName': None}","{'label': 'raw', 'interval': '01:00:00', 'datetimeFrom': {'utc': '2016-11-12T02:30:00Z', 'local': '2016-11-12T08:00:00+05:30'}, 'datetimeTo': {'utc': '2016-11-12T03:30:00Z', 'local': '2016-11-12T09:00:00+05:30'}}",,,"{'expectedCount': 1, 'expectedInterval': '01:00:00', 'observedCount': 1, 'observedInterval': '01:00:00', 'percentComplete': 100.0, 'percentCoverage': 100.0, 'datetimeFrom': {'utc': '2016-11-12T02:30:00Z', 'local': '2016-11-12T08:00:00+05:30'}, 'datetimeTo': {'utc': '2016-11-12T03:30:00Z', 'local': '2016-11-12T09:00:00+05:30'}}"
308.9,{'hasFlags': False},"{'id': 2, 'name': 'pm25', 'units': 'µg/m³', 'displayName': None}","{'label': 'raw', 'interval': '01:00:00', 'datetimeFrom': {'utc': '2016-11-12T03:30:00Z', 'local': '2016-11-12T09:00:00+05:30'}, 'datetimeTo': {'utc': '2016-11-12T04:30:00Z', 'local': '2016-11-12T10:00:00+05:30'}}",,,"{'expectedCount': 1, 'expectedInterval': '01:00:00', 'observedCount': 1, 'observedInterval': '01:00:00', 'percentComplete': 100.0, 'percentCoverage': 100.0, 'datetimeFrom': {'utc': '2016-11-12T03:30:00Z', 'local': '2016-11-12T09:00:00+05:30'}, 'datetimeTo': {'utc': '2016-11-12T04:30:00Z', 'local': '2016-11-12T10:00:00+05:30'}}"
309.4,{'hasFlags': False},"{'id': 2, 'name': 'pm25', 'units': 'µg/m³', 'displayName': None}","{'label': 'raw', 'interval': '01:00:00', 'datetimeFrom': {'utc': '2016-11-12T04:30:00Z', 'local': '2016-11-12T10:00:00+05:30'}, 'datetimeTo': {'utc': '2016-11-12T05:30:00Z', 'local': '2016-11-12T11:00:00+05:30'}}",,,"{'expectedCount': 1, 'expectedInterval': '01:00:00', 'observedCount': 1, 'observedInterval': '01:00:00', 'percentComplete': 100.0, 'percentCoverage': 100.0, 'datetimeFrom': {'utc': '2016-11-12T04:30:00Z', 'local': '2016-11-12T10:00:00+05:30'}, 'datetimeTo': {'utc': '2016-11-12T05:30:00Z', 'local': '2016-11-12T11:00:00+05:30'}}"
,{'hasFlags': True},"{'id': 2, 'name': 'pm25', 'units': 'µg/m³', 'displayName': None}","{'label': 'raw', 'interval': '01:00:00', 'datetimeFrom': {'utc': '2016-11-12T05:30:00Z', 'local': '2016-11-12T11:00:00+05:30'}, 'datetimeTo': {'utc': '2016-11-12T06:30:00Z', 'local': '2016-11-12T12:00:00+05:30'}}",,,"{'expectedCount': 1, 'expectedInterval': '01:00:00', 'observedCount': 1, 'observedInterval': '01:00:00', 'percentComplete': 100.0, 'percentCoverage': 100.0, 'datetimeFrom': {'utc': '2016-11-12T05:30:00Z', 'local': '2016-11-12T11:00:00+05:30'}, 'datetimeTo': {'utc': '2016-11-12T06:30:00Z', 'local': '2016-11-12T12:00:00+05:30'}}"
,{'hasFlags': True},"{'id': 2, 'name': 'pm25', 'units': 'µg/m³', 'displayName': None}","{'label': 'raw', 'interval': '01:00:00', 'datetimeFrom': {'utc': '2016-11-12T06:30:00Z', 'local': '2016-11-12T12:00:00+05:30'}, 'datetimeTo': {'utc': '2016-11-12T07:30:00Z', 'local': '2016-11-12T13:00:00+05:30'}}",,,"{'expectedCount': 1, 'expectedInterval': '01:00:00', 'observedCount': 1, 'observedInterval': '01:00:00', 'percentComplete': 100.0, 'percentCoverage': 100.0, 'datetimeFrom': {'utc': '2016-11-12T06:30:00Z', 'local': '2016-11-12T12:00:00+05:30'}, 'datetimeTo': {'utc': '2016-11-12T07:30:00Z', 'local': '2016-11-12T13:00:00+05:30'}}"
194.5,{'hasFlags': True},"{'id': 2, 'name': 'pm25', 'units': 'µg/m³', 'displayName': None}","{'label': 'raw', 'interval': '01:00:00', 'datetimeFrom': {'utc': '2016-11-12T07:30:00Z', 'local': '2016-11-12T13:00:00+05:30'}, 'datetimeTo': {'utc': '2016-11-12T08:30:00Z', 'local': '2016-11-12T14:00:00+05:30'}}",,,"{'expectedCount': 1, 'expectedInterval': '01:00:00', 'observedCount': 1, 'observedInterval': '01:00:00', 'percentComplete': 100.0, 'percentCoverage': 100.0, 'datetimeFrom': {'utc': '2016-11-12T07:30:00Z', 'local': '2016-11-12T13:00:00+05:30'}, 'datetimeTo': {'utc': '2016-11-12T08:30:00Z', 'local': '2016-11-12T14:00:00+05:30'}}"
171.0,{'hasFlags': False},"{'id': 2, 'name': 'pm25', 'units': 'µg/m³', 'displayName': None}","{'label': 'raw', 'interval': '01:00:00', 'datetimeFrom': {'utc': '2016-11-12T08:30:00Z', 'local': '2016-11-12T14:00:00+05:30'}, 'datetimeTo': {'utc': '2016-11-12T09:30:00Z', 'local': '2016-11-12T15:00:00+05:30'}}",,,"{'expectedCount': 1, 'expectedInterval': '01:00:00', 'observedCount': 1, 'observedInterval': '01:00:00', 'percentComplete': 100.0, 'percentCoverage': 100.0, 'datetimeFrom': {'utc': '2016-11-12T08:30:00Z', 'local': '2016-11-12T14:00:00+05:30'}, 'datetimeTo': {'utc': '2016-11-12T09:30:00Z', 'local': '2016-11-12T15:00:00+05:30'}}"
166.8,{'hasFlags': False},"{'id': 2, 'name': 'pm25', 'units': 'µg/m³', 'displayName': None}","{'label': 'raw', 'interval': '01:00:00', 'datetimeFrom': {'utc': '2016-11-12T09:30:00Z', 'local': '2016-11-12T15:00:00+05:30'}, 'datetimeTo': {'utc': '2016-11-12T10:30:00Z', 'local': '2016-11-12T16:00:00+05:30'}}",,,"{'expectedCount': 1, 'expectedInterval': '01:00:00', 'observedCount': 1, 'observedInterval': '01:00:00', 'percentComplete': 100.0, 'percentCoverage': 100.0, 'datetimeFrom': {'utc': '2016-11-12T09:30:00Z', 'local': '2016-11-12T15:00:00+05:30'}, 'datetimeTo': {'utc': '2016-11-12T10:30:00Z', 'local': '2016-11-12T16:00:00+05:30'}}"
184.8,{'hasFlags': False},"{'id': 2, 'name': 'pm25', 'units': 'µg/m³', 'displayName': None}","{'label': 'raw', 'interval': '01:00:00', 'datetimeFrom': {'utc': '2016-11-12T10:30:00Z', 'local': '2016-11-12T16:00:00+05:30'}, 'datetimeTo': {'utc': '2016-11-12T11:30:00Z', 'local': '2016-11-12T17:00:00+05:30'}}",,,"{'expectedCount': 1, 'expectedInterval': '01:00:00', 'observedCount': 1, 'observedInterval': '01:00:00', 'percentComplete': 100.0, 'percentCoverage': 100.0, 'datetimeFrom': {'utc': '2016-11-12T10:30:00Z', 'local': '2016-11-12T16:00:00+05:30'}, 'datetimeTo': {'utc': '2016-11-12T11:30:00Z', 'local': '2016-11-12T17:00:00+05:30'}}"
181.3,{'hasFlags': False},"{'id': 2, 'name': 'pm25', 'units': 'µg/m³', 'displayName': None}","{'label': 'raw', 'interval': '01:00:00', 'datetimeFrom': {'utc': '2016-11-12T11:30:00Z', 'local': '2016-11-12T17:00:00+05:30'}, 'datetimeTo': {'utc': '2016-11-12T12:30:00Z', 'local': '2016-11-12T18:00:00+05:30'}}",,,"{'expectedCount': 1, 'expectedInterval': '01:00:00', 'observedCount': 1, 'observedInterval': '01:00:00', 'percentComplete': 100.0, 'percentCoverage': 100.0, 'datetimeFrom': {'utc': '2016-11-12T11:30:00Z', 'local': '2016-11-12T17:00:00+05:30'}, 'datetimeTo': {'utc': '2016-11-12T12:30:00Z', 'local': '2016-11-12T18:00:00+05:30'}}"
181.1,{'hasFlags': False},"{'id': 2, 'name': 'pm25', 'units': 'µg/m³', 'displayName': None}","{'label': 'raw', 'interval': '01:00:00', 'datetimeFrom': {'utc': '2016-11-12T12:30:00Z', 'local': '2016-11-12T18:00:00+05:30'}, 'datetimeTo': {'utc': '2016-11-12T13:30:00Z', 'local': '2016-11-12T19:00:00+05:30'}}",,,"{'expectedCount': 1, 'expectedInterval': '01:00:00', 'observedCount': 1, 'observedInterval': '01:00:00', 'percentComplete': 100.0, 'percentCoverage': 100.0, 'datetimeFrom': {'utc': '2016-11-12T12:30:00Z', 'local': '2016-11-12T18:00:00+05:30'}, 'datetimeTo': {'utc': '2016-11-12T13:30:00Z', 'local': '2016-11-12T19:00:00+05:30'}}"
190.0,{'hasFlags': False},"{'id': 2, 'name': 'pm25', 'units': 'µg/m³', 'displayName': None}","{'label': 'raw', 'interval': '01:00:00', 'datetimeFrom': {'utc': '2016-11-12T13:30:00Z', 'local': '2016-11-12T19:00:00+05:30'}, 'datetimeTo': {'utc': '2016-11-12T14:30:00Z', 'local': '2016-11-12T20:00:00+05:30'}}",,,"{'expectedCount': 1, 'expectedInterval': '01:00:00', 'observedCount': 1, 'observedInterval': '01:00:00', 'percentComplete': 100.0, 'percentCoverage': 100.0, 'datetimeFrom': {'utc': '2016-11-12T13:30:00Z', 'local': '2016-11-12T19:00:00+05:30'}, 'datetimeTo': {'utc': '2016-11-12T14:30:00Z', 'local': '2016-11-12T20:00:00+05:30'}}"
202.5,{'hasFlags': False},"{'id': 2, 'name': 'pm25', 'units': 'µg/m³', 'displayName': None}","{'label': 'raw', 'interval': '01:00:00', 'datetimeFrom': {'utc': '2016-11-12T14:30:00Z', 'local': '2016-11-12T20:00:00+05:30'}, 'datetimeTo': {'utc': '2016-11-12T15:30:00Z', 'local': '2016-11-12T21:00:00+05:30'}}",,,"{'expectedCount': 1, 'expectedInterval': '01:00:00', 'observedCount': 1, 'observedInterval': '01:00:00', 'percentComplete': 100.0, 'percentCoverage': 100.0, 'datetimeFrom': {'utc': '2016-11-12T14:30:00Z', 'local': '2016-11-12T20:00:00+05:30'}, 'datetimeTo': {'utc': '2016-11-12T15:30:00Z', 'local': '2016-11-12T21:00:00+05:30'}}"
203.1,{'hasFlags': False},"{'id': 2, 'name': 'pm25', 'units': 'µg/m³', 'displayName': None}","{'label': 'raw', 'interval': '01:00:00', 'datetimeFrom': {'utc': '2016-11-12T15:30:00Z', 'local': '2016-11-12T21:00:00+05:30'}, 'datetimeTo': {'utc': '2016-11-12T16:30:00Z', 'local': '2016-11-12T22:00:00+05:30'}}",,,"{'expectedCount': 1, 'expectedInterval': '01:00:00', 'observedCount': 1, 'observedInterval': '01:00:00', 'percentComplete': 100.0, 'percentCoverage': 100.0, 'datetimeFrom': {'utc': '2016-11-12T15:30:00Z', 'local': '2016-11-12T21:00:00+05:30'}, 'datetimeTo': {'utc': '2016-11-12T16:30:00Z', 'local': '2016-11-12T22:00:00+05:30'}}"
207.8,{'hasFlags': False},"{'id': 2, 'name': 'pm25', 'units': 'µg/m³', 'displayName': None}","{'label': 'raw', 'interval': '01:00:00', 'datetimeFrom': {'utc': '2016-11-12T16:30:00Z', 'local': '2016-11-12T22:00:00+05:30'}, 'datetimeTo': {'utc': '2016-11-12T17:30:00Z', 'local': '2016-11-12T23:00:00+05:30'}}",,,"{'expectedCount': 1, 'expectedInterval': '01:00:00', 'observedCount': 1, 'observedInterval': '01:00:00', 'percentComplete': 100.0, 'percentCoverage': 100.0, 'datetimeFrom': {'utc': '2016-11-12T16:30:00Z', 'local': '2016-11-12T22:00:00+05:30'}, 'datetimeTo': {'utc': '2016-11-12T17:30:00Z', 'local': '2016-11-12T23:00:00+05:30'}}"
216.0,{'hasFlags': False},"{'id': 2, 'name': 'pm25', 'units': 'µg/m³', 'displayName': None}","{'label': 'raw', 'interval': '01:00:00', 'datetimeFrom': {'utc': '2016-11-12T17:30:00Z', 'local': '2016-11-12T23:00:00+05:30'}, 'datetimeTo': {'utc': '2016-11-12T18:30:00Z', 'local': '2016-11-13T00:00:00+05:30'}}",,,"{'expectedCount': 1, 'expectedInterval': '01:00:00', 'observedCount': 1, 'observedInterval': '01:00:00', 'percentComplete': 100.0, 'percentCoverage': 100.0, 'datetimeFrom': {'utc': '2016-11-12T17:30:00Z', 'local': '2016-11-12T23:00:00+05:30'}, 'datetimeTo': {'utc': '2016-11-12T18:30:00Z', 'local': '2016-11-13T00:00:00+05:30'}}"
220.3,{'hasFlags': False},"{'id': 2, 'name': 'pm25', 'units': 'µg/m³', 'displayName': None}","{'label': 'raw', 'interval': '01:00:00', 'datetimeFrom': {'utc': '2016-11-12T18:30:00Z', 'local': '2016-11-13T00:00:00+05:30'}, 'datetimeTo': {'utc': '2016-11-12T19:30:00Z', 'local': '2016-11-13T01:00:00+05:30'}}",,,"{'expectedCount': 1, 'expectedInterval': '01:00:00', 'observedCount': 1, 'observedInterval': '01:00:00', 'percentComplete': 100.0, 'percentCoverage': 100.0, 'datetimeFrom': {'utc': '2016-11-12T18:30:00Z', 'local': '2016-11-13T00:00:00+05:30'}, 'datetimeTo': {'utc': '2016-11-12T19:30:00Z', 'local': '2016-11-13T01:00:00+05:30'}}"
224.1,{'hasFlags': False},"{'id': 2, 'name': 'pm25', 'units': 'µg/m³', 'displayName': None}","{'label': 'raw', 'interval': '01:00:00', 'datetimeFrom': {'utc': '2016-11-12T19:30:00Z', 'local': '2016-11-13T01:00:00+05:30'}, 'datetimeTo': {'utc': '2016-11-12T20:30:00Z', 'local': '2016-11-13T02:00:00+05:30'}}",,,"{'expectedCount': 1, 'expectedInterval': '01:00:00', 'observedCount': 1, 'observedInterval': '01:00:00', 'percentComplete': 100.0, 'percentCoverage': 100.0, 'datetimeFrom': {'utc': '2016-11-12T19:30:00Z', 'local': '2016-11-13T01:00:00+05:30'}, 'datetimeTo': {'utc': '2016-11-12T20:30:00Z', 'local': '2016-11-13T02:00:00+05:30'}}"
228.0,{'hasFlags': False},"{'id': 2, 'name': 'pm25', 'units': 'µg/m³', 'displayName': None}","{'label': 'raw', 'interval': '01:00:00', 'datetimeFrom': {'utc': '2016-11-12T20:30:00Z', 'local': '2016-11-13T02:00:00+05:30'}, 'datetimeTo': {'utc': '2016-11-12T21:30:00Z', 'local': '2016-11-13T03:00:00+05:30'}}",,,"{'expectedCount': 1, 'expectedInterval': '01:00:00', 'observedCount': 1, 'observedInterval': '01:00:00', 'percentComplete': 100.0, 'percentCoverage': 100.0, 'datetimeFrom': {'utc': '2016-11-12T20:30:00Z', 'local': '2016-11-13T02:00:00+05:30'}, 'datetimeTo': {'utc': '2016-11-12T21:30:00Z', 'local': '2016-11-13T03:00:00+05:30'}}"
224.7,{'hasFlags': False},"{'id': 2, 'name': 'pm25', 'units': 'µg/m³', 'displayName': None}","{'label': 'raw', 'interval': '01:00:00', 'datetimeFrom': {'utc': '2016-11-12T21:30:00Z', 'local': '2016-11-13T03:00:00+05:30'}, 'datetimeTo': {'utc': '2016-11-12T22:30:00Z', 'local': '2016-11-13T04:00:00+05:30'}}",,,"{'expectedCount': 1, 'expectedInterval': '01:00:00', 'observedCount': 1, 'observedInterval': '01:00:00', 'percentComplete': 100.0, 'percentCoverage': 100.0, 'datetimeFrom': {'utc': '2016-11-12T21:30:00Z', 'local': '2016-11-13T03:00:00+05:30'}, 'datetimeTo': {'utc': '2016-11-12T22:30:00Z', 'local': '2016-11-13T04:00:00+05:30'}}"
218.2,{'hasFlags': False},"{'id': 2, 'name': 'pm25', 'units': 'µg/m³', 'displayName': None}","{'label': 'raw', 'interval': '01:00:00', 'datetimeFrom': {'utc': '2016-11-12T22:30:00Z', 'local': '2016-11-13T04:00:00+05:30'}, 'datetimeTo': {'utc': '2016-11-12T23:30:00Z', 'local': '2016-11-13T05:00:00+05:30'}}",,,"{'expectedCount': 1, 'expectedInterval': '01:00:00', 'observedCount': 1, 'observedInterval': '01:00:00', 'percentComplete': 100.0, 'percentCoverage': 100.0, 'datetimeFrom': {'utc': '2016-11-12T22:30:00Z', 'local': '2016-11-13T04:00:00+05:30'}, 'datetimeTo': {'utc': '2016-11-12T23:30:00Z', 'local': '2016-11-13T05:00:00+05:30'}}"
206.7,{'hasFlags': False},"{'id': 2, 'name': 'pm25', 'units': 'µg/m³', 'displayName': None}","{'label': 'raw', 'interval': '01:00:00', 'datetimeFrom': {'utc': '2016-11-12T23:30:00Z', 'local': '2016-11-13T05:00:00+05:30'}, 'datetimeTo': {'utc': '2016-11-13T00:30:00Z', 'local': '2016-11-13T06:00:00+05:30'}}",,,"{'expectedCount': 1, 'expectedInterval': '01:00:00', 'observedCount': 1, 'observedInterval': '01:00:00', 'percentComplete': 100.0, 'percentCoverage': 100.0, 'datetimeFrom': {'utc': '2016-11-12T23:30:00Z', 'local': '2016-11-13T05:00:00+05:30'}, 'datetimeTo': {'utc': '2016-11-13T00:30:00Z', 'local': '2016-11-13T06:00:00+05:30'}}"
194.2,{'hasFlags': False},"{'id': 2, 'name': 'pm25', 'units': 'µg/m³', 'displayName': None}","{'label': 'raw', 'interval': '01:00:00', 'datetimeFrom': {'utc': '2016-11-13T00:30:00Z', 'local': '2016-11-13T06:00:00+05:30'}, 'datetimeTo': {'utc': '2016-11-13T01:30:00Z', 'local': '2016-11-13T07:00:00+05:30'}}",,,"{'expectedCount': 1, 'expectedInterval': '01:00:00', 'observedCount': 1, 'observedInterval': '01:00:00', 'percentComplete': 100.0, 'percentCoverage': 100.0, 'datetimeFrom': {'utc': '2016-11-13T00:30:00Z', 'local': '2016-11-13T06:00:00+05:30'}, 'datetimeTo': {'utc': '2016-11-13T01:30:00Z', 'local': '2016-11-13T07:00:00+05:30'}}"
191.4,{'hasFlags': False},"{'id': 2, 'name': 'pm25', 'units': 'µg/m³', 'displayName': None}","{'label': 'raw', 'interval': '01:00:00', 'datetimeFrom': {'utc': '2016-11-13T01:30:00Z', 'local': '2016-11-13T07:00:00+05:30'}, 'datetimeTo': {'utc': '2016-11-13T02:30:00Z', 'local': '2016-11-13T08:00:00+05:30'}}",,,"{'expectedCount': 1, 'expectedInterval': '01:00:00', 'observedCount': 1, 'observedInterval': '01:00:00', 'percentComplete': 100.0, 'percentCoverage': 100.0, 'datetimeFrom': {'utc': '2016-11-13T01:30:00Z', 'local': '2016-11-13T07:00:00+05:30'}, 'datetimeTo': {'utc': '2016-11-13T02:30:00Z', 'local': '2016-11-13T08:00:00+05:30'}}"
202.8,{'hasFlags': False},"{'id': 2, 'name': 'pm25', 'units': 'µg/m³', 'displayName': None}","{'label': 'raw', 'interval': '01:00:00', 'datetimeFrom': {'utc': '2016-11-13T02:30:00Z', 'local': '2016-11-13T08:00:00+05:30'}, 'datetimeTo': {'utc': '2016-11-13T03:30:00Z', 'local': '2016-11-13T09:00:00+05:30'}}",,,"{'expectedCount': 1, 'expectedInterval': '01:00:00', 'observedCount': 1, 'observedInterval': '01:00:00', 'percentComplete': 100.0, 'percentCoverage': 100.0, 'datetimeFrom': {'utc': '2016-11-13T02:30:00Z', 'local': '2016-11-13T08:00:00+05:30'}, 'datetimeTo': {'utc': '2016-11-13T03:30:00Z', 'local': '2016-11-13T09:00:00+05:30'}}"
242.8,{'hasFlags': False},"{'id': 2, 'name': 'pm25', 'units': 'µg/m³', 'displayName': None}","{'label': 'raw', 'interval': '01:00:00', 'datetimeFrom': {'utc': '2016-11-13T03:30:00Z', 'local': '2016-11-13T09:00:00+05:30'}, 'datetimeTo': {'utc': '2016-11-13T04:30:00Z', 'local': '2016-11-13T10:00:00+05:30'}}",,,"{'expectedCount': 1, 'expectedInterval': '01:00:00', 'observedCount': 1, 'observedInterval': '01:00:00', 'percentComplete': 100.0, 'percentCoverage': 100.0, 'datetimeFrom': {'utc': '2016-11-13T03:30:00Z', 'local': '2016-11-13T09:00:00+05:30'}, 'datetimeTo': {'utc': '2016-11-13T04:30:00Z', 'local': '2016-11-13T10:00:00+05:30'}}"
237.3,{'hasFlags': False},"{'id': 2, 'name': 'pm25', 'units': 'µg/m³', 'displayName': None}","{'label': 'raw', 'interval': '01:00:00', 'datetimeFrom': {'utc': '2016-11-13T04:30:00Z', 'local': '2016-11-13T10:00:00+05:30'}, 'datetimeTo': {'utc': '2016-11-13T05:30:00Z', 'local': '2016-11-13T11:00:00+05:30'}}",,,"{'expectedCount': 1, 'expectedInterval': '01:00:00', 'observedCount': 1, 'observedInterval': '01:00:00', 'percentComplete': 100.0, 'percentCoverage': 100.0, 'datetimeFrom': {'utc': '2016-11-13T04:30:00Z', 'local': '2016-11-13T10:00:00+05:30'}, 'datetimeTo': {'utc': '2016-11-13T05:30:00Z', 'local': '2016-11-13T11:00:00+05:30'}}"
195.8,{'hasFlags': False},"{'id': 2, 'name': 'pm25', 'units': 'µg/m³', 'displayName': None}","{'label': 'raw', 'interval': '01:00:00', 'datetimeFrom': {'utc': '2016-11-13T05:30:00Z', 'local': '2016-11-13T11:00:00+05:30'}, 'datetimeTo': {'utc': '2016-11-13T06:30:00Z', 'local': '2016-11-13T12:00:00+05:30'}}",,,"{'expectedCount': 1, 'expectedInterval': '01:00:00', 'observedCount': 1, 'observedInterval': '01:00:00', 'percentComplete': 100.0, 'percentCoverage': 100.0, 'datetimeFrom': {'utc': '2016-11-13T05:30:00Z', 'local': '2016-11-13T11:00:00+05:30'}, 'datetimeTo': {'utc': '2016-11-13T06:30:00Z', 'local': '2016-11-13T12:00:00+05:30'}}"
164.5,{'hasFlags': False},"{'id': 2, 'name': 'pm25', 'units': 'µg/m³', 'displayName': None}","{'label': 'raw', 'interval': '01:00:00', 'datetimeFrom': {'utc': '2016-11-13T06:30:00Z', 'local': '2016-11-13T12:00:00+05:30'}, 'datetimeTo': {'utc': '2016-11-13T07:30:00Z', 'local': '2016-11-13T13:00:00+05:30'}}",,,"{'expectedCount': 1, 'expectedInterval': '01:00:00', 'observedCount': 1, 'observedInterval': '01:00:00', 'percentComplete': 100.0, 'percentCoverage': 100.0, 'datetimeFrom': {'utc': '2016-11-13T06:30:00Z', 'local': '2016-11-13T12:00:00+05:30'}, 'datetimeTo': {'utc': '2016-11-13T07:30:00Z', 'local': '2016-11-13T13:00:00+05:30'}}"
147.2,{'hasFlags': False},"{'id': 2, 'name': 'pm25', 'units': 'µg/m³', 'displayName': None}","{'label': 'raw', 'interval': '01:00:00', 'datetimeFrom': {'utc': '2016-11-13T07:30:00Z', 'local': '2016-11-13T13:00:00+05:30'}, 'datetimeTo': {'utc': '2016-11-13T08:30:00Z', 'local': '2016-11-13T14:00:00+05:30'}}",,,"{'expectedCount': 1, 'expectedInterval': '01:00:00', 'observedCount': 1, 'observedInterval': '01:00:00', 'percentComplete': 100.0, 'percentCoverage': 100.0, 'datetimeFrom': {'utc': '2016-11-13T07:30:00Z', 'local': '2016-11-13T13:00:00+05:30'}, 'datetimeTo': {'utc': '2016-11-13T08:30:00Z', 'local': '2016-11-13T14:00:00+05:30'}}"
119.6,{'hasFlags': False},"{'id': 2, 'name': 'pm25', 'units': 'µg/m³', 'displayName': None}","{'label': 'raw', 'interval': '01:00:00', 'datetimeFrom': {'utc': '2016-11-13T08:30:00Z', 'local': '2016-11-13T14:00:00+05:30'}, 'datetimeTo': {'utc': '2016-11-13T09:30:00Z', 'local': '2016-11-13T15:00:00+05:30'}}",,,"{'expectedCount': 1, 'expectedInterval': '01:00:00', 'observedCount': 1, 'observedInterval': '01:00:00', 'percentComplete': 100.0, 'percentCoverage': 100.0, 'datetimeFrom': {'utc': '2016-11-13T08:30:00Z', 'local': '2016-11-13T14:00:00+05:30'}, 'datetimeTo': {'utc': '2016-11-13T09:30:00Z', 'local': '2016-11-13T15:00:00+05:30'}}"
108.2,{'hasFlags': False},"{'id': 2, 'name': 'pm25', 'units': 'µg/m³', 'displayName': None}","{'label': 'raw', 'interval': '01:00:00', 'datetimeFrom': {'utc': '2016-11-13T09:30:00Z', 'local': '2016-11-13T15:00:00+05:30'}, 'datetimeTo': {'utc': '2016-11-13T10:30:00Z', 'local': '2016-11-13T16:00:00+05:30'}}",,,"{'expectedCount': 1, 'expectedInterval': '01:00:00', 'observedCount': 1, 'observedInterval': '01:00:00', 'percentComplete': 100.0, 'percentCoverage': 100.0, 'datetimeFrom': {'utc': '2016-11-13T09:30:00Z', 'local': '2016-11-13T15:00:00+05:30'}, 'datetimeTo': {'utc': '2016-11-13T10:30:00Z', 'local': '2016-11-13T16:00:00+05:30'}}"
104.1,{'hasFlags': False},"{'id': 2, 'name': 'pm25', 'units': 'µg/m³', 'displayName': None}","{'label': 'raw', 'interval': '01:00:00', 'datetimeFrom': {'utc': '2016-11-13T10:30:00Z', 'local': '2016-11-13T16:00:00+05:30'}, 'datetimeTo': {'utc': '2016-11-13T11:30:00Z', 'local': '2016-11-13T17:00:00+05:30'}}",,,"{'expectedCount': 1, 'expectedInterval': '01:00:00', 'observedCount': 1, 'observedInterval': '01:00:00', 'percentComplete': 100.0, 'percentCoverage': 100.0, 'datetimeFrom': {'utc': '2016-11-13T10:30:00Z', 'local': '2016-11-13T16:00:00+05:30'}, 'datetimeTo': {'utc': '2016-11-13T11:30:00Z', 'local': '2016-11-13T17:00:00+05:30'}}"
104.0,{'hasFlags': False},"{'id': 2, 'name': 'pm25', 'units': 'µg/m³', 'displayName': None}","{'label': 'raw', 'interval': '01:00:00', 'datetimeFrom': {'utc': '2016-11-13T11:30:00Z', 'local': '2016-11-13T17:00:00+05:30'}, 'datetimeTo': {'utc': '2016-11-13T12:30:00Z', 'local': '2016-11-13T18:00:00+05:30'}}",,,"{'expectedCount': 1, 'expectedInterval': '01:00:00', 'observedCount': 1, 'observedInterval': '01:00:00', 'percentComplete': 100.0, 'percentCoverage': 100.0, 'datetimeFrom': {'utc': '2016-11-13T11:30:00Z', 'local': '2016-11-13T17:00:00+05:30'}, 'datetimeTo': {'utc': '2016-11-13T12:30:00Z', 'local': '2016-11-13T18:00:00+05:30'}}"
119.0,{'hasFlags': False},"{'id': 2, 'name': 'pm25', 'units': 'µg/m³', 'displayName': None}","{'label': 'raw', 'interval': '01:00:00', 'datetimeFrom': {'utc': '2016-11-13T12:30:00Z', 'local': '2016-11-13T18:00:00+05:30'}, 'datetimeTo': {'utc': '2016-11-13T13:30:00Z', 'local': '2016-11-13T19:00:00+05:30'}}",,,"{'expectedCount': 1, 'expectedInterval': '01:00:00', 'observedCount': 1, 'observedInterval': '01:00:00', 'percentComplete': 100.0, 'percentCoverage': 100.0, 'datetimeFrom': {'utc': '2016-11-13T12:30:00Z', 'local': '2016-11-13T18:00:00+05:30'}, 'datetimeTo': {'utc': '2016-11-13T13:30:00Z', 'local': '2016-11-13T19:00:00+05:30'}}"
128.5,{'hasFlags': False},"{'id': 2, 'name': 'pm25', 'units': 'µg/m³', 'displayName': None}","{'label': 'raw', 'interval': '01:00:00', 'datetimeFrom': {'utc': '2016-11-13T13:30:00Z', 'local': '2016-11-13T19:00:00+05:30'}, 'datetimeTo': {'utc': '2016-11-13T14:30:00Z', 'local': '2016-11-13T20:00:00+05:30'}}",,,"{'expectedCount': 1, 'expectedInterval': '01:00:00', 'observedCount': 1, 'observedInterval': '01:00:00', 'percentComplete': 100.0, 'percentCoverage': 100.0, 'datetimeFrom': {'utc': '2016-11-13T13:30:00Z', 'local': '2016-11-13T19:00:00+05:30'}, 'datetimeTo': {'utc': '2016-11-13T14:30:00Z', 'local': '2016-11-13T20:00:00+05:30'}}"
144.2,{'hasFlags': False},"{'id': 2, 'name': 'pm25', 'units': 'µg/m³', 'displayName': None}","{'label': 'raw', 'interval': '01:00:00', 'datetimeFrom': {'utc': '2016-11-13T14:30:00Z', 'local': '2016-11-13T20:00:00+05:30'}, 'datetimeTo': {'utc': '2016-11-13T15:30:00Z', 'local': '2016-11-13T21:00:00+05:30'}}",,,"{'expectedCount': 1, 'expectedInterval': '01:00:00', 'observedCount': 1, 'observedInterval': '01:00:00', 'percentComplete': 100.0, 'percentCoverage': 100.0, 'datetimeFrom': {'utc': '2016-11-13T14:30:00Z', 'local': '2016-11-13T20:00:00+05:30'}, 'datetimeTo': {'utc': '2016-11-13T15:30:00Z', 'local': '2016-11-13T21:00:00+05:30'}}"
158.1,{'hasFlags': False},"{'id': 2, 'name': 'pm25', 'units': 'µg/m³', 'displayName': None}","{'label': 'raw', 'interval': '01:00:00', 'datetimeFrom': {'utc': '2016-11-13T15:30:00Z', 'local': '2016-11-13T21:00:00+05:30'}, 'datetimeTo': {'utc': '2016-11-13T16:30:00Z', 'local': '2016-11-13T22:00:00+05:30'}}",,,"{'expectedCount': 1, 'expectedInterval': '01:00:00', 'observedCount': 1, 'observedInterval': '01:00:00', 'percentComplete': 100.0, 'percentCoverage': 100.0, 'datetimeFrom': {'utc': '2016-11-13T15:30:00Z', 'local': '2016-11-13T21:00:00+05:30'}, 'datetimeTo': {'utc': '2016-11-13T16:30:00Z', 'local': '2016-11-13T22:00:00+05:30'}}"
163.0,{'hasFlags': False},"{'id': 2, 'name': 'pm25', 'units': 'µg/m³', 'displayName': None}","{'label': 'raw', 'interval': '01:00:00', 'datetimeFrom': {'utc': '2016-11-13T16:30:00Z', 'local': '2016-11-13T22:00:00+05:30'}, 'datetimeTo': {'utc': '2016-11-13T17:30:00Z', 'local': '2016-11-13T23:00:00+05:30'}}",,,"{'expectedCount': 1, 'expectedInterval': '01:00:00', 'observedCount': 1, 'observedInterval': '01:00:00', 'percentComplete': 100.0, 'percentCoverage': 100.0, 'datetimeFrom': {'utc': '2016-11-13T16:30:00Z', 'local': '2016-11-13T22:00:00+05:30'}, 'datetimeTo': {'utc': '2016-11-13T17:30:00Z', 'local': '2016-11-13T23:00:00+05:30'}}"
174.7,{'hasFlags': False},"{'id': 2, 'name': 'pm25', 'units': 'µg/m³', 'displayName': None}","{'label': 'raw', 'interval': '01:00:00', 'datetimeFrom': {'utc': '2016-11-13T17:30:00Z', 'local': '2016-11-13T23:00:00+05:30'}, 'datetimeTo': {'utc': '2016-11-13T18:30:00Z', 'local': '2016-11-14T00:00:00+05:30'}}",,,"{'expectedCount': 1, 'expectedInterval': '01:00:00', 'observedCount': 1, 'observedInterval': '01:00:00', 'percentComplete': 100.0, 'percentCoverage': 100.0, 'datetimeFrom': {'utc': '2016-11-13T17:30:00Z', 'local': '2016-11-13T23:00:00+05:30'}, 'datetimeTo': {'utc': '2016-11-13T18:30:00Z', 'local': '2016-11-14T00:00:00+05:30'}}"
191.3,{'hasFlags': False},"{'id': 2, 'name': 'pm25', 'units': 'µg/m³', 'displayName': None}","{'label': 'raw', 'interval': '01:00:00', 'datetimeFrom': {'utc': '2016-11-13T18:30:00Z', 'local': '2016-11-14T00:00:00+05:30'}, 'datetimeTo': {'utc': '2016-11-13T19:30:00Z', 'local': '2016-11-14T01:00:00+05:30'}}",,,"{'expectedCount': 1, 'expectedInterval': '01:00:00', 'observedCount': 1, 'observedInterval': '01:00:00', 'percentComplete': 100.0, 'percentCoverage': 100.0, 'datetimeFrom': {'utc': '2016-11-13T18:30:00Z', 'local': '2016-11-14T00:00:00+05:30'}, 'datetimeTo': {'utc': '2016-11-13T19:30:00Z', 'local': '2016-11-14T01:00:00+05:30'}}"
191.2,{'hasFlags': False},"{'id': 2, 'name': 'pm25', 'units': 'µg/m³', 'displayName': None}","{'label': 'raw', 'interval': '01:00:00', 'datetimeFrom': {'utc': '2016-11-13T19:30:00Z', 'local': '2016-11-14T01:00:00+05:30'}, 'datetimeTo': {'utc': '2016-11-13T20:30:00Z', 'local': '2016-11-14T02:00:00+05:30'}}",,,"{'expectedCount': 1, 'expectedInterval': '01:00:00', 'observedCount': 1, 'observedInterval': '01:00:00', 'percentComplete': 100.0, 'percentCoverage': 100.0, 'datetimeFrom': {'utc': '2016-11-13T19:30:00Z', 'local': '2016-11-14T01:00:00+05:30'}, 'datetimeTo': {'utc': '2016-11-13T20:30:00Z', 'local': '2016-11-14T02:00:00+05:30'}}"
191.1,{'hasFlags': False},"{'id': 2, 'name': 'pm25', 'units': 'µg/m³', 'displayName': None}","{'label': 'raw', 'interval': '01:00:00', 'datetimeFrom': {'utc': '2016-11-13T20:30:00Z', 'local': '2016-11-14T02:00:00+05:30'}, 'datetimeTo': {'utc': '2016-11-13T21:30:00Z', 'local': '2016-11-14T03:00:00+05:30'}}",,,"{'expectedCount': 1, 'expectedInterval': '01:00:00', 'observedCount': 1, 'observedInterval': '01:00:00', 'percentComplete': 100.0, 'percentCoverage': 100.0, 'datetimeFrom': {'utc': '2016-11-13T20:30:00Z', 'local': '2016-11-14T02:00:00+05:30'}, 'datetimeTo': {'utc': '2016-11-13T21:30:00Z', 'local': '2016-11-14T03:00:00+05:30'}}"
184.5,{'hasFlags': False},"{'id': 2, 'name': 'pm25', 'units': 'µg/m³', 'displayName': None}","{'label': 'raw', 'interval': '01:00:00', 'datetimeFrom': {'utc': '2016-11-13T21:30:00Z', 'local': '2016-11-14T03:00:00+05:30'}, 'datetimeTo': {'utc': '2016-11-13T22:30:00Z', 'local': '2016-11-14T04:00:00+05:30'}}",,,"{'expectedCount': 1, 'expectedInterval': '01:00:00', 'observedCount': 1, 'observedInterval': '01:00:00', 'percentComplete': 100.0, 'percentCoverage': 100.0, 'datetimeFrom': {'utc': '2016-11-13T21:30:00Z', 'local': '2016-11-14T03:00:00+05:30'}, 'datetimeTo': {'utc': '2016-11-13T22:30:00Z', 'local': '2016-11-14T04:00:00+05:30'}}"
181.7,{'hasFlags': False},"{'id': 2, 'name': 'pm25', 'units': 'µg/m³', 'displayName': None}","{'label': 'raw', 'interval': '01:00:00', 'datetimeFrom': {'utc': '2016-11-13T22:30:00Z', 'local': '2016-11-14T04:00:00+05:30'}, 'datetimeTo': {'utc': '2016-11-13T23:30:00Z', 'local': '2016-11-14T05:00:00+05:30'}}",,,"{'expectedCount': 1, 'expectedInterval': '01:00:00', 'observedCount': 1, 'observedInterval': '01:00:00', 'percentComplete': 100.0, 'percentCoverage': 100.0, 'datetimeFrom': {'utc': '2016-11-13T22:30:00Z', 'local': '2016-11-14T04:00:00+05:30'}, 'datetimeTo': {'utc': '2016-11-13T23:30:00Z', 'local': '2016-11-14T05:00:00+05:30'}}"
182.8,{'hasFlags': False},"{'id': 2, 'name': 'pm25', 'units': 'µg/m³', 'displayName': None}","{'label': 'raw', 'interval': '01:00:00', 'datetimeFrom': {'utc': '2016-11-13T23:30:00Z', 'local': '2016-11-14T05:00:00+05:30'}, 'datetimeTo': {'utc': '2016-11-14T00:30:00Z', 'local': '2016-11-14T06:00:00+05:30'}}",,,"{'expectedCount': 1, 'expectedInterval': '01:00:00', 'observedCount': 1, 'observedInterval': '01:00:00', 'percentComplete': 100.0, 'percentCoverage': 100.0, 'datetimeFrom': {'utc': '2016-11-13T23:30:00Z', 'local': '2016-11-14T05:00:00+05:30'}, 'datetimeTo': {'utc': '2016-11-14T00:30:00Z', 'local': '2016-11-14T06:00:00+05:30'}}"
187.0,{'hasFlags': False},"{'id': 2, 'name': 'pm25', 'units': 'µg/m³', 'displayName': None}","{'label': 'raw', 'interval': '01:00:00', 'datetimeFrom': {'utc': '2016-11-14T00:30:00Z', 'local': '2016-11-14T06:00:00+05:30'}, 'datetimeTo': {'utc': '2016-11-14T01:30:00Z', 'local': '2016-11-14T07:00:00+05:30'}}",,,"{'expectedCount': 1, 'expectedInterval': '01:00:00', 'observedCount': 1, 'observedInterval': '01:00:00', 'percentComplete': 100.0, 'percentCoverage': 100.0, 'datetimeFrom': {'utc': '2016-11-14T00:30:00Z', 'local': '2016-11-14T06:00:00+05:30'}, 'datetimeTo': {'utc': '2016-11-14T01:30:00Z', 'local': '2016-11-14T07:00:00+05:30'}}"
186.3,{'hasFlags': False},"{'id': 2, 'name': 'pm25', 'units': 'µg/m³', 'displayName': None}","{'label': 'raw', 'interval': '01:00:00', 'datetimeFrom': {'utc': '2016-11-14T01:30:00Z', 'local': '2016-11-14T07:00:00+05:30'}, 'datetimeTo': {'utc': '2016-11-14T02:30:00Z', 'local': '2016-11-14T08:00:00+05:30'}}",,,"{'expectedCount': 1, 'expectedInterval': '01:00:00', 'observedCount': 1, 'observedInterval': '01:00:00', 'percentComplete': 100.0, 'percentCoverage': 100.0, 'datetimeFrom': {'utc': '2016-11-14T01:30:00Z', 'local': '2016-11-14T07:00:00+05:30'}, 'datetimeTo': {'utc': '2016-11-14T02:30:00Z', 'local': '2016-11-14T08:00:00+05:30'}}"
199.0,{'hasFlags': False},"{'id': 2, 'name': 'pm25', 'units': 'µg/m³', 'displayName': None}","{'label': 'raw', 'interval': '01:00:00', 'datetimeFrom': {'utc': '2016-11-14T02:30:00Z', 'local': '2016-11-14T08:00:00+05:30'}, 'datetimeTo': {'utc': '2016-11-14T03:30:00Z', 'local': '2016-11-14T09:00:00+05:30'}}",,,"{'expectedCount': 1, 'expectedInterval': '01:00:00', 'observedCount': 1, 'observedInterval': '01:00:00', 'percentComplete': 100.0, 'percentCoverage': 100.0, 'datetimeFrom': {'utc': '2016-11-14T02:30:00Z', 'local': '2016-11-14T08:00:00+05:30'}, 'datetimeTo': {'utc': '2016-11-14T03:30:00Z', 'local': '2016-11-14T09:00:00+05:30'}}"
209.8,{'hasFlags': False},"{'id': 2, 'name': 'pm25', 'units': 'µg/m³', 'displayName': None}","{'label': 'raw', 'interval': '01:00:00', 'datetimeFrom': {'utc': '2016-11-14T03:30:00Z', 'local': '2016-11-14T09:00:00+05:30'}, 'datetimeTo': {'utc': '2016-11-14T04:30:00Z', 'local': '2016-11-14T10:00:00+05:30'}}",,,"{'expectedCount': 1, 'expectedInterval': '01:00:00', 'observedCount': 1, 'observedInterval': '01:00:00', 'percentComplete': 100.0, 'percentCoverage': 100.0, 'datetimeFrom': {'utc': '2016-11-14T03:30:00Z', 'local': '2016-11-14T09:00:00+05:30'}, 'datetimeTo': {'utc': '2016-11-14T04:30:00Z', 'local': '2016-11-14T10:00:00+05:30'}}"
212.0,{'hasFlags': False},"{'id': 2, 'name': 'pm25', 'units': 'µg/m³', 'displayName': None}","{'label': 'raw', 'interval': '01:00:00', 'datetimeFrom': {'utc': '2016-11-14T04:30:00Z', 'local': '2016-11-14T10:00:00+05:30'}, 'datetimeTo': {'utc': '2016-11-14T05:30:00Z', 'local': '2016-11-14T11:00:00+05:30'}}",,,"{'expectedCount': 1, 'expectedInterval': '01:00:00', 'observedCount': 1, 'observedInterval': '01:00:00', 'percentComplete': 100.0, 'percentCoverage': 100.0, 'datetimeFrom': {'utc': '2016-11-14T04:30:00Z', 'local': '2016-11-14T10:00:00+05:30'}, 'datetimeTo': {'utc': '2016-11-14T05:30:00Z', 'local': '2016-11-14T11:00:00+05:30'}}"
210.2,{'hasFlags': False},"{'id': 2, 'name': 'pm25', 'units': 'µg/m³', 'displayName': None}","{'label': 'raw', 'interval': '01:00:00', 'datetimeFrom': {'utc': '2016-11-14T05:30:00Z', 'local': '2016-11-14T11:00:00+05:30'}, 'datetimeTo': {'utc': '2016-11-14T06:30:00Z', 'local': '2016-11-14T12:00:00+05:30'}}",,,"{'expectedCount': 1, 'expectedInterval': '01:00:00', 'observedCount': 1, 'observedInterval': '01:00:00', 'percentComplete': 100.0, 'percentCoverage': 100.0, 'datetimeFrom': {'utc': '2016-11-14T05:30:00Z', 'local': '2016-11-14T11:00:00+05:30'}, 'datetimeTo': {'utc': '2016-11-14T06:30:00Z', 'local': '2016-11-14T12:00:00+05:30'}}"
207.6,{'hasFlags': False},"{'id': 2, 'name': 'pm25', 'units': 'µg/m³', 'displayName': None}","{'label': 'raw', 'interval': '01:00:00', 'datetimeFrom': {'utc': '2016-11-14T06:30:00Z', 'local': '2016-11-14T12:00:00+05:30'}, 'datetimeTo': {'utc': '2016-11-14T07:30:00Z', 'local': '2016-11-14T13:00:00+05:30'}}",,,"{'expectedCount': 1, 'expectedInterval': '01:00:00', 'observedCount': 1, 'observedInterval': '01:00:00', 'percentComplete': 100.0, 'percentCoverage': 100.0, 'datetimeFrom': {'utc': '2016-11-14T06:30:00Z', 'local': '2016-11-14T12:00:00+05:30'}, 'datetimeTo': {'utc': '2016-11-14T07:30:00Z', 'local': '2016-11-14T13:00:00+05:30'}}"
191.7,{'hasFlags': False},"{'id': 2, 'name': 'pm25', 'units': 'µg/m³', 'displayName': None}","{'label': 'raw', 'interval': '01:00:00', 'datetimeFrom': {'utc': '2016-11-14T07:30:00Z', 'local': '2016-11-14T13:00:00+05:30'}, 'datetimeTo': {'utc': '2016-11-14T08:30:00Z', 'local': '2016-11-14T14:00:00+05:30'}}",,,"{'expectedCount': 1, 'expectedInterval': '01:00:00', 'observedCount': 1, 'observedInterval': '01:00:00', 'percentComplete': 100.0, 'percentCoverage': 100.0, 'datetimeFrom': {'utc': '2016-11-14T07:30:00Z', 'local': '2016-11-14T13:00:00+05:30'}, 'datetimeTo': {'utc': '2016-11-14T08:30:00Z', 'local': '2016-11-14T14:00:00+05:30'}}"
156.8,{'hasFlags': False},"{'id': 2, 'name': 'pm25', 'units': 'µg/m³', 'displayName': None}","{'label': 'raw', 'interval': '01:00:00', 'datetimeFrom': {'utc': '2016-11-14T08:30:00Z', 'local': '2016-11-14T14:00:00+05:30'}, 'datetimeTo': {'utc': '2016-11-14T09:30:00Z', 'local': '2016-11-14T15:00:00+05:30'}}",,,"{'expectedCount': 1, 'expectedInterval': '01:00:00', 'observedCount': 1, 'observedInterval': '01:00:00', 'percentComplete': 100.0, 'percentCoverage': 100.0, 'datetimeFrom': {'utc': '2016-11-14T08:30:00Z', 'local': '2016-11-14T14:00:00+05:30'}, 'datetimeTo': {'utc': '2016-11-14T09:30:00Z', 'local': '2016-11-14T15:00:00+05:30'}}"
131.1,{'hasFlags': False},"{'id': 2, 'name': 'pm25', 'units': 'µg/m³', 'displayName': None}","{'label': 'raw', 'interval': '01:00:00', 'datetimeFrom': {'utc': '2016-11-14T09:30:00Z', 'local': '2016-11-14T15:00:00+05:30'}, 'datetimeTo': {'utc': '2016-11-14T10:30:00Z', 'local': '2016-11-14T16:00:00+05:30'}}",,,"{'expectedCount': 1, 'expectedInterval': '01:00:00', 'observedCount': 1, 'observedInterval': '01:00:00', 'percentComplete': 100.0, 'percentCoverage': 100.0, 'datetimeFrom': {'utc': '2016-11-14T09:30:00Z', 'local': '2016-11-14T15:00:00+05:30'}, 'datetimeTo': {'utc': '2016-11-14T10:30:00Z', 'local': '2016-11-14T16:00:00+05:30'}}"
121.0,{'hasFlags': False},"{'id': 2, 'name': 'pm25', 'units': 'µg/m³', 'displayName': None}","{'label': 'raw', 'interval': '01:00:00', 'datetimeFrom': {'utc': '2016-11-14T10:30:00Z', 'local': '2016-11-14T16:00:00+05:30'}, 'datetimeTo': {'utc': '2016-11-14T11:30:00Z', 'local': '2016-11-14T17:00:00+05:30'}}",,,"{'expectedCount': 1, 'expectedInterval': '01:00:00', 'observedCount': 1, 'observedInterval': '01:00:00', 'percentComplete': 100.0, 'percentCoverage': 100.0, 'datetimeFrom': {'utc': '2016-11-14T10:30:00Z', 'local': '2016-11-14T16:00:00+05:30'}, 'datetimeTo': {'utc': '2016-11-14T11:30:00Z', 'local': '2016-11-14T17:00:00+05:30'}}"
106.5,{'hasFlags': False},"{'id': 2, 'name': 'pm25', 'units': 'µg/m³', 'displayName': None}","{'label': 'raw', 'interval': '01:00:00', 'datetimeFrom': {'utc': '2016-11-14T11:30:00Z', 'local': '2016-11-14T17:00:00+05:30'}, 'datetimeTo': {'utc': '2016-11-14T12:30:00Z', 'local': '2016-11-14T18:00:00+05:30'}}",,,"{'expectedCount': 1, 'expectedInterval': '01:00:00', 'observedCount': 1, 'observedInterval': '01:00:00', 'percentComplete': 100.0, 'percentCoverage': 100.0, 'datetimeFrom': {'utc': '2016-11-14T11:30:00Z', 'local': '2016-11-14T17:00:00+05:30'}, 'datetimeTo': {'utc': '2016-11-14T12:30:00Z', 'local': '2016-11-14T18:00:00+05:30'}}"
105.2,{'hasFlags': False},"{'id': 2, 'name': 'pm25', 'units': 'µg/m³', 'displayName': None}","{'label': 'raw', 'interval': '01:00:00', 'datetimeFrom': {'utc': '2016-11-14T12:30:00Z', 'local': '2016-11-14T18:00:00+05:30'}, 'datetimeTo': {'utc': '2016-11-14T13:30:00Z', 'local': '2016-11-14T19:00:00+05:30'}}",,,"{'expectedCount': 1, 'expectedInterval': '01:00:00', 'observedCount': 1, 'observedInterval': '01:00:00', 'percentComplete': 100.0, 'percentCoverage': 100.0, 'datetimeFrom': {'utc': '2016-11-14T12:30:00Z', 'local': '2016-11-14T18:00:00+05:30'}, 'datetimeTo': {'utc': '2016-11-14T13:30:00Z', 'local': '2016-11-14T19:00:00+05:30'}}"
109.1,{'hasFlags': False},"{'id': 2, 'name': 'pm25', 'units': 'µg/m³', 'displayName': None}","{'label': 'raw', 'interval': '01:00:00', 'datetimeFrom': {'utc': '2016-11-14T13:30:00Z', 'local': '2016-11-14T19:00:00+05:30'}, 'datetimeTo': {'utc': '2016-11-14T14:30:00Z', 'local': '2016-11-14T20:00:00+05:30'}}",,,"{'expectedCount': 1, 'expectedInterval': '01:00:00', 'observedCount': 1, 'observedInterval': '01:00:00', 'percentComplete': 100.0, 'percentCoverage': 100.0, 'datetimeFrom': {'utc': '2016-11-14T13:30:00Z', 'local': '2016-11-14T19:00:00+05:30'}, 'datetimeTo': {'utc': '2016-11-14T14:30:00Z', 'local': '2016-11-14T20:00:00+05:30'}}"
117.0,{'hasFlags': False},"{'id': 2, 'name': 'pm25', 'units': 'µg/m³', 'displayName': None}","{'label': 'raw', 'interval': '01:00:00', 'datetimeFrom': {'utc': '2016-11-14T14:30:00Z', 'local': '2016-11-14T20:00:00+05:30'}, 'datetimeTo': {'utc': '2016-11-14T15:30:00Z', 'local': '2016-11-14T21:00:00+05:30'}}",,,"{'expectedCount': 1, 'expectedInterval': '01:00:00', 'observedCount': 1, 'observedInterval': '01:00:00', 'percentComplete': 100.0, 'percentCoverage': 100.0, 'datetimeFrom': {'utc': '2016-11-14T14:30:00Z', 'local': '2016-11-14T20:00:00+05:30'}, 'datetimeTo': {'utc': '2016-11-14T15:30:00Z', 'local': '2016-11-14T21:00:00+05:30'}}"
131.0,{'hasFlags': False},"{'id': 2, 'name': 'pm25', 'units': 'µg/m³', 'displayName': None}","{'label': 'raw', 'interval': '01:00:00', 'datetimeFrom': {'utc': '2016-11-14T15:30:00Z', 'local': '2016-11-14T21:00:00+05:30'}, 'datetimeTo': {'utc': '2016-11-14T16:30:00Z', 'local': '2016-11-14T22:00:00+05:30'}}",,,"{'expectedCount': 1, 'expectedInterval': '01:00:00', 'observedCount': 1, 'observedInterval': '01:00:00', 'percentComplete': 100.0, 'percentCoverage': 100.0, 'datetimeFrom': {'utc': '2016-11-14T15:30:00Z', 'local': '2016-11-14T21:00:00+05:30'}, 'datetimeTo': {'utc': '2016-11-14T16:30:00Z', 'local': '2016-11-14T22:00:00+05:30'}}"
144.4,{'hasFlags': False},"{'id': 2, 'name': 'pm25', 'units': 'µg/m³', 'displayName': None}","{'label': 'raw', 'interval': '01:00:00', 'datetimeFrom': {'utc': '2016-11-14T16:30:00Z', 'local': '2016-11-14T22:00:00+05:30'}, 'datetimeTo': {'utc': '2016-11-14T17:30:00Z', 'local': '2016-11-14T23:00:00+05:30'}}",,,"{'expectedCount': 1, 'expectedInterval': '01:00:00', 'observedCount': 1, 'observedInterval': '01:00:00', 'percentComplete': 100.0, 'percentCoverage': 100.0, 'datetimeFrom': {'utc': '2016-11-14T16:30:00Z', 'local': '2016-11-14T22:00:00+05:30'}, 'datetimeTo': {'utc': '2016-11-14T17:30:00Z', 'local': '2016-11-14T23:00:00+05:30'}}"
159.2,{'hasFlags': False},"{'id': 2, 'name': 'pm25', 'units': 'µg/m³', 'displayName': None}","{'label': 'raw', 'interval': '01:00:00', 'datetimeFrom': {'utc': '2016-11-14T17:30:00Z', 'local': '2016-11-14T23:00:00+05:30'}, 'datetimeTo': {'utc': '2016-11-14T18:30:00Z', 'local': '2016-11-15T00:00:00+05:30'}}",,,"{'expectedCount': 1, 'expectedInterval': '01:00:00', 'observedCount': 1, 'observedInterval': '01:00:00', 'percentComplete': 100.0, 'percentCoverage': 100.0, 'datetimeFrom': {'utc': '2016-11-14T17:30:00Z', 'local': '2016-11-14T23:00:00+05:30'}, 'datetimeTo': {'utc': '2016-11-14T18:30:00Z', 'local': '2016-11-15T00:00:00+05:30'}}"
168.4,{'hasFlags': False},"{'id': 2, 'name': 'pm25', 'units': 'µg/m³', 'displayName': None}","{'label': 'raw', 'interval': '01:00:00', 'datetimeFrom': {'utc': '2016-11-14T18:30:00Z', 'local': '2016-11-15T00:00:00+05:30'}, 'datetimeTo': {'utc': '2016-11-14T19:30:00Z', 'local': '2016-11-15T01:00:00+05:30'}}",,,"{'expectedCount': 1, 'expectedInterval': '01:00:00', 'observedCount': 1, 'observedInterval': '01:00:00', 'percentComplete': 100.0, 'percentCoverage': 100.0, 'datetimeFrom': {'utc': '2016-11-14T18:30:00Z', 'local': '2016-11-15T00:00:00+05:30'}, 'datetimeTo': {'utc': '2016-11-14T19:30:00Z', 'local': '2016-11-15T01:00:00+05:30'}}"
176.5,{'hasFlags': False},"{'id': 2, 'name': 'pm25', 'units': 'µg/m³', 'displayName': None}","{'label': 'raw', 'interval': '01:00:00', 'datetimeFrom': {'utc': '2016-11-14T19:30:00Z', 'local': '2016-11-15T01:00:00+05:30'}, 'datetimeTo': {'utc': '2016-11-14T20:30:00Z', 'local': '2016-11-15T02:00:00+05:30'}}",,,"{'expectedCount': 1, 'expectedInterval': '01:00:00', 'observedCount': 1, 'observedInterval': '01:00:00', 'percentComplete': 100.0, 'percentCoverage': 100.0, 'datetimeFrom': {'utc': '2016-11-14T19:30:00Z', 'local': '2016-11-15T01:00:00+05:30'}, 'datetimeTo': {'utc': '2016-11-14T20:30:00Z', 'local': '2016-11-15T02:00:00+05:30'}}"
192.2,{'hasFlags': False},"{'id': 2, 'name': 'pm25', 'units': 'µg/m³', 'displayName': None}","{'label': 'raw', 'interval': '01:00:00', 'datetimeFrom': {'utc': '2016-11-14T20:30:00Z', 'local': '2016-11-15T02:00:00+05:30'}, 'datetimeTo': {'utc': '2016-11-14T21:30:00Z', 'local': '2016-11-15T03:00:00+05:30'}}",,,"{'expectedCount': 1, 'expectedInterval': '01:00:00', 'observedCount': 1, 'observedInterval': '01:00:00', 'percentComplete': 100.0, 'percentCoverage': 100.0, 'datetimeFrom': {'utc': '2016-11-14T20:30:00Z', 'local': '2016-11-15T02:00:00+05:30'}, 'datetimeTo': {'utc': '2016-11-14T21:30:00Z', 'local': '2016-11-15T03:00:00+05:30'}}"
193.1,{'hasFlags': False},"{'id': 2, 'name': 'pm25', 'units': 'µg/m³', 'displayName': None}","{'label': 'raw', 'interval': '01:00:00', 'datetimeFrom': {'utc': '2016-11-14T21:30:00Z', 'local': '2016-11-15T03:00:00+05:30'}, 'datetimeTo': {'utc': '2016-11-14T22:30:00Z', 'local': '2016-11-15T04:00:00+05:30'}}",,,"{'expectedCount': 1, 'expectedInterval': '01:00:00', 'observedCount': 1, 'observedInterval': '01:00:00', 'percentComplete': 100.0, 'percentCoverage': 100.0, 'datetimeFrom': {'utc': '2016-11-14T21:30:00Z', 'local': '2016-11-15T03:00:00+05:30'}, 'datetimeTo': {'utc': '2016-11-14T22:30:00Z', 'local': '2016-11-15T04:00:00+05:30'}}"
195.5,{'hasFlags': False},"{'id': 2, 'name': 'pm25', 'units': 'µg/m³', 'displayName': None}","{'label': 'raw', 'interval': '01:00:00', 'datetimeFrom': {'utc': '2016-11-14T22:30:00Z', 'local': '2016-11-15T04:00:00+05:30'}, 'datetimeTo': {'utc': '2016-11-14T23:30:00Z', 'local': '2016-11-15T05:00:00+05:30'}}",,,"{'expectedCount': 1, 'expectedInterval': '01:00:00', 'observedCount': 1, 'observedInterval': '01:00:00', 'percentComplete': 100.0, 'percentCoverage': 100.0, 'datetimeFrom': {'utc': '2016-11-14T22:30:00Z', 'local': '2016-11-15T04:00:00+05:30'}, 'datetimeTo': {'utc': '2016-11-14T23:30:00Z', 'local': '2016-11-15T05:00:00+05:30'}}"
195.8,{'hasFlags': False},"{'id': 2, 'name': 'pm25', 'units': 'µg/m³', 'displayName': None}","{'label': 'raw', 'interval': '01:00:00', 'datetimeFrom': {'utc': '2016-11-14T23:30:00Z', 'local': '2016-11-15T05:00:00+05:30'}, 'datetimeTo': {'utc': '2016-11-15T00:30:00Z', 'local': '2016-11-15T06:00:00+05:30'}}",,,"{'expectedCount': 1, 'expectedInterval': '01:00:00', 'observedCount': 1, 'observedInterval': '01:00:00', 'percentComplete': 100.0, 'percentCoverage': 100.0, 'datetimeFrom': {'utc': '2016-11-14T23:30:00Z', 'local': '2016-11-15T05:00:00+05:30'}, 'datetimeTo': {'utc': '2016-11-15T00:30:00Z', 'local': '2016-11-15T06:00:00+05:30'}}"
203.2,{'hasFlags': False},"{'id': 2, 'name': 'pm25', 'units': 'µg/m³', 'displayName': None}","{'label': 'raw', 'interval': '01:00:00', 'datetimeFrom': {'utc': '2016-11-15T00:30:00Z', 'local': '2016-11-15T06:00:00+05:30'}, 'datetimeTo': {'utc': '2016-11-15T01:30:00Z', 'local': '2016-11-15T07:00:00+05:30'}}",,,"{'expectedCount': 1, 'expectedInterval': '01:00:00', 'observedCount': 1, 'observedInterval': '01:00:00', 'percentComplete': 100.0, 'percentCoverage': 100.0, 'datetimeFrom': {'utc': '2016-11-15T00:30:00Z', 'local': '2016-11-15T06:00:00+05:30'}, 'datetimeTo': {'utc': '2016-11-15T01:30:00Z', 'local': '2016-11-15T07:00:00+05:30'}}"
219.2,{'hasFlags': False},"{'id': 2, 'name': 'pm25', 'units': 'µg/m³', 'displayName': None}","{'label': 'raw', 'interval': '01:00:00', 'datetimeFrom': {'utc': '2016-11-15T01:30:00Z', 'local': '2016-11-15T07:00:00+05:30'}, 'datetimeTo': {'utc': '2016-11-15T02:30:00Z', 'local': '2016-11-15T08:00:00+05:30'}}",,,"{'expectedCount': 1, 'expectedInterval': '01:00:00', 'observedCount': 1, 'observedInterval': '01:00:00', 'percentComplete': 100.0, 'percentCoverage': 100.0, 'datetimeFrom': {'utc': '2016-11-15T01:30:00Z', 'local': '2016-11-15T07:00:00+05:30'}, 'datetimeTo': {'utc': '2016-11-15T02:30:00Z', 'local': '2016-11-15T08:00:00+05:30'}}"
248.1,{'hasFlags': False},"{'id': 2, 'name': 'pm25', 'units': 'µg/m³', 'displayName': None}","{'label': 'raw', 'interval': '01:00:00', 'datetimeFrom': {'utc': '2016-11-15T02:30:00Z', 'local': '2016-11-15T08:00:00+05:30'}, 'datetimeTo': {'utc': '2016-11-15T03:30:00Z', 'local': '2016-11-15T09:00:00+05:30'}}",,,"{'expectedCount': 1, 'expectedInterval': '01:00:00', 'observedCount': 1, 'observedInterval': '01:00:00', 'percentComplete': 100.0, 'percentCoverage': 100.0, 'datetimeFrom': {'utc': '2016-11-15T02:30:00Z', 'local': '2016-11-15T08:00:00+05:30'}, 'datetimeTo': {'utc': '2016-11-15T03:30:00Z', 'local': '2016-11-15T09:00:00+05:30'}}"
311.4,{'hasFlags': False},"{'id': 2, 'name': 'pm25', 'units': 'µg/m³', 'displayName': None}","{'label': 'raw', 'interval': '01:00:00', 'datetimeFrom': {'utc': '2016-11-15T03:30:00Z', 'local': '2016-11-15T09:00:00+05:30'}, 'datetimeTo': {'utc': '2016-11-15T04:30:00Z', 'local': '2016-11-15T10:00:00+05:30'}}",,,"{'expectedCount': 1, 'expectedInterval': '01:00:00', 'observedCount': 1, 'observedInterval': '01:00:00', 'percentComplete': 100.0, 'percentCoverage': 100.0, 'datetimeFrom': {'utc': '2016-11-15T03:30:00Z', 'local': '2016-11-15T09:00:00+05:30'}, 'datetimeTo': {'utc': '2016-11-15T04:30:00Z', 'local': '2016-11-15T10:00:00+05:30'}}"
347.2,{'hasFlags': False},"{'id': 2, 'name': 'pm25', 'units': 'µg/m³', 'displayName': None}","{'label': 'raw', 'interval': '01:00:00', 'datetimeFrom': {'utc': '2016-11-15T04:30:00Z', 'local': '2016-11-15T10:00:00+05:30'}, 'datetimeTo': {'utc': '2016-11-15T05:30:00Z', 'local': '2016-11-15T11:00:00+05:30'}}",,,"{'expectedCount': 1, 'expectedInterval': '01:00:00', 'observedCount': 1, 'observedInterval': '01:00:00', 'percentComplete': 100.0, 'percentCoverage': 100.0, 'datetimeFrom': {'utc': '2016-11-15T04:30:00Z', 'local': '2016-11-15T10:00:00+05:30'}, 'datetimeTo': {'utc': '2016-11-15T05:30:00Z', 'local': '2016-11-15T11:00:00+05:30'}}"
339.1,{'hasFlags': False},"{'id': 2, 'name': 'pm25', 'units': 'µg/m³', 'displayName': None}","{'label': 'raw', 'interval': '01:00:00', 'datetimeFrom': {'utc': '2016-11-15T05:30:00Z', 'local': '2016-11-15T11:00:00+05:30'}, 'datetimeTo': {'utc': '2016-11-15T06:30:00Z', 'local': '2016-11-15T12:00:00+05:30'}}",,,"{'expectedCount': 1, 'expectedInterval': '01:00:00', 'observedCount': 1, 'observedInterval': '01:00:00', 'percentComplete': 100.0, 'percentCoverage': 100.0, 'datetimeFrom': {'utc': '2016-11-15T05:30:00Z', 'local': '2016-11-15T11:00:00+05:30'}, 'datetimeTo': {'utc': '2016-11-15T06:30:00Z', 'local': '2016-11-15T12:00:00+05:30'}}"
289.5,{'hasFlags': False},"{'id': 2, 'name': 'pm25', 'units': 'µg/m³', 'displayName': None}","{'label': 'raw', 'interval': '01:00:00', 'datetimeFrom': {'utc': '2016-11-15T06:30:00Z', 'local': '2016-11-15T12:00:00+05:30'}, 'datetimeTo': {'utc': '2016-11-15T07:30:00Z', 'local': '2016-11-15T13:00:00+05:30'}}",,,"{'expectedCount': 1, 'expectedInterval': '01:00:00', 'observedCount': 1, 'observedInterval': '01:00:00', 'percentComplete': 100.0, 'percentCoverage': 100.0, 'datetimeFrom': {'utc': '2016-11-15T06:30:00Z', 'local': '2016-11-15T12:00:00+05:30'}, 'datetimeTo': {'utc': '2016-11-15T07:30:00Z', 'local': '2016-11-15T13:00:00+05:30'}}"
243.6,{'hasFlags': False},"{'id': 2, 'name': 'pm25', 'units': 'µg/m³', 'displayName': None}","{'label': 'raw', 'interval': '01:00:00', 'datetimeFrom': {'utc': '2016-11-15T07:30:00Z', 'local': '2016-11-15T13:00:00+05:30'}, 'datetimeTo': {'utc': '2016-11-15T08:30:00Z', 'local': '2016-11-15T14:00:00+05:30'}}",,,"{'expectedCount': 1, 'expectedInterval': '01:00:00', 'observedCount': 1, 'observedInterval': '01:00:00', 'percentComplete': 100.0, 'percentCoverage': 100.0, 'datetimeFrom': {'utc': '2016-11-15T07:30:00Z', 'local': '2016-11-15T13:00:00+05:30'}, 'datetimeTo': {'utc': '2016-11-15T08:30:00Z', 'local': '2016-11-15T14:00:00+05:30'}}"
175.8,{'hasFlags': False},"{'id': 2, 'name': 'pm25', 'units': 'µg/m³', 'displayName': None}","{'label': 'raw', 'interval': '01:00:00', 'datetimeFrom': {'utc': '2016-11-15T08:30:00Z', 'local': '2016-11-15T14:00:00+05:30'}, 'datetimeTo': {'utc': '2016-11-15T09:30:00Z', 'local': '2016-11-15T15:00:00+05:30'}}",,,"{'expectedCount': 1, 'expectedInterval': '01:00:00', 'observedCount': 1, 'observedInterval': '01:00:00', 'percentComplete': 100.0, 'percentCoverage': 100.0, 'datetimeFrom': {'utc': '2016-11-15T08:30:00Z', 'local': '2016-11-15T14:00:00+05:30'}, 'datetimeTo': {'utc': '2016-11-15T09:30:00Z', 'local': '2016-11-15T15:00:00+05:30'}}"
134.4,{'hasFlags': False},"{'id': 2, 'name': 'pm25', 'units': 'µg/m³', 'displayName': None}","{'label': 'raw', 'interval': '01:00:00', 'datetimeFrom': {'utc': '2016-11-15T09:30:00Z', 'local': '2016-11-15T15:00:00+05:30'}, 'datetimeTo': {'utc': '2016-11-15T10:30:00Z', 'local': '2016-11-15T16:00:00+05:30'}}",,,"{'expectedCount': 1, 'expectedInterval': '01:00:00', 'observedCount': 1, 'observedInterval': '01:00:00', 'percentComplete': 100.0, 'percentCoverage': 100.0, 'datetimeFrom': {'utc': '2016-11-15T09:30:00Z', 'local': '2016-11-15T15:00:00+05:30'}, 'datetimeTo': {'utc': '2016-11-15T10:30:00Z', 'local': '2016-11-15T16:00:00+05:30'}}"
119.7,{'hasFlags': False},"{'id': 2, 'name': 'pm25', 'units': 'µg/m³', 'displayName': None}","{'label': 'raw', 'interval': '01:00:00', 'datetimeFrom': {'utc': '2016-11-15T10:30:00Z', 'local': '2016-11-15T16:00:00+05:30'}, 'datetimeTo': {'utc': '2016-11-15T11:30:00Z', 'local': '2016-11-15T17:00:00+05:30'}}",,,"{'expectedCount': 1, 'expectedInterval': '01:00:00', 'observedCount': 1, 'observedInterval': '01:00:00', 'percentComplete': 100.0, 'percentCoverage': 100.0, 'datetimeFrom': {'utc': '2016-11-15T10:30:00Z', 'local': '2016-11-15T16:00:00+05:30'}, 'datetimeTo': {'utc': '2016-11-15T11:30:00Z', 'local': '2016-11-15T17:00:00+05:30'}}"
108.3,{'hasFlags': False},"{'id': 2, 'name': 'pm25', 'units': 'µg/m³', 'displayName': None}","{'label': 'raw', 'interval': '01:00:00', 'datetimeFrom': {'utc': '2016-11-15T11:30:00Z', 'local': '2016-11-15T17:00:00+05:30'}, 'datetimeTo': {'utc': '2016-11-15T12:30:00Z', 'local': '2016-11-15T18:00:00+05:30'}}",,,"{'expectedCount': 1, 'expectedInterval': '01:00:00', 'observedCount': 1, 'observedInterval': '01:00:00', 'percentComplete': 100.0, 'percentCoverage': 100.0, 'datetimeFrom': {'utc': '2016-11-15T11:30:00Z', 'local': '2016-11-15T17:00:00+05:30'}, 'datetimeTo': {'utc': '2016-11-15T12:30:00Z', 'local': '2016-11-15T18:00:00+05:30'}}"
115.1,{'hasFlags': False},"{'id': 2, 'name': 'pm25', 'units': 'µg/m³', 'displayName': None}","{'label': 'raw', 'interval': '01:00:00', 'datetimeFrom': {'utc': '2016-11-15T12:30:00Z', 'local': '2016-11-15T18:00:00+05:30'}, 'datetimeTo': {'utc': '2016-11-15T13:30:00Z', 'local': '2016-11-15T19:00:00+05:30'}}",,,"{'expectedCount': 1, 'expectedInterval': '01:00:00', 'observedCount': 1, 'observedInterval': '01:00:00', 'percentComplete': 100.0, 'percentCoverage': 100.0, 'datetimeFrom': {'utc': '2016-11-15T12:30:00Z', 'local': '2016-11-15T18:00:00+05:30'}, 'datetimeTo': {'utc': '2016-11-15T13:30:00Z', 'local': '2016-11-15T19:00:00+05:30'}}"
124.0,{'hasFlags': False},"{'id': 2, 'name': 'pm25', 'units': 'µg/m³', 'displayName': None}","{'label': 'raw', 'interval': '01:00:00', 'datetimeFrom': {'utc': '2016-11-15T13:30:00Z', 'local': '2016-11-15T19:00:00+05:30'}, 'datetimeTo': {'utc': '2016-11-15T14:30:00Z', 'local': '2016-11-15T20:00:00+05:30'}}",,,"{'expectedCount': 1, 'expectedInterval': '01:00:00', 'observedCount': 1, 'observedInterval': '01:00:00', 'percentComplete': 100.0, 'percentCoverage': 100.0, 'datetimeFrom': {'utc': '2016-11-15T13:30:00Z', 'local': '2016-11-15T19:00:00+05:30'}, 'datetimeTo': {'utc': '2016-11-15T14:30:00Z', 'local': '2016-11-15T20:00:00+05:30'}}"
147.0,{'hasFlags': False},"{'id': 2, 'name': 'pm25', 'units': 'µg/m³', 'displayName': None}","{'label': 'raw', 'interval': '01:00:00', 'datetimeFrom': {'utc': '2016-11-15T14:30:00Z', 'local': '2016-11-15T20:00:00+05:30'}, 'datetimeTo': {'utc': '2016-11-15T15:30:00Z', 'local': '2016-11-15T21:00:00+05:30'}}",,,"{'expectedCount': 1, 'expectedInterval': '01:00:00', 'observedCount': 1, 'observedInterval': '01:00:00', 'percentComplete': 100.0, 'percentCoverage': 100.0, 'datetimeFrom': {'utc': '2016-11-15T14:30:00Z', 'local': '2016-11-15T20:00:00+05:30'}, 'datetimeTo': {'utc': '2016-11-15T15:30:00Z', 'local': '2016-11-15T21:00:00+05:30'}}"
183.9,{'hasFlags': False},"{'id': 2, 'name': 'pm25', 'units': 'µg/m³', 'displayName': None}","{'label': 'raw', 'interval': '01:00:00', 'datetimeFrom': {'utc': '2016-11-15T15:30:00Z', 'local': '2016-11-15T21:00:00+05:30'}, 'datetimeTo': {'utc': '2016-11-15T16:30:00Z', 'local': '2016-11-15T22:00:00+05:30'}}",,,"{'expectedCount': 1, 'expectedInterval': '01:00:00', 'observedCount': 1, 'observedInterval': '01:00:00', 'percentComplete': 100.0, 'percentCoverage': 100.0, 'datetimeFrom': {'utc': '2016-11-15T15:30:00Z', 'local': '2016-11-15T21:00:00+05:30'}, 'datetimeTo': {'utc': '2016-11-15T16:30:00Z', 'local': '2016-11-15T22:00:00+05:30'}}"
233.9,{'hasFlags': False},"{'id': 2, 'name': 'pm25', 'units': 'µg/m³', 'displayName': None}","{'label': 'raw', 'interval': '01:00:00', 'datetimeFrom': {'utc': '2016-11-15T16:30:00Z', 'local': '2016-11-15T22:00:00+05:30'}, 'datetimeTo': {'utc': '2016-11-15T17:30:00Z', 'local': '2016-11-15T23:00:00+05:30'}}",,,"{'expectedCount': 1, 'expectedInterval': '01:00:00', 'observedCount': 1, 'observedInterval': '01:00:00', 'percentComplete': 100.0, 'percentCoverage': 100.0, 'datetimeFrom': {'utc': '2016-11-15T16:30:00Z', 'local': '2016-11-15T22:00:00+05:30'}, 'datetimeTo': {'utc': '2016-11-15T17:30:00Z', 'local': '2016-11-15T23:00:00+05:30'}}"
272.9,{'hasFlags': False},"{'id': 2, 'name': 'pm25', 'units': 'µg/m³', 'displayName': None}","{'label': 'raw', 'interval': '01:00:00', 'datetimeFrom': {'utc': '2016-11-15T17:30:00Z', 'local': '2016-11-15T23:00:00+05:30'}, 'datetimeTo': {'utc': '2016-11-15T18:30:00Z', 'local': '2016-11-16T00:00:00+05:30'}}",,,"{'expectedCount': 1, 'expectedInterval': '01:00:00', 'observedCount': 1, 'observedInterval': '01:00:00', 'percentComplete': 100.0, 'percentCoverage': 100.0, 'datetimeFrom': {'utc': '2016-11-15T17:30:00Z', 'local': '2016-11-15T23:00:00+05:30'}, 'datetimeTo': {'utc': '2016-11-15T18:30:00Z', 'local': '2016-11-16T00:00:00+05:30'}}"
300.5,{'hasFlags': False},"{'id': 2, 'name': 'pm25', 'units': 'µg/m³', 'displayName': None}","{'label': 'raw', 'interval': '01:00:00', 'datetimeFrom': {'utc': '2016-11-15T18:30:00Z', 'local': '2016-11-16T00:00:00+05:30'}, 'datetimeTo': {'utc': '2016-11-15T19:30:00Z', 'local': '2016-11-16T01:00:00+05:30'}}",,,"{'expectedCount': 1, 'expectedInterval': '01:00:00', 'observedCount': 1, 'observedInterval': '01:00:00', 'percentComplete': 100.0, 'percentCoverage': 100.0, 'datetimeFrom': {'utc': '2016-11-15T18:30:00Z', 'local': '2016-11-16T00:00:00+05:30'}, 'datetimeTo': {'utc': '2016-11-15T19:30:00Z', 'local': '2016-11-16T01:00:00+05:30'}}"
315.7,{'hasFlags': False},"{'id': 2, 'name': 'pm25', 'units': 'µg/m³', 'displayName': None}","{'label': 'raw', 'interval': '01:00:00', 'datetimeFrom': {'utc': '2016-11-15T19:30:00Z', 'local': '2016-11-16T01:00:00+05:30'}, 'datetimeTo': {'utc': '2016-11-15T20:30:00Z', 'local': '2016-11-16T02:00:00+05:30'}}",,,"{'expectedCount': 1, 'expectedInterval': '01:00:00', 'observedCount': 1, 'observedInterval': '01:00:00', 'percentComplete': 100.0, 'percentCoverage': 100.0, 'datetimeFrom': {'utc': '2016-11-15T19:30:00Z', 'local': '2016-11-16T01:00:00+05:30'}, 'datetimeTo': {'utc': '2016-11-15T20:30:00Z', 'local': '2016-11-16T02:00:00+05:30'}}"
335.9,{'hasFlags': False},"{'id': 2, 'name': 'pm25', 'units': 'µg/m³', 'displayName': None}","{'label': 'raw', 'interval': '01:00:00', 'datetimeFrom': {'utc': '2016-11-15T20:30:00Z', 'local': '2016-11-16T02:00:00+05:30'}, 'datetimeTo': {'utc': '2016-11-15T21:30:00Z', 'local': '2016-11-16T03:00:00+05:30'}}",,,"{'expectedCount': 1, 'expectedInterval': '01:00:00', 'observedCount': 1, 'observedInterval': '01:00:00', 'percentComplete': 100.0, 'percentCoverage': 100.0, 'datetimeFrom': {'utc': '2016-11-15T20:30:00Z', 'local': '2016-11-16T02:00:00+05:30'}, 'datetimeTo': {'utc': '2016-11-15T21:30:00Z', 'local': '2016-11-16T03:00:00+05:30'}}"
342.4,{'hasFlags': False},"{'id': 2, 'name': 'pm25', 'units': 'µg/m³', 'displayName': None}","{'label': 'raw', 'interval': '01:00:00', 'datetimeFrom': {'utc': '2016-11-15T21:30:00Z', 'local': '2016-11-16T03:00:00+05:30'}, 'datetimeTo': {'utc': '2016-11-15T22:30:00Z', 'local': '2016-11-16T04:00:00+05:30'}}",,,"{'expectedCount': 1, 'expectedInterval': '01:00:00', 'observedCount': 1, 'observedInterval': '01:00:00', 'percentComplete': 100.0, 'percentCoverage': 100.0, 'datetimeFrom': {'utc': '2016-11-15T21:30:00Z', 'local': '2016-11-16T03:00:00+05:30'}, 'datetimeTo': {'utc': '2016-11-15T22:30:00Z', 'local': '2016-11-16T04:00:00+05:30'}}"
343.7,{'hasFlags': False},"{'id': 2, 'name': 'pm25', 'units': 'µg/m³', 'displayName': None}","{'label': 'raw', 'interval': '01:00:00', 'datetimeFrom': {'utc': '2016-11-15T22:30:00Z', 'local': '2016-11-16T04:00:00+05:30'}, 'datetimeTo': {'utc': '2016-11-15T23:30:00Z', 'local': '2016-11-16T05:00:00+05:30'}}",,,"{'expectedCount': 1, 'expectedInterval': '01:00:00', 'observedCount': 1, 'observedInterval': '01:00:00', 'percentComplete': 100.0, 'percentCoverage': 100.0, 'datetimeFrom': {'utc': '2016-11-15T22:30:00Z', 'local': '2016-11-16T04:00:00+05:30'}, 'datetimeTo': {'utc': '2016-11-15T23:30:00Z', 'local': '2016-11-16T05:00:00+05:30'}}"
336.9,{'hasFlags': False},"{'id': 2, 'name': 'pm25', 'units': 'µg/m³', 'displayName': None}","{'label': 'raw', 'interval': '01:00:00', 'datetimeFrom': {'utc': '2016-11-15T23:30:00Z', 'local': '2016-11-16T05:00:00+05:30'}, 'datetimeTo': {'utc': '2016-11-16T00:30:00Z', 'local': '2016-11-16T06:00:00+05:30'}}",,,"{'expectedCount': 1, 'expectedInterval': '01:00:00', 'observedCount': 1, 'observedInterval': '01:00:00', 'percentComplete': 100.0, 'percentCoverage': 100.0, 'datetimeFrom': {'utc': '2016-11-15T23:30:00Z', 'local': '2016-11-16T05:00:00+05:30'}, 'datetimeTo': {'utc': '2016-11-16T00:30:00Z', 'local': '2016-11-16T06:00:00+05:30'}}"
331.9,{'hasFlags': False},"{'id': 2, 'name': 'pm25', 'units': 'µg/m³', 'displayName': None}","{'label': 'raw', 'interval': '01:00:00', 'datetimeFrom': {'utc': '2016-11-16T00:30:00Z', 'local': '2016-11-16T06:00:00+05:30'}, 'datetimeTo': {'utc': '2016-11-16T01:30:00Z', 'local': '2016-11-16T07:00:00+05:30'}}",,,"{'expectedCount': 1, 'expectedInterval': '01:00:00', 'observedCount': 1, 'observedInterval': '01:00:00', 'percentComplete': 100.0, 'percentCoverage': 100.0, 'datetimeFrom': {'utc': '2016-11-16T00:30:00Z', 'local': '2016-11-16T06:00:00+05:30'}, 'datetimeTo': {'utc': '2016-11-16T01:30:00Z', 'local': '2016-11-16T07:00:00+05:30'}}"
324.5,{'hasFlags': False},"{'id': 2, 'name': 'pm25', 'units': 'µg/m³', 'displayName': None}","{'label': 'raw', 'interval': '01:00:00', 'datetimeFrom': {'utc': '2016-11-16T01:30:00Z', 'local': '2016-11-16T07:00:00+05:30'}, 'datetimeTo': {'utc': '2016-11-16T02:30:00Z', 'local': '2016-11-16T08:00:00+05:30'}}",,,"{'expectedCount': 1, 'expectedInterval': '01:00:00', 'observedCount': 1, 'observedInterval': '01:00:00', 'percentComplete': 100.0, 'percentCoverage': 100.0, 'datetimeFrom': {'utc': '2016-11-16T01:30:00Z', 'local': '2016-11-16T07:00:00+05:30'}, 'datetimeTo': {'utc': '2016-11-16T02:30:00Z', 'local': '2016-11-16T08:00:00+05:30'}}"
331.1,{'hasFlags': False},"{'id': 2, 'name': 'pm25', 'units': 'µg/m³', 'displayName': None}","{'label': 'raw', 'interval': '01:00:00', 'datetimeFrom': {'utc': '2016-11-16T02:30:00Z', 'local': '2016-11-16T08:00:00+05:30'}, 'datetimeTo': {'utc': '2016-11-16T03:30:00Z', 'local': '2016-11-16T09:00:00+05:30'}}",,,"{'expectedCount': 1, 'expectedInterval': '01:00:00', 'observedCount': 1, 'observedInterval': '01:00:00', 'percentComplete': 100.0, 'percentCoverage': 100.0, 'datetimeFrom': {'utc': '2016-11-16T02:30:00Z', 'local': '2016-11-16T08:00:00+05:30'}, 'datetimeTo': {'utc': '2016-11-16T03:30:00Z', 'local': '2016-11-16T09:00:00+05:30'}}"
326.0,{'hasFlags': False},"{'id': 2, 'name': 'pm25', 'units': 'µg/m³', 'displayName': None}","{'label': 'raw', 'interval': '01:00:00', 'datetimeFrom': {'utc': '2016-11-16T03:30:00Z', 'local': '2016-11-16T09:00:00+05:30'}, 'datetimeTo': {'utc': '2016-11-16T04:30:00Z', 'local': '2016-11-16T10:00:00+05:30'}}",,,"{'expectedCount': 1, 'expectedInterval': '01:00:00', 'observedCount': 1, 'observedInterval': '01:00:00', 'percentComplete': 100.0, 'percentCoverage': 100.0, 'datetimeFrom': {'utc': '2016-11-16T03:30:00Z', 'local': '2016-11-16T09:00:00+05:30'}, 'datetimeTo': {'utc': '2016-11-16T04:30:00Z', 'local': '2016-11-16T10:00:00+05:30'}}"
317.9,{'hasFlags': False},"{'id': 2, 'name': 'pm25', 'units': 'µg/m³', 'displayName': None}","{'label': 'raw', 'interval': '01:00:00', 'datetimeFrom': {'utc': '2016-11-16T04:30:00Z', 'local': '2016-11-16T10:00:00+05:30'}, 'datetimeTo': {'utc': '2016-11-16T05:30:00Z', 'local': '2016-11-16T11:00:00+05:30'}}",,,"{'expectedCount': 1, 'expectedInterval': '01:00:00', 'observedCount': 1, 'observedInterval': '01:00:00', 'percentComplete': 100.0, 'percentCoverage': 100.0, 'datetimeFrom': {'utc': '2016-11-16T04:30:00Z', 'local': '2016-11-16T10:00:00+05:30'}, 'datetimeTo': {'utc': '2016-11-16T05:30:00Z', 'local': '2016-11-16T11:00:00+05:30'}}"
300.1,{'hasFlags': False},"{'id': 2, 'name': 'pm25', 'units': 'µg/m³', 'displayName': None}","{'label': 'raw', 'interval': '01:00:00', 'datetimeFrom': {'utc': '2016-11-16T05:30:00Z', 'local': '2016-11-16T11:00:00+05:30'}, 'datetimeTo': {'utc': '2016-11-16T06:30:00Z', 'local': '2016-11-16T12:00:00+05:30'}}",,,"{'expectedCount': 1, 'expectedInterval': '01:00:00', 'observedCount': 1, 'observedInterval': '01:00:00', 'percentComplete': 100.0, 'percentCoverage': 100.0, 'datetimeFrom': {'utc': '2016-11-16T05:30:00Z', 'local': '2016-11-16T11:00:00+05:30'}, 'datetimeTo': {'utc': '2016-11-16T06:30:00Z', 'local': '2016-11-16T12:00:00+05:30'}}"
258.1,{'hasFlags': False},"{'id': 2, 'name': 'pm25', 'units': 'µg/m³', 'displayName': None}","{'label': 'raw', 'interval': '01:00:00', 'datetimeFrom': {'utc': '2016-11-16T06:30:00Z', 'local': '2016-11-16T12:00:00+05:30'}, 'datetimeTo': {'utc': '2016-11-16T07:30:00Z', 'local': '2016-11-16T13:00:00+05:30'}}",,,"{'expectedCount': 1, 'expectedInterval': '01:00:00', 'observedCount': 1, 'observedInterval': '01:00:00', 'percentComplete': 100.0, 'percentCoverage': 100.0, 'datetimeFrom': {'utc': '2016-11-16T06:30:00Z', 'local': '2016-11-16T12:00:00+05:30'}, 'datetimeTo': {'utc': '2016-11-16T07:30:00Z', 'local': '2016-11-16T13:00:00+05:30'}}"
209.7,{'hasFlags': False},"{'id': 2, 'name': 'pm25', 'units': 'µg/m³', 'displayName': None}","{'label': 'raw', 'interval': '01:00:00', 'datetimeFrom': {'utc': '2016-11-16T07:30:00Z', 'local': '2016-11-16T13:00:00+05:30'}, 'datetimeTo': {'utc': '2016-11-16T08:30:00Z', 'local': '2016-11-16T14:00:00+05:30'}}",,,"{'expectedCount': 1, 'expectedInterval': '01:00:00', 'observedCount': 1, 'observedInterval': '01:00:00', 'percentComplete': 100.0, 'percentCoverage': 100.0, 'datetimeFrom': {'utc': '2016-11-16T07:30:00Z', 'local': '2016-11-16T13:00:00+05:30'}, 'datetimeTo': {'utc': '2016-11-16T08:30:00Z', 'local': '2016-11-16T14:00:00+05:30'}}"
177.3,{'hasFlags': False},"{'id': 2, 'name': 'pm25', 'units': 'µg/m³', 'displayName': None}","{'label': 'raw', 'interval': '01:00:00', 'datetimeFrom': {'utc': '2016-11-16T08:30:00Z', 'local': '2016-11-16T14:00:00+05:30'}, 'datetimeTo': {'utc': '2016-11-16T09:30:00Z', 'local': '2016-11-16T15:00:00+05:30'}}",,,"{'expectedCount': 1, 'expectedInterval': '01:00:00', 'observedCount': 1, 'observedInterval': '01:00:00', 'percentComplete': 100.0, 'percentCoverage': 100.0, 'datetimeFrom': {'utc': '2016-11-16T08:30:00Z', 'local': '2016-11-16T14:00:00+05:30'}, 'datetimeTo': {'utc': '2016-11-16T09:30:00Z', 'local': '2016-11-16T15:00:00+05:30'}}"
141.1,{'hasFlags': False},"{'id': 2, 'name': 'pm25', 'units': 'µg/m³', 'displayName': None}","{'label': 'raw', 'interval': '01:00:00', 'datetimeFrom': {'utc': '2016-11-16T09:30:00Z', 'local': '2016-11-16T15:00:00+05:30'}, 'datetimeTo': {'utc': '2016-11-16T10:30:00Z', 'local': '2016-11-16T16:00:00+05:30'}}",,,"{'expectedCount': 1, 'expectedInterval': '01:00:00', 'observedCount': 1, 'observedInterval': '01:00:00', 'percentComplete': 100.0, 'percentCoverage': 100.0, 'datetimeFrom': {'utc': '2016-11-16T09:30:00Z', 'local': '2016-11-16T15:00:00+05:30'}, 'datetimeTo': {'utc': '2016-11-16T10:30:00Z', 'local': '2016-11-16T16:00:00+05:30'}}"
117.0,{'hasFlags': False},"{'id': 2, 'name': 'pm25', 'units': 'µg/m³', 'displayName': None}","{'label': 'raw', 'interval': '01:00:00', 'datetimeFrom': {'utc': '2016-11-16T10:30:00Z', 'local': '2016-11-16T16:00:00+05:30'}, 'datetimeTo': {'utc': '2016-11-16T11:30:00Z', 'local': '2016-11-16T17:00:00+05:30'}}",,,"{'expectedCount': 1, 'expectedInterval': '01:00:00', 'observedCount': 1, 'observedInterval': '01:00:00', 'percentComplete': 100.0, 'percentCoverage': 100.0, 'datetimeFrom': {'utc': '2016-11-16T10:30:00Z', 'local': '2016-11-16T16:00:00+05:30'}, 'datetimeTo': {'utc': '2016-11-16T11:30:00Z', 'local': '2016-11-16T17:00:00+05:30'}}"
106.4,{'hasFlags': False},"{'id': 2, 'name': 'pm25', 'units': 'µg/m³', 'displayName': None}","{'label': 'raw', 'interval': '01:00:00', 'datetimeFrom': {'utc': '2016-11-16T11:30:00Z', 'local': '2016-11-16T17:00:00+05:30'}, 'datetimeTo': {'utc': '2016-11-16T12:30:00Z', 'local': '2016-11-16T18:00:00+05:30'}}",,,"{'expectedCount': 1, 'expectedInterval': '01:00:00', 'observedCount': 1, 'observedInterval': '01:00:00', 'percentComplete': 100.0, 'percentCoverage': 100.0, 'datetimeFrom': {'utc': '2016-11-16T11:30:00Z', 'local': '2016-11-16T17:00:00+05:30'}, 'datetimeTo': {'utc': '2016-11-16T12:30:00Z', 'local': '2016-11-16T18:00:00+05:30'}}"
108.7,{'hasFlags': False},"{'id': 2, 'name': 'pm25', 'units': 'µg/m³', 'displayName': None}","{'label': 'raw', 'interval': '01:00:00', 'datetimeFrom': {'utc': '2016-11-16T12:30:00Z', 'local': '2016-11-16T18:00:00+05:30'}, 'datetimeTo': {'utc': '2016-11-16T13:30:00Z', 'local': '2016-11-16T19:00:00+05:30'}}",,,"{'expectedCount': 1, 'expectedInterval': '01:00:00', 'observedCount': 1, 'observedInterval': '01:00:00', 'percentComplete': 100.0, 'percentCoverage': 100.0, 'datetimeFrom': {'utc': '2016-11-16T12:30:00Z', 'local': '2016-11-16T18:00:00+05:30'}, 'datetimeTo': {'utc': '2016-11-16T13:30:00Z', 'local': '2016-11-16T19:00:00+05:30'}}"
124.8,{'hasFlags': False},"{'id': 2, 'name': 'pm25', 'units': 'µg/m³', 'displayName': None}","{'label': 'raw', 'interval': '01:00:00', 'datetimeFrom': {'utc': '2016-11-16T13:30:00Z', 'local': '2016-11-16T19:00:00+05:30'}, 'datetimeTo': {'utc': '2016-11-16T14:30:00Z', 'local': '2016-11-16T20:00:00+05:30'}}",,,"{'expectedCount': 1, 'expectedInterval': '01:00:00', 'observedCount': 1, 'observedInterval': '01:00:00', 'percentComplete': 100.0, 'percentCoverage': 100.0, 'datetimeFrom': {'utc': '2016-11-16T13:30:00Z', 'local': '2016-11-16T19:00:00+05:30'}, 'datetimeTo': {'utc': '2016-11-16T14:30:00Z', 'local': '2016-11-16T20:00:00+05:30'}}"
134.3,{'hasFlags': False},"{'id': 2, 'name': 'pm25', 'units': 'µg/m³', 'displayName': None}","{'label': 'raw', 'interval': '01:00:00', 'datetimeFrom': {'utc': '2016-11-16T14:30:00Z', 'local': '2016-11-16T20:00:00+05:30'}, 'datetimeTo': {'utc': '2016-11-16T15:30:00Z', 'local': '2016-11-16T21:00:00+05:30'}}",,,"{'expectedCount': 1, 'expectedInterval': '01:00:00', 'observedCount': 1, 'observedInterval': '01:00:00', 'percentComplete': 100.0, 'percentCoverage': 100.0, 'datetimeFrom': {'utc': '2016-11-16T14:30:00Z', 'local': '2016-11-16T20:00:00+05:30'}, 'datetimeTo': {'utc': '2016-11-16T15:30:00Z', 'local': '2016-11-16T21:00:00+05:30'}}"
155.1,{'hasFlags': False},"{'id': 2, 'name': 'pm25', 'units': 'µg/m³', 'displayName': None}","{'label': 'raw', 'interval': '01:00:00', 'datetimeFrom': {'utc': '2016-11-16T15:30:00Z', 'local': '2016-11-16T21:00:00+05:30'}, 'datetimeTo': {'utc': '2016-11-16T16:30:00Z', 'local': '2016-11-16T22:00:00+05:30'}}",,,"{'expectedCount': 1, 'expectedInterval': '01:00:00', 'observedCount': 1, 'observedInterval': '01:00:00', 'percentComplete': 100.0, 'percentCoverage': 100.0, 'datetimeFrom': {'utc': '2016-11-16T15:30:00Z', 'local': '2016-11-16T21:00:00+05:30'}, 'datetimeTo': {'utc': '2016-11-16T16:30:00Z', 'local': '2016-11-16T22:00:00+05:30'}}"
192.5,{'hasFlags': False},"{'id': 2, 'name': 'pm25', 'units': 'µg/m³', 'displayName': None}","{'label': 'raw', 'interval': '01:00:00', 'datetimeFrom': {'utc': '2016-11-16T16:30:00Z', 'local': '2016-11-16T22:00:00+05:30'}, 'datetimeTo': {'utc': '2016-11-16T17:30:00Z', 'local': '2016-11-16T23:00:00+05:30'}}",,,"{'expectedCount': 1, 'expectedInterval': '01:00:00', 'observedCount': 1, 'observedInterval': '01:00:00', 'percentComplete': 100.0, 'percentCoverage': 100.0, 'datetimeFrom': {'utc': '2016-11-16T16:30:00Z', 'local': '2016-11-16T22:00:00+05:30'}, 'datetimeTo': {'utc': '2016-11-16T17:30:00Z', 'local': '2016-11-16T23:00:00+05:30'}}"
225.2,{'hasFlags': False},"{'id': 2, 'name': 'pm25', 'units': 'µg/m³', 'displayName': None}","{'label': 'raw', 'interval': '01:00:00', 'datetimeFrom': {'utc': '2016-11-16T17:30:00Z', 'local': '2016-11-16T23:00:00+05:30'}, 'datetimeTo': {'utc': '2016-11-16T18:30:00Z', 'local': '2016-11-17T00:00:00+05:30'}}",,,"{'expectedCount': 1, 'expectedInterval': '01:00:00', 'observedCount': 1, 'observedInterval': '01:00:00', 'percentComplete': 100.0, 'percentCoverage': 100.0, 'datetimeFrom': {'utc': '2016-11-16T17:30:00Z', 'local': '2016-11-16T23:00:00+05:30'}, 'datetimeTo': {'utc': '2016-11-16T18:30:00Z', 'local': '2016-11-17T00:00:00+05:30'}}"
272.6,{'hasFlags': False},"{'id': 2, 'name': 'pm25', 'units': 'µg/m³', 'displayName': None}","{'label': 'raw', 'interval': '01:00:00', 'datetimeFrom': {'utc': '2016-11-16T18:30:00Z', 'local': '2016-11-17T00:00:00+05:30'}, 'datetimeTo': {'utc': '2016-11-16T19:30:00Z', 'local': '2016-11-17T01:00:00+05:30'}}",,,"{'expectedCount': 1, 'expectedInterval': '01:00:00', 'observedCount': 1, 'observedInterval': '01:00:00', 'percentComplete': 100.0, 'percentCoverage': 100.0, 'datetimeFrom': {'utc': '2016-11-16T18:30:00Z', 'local': '2016-11-17T00:00:00+05:30'}, 'datetimeTo': {'utc': '2016-11-16T19:30:00Z', 'local': '2016-11-17T01:00:00+05:30'}}"
297.3,{'hasFlags': False},"{'id': 2, 'name': 'pm25', 'units': 'µg/m³', 'displayName': None}","{'label': 'raw', 'interval': '01:00:00', 'datetimeFrom': {'utc': '2016-11-16T19:30:00Z', 'local': '2016-11-17T01:00:00+05:30'}, 'datetimeTo': {'utc': '2016-11-16T20:30:00Z', 'local': '2016-11-17T02:00:00+05:30'}}",,,"{'expectedCount': 1, 'expectedInterval': '01:00:00', 'observedCount': 1, 'observedInterval': '01:00:00', 'percentComplete': 100.0, 'percentCoverage': 100.0, 'datetimeFrom': {'utc': '2016-11-16T19:30:00Z', 'local': '2016-11-17T01:00:00+05:30'}, 'datetimeTo': {'utc': '2016-11-16T20:30:00Z', 'local': '2016-11-17T02:00:00+05:30'}}"
308.6,{'hasFlags': False},"{'id': 2, 'name': 'pm25', 'units': 'µg/m³', 'displayName': None}","{'label': 'raw', 'interval': '01:00:00', 'datetimeFrom': {'utc': '2016-11-16T20:30:00Z', 'local': '2016-11-17T02:00:00+05:30'}, 'datetimeTo': {'utc': '2016-11-16T21:30:00Z', 'local': '2016-11-17T03:00:00+05:30'}}",,,"{'expectedCount': 1, 'expectedInterval': '01:00:00', 'observedCount': 1, 'observedInterval': '01:00:00', 'percentComplete': 100.0, 'percentCoverage': 100.0, 'datetimeFrom': {'utc': '2016-11-16T20:30:00Z', 'local': '2016-11-17T02:00:00+05:30'}, 'datetimeTo': {'utc': '2016-11-16T21:30:00Z', 'local': '2016-11-17T03:00:00+05:30'}}"
294.8,{'hasFlags': False},"{'id': 2, 'name': 'pm25', 'units': 'µg/m³', 'displayName': None}","{'label': 'raw', 'interval': '01:00:00', 'datetimeFrom': {'utc': '2016-11-16T21:30:00Z', 'local': '2016-11-17T03:00:00+05:30'}, 'datetimeTo': {'utc': '2016-11-16T22:30:00Z', 'local': '2016-11-17T04:00:00+05:30'}}",,,"{'expectedCount': 1, 'expectedInterval': '01:00:00', 'observedCount': 1, 'observedInterval': '01:00:00', 'percentComplete': 100.0, 'percentCoverage': 100.0, 'datetimeFrom': {'utc': '2016-11-16T21:30:00Z', 'local': '2016-11-17T03:00:00+05:30'}, 'datetimeTo': {'utc': '2016-11-16T22:30:00Z', 'local': '2016-11-17T04:00:00+05:30'}}"
277.9,{'hasFlags': False},"{'id': 2, 'name': 'pm25', 'units': 'µg/m³', 'displayName': None}","{'label': 'raw', 'interval': '01:00:00', 'datetimeFrom': {'utc': '2016-11-16T22:30:00Z', 'local': '2016-11-17T04:00:00+05:30'}, 'datetimeTo': {'utc': '2016-11-16T23:30:00Z', 'local': '2016-11-17T05:00:00+05:30'}}",,,"{'expectedCount': 1, 'expectedInterval': '01:00:00', 'observedCount': 1, 'observedInterval': '01:00:00', 'percentComplete': 100.0, 'percentCoverage': 100.0, 'datetimeFrom': {'utc': '2016-11-16T22:30:00Z', 'local': '2016-11-17T04:00:00+05:30'}, 'datetimeTo': {'utc': '2016-11-16T23:30:00Z', 'local': '2016-11-17T05:00:00+05:30'}}"
257.9,{'hasFlags': False},"{'id': 2, 'name': 'pm25', 'units': 'µg/m³', 'displayName': None}","{'label': 'raw', 'interval': '01:00:00', 'datetimeFrom': {'utc': '2016-11-16T23:30:00Z', 'local': '2016-11-17T05:00:00+05:30'}, 'datetimeTo': {'utc': '2016-11-17T00:30:00Z', 'local': '2016-11-17T06:00:00+05:30'}}",,,"{'expectedCount': 1, 'expectedInterval': '01:00:00', 'observedCount': 1, 'observedInterval': '01:00:00', 'percentComplete': 100.0, 'percentCoverage': 100.0, 'datetimeFrom': {'utc': '2016-11-16T23:30:00Z', 'local': '2016-11-17T05:00:00+05:30'}, 'datetimeTo': {'utc': '2016-11-17T00:30:00Z', 'local': '2016-11-17T06:00:00+05:30'}}"
242.5,{'hasFlags': False},"{'id': 2, 'name': 'pm25', 'units': 'µg/m³', 'displayName': None}","{'label': 'raw', 'interval': '01:00:00', 'datetimeFrom': {'utc': '2016-11-17T00:30:00Z', 'local': '2016-11-17T06:00:00+05:30'}, 'datetimeTo': {'utc': '2016-11-17T01:30:00Z', 'local': '2016-11-17T07:00:00+05:30'}}",,,"{'expectedCount': 1, 'expectedInterval': '01:00:00', 'observedCount': 1, 'observedInterval': '01:00:00', 'percentComplete': 100.0, 'percentCoverage': 100.0, 'datetimeFrom': {'utc': '2016-11-17T00:30:00Z', 'local': '2016-11-17T06:00:00+05:30'}, 'datetimeTo': {'utc': '2016-11-17T01:30:00Z', 'local': '2016-11-17T07:00:00+05:30'}}"
246.7,{'hasFlags': False},"{'id': 2, 'name': 'pm25', 'units': 'µg/m³', 'displayName': None}","{'label': 'raw', 'interval': '01:00:00', 'datetimeFrom': {'utc': '2016-11-17T01:30:00Z', 'local': '2016-11-17T07:00:00+05:30'}, 'datetimeTo': {'utc': '2016-11-17T02:30:00Z', 'local': '2016-11-17T08:00:00+05:30'}}",,,"{'expectedCount': 1, 'expectedInterval': '01:00:00', 'observedCount': 1, 'observedInterval': '01:00:00', 'percentComplete': 100.0, 'percentCoverage': 100.0, 'datetimeFrom': {'utc': '2016-11-17T01:30:00Z', 'local': '2016-11-17T07:00:00+05:30'}, 'datetimeTo': {'utc': '2016-11-17T02:30:00Z', 'local': '2016-11-17T08:00:00+05:30'}}"
252.0,{'hasFlags': False},"{'id': 2, 'name': 'pm25', 'units': 'µg/m³', 'displayName': None}","{'label': 'raw', 'interval': '01:00:00', 'datetimeFrom': {'utc': '2016-11-17T02:30:00Z', 'local': '2016-11-17T08:00:00+05:30'}, 'datetimeTo': {'utc': '2016-11-17T03:30:00Z', 'local': '2016-11-17T09:00:00+05:30'}}",,,"{'expectedCount': 1, 'expectedInterval': '01:00:00', 'observedCount': 1, 'observedInterval': '01:00:00', 'percentComplete': 100.0, 'percentCoverage': 100.0, 'datetimeFrom': {'utc': '2016-11-17T02:30:00Z', 'local': '2016-11-17T08:00:00+05:30'}, 'datetimeTo': {'utc': '2016-11-17T03:30:00Z', 'local': '2016-11-17T09:00:00+05:30'}}"
253.7,{'hasFlags': False},"{'id': 2, 'name': 'pm25', 'units': 'µg/m³', 'displayName': None}","{'label': 'raw', 'interval': '01:00:00', 'datetimeFrom': {'utc': '2016-11-17T03:30:00Z', 'local': '2016-11-17T09:00:00+05:30'}, 'datetimeTo': {'utc': '2016-11-17T04:30:00Z', 'local': '2016-11-17T10:00:00+05:30'}}",,,"{'expectedCount': 1, 'expectedInterval': '01:00:00', 'observedCount': 1, 'observedInterval': '01:00:00', 'percentComplete': 100.0, 'percentCoverage': 100.0, 'datetimeFrom': {'utc': '2016-11-17T03:30:00Z', 'local': '2016-11-17T09:00:00+05:30'}, 'datetimeTo': {'utc': '2016-11-17T04:30:00Z', 'local': '2016-11-17T10:00:00+05:30'}}"
252.1,{'hasFlags': False},"{'id': 2, 'name': 'pm25', 'units': 'µg/m³', 'displayName': None}","{'label': 'raw', 'interval': '01:00:00', 'datetimeFrom': {'utc': '2016-11-17T04:30:00Z', 'local': '2016-11-17T10:00:00+05:30'}, 'datetimeTo': {'utc': '2016-11-17T05:30:00Z', 'local': '2016-11-17T11:00:00+05:30'}}",,,"{'expectedCount': 1, 'expectedInterval': '01:00:00', 'observedCount': 1, 'observedInterval': '01:00:00', 'percentComplete': 100.0, 'percentCoverage': 100.0, 'datetimeFrom': {'utc': '2016-11-17T04:30:00Z', 'local': '2016-11-17T10:00:00+05:30'}, 'datetimeTo': {'utc': '2016-11-17T05:30:00Z', 'local': '2016-11-17T11:00:00+05:30'}}"
236.5,{'hasFlags': False},"{'id': 2, 'name': 'pm25', 'units': 'µg/m³', 'displayName': None}","{'label': 'raw', 'interval': '01:00:00', 'datetimeFrom': {'utc': '2016-11-17T05:30:00Z', 'local': '2016-11-17T11:00:00+05:30'}, 'datetimeTo': {'utc': '2016-11-17T06:30:00Z', 'local': '2016-11-17T12:00:00+05:30'}}",,,"{'expectedCount': 1, 'expectedInterval': '01:00:00', 'observedCount': 1, 'observedInterval': '01:00:00', 'percentComplete': 100.0, 'percentCoverage': 100.0, 'datetimeFrom': {'utc': '2016-11-17T05:30:00Z', 'local': '2016-11-17T11:00:00+05:30'}, 'datetimeTo': {'utc': '2016-11-17T06:30:00Z', 'local': '2016-11-17T12:00:00+05:30'}}"
236.2,{'hasFlags': False},"{'id': 2, 'name': 'pm25', 'units': 'µg/m³', 'displayName': None}","{'label': 'raw', 'interval': '01:00:00', 'datetimeFrom': {'utc': '2016-11-17T06:30:00Z', 'local': '2016-11-17T12:00:00+05:30'}, 'datetimeTo': {'utc': '2016-11-17T07:30:00Z', 'local': '2016-11-17T13:00:00+05:30'}}",,,"{'expectedCount': 1, 'expectedInterval': '01:00:00', 'observedCount': 1, 'observedInterval': '01:00:00', 'percentComplete': 100.0, 'percentCoverage': 100.0, 'datetimeFrom': {'utc': '2016-11-17T06:30:00Z', 'local': '2016-11-17T12:00:00+05:30'}, 'datetimeTo': {'utc': '2016-11-17T07:30:00Z', 'local': '2016-11-17T13:00:00+05:30'}}"
196.5,{'hasFlags': False},"{'id': 2, 'name': 'pm25', 'units': 'µg/m³', 'displayName': None}","{'label': 'raw', 'interval': '01:00:00', 'datetimeFrom': {'utc': '2016-11-17T07:30:00Z', 'local': '2016-11-17T13:00:00+05:30'}, 'datetimeTo': {'utc': '2016-11-17T08:30:00Z', 'local': '2016-11-17T14:00:00+05:30'}}",,,"{'expectedCount': 1, 'expectedInterval': '01:00:00', 'observedCount': 1, 'observedInterval': '01:00:00', 'percentComplete': 100.0, 'percentCoverage': 100.0, 'datetimeFrom': {'utc': '2016-11-17T07:30:00Z', 'local': '2016-11-17T13:00:00+05:30'}, 'datetimeTo': {'utc': '2016-11-17T08:30:00Z', 'local': '2016-11-17T14:00:00+05:30'}}"
,{'hasFlags': True},"{'id': 2, 'name': 'pm25', 'units': 'µg/m³', 'displayName': None}","{'label': 'raw', 'interval': '01:00:00', 'datetimeFrom': {'utc': '2016-11-17T08:30:00Z', 'local': '2016-11-17T14:00:00+05:30'}, 'datetimeTo': {'utc': '2016-11-17T09:30:00Z', 'local': '2016-11-17T15:00:00+05:30'}}",,,"{'expectedCount': 1, 'expectedInterval': '01:00:00', 'observedCount': 1, 'observedInterval': '01:00:00', 'percentComplete': 100.0, 'percentCoverage': 100.0, 'datetimeFrom': {'utc': '2016-11-17T08:30:00Z', 'local': '2016-11-17T14:00:00+05:30'}, 'datetimeTo': {'utc': '2016-11-17T09:30:00Z', 'local': '2016-11-17T15:00:00+05:30'}}"
117.1,{'hasFlags': True},"{'id': 2, 'name': 'pm25', 'units': 'µg/m³', 'displayName': None}","{'label': 'raw', 'interval': '01:00:00', 'datetimeFrom': {'utc': '2016-11-17T09:30:00Z', 'local': '2016-11-17T15:00:00+05:30'}, 'datetimeTo': {'utc': '2016-11-17T10:30:00Z', 'local': '2016-11-17T16:00:00+05:30'}}",,,"{'expectedCount': 1, 'expectedInterval': '01:00:00', 'observedCount': 1, 'observedInterval': '01:00:00', 'percentComplete': 100.0, 'percentCoverage': 100.0, 'datetimeFrom': {'utc': '2016-11-17T09:30:00Z', 'local': '2016-11-17T15:00:00+05:30'}, 'datetimeTo': {'utc': '2016-11-17T10:30:00Z', 'local': '2016-11-17T16:00:00+05:30'}}"
98.0,{'hasFlags': False},"{'id': 2, 'name': 'pm25', 'units': 'µg/m³', 'displayName': None}","{'label': 'raw', 'interval': '01:00:00', 'datetimeFrom': {'utc': '2016-11-17T10:30:00Z', 'local': '2016-11-17T16:00:00+05:30'}, 'datetimeTo': {'utc': '2016-11-17T11:30:00Z', 'local': '2016-11-17T17:00:00+05:30'}}",,,"{'expectedCount': 1, 'expectedInterval': '01:00:00', 'observedCount': 1, 'observedInterval': '01:00:00', 'percentComplete': 100.0, 'percentCoverage': 100.0, 'datetimeFrom': {'utc': '2016-11-17T10:30:00Z', 'local': '2016-11-17T16:00:00+05:30'}, 'datetimeTo': {'utc': '2016-11-17T11:30:00Z', 'local': '2016-11-17T17:00:00+05:30'}}"
95.8,{'hasFlags': False},"{'id': 2, 'name': 'pm25', 'units': 'µg/m³', 'displayName': None}","{'label': 'raw', 'interval': '01:00:00', 'datetimeFrom': {'utc': '2016-11-17T11:30:00Z', 'local': '2016-11-17T17:00:00+05:30'}, 'datetimeTo': {'utc': '2016-11-17T12:30:00Z', 'local': '2016-11-17T18:00:00+05:30'}}",,,"{'expectedCount': 1, 'expectedInterval': '01:00:00', 'observedCount': 1, 'observedInterval': '01:00:00', 'percentComplete': 100.0, 'percentCoverage': 100.0, 'datetimeFrom': {'utc': '2016-11-17T11:30:00Z', 'local': '2016-11-17T17:00:00+05:30'}, 'datetimeTo': {'utc': '2016-11-17T12:30:00Z', 'local': '2016-11-17T18:00:00+05:30'}}"
95.3,{'hasFlags': False},"{'id': 2, 'name': 'pm25', 'units': 'µg/m³', 'displayName': None}","{'label': 'raw', 'interval': '01:00:00', 'datetimeFrom': {'utc': '2016-11-17T12:30:00Z', 'local': '2016-11-17T18:00:00+05:30'}, 'datetimeTo': {'utc': '2016-11-17T13:30:00Z', 'local': '2016-11-17T19:00:00+05:30'}}",,,"{'expectedCount': 1, 'expectedInterval': '01:00:00', 'observedCount': 1, 'observedInterval': '01:00:00', 'percentComplete': 100.0, 'percentCoverage': 100.0, 'datetimeFrom': {'utc': '2016-11-17T12:30:00Z', 'local': '2016-11-17T18:00:00+05:30'}, 'datetimeTo': {'utc': '2016-11-17T13:30:00Z', 'local': '2016-11-17T19:00:00+05:30'}}"
104.3,{'hasFlags': False},"{'id': 2, 'name': 'pm25', 'units': 'µg/m³', 'displayName': None}","{'label': 'raw', 'interval': '01:00:00', 'datetimeFrom': {'utc': '2016-11-17T13:30:00Z', 'local': '2016-11-17T19:00:00+05:30'}, 'datetimeTo': {'utc': '2016-11-17T14:30:00Z', 'local': '2016-11-17T20:00:00+05:30'}}",,,"{'expectedCount': 1, 'expectedInterval': '01:00:00', 'observedCount': 1, 'observedInterval': '01:00:00', 'percentComplete': 100.0, 'percentCoverage': 100.0, 'datetimeFrom': {'utc': '2016-11-17T13:30:00Z', 'local': '2016-11-17T19:00:00+05:30'}, 'datetimeTo': {'utc': '2016-11-17T14:30:00Z', 'local': '2016-11-17T20:00:00+05:30'}}"
131.9,{'hasFlags': False},"{'id': 2, 'name': 'pm25', 'units': 'µg/m³', 'displayName': None}","{'label': 'raw', 'interval': '01:00:00', 'datetimeFrom': {'utc': '2016-11-17T14:30:00Z', 'local': '2016-11-17T20:00:00+05:30'}, 'datetimeTo': {'utc': '2016-11-17T15:30:00Z', 'local': '2016-11-17T21:00:00+05:30'}}",,,"{'expectedCount': 1, 'expectedInterval': '01:00:00', 'observedCount': 1, 'observedInterval': '01:00:00', 'percentComplete': 100.0, 'percentCoverage': 100.0, 'datetimeFrom': {'utc': '2016-11-17T14:30:00Z', 'local': '2016-11-17T20:00:00+05:30'}, 'datetimeTo': {'utc': '2016-11-17T15:30:00Z', 'local': '2016-11-17T21:00:00+05:30'}}"
155.0,{'hasFlags': False},"{'id': 2, 'name': 'pm25', 'units': 'µg/m³', 'displayName': None}","{'label': 'raw', 'interval': '01:00:00', 'datetimeFrom': {'utc': '2016-11-17T15:30:00Z', 'local': '2016-11-17T21:00:00+05:30'}, 'datetimeTo': {'utc': '2016-11-17T16:30:00Z', 'local': '2016-11-17T22:00:00+05:30'}}",,,"{'expectedCount': 1, 'expectedInterval': '01:00:00', 'observedCount': 1, 'observedInterval': '01:00:00', 'percentComplete': 100.0, 'percentCoverage': 100.0, 'datetimeFrom': {'utc': '2016-11-17T15:30:00Z', 'local': '2016-11-17T21:00:00+05:30'}, 'datetimeTo': {'utc': '2016-11-17T16:30:00Z', 'local': '2016-11-17T22:00:00+05:30'}}"
182.0,{'hasFlags': False},"{'id': 2, 'name': 'pm25', 'units': 'µg/m³', 'displayName': None}","{'label': 'raw', 'interval': '01:00:00', 'datetimeFrom': {'utc': '2016-11-17T16:30:00Z', 'local': '2016-11-17T22:00:00+05:30'}, 'datetimeTo': {'utc': '2016-11-17T17:30:00Z', 'local': '2016-11-17T23:00:00+05:30'}}",,,"{'expectedCount': 1, 'expectedInterval': '01:00:00', 'observedCount': 1, 'observedInterval': '01:00:00', 'percentComplete': 100.0, 'percentCoverage': 100.0, 'datetimeFrom': {'utc': '2016-11-17T16:30:00Z', 'local': '2016-11-17T22:00:00+05:30'}, 'datetimeTo': {'utc': '2016-11-17T17:30:00Z', 'local': '2016-11-17T23:00:00+05:30'}}"
198.5,{'hasFlags': False},"{'id': 2, 'name': 'pm25', 'units': 'µg/m³', 'displayName': None}","{'label': 'raw', 'interval': '01:00:00', 'datetimeFrom': {'utc': '2016-11-17T17:30:00Z', 'local': '2016-11-17T23:00:00+05:30'}, 'datetimeTo': {'utc': '2016-11-17T18:30:00Z', 'local': '2016-11-18T00:00:00+05:30'}}",,,"{'expectedCount': 1, 'expectedInterval': '01:00:00', 'observedCount': 1, 'observedInterval': '01:00:00', 'percentComplete': 100.0, 'percentCoverage': 100.0, 'datetimeFrom': {'utc': '2016-11-17T17:30:00Z', 'local': '2016-11-17T23:00:00+05:30'}, 'datetimeTo': {'utc': '2016-11-17T18:30:00Z', 'local': '2016-11-18T00:00:00+05:30'}}"
214.7,{'hasFlags': False},"{'id': 2, 'name': 'pm25', 'units': 'µg/m³', 'displayName': None}","{'label': 'raw', 'interval': '01:00:00', 'datetimeFrom': {'utc': '2016-11-17T18:30:00Z', 'local': '2016-11-18T00:00:00+05:30'}, 'datetimeTo': {'utc': '2016-11-17T19:30:00Z', 'local': '2016-11-18T01:00:00+05:30'}}",,,"{'expectedCount': 1, 'expectedInterval': '01:00:00', 'observedCount': 1, 'observedInterval': '01:00:00', 'percentComplete': 100.0, 'percentCoverage': 100.0, 'datetimeFrom': {'utc': '2016-11-17T18:30:00Z', 'local': '2016-11-18T00:00:00+05:30'}, 'datetimeTo': {'utc': '2016-11-17T19:30:00Z', 'local': '2016-11-18T01:00:00+05:30'}}"
216.4,{'hasFlags': False},"{'id': 2, 'name': 'pm25', 'units': 'µg/m³', 'displayName': None}","{'label': 'raw', 'interval': '01:00:00', 'datetimeFrom': {'utc': '2016-11-17T19:30:00Z', 'local': '2016-11-18T01:00:00+05:30'}, 'datetimeTo': {'utc': '2016-11-17T20:30:00Z', 'local': '2016-11-18T02:00:00+05:30'}}",,,"{'expectedCount': 1, 'expectedInterval': '01:00:00', 'observedCount': 1, 'observedInterval': '01:00:00', 'percentComplete': 100.0, 'percentCoverage': 100.0, 'datetimeFrom': {'utc': '2016-11-17T19:30:00Z', 'local': '2016-11-18T01:00:00+05:30'}, 'datetimeTo': {'utc': '2016-11-17T20:30:00Z', 'local': '2016-11-18T02:00:00+05:30'}}"
222.2,{'hasFlags': False},"{'id': 2, 'name': 'pm25', 'units': 'µg/m³', 'displayName': None}","{'label': 'raw', 'interval': '01:00:00', 'datetimeFrom': {'utc': '2016-11-17T20:30:00Z', 'local': '2016-11-18T02:00:00+05:30'}, 'datetimeTo': {'utc': '2016-11-17T21:30:00Z', 'local': '2016-11-18T03:00:00+05:30'}}",,,"{'expectedCount': 1, 'expectedInterval': '01:00:00', 'observedCount': 1, 'observedInterval': '01:00:00', 'percentComplete': 100.0, 'percentCoverage': 100.0, 'datetimeFrom': {'utc': '2016-11-17T20:30:00Z', 'local': '2016-11-18T02:00:00+05:30'}, 'datetimeTo': {'utc': '2016-11-17T21:30:00Z', 'local': '2016-11-18T03:00:00+05:30'}}"
233.6,{'hasFlags': False},"{'id': 2, 'name': 'pm25', 'units': 'µg/m³', 'displayName': None}","{'label': 'raw', 'interval': '01:00:00', 'datetimeFrom': {'utc': '2016-11-17T21:30:00Z', 'local': '2016-11-18T03:00:00+05:30'}, 'datetimeTo': {'utc': '2016-11-17T22:30:00Z', 'local': '2016-11-18T04:00:00+05:30'}}",,,"{'expectedCount': 1, 'expectedInterval': '01:00:00', 'observedCount': 1, 'observedInterval': '01:00:00', 'percentComplete': 100.0, 'percentCoverage': 100.0, 'datetimeFrom': {'utc': '2016-11-17T21:30:00Z', 'local': '2016-11-18T03:00:00+05:30'}, 'datetimeTo': {'utc': '2016-11-17T22:30:00Z', 'local': '2016-11-18T04:00:00+05:30'}}"
254.3,{'hasFlags': False},"{'id': 2, 'name': 'pm25', 'units': 'µg/m³', 'displayName': None}","{'label': 'raw', 'interval': '01:00:00', 'datetimeFrom': {'utc': '2016-11-17T22:30:00Z', 'local': '2016-11-18T04:00:00+05:30'}, 'datetimeTo': {'utc': '2016-11-17T23:30:00Z', 'local': '2016-11-18T05:00:00+05:30'}}",,,"{'expectedCount': 1, 'expectedInterval': '01:00:00', 'observedCount': 1, 'observedInterval': '01:00:00', 'percentComplete': 100.0, 'percentCoverage': 100.0, 'datetimeFrom': {'utc': '2016-11-17T22:30:00Z', 'local': '2016-11-18T04:00:00+05:30'}, 'datetimeTo': {'utc': '2016-11-17T23:30:00Z', 'local': '2016-11-18T05:00:00+05:30'}}"
244.1,{'hasFlags': False},"{'id': 2, 'name': 'pm25', 'units': 'µg/m³', 'displayName': None}","{'label': 'raw', 'interval': '01:00:00', 'datetimeFrom': {'utc': '2016-11-17T23:30:00Z', 'local': '2016-11-18T05:00:00+05:30'}, 'datetimeTo': {'utc': '2016-11-18T00:30:00Z', 'local': '2016-11-18T06:00:00+05:30'}}",,,"{'expectedCount': 1, 'expectedInterval': '01:00:00', 'observedCount': 1, 'observedInterval': '01:00:00', 'percentComplete': 100.0, 'percentCoverage': 100.0, 'datetimeFrom': {'utc': '2016-11-17T23:30:00Z', 'local': '2016-11-18T05:00:00+05:30'}, 'datetimeTo': {'utc': '2016-11-18T00:30:00Z', 'local': '2016-11-18T06:00:00+05:30'}}"
230.6,{'hasFlags': False},"{'id': 2, 'name': 'pm25', 'units': 'µg/m³', 'displayName': None}","{'label': 'raw', 'interval': '01:00:00', 'datetimeFrom': {'utc': '2016-11-18T00:30:00Z', 'local': '2016-11-18T06:00:00+05:30'}, 'datetimeTo': {'utc': '2016-11-18T01:30:00Z', 'local': '2016-11-18T07:00:00+05:30'}}",,,"{'expectedCount': 1, 'expectedInterval': '01:00:00', 'observedCount': 1, 'observedInterval': '01:00:00', 'percentComplete': 100.0, 'percentCoverage': 100.0, 'datetimeFrom': {'utc': '2016-11-18T00:30:00Z', 'local': '2016-11-18T06:00:00+05:30'}, 'datetimeTo': {'utc': '2016-11-18T01:30:00Z', 'local': '2016-11-18T07:00:00+05:30'}}"
225.7,{'hasFlags': False},"{'id': 2, 'name': 'pm25', 'units': 'µg/m³', 'displayName': None}","{'label': 'raw', 'interval': '01:00:00', 'datetimeFrom': {'utc': '2016-11-18T01:30:00Z', 'local': '2016-11-18T07:00:00+05:30'}, 'datetimeTo': {'utc': '2016-11-18T02:30:00Z', 'local': '2016-11-18T08:00:00+05:30'}}",,,"{'expectedCount': 1, 'expectedInterval': '01:00:00', 'observedCount': 1, 'observedInterval': '01:00:00', 'percentComplete': 100.0, 'percentCoverage': 100.0, 'datetimeFrom': {'utc': '2016-11-18T01:30:00Z', 'local': '2016-11-18T07:00:00+05:30'}, 'datetimeTo': {'utc': '2016-11-18T02:30:00Z', 'local': '2016-11-18T08:00:00+05:30'}}"
231.8,{'hasFlags': False},"{'id': 2, 'name': 'pm25', 'units': 'µg/m³', 'displayName': None}","{'label': 'raw', 'interval': '01:00:00', 'datetimeFrom': {'utc': '2016-11-18T02:30:00Z', 'local': '2016-11-18T08:00:00+05:30'}, 'datetimeTo': {'utc': '2016-11-18T03:30:00Z', 'local': '2016-11-18T09:00:00+05:30'}}",,,"{'expectedCount': 1, 'expectedInterval': '01:00:00', 'observedCount': 1, 'observedInterval': '01:00:00', 'percentComplete': 100.0, 'percentCoverage': 100.0, 'datetimeFrom': {'utc': '2016-11-18T02:30:00Z', 'local': '2016-11-18T08:00:00+05:30'}, 'datetimeTo': {'utc': '2016-11-18T03:30:00Z', 'local': '2016-11-18T09:00:00+05:30'}}"
234.1,{'hasFlags': False},"{'id': 2, 'name': 'pm25', 'units': 'µg/m³', 'displayName': None}","{'label': 'raw', 'interval': '01:00:00', 'datetimeFrom': {'utc': '2016-11-18T03:30:00Z', 'local': '2016-11-18T09:00:00+05:30'}, 'datetimeTo': {'utc': '2016-11-18T04:30:00Z', 'local': '2016-11-18T10:00:00+05:30'}}",,,"{'expectedCount': 1, 'expectedInterval': '01:00:00', 'observedCount': 1, 'observedInterval': '01:00:00', 'percentComplete': 100.0, 'percentCoverage': 100.0, 'datetimeFrom': {'utc': '2016-11-18T03:30:00Z', 'local': '2016-11-18T09:00:00+05:30'}, 'datetimeTo': {'utc': '2016-11-18T04:30:00Z', 'local': '2016-11-18T10:00:00+05:30'}}"
234.3,{'hasFlags': False},"{'id': 2, 'name': 'pm25', 'units': 'µg/m³', 'displayName': None}","{'label': 'raw', 'interval': '01:00:00', 'datetimeFrom': {'utc': '2016-11-18T04:30:00Z', 'local': '2016-11-18T10:00:00+05:30'}, 'datetimeTo': {'utc': '2016-11-18T05:30:00Z', 'local': '2016-11-18T11:00:00+05:30'}}",,,"{'expectedCount': 1, 'expectedInterval': '01:00:00', 'observedCount': 1, 'observedInterval': '01:00:00', 'percentComplete': 100.0, 'percentCoverage': 100.0, 'datetimeFrom': {'utc': '2016-11-18T04:30:00Z', 'local': '2016-11-18T10:00:00+05:30'}, 'datetimeTo': {'utc': '2016-11-18T05:30:00Z', 'local': '2016-11-18T11:00:00+05:30'}}"
,{'hasFlags': True},"{'id': 2, 'name': 'pm25', 'units': 'µg/m³', 'displayName': None}","{'label': 'raw', 'interval': '01:00:00', 'datetimeFrom': {'utc': '2016-11-18T05:30:00Z', 'local': '2016-11-18T11:00:00+05:30'}, 'datetimeTo': {'utc': '2016-11-18T06:30:00Z', 'local': '2016-11-18T12:00:00+05:30'}}",,,"{'expectedCount': 1, 'expectedInterval': '01:00:00', 'observedCount': 1, 'observedInterval': '01:00:00', 'percentComplete': 100.0, 'percentCoverage': 100.0, 'datetimeFrom': {'utc': '2016-11-18T05:30:00Z', 'local': '2016-11-18T11:00:00+05:30'}, 'datetimeTo': {'utc': '2016-11-18T06:30:00Z', 'local': '2016-11-18T12:00:00+05:30'}}"
,{'hasFlags': True},"{'id': 2, 'name': 'pm25', 'units': 'µg/m³', 'displayName': None}","{'label': 'raw', 'interval': '01:00:00', 'datetimeFrom': {'utc': '2016-11-18T06:30:00Z', 'local': '2016-11-18T12:00:00+05:30'}, 'datetimeTo': {'utc': '2016-11-18T07:30:00Z', 'local': '2016-11-18T13:00:00+05:30'}}",,,"{'expectedCount': 1, 'expectedInterval': '01:00:00', 'observedCount': 1, 'observedInterval': '01:00:00', 'percentComplete': 100.0, 'percentCoverage': 100.0, 'datetimeFrom': {'utc': '2016-11-18T06:30:00Z', 'local': '2016-11-18T12:00:00+05:30'}, 'datetimeTo': {'utc': '2016-11-18T07:30:00Z', 'local': '2016-11-18T13:00:00+05:30'}}"
,{'hasFlags': True},"{'id': 2, 'name': 'pm25', 'units': 'µg/m³', 'displayName': None}","{'label': 'raw', 'interval': '01:00:00', 'datetimeFrom': {'utc': '2016-11-18T07:30:00Z', 'local': '2016-11-18T13:00:00+05:30'}, 'datetimeTo': {'utc': '2016-11-18T08:30:00Z', 'local': '2016-11-18T14:00:00+05:30'}}",,,"{'expectedCount': 1, 'expectedInterval': '01:00:00', 'observedCount': 1, 'observedInterval': '01:00:00', 'percentComplete': 100.0, 'percentCoverage': 100.0, 'datetimeFrom': {'utc': '2016-11-18T07:30:00Z', 'local': '2016-11-18T13:00:00+05:30'}, 'datetimeTo': {'utc': '2016-11-18T08:30:00Z', 'local': '2016-11-18T14:00:00+05:30'}}"
,{'hasFlags': True},"{'id': 2, 'name': 'pm25', 'units': 'µg/m³', 'displayName': None}","{'label': 'raw', 'interval': '01:00:00', 'datetimeFrom': {'utc': '2016-11-18T08:30:00Z', 'local': '2016-11-18T14:00:00+05:30'}, 'datetimeTo': {'utc': '2016-11-18T09:30:00Z', 'local': '2016-11-18T15:00:00+05:30'}}",,,"{'expectedCount': 1, 'expectedInterval': '01:00:00', 'observedCount': 1, 'observedInterval': '01:00:00', 'percentComplete': 100.0, 'percentCoverage': 100.0, 'datetimeFrom': {'utc': '2016-11-18T08:30:00Z', 'local': '2016-11-18T14:00:00+05:30'}, 'datetimeTo': {'utc': '2016-11-18T09:30:00Z', 'local': '2016-11-18T15:00:00+05:30'}}"
,{'hasFlags': True},"{'id': 2, 'name': 'pm25', 'units': 'µg/m³', 'displayName': None}","{'label': 'raw', 'interval': '01:00:00', 'datetimeFrom': {'utc': '2016-11-18T09:30:00Z', 'local': '2016-11-18T15:00:00+05:30'}, 'datetimeTo': {'utc': '2016-11-18T10:30:00Z', 'local': '2016-11-18T16:00:00+05:30'}}",,,"{'expectedCount': 1, 'expectedInterval': '01:00:00', 'observedCount': 1, 'observedInterval': '01:00:00', 'percentComplete': 100.0, 'percentCoverage': 100.0, 'datetimeFrom': {'utc': '2016-11-18T09:30:00Z', 'local': '2016-11-18T15:00:00+05:30'}, 'datetimeTo': {'utc': '2016-11-18T10:30:00Z', 'local': '2016-11-18T16:00:00+05:30'}}"
89.9,{'hasFlags': True},"{'id': 2, 'name': 'pm25', 'units': 'µg/m³', 'displayName': None}","{'label': 'raw', 'interval': '01:00:00', 'datetimeFrom': {'utc': '2016-11-18T10:30:00Z', 'local': '2016-11-18T16:00:00+05:30'}, 'datetimeTo': {'utc': '2016-11-18T11:30:00Z', 'local': '2016-11-18T17:00:00+05:30'}}",,,"{'expectedCount': 1, 'expectedInterval': '01:00:00', 'observedCount': 1, 'observedInterval': '01:00:00', 'percentComplete': 100.0, 'percentCoverage': 100.0, 'datetimeFrom': {'utc': '2016-11-18T10:30:00Z', 'local': '2016-11-18T16:00:00+05:30'}, 'datetimeTo': {'utc': '2016-11-18T11:30:00Z', 'local': '2016-11-18T17:00:00+05:30'}}"
102.8,{'hasFlags': False},"{'id': 2, 'name': 'pm25', 'units': 'µg/m³', 'displayName': None}","{'label': 'raw', 'interval': '01:00:00', 'datetimeFrom': {'utc': '2016-11-18T11:30:00Z', 'local': '2016-11-18T17:00:00+05:30'}, 'datetimeTo': {'utc': '2016-11-18T12:30:00Z', 'local': '2016-11-18T18:00:00+05:30'}}",,,"{'expectedCount': 1, 'expectedInterval': '01:00:00', 'observedCount': 1, 'observedInterval': '01:00:00', 'percentComplete': 100.0, 'percentCoverage': 100.0, 'datetimeFrom': {'utc': '2016-11-18T11:30:00Z', 'local': '2016-11-18T17:00:00+05:30'}, 'datetimeTo': {'utc': '2016-11-18T12:30:00Z', 'local': '2016-11-18T18:00:00+05:30'}}"
111.7,{'hasFlags': False},"{'id': 2, 'name': 'pm25', 'units': 'µg/m³', 'displayName': None}","{'label': 'raw', 'interval': '01:00:00', 'datetimeFrom': {'utc': '2016-11-18T12:30:00Z', 'local': '2016-11-18T18:00:00+05:30'}, 'datetimeTo': {'utc': '2016-11-18T13:30:00Z', 'local': '2016-11-18T19:00:00+05:30'}}",,,"{'expectedCount': 1, 'expectedInterval': '01:00:00', 'observedCount': 1, 'observedInterval': '01:00:00', 'percentComplete': 100.0, 'percentCoverage': 100.0, 'datetimeFrom': {'utc': '2016-11-18T12:30:00Z', 'local': '2016-11-18T18:00:00+05:30'}, 'datetimeTo': {'utc': '2016-11-18T13:30:00Z', 'local': '2016-11-18T19:00:00+05:30'}}"
126.5,{'hasFlags': False},"{'id': 2, 'name': 'pm25', 'units': 'µg/m³', 'displayName': None}","{'label': 'raw', 'interval': '01:00:00', 'datetimeFrom': {'utc': '2016-11-18T13:30:00Z', 'local': '2016-11-18T19:00:00+05:30'}, 'datetimeTo': {'utc': '2016-11-18T14:30:00Z', 'local': '2016-11-18T20:00:00+05:30'}}",,,"{'expectedCount': 1, 'expectedInterval': '01:00:00', 'observedCount': 1, 'observedInterval': '01:00:00', 'percentComplete': 100.0, 'percentCoverage': 100.0, 'datetimeFrom': {'utc': '2016-11-18T13:30:00Z', 'local': '2016-11-18T19:00:00+05:30'}, 'datetimeTo': {'utc': '2016-11-18T14:30:00Z', 'local': '2016-11-18T20:00:00+05:30'}}"
146.7,{'hasFlags': False},"{'id': 2, 'name': 'pm25', 'units': 'µg/m³', 'displayName': None}","{'label': 'raw', 'interval': '01:00:00', 'datetimeFrom': {'utc': '2016-11-18T14:30:00Z', 'local': '2016-11-18T20:00:00+05:30'}, 'datetimeTo': {'utc': '2016-11-18T15:30:00Z', 'local': '2016-11-18T21:00:00+05:30'}}",,,"{'expectedCount': 1, 'expectedInterval': '01:00:00', 'observedCount': 1, 'observedInterval': '01:00:00', 'percentComplete': 100.0, 'percentCoverage': 100.0, 'datetimeFrom': {'utc': '2016-11-18T14:30:00Z', 'local': '2016-11-18T20:00:00+05:30'}, 'datetimeTo': {'utc': '2016-11-18T15:30:00Z', 'local': '2016-11-18T21:00:00+05:30'}}"
181.7,{'hasFlags': False},"{'id': 2, 'name': 'pm25', 'units': 'µg/m³', 'displayName': None}","{'label': 'raw', 'interval': '01:00:00', 'datetimeFrom': {'utc': '2016-11-18T15:30:00Z', 'local': '2016-11-18T21:00:00+05:30'}, 'datetimeTo': {'utc': '2016-11-18T16:30:00Z', 'local': '2016-11-18T22:00:00+05:30'}}",,,"{'expectedCount': 1, 'expectedInterval': '01:00:00', 'observedCount': 1, 'observedInterval': '01:00:00', 'percentComplete': 100.0, 'percentCoverage': 100.0, 'datetimeFrom': {'utc': '2016-11-18T15:30:00Z', 'local': '2016-11-18T21:00:00+05:30'}, 'datetimeTo': {'utc': '2016-11-18T16:30:00Z', 'local': '2016-11-18T22:00:00+05:30'}}"
207.5,{'hasFlags': False},"{'id': 2, 'name': 'pm25', 'units': 'µg/m³', 'displayName': None}","{'label': 'raw', 'interval': '01:00:00', 'datetimeFrom': {'utc': '2016-11-18T16:30:00Z', 'local': '2016-11-18T22:00:00+05:30'}, 'datetimeTo': {'utc': '2016-11-18T17:30:00Z', 'local': '2016-11-18T23:00:00+05:30'}}",,,"{'expectedCount': 1, 'expectedInterval': '01:00:00', 'observedCount': 1, 'observedInterval': '01:00:00', 'percentComplete': 100.0, 'percentCoverage': 100.0, 'datetimeFrom': {'utc': '2016-11-18T16:30:00Z', 'local': '2016-11-18T22:00:00+05:30'}, 'datetimeTo': {'utc': '2016-11-18T17:30:00Z', 'local': '2016-11-18T23:00:00+05:30'}}"
225.8,{'hasFlags': False},"{'id': 2, 'name': 'pm25', 'units': 'µg/m³', 'displayName': None}","{'label': 'raw', 'interval': '01:00:00', 'datetimeFrom': {'utc': '2016-11-18T17:30:00Z', 'local': '2016-11-18T23:00:00+05:30'}, 'datetimeTo': {'utc': '2016-11-18T18:30:00Z', 'local': '2016-11-19T00:00:00+05:30'}}",,,"{'expectedCount': 1, 'expectedInterval': '01:00:00', 'observedCount': 1, 'observedInterval': '01:00:00', 'percentComplete': 100.0, 'percentCoverage': 100.0, 'datetimeFrom': {'utc': '2016-11-18T17:30:00Z', 'local': '2016-11-18T23:00:00+05:30'}, 'datetimeTo': {'utc': '2016-11-18T18:30:00Z', 'local': '2016-11-19T00:00:00+05:30'}}"
243.4,{'hasFlags': False},"{'id': 2, 'name': 'pm25', 'units': 'µg/m³', 'displayName': None}","{'label': 'raw', 'interval': '01:00:00', 'datetimeFrom': {'utc': '2016-11-18T18:30:00Z', 'local': '2016-11-19T00:00:00+05:30'}, 'datetimeTo': {'utc': '2016-11-18T19:30:00Z', 'local': '2016-11-19T01:00:00+05:30'}}",,,"{'expectedCount': 1, 'expectedInterval': '01:00:00', 'observedCount': 1, 'observedInterval': '01:00:00', 'percentComplete': 100.0, 'percentCoverage': 100.0, 'datetimeFrom': {'utc': '2016-11-18T18:30:00Z', 'local': '2016-11-19T00:00:00+05:30'}, 'datetimeTo': {'utc': '2016-11-18T19:30:00Z', 'local': '2016-11-19T01:00:00+05:30'}}"
272.7,{'hasFlags': False},"{'id': 2, 'name': 'pm25', 'units': 'µg/m³', 'displayName': None}","{'label': 'raw', 'interval': '01:00:00', 'datetimeFrom': {'utc': '2016-11-18T19:30:00Z', 'local': '2016-11-19T01:00:00+05:30'}, 'datetimeTo': {'utc': '2016-11-18T20:30:00Z', 'local': '2016-11-19T02:00:00+05:30'}}",,,"{'expectedCount': 1, 'expectedInterval': '01:00:00', 'observedCount': 1, 'observedInterval': '01:00:00', 'percentComplete': 100.0, 'percentCoverage': 100.0, 'datetimeFrom': {'utc': '2016-11-18T19:30:00Z', 'local': '2016-11-19T01:00:00+05:30'}, 'datetimeTo': {'utc': '2016-11-18T20:30:00Z', 'local': '2016-11-19T02:00:00+05:30'}}"
290.4,{'hasFlags': False},"{'id': 2, 'name': 'pm25', 'units': 'µg/m³', 'displayName': None}","{'label': 'raw', 'interval': '01:00:00', 'datetimeFrom': {'utc': '2016-11-18T20:30:00Z', 'local': '2016-11-19T02:00:00+05:30'}, 'datetimeTo': {'utc': '2016-11-18T21:30:00Z', 'local': '2016-11-19T03:00:00+05:30'}}",,,"{'expectedCount': 1, 'expectedInterval': '01:00:00', 'observedCount': 1, 'observedInterval': '01:00:00', 'percentComplete': 100.0, 'percentCoverage': 100.0, 'datetimeFrom': {'utc': '2016-11-18T20:30:00Z', 'local': '2016-11-19T02:00:00+05:30'}, 'datetimeTo': {'utc': '2016-11-18T21:30:00Z', 'local': '2016-11-19T03:00:00+05:30'}}"
317.2,{'hasFlags': False},"{'id': 2, 'name': 'pm25', 'units': 'µg/m³', 'displayName': None}","{'label': 'raw', 'interval': '01:00:00', 'datetimeFrom': {'utc': '2016-11-18T21:30:00Z', 'local': '2016-11-19T03:00:00+05:30'}, 'datetimeTo': {'utc': '2016-11-18T22:30:00Z', 'local': '2016-11-19T04:00:00+05:30'}}",,,"{'expectedCount': 1, 'expectedInterval': '01:00:00', 'observedCount': 1, 'observedInterval': '01:00:00', 'percentComplete': 100.0, 'percentCoverage': 100.0, 'datetimeFrom': {'utc': '2016-11-18T21:30:00Z', 'local': '2016-11-19T03:00:00+05:30'}, 'datetimeTo': {'utc': '2016-11-18T22:30:00Z', 'local': '2016-11-19T04:00:00+05:30'}}"
326.1,{'hasFlags': False},"{'id': 2, 'name': 'pm25', 'units': 'µg/m³', 'displayName': None}","{'label': 'raw', 'interval': '01:00:00', 'datetimeFrom': {'utc': '2016-11-18T22:30:00Z', 'local': '2016-11-19T04:00:00+05:30'}, 'datetimeTo': {'utc': '2016-11-18T23:30:00Z', 'local': '2016-11-19T05:00:00+05:30'}}",,,"{'expectedCount': 1, 'expectedInterval': '01:00:00', 'observedCount': 1, 'observedInterval': '01:00:00', 'percentComplete': 100.0, 'percentCoverage': 100.0, 'datetimeFrom': {'utc': '2016-11-18T22:30:00Z', 'local': '2016-11-19T04:00:00+05:30'}, 'datetimeTo': {'utc': '2016-11-18T23:30:00Z', 'local': '2016-11-19T05:00:00+05:30'}}"
309.5,{'hasFlags': False},"{'id': 2, 'name': 'pm25', 'units': 'µg/m³', 'displayName': None}","{'label': 'raw', 'interval': '01:00:00', 'datetimeFrom': {'utc': '2016-11-18T23:30:00Z', 'local': '2016-11-19T05:00:00+05:30'}, 'datetimeTo': {'utc': '2016-11-19T00:30:00Z', 'local': '2016-11-19T06:00:00+05:30'}}",,,"{'expectedCount': 1, 'expectedInterval': '01:00:00', 'observedCount': 1, 'observedInterval': '01:00:00', 'percentComplete': 100.0, 'percentCoverage': 100.0, 'datetimeFrom': {'utc': '2016-11-18T23:30:00Z', 'local': '2016-11-19T05:00:00+05:30'}, 'datetimeTo': {'utc': '2016-11-19T00:30:00Z', 'local': '2016-11-19T06:00:00+05:30'}}"
257.8,{'hasFlags': False},"{'id': 2, 'name': 'pm25', 'units': 'µg/m³', 'displayName': None}","{'label': 'raw', 'interval': '01:00:00', 'datetimeFrom': {'utc': '2016-11-19T00:30:00Z', 'local': '2016-11-19T06:00:00+05:30'}, 'datetimeTo': {'utc': '2016-11-19T01:30:00Z', 'local': '2016-11-19T07:00:00+05:30'}}",,,"{'expectedCount': 1, 'expectedInterval': '01:00:00', 'observedCount': 1, 'observedInterval': '01:00:00', 'percentComplete': 100.0, 'percentCoverage': 100.0, 'datetimeFrom': {'utc': '2016-11-19T00:30:00Z', 'local': '2016-11-19T06:00:00+05:30'}, 'datetimeTo': {'utc': '2016-11-19T01:30:00Z', 'local': '2016-11-19T07:00:00+05:30'}}"
219.9,{'hasFlags': False},"{'id': 2, 'name': 'pm25', 'units': 'µg/m³', 'displayName': None}","{'label': 'raw', 'interval': '01:00:00', 'datetimeFrom': {'utc': '2016-11-19T01:30:00Z', 'local': '2016-11-19T07:00:00+05:30'}, 'datetimeTo': {'utc': '2016-11-19T02:30:00Z', 'local': '2016-11-19T08:00:00+05:30'}}",,,"{'expectedCount': 1, 'expectedInterval': '01:00:00', 'observedCount': 1, 'observedInterval': '01:00:00', 'percentComplete': 100.0, 'percentCoverage': 100.0, 'datetimeFrom': {'utc': '2016-11-19T01:30:00Z', 'local': '2016-11-19T07:00:00+05:30'}, 'datetimeTo': {'utc': '2016-11-19T02:30:00Z', 'local': '2016-11-19T08:00:00+05:30'}}"
194.4,{'hasFlags': False},"{'id': 2, 'name': 'pm25', 'units': 'µg/m³', 'displayName': None}","{'label': 'raw', 'interval': '01:00:00', 'datetimeFrom': {'utc': '2016-11-19T02:30:00Z', 'local': '2016-11-19T08:00:00+05:30'}, 'datetimeTo': {'utc': '2016-11-19T03:30:00Z', 'local': '2016-11-19T09:00:00+05:30'}}",,,"{'expectedCount': 1, 'expectedInterval': '01:00:00', 'observedCount': 1, 'observedInterval': '01:00:00', 'percentComplete': 100.0, 'percentCoverage': 100.0, 'datetimeFrom': {'utc': '2016-11-19T02:30:00Z', 'local': '2016-11-19T08:00:00+05:30'}, 'datetimeTo': {'utc': '2016-11-19T03:30:00Z', 'local': '2016-11-19T09:00:00+05:30'}}"
185.2,{'hasFlags': False},"{'id': 2, 'name': 'pm25', 'units': 'µg/m³', 'displayName': None}","{'label': 'raw', 'interval': '01:00:00', 'datetimeFrom': {'utc': '2016-11-19T03:30:00Z', 'local': '2016-11-19T09:00:00+05:30'}, 'datetimeTo': {'utc': '2016-11-19T04:30:00Z', 'local': '2016-11-19T10:00:00+05:30'}}",,,"{'expectedCount': 1, 'expectedInterval': '01:00:00', 'observedCount': 1, 'observedInterval': '01:00:00', 'percentComplete': 100.0, 'percentCoverage': 100.0, 'datetimeFrom': {'utc': '2016-11-19T03:30:00Z', 'local': '2016-11-19T09:00:00+05:30'}, 'datetimeTo': {'utc': '2016-11-19T04:30:00Z', 'local': '2016-11-19T10:00:00+05:30'}}"
183.1,{'hasFlags': False},"{'id': 2, 'name': 'pm25', 'units': 'µg/m³', 'displayName': None}","{'label': 'raw', 'interval': '01:00:00', 'datetimeFrom': {'utc': '2016-11-19T04:30:00Z', 'local': '2016-11-19T10:00:00+05:30'}, 'datetimeTo': {'utc': '2016-11-19T05:30:00Z', 'local': '2016-11-19T11:00:00+05:30'}}",,,"{'expectedCount': 1, 'expectedInterval': '01:00:00', 'observedCount': 1, 'observedInterval': '01:00:00', 'percentComplete': 100.0, 'percentCoverage': 100.0, 'datetimeFrom': {'utc': '2016-11-19T04:30:00Z', 'local': '2016-11-19T10:00:00+05:30'}, 'datetimeTo': {'utc': '2016-11-19T05:30:00Z', 'local': '2016-11-19T11:00:00+05:30'}}"
179.0,{'hasFlags': False},"{'id': 2, 'name': 'pm25', 'units': 'µg/m³', 'displayName': None}","{'label': 'raw', 'interval': '01:00:00', 'datetimeFrom': {'utc': '2016-11-19T05:30:00Z', 'local': '2016-11-19T11:00:00+05:30'}, 'datetimeTo': {'utc': '2016-11-19T06:30:00Z', 'local': '2016-11-19T12:00:00+05:30'}}",,,"{'expectedCount': 1, 'expectedInterval': '01:00:00', 'observedCount': 1, 'observedInterval': '01:00:00', 'percentComplete': 100.0, 'percentCoverage': 100.0, 'datetimeFrom': {'utc': '2016-11-19T05:30:00Z', 'local': '2016-11-19T11:00:00+05:30'}, 'datetimeTo': {'utc': '2016-11-19T06:30:00Z', 'local': '2016-11-19T12:00:00+05:30'}}"
165.0,{'hasFlags': False},"{'id': 2, 'name': 'pm25', 'units': 'µg/m³', 'displayName': None}","{'label': 'raw', 'interval': '01:00:00', 'datetimeFrom': {'utc': '2016-11-19T06:30:00Z', 'local': '2016-11-19T12:00:00+05:30'}, 'datetimeTo': {'utc': '2016-11-19T07:30:00Z', 'local': '2016-11-19T13:00:00+05:30'}}",,,"{'expectedCount': 1, 'expectedInterval': '01:00:00', 'observedCount': 1, 'observedInterval': '01:00:00', 'percentComplete': 100.0, 'percentCoverage': 100.0, 'datetimeFrom': {'utc': '2016-11-19T06:30:00Z', 'local': '2016-11-19T12:00:00+05:30'}, 'datetimeTo': {'utc': '2016-11-19T07:30:00Z', 'local': '2016-11-19T13:00:00+05:30'}}"
147.9,{'hasFlags': False},"{'id': 2, 'name': 'pm25', 'units': 'µg/m³', 'displayName': None}","{'label': 'raw', 'interval': '01:00:00', 'datetimeFrom': {'utc': '2016-11-19T07:30:00Z', 'local': '2016-11-19T13:00:00+05:30'}, 'datetimeTo': {'utc': '2016-11-19T08:30:00Z', 'local': '2016-11-19T14:00:00+05:30'}}",,,"{'expectedCount': 1, 'expectedInterval': '01:00:00', 'observedCount': 1, 'observedInterval': '01:00:00', 'percentComplete': 100.0, 'percentCoverage': 100.0, 'datetimeFrom': {'utc': '2016-11-19T07:30:00Z', 'local': '2016-11-19T13:00:00+05:30'}, 'datetimeTo': {'utc': '2016-11-19T08:30:00Z', 'local': '2016-11-19T14:00:00+05:30'}}"
127.9,{'hasFlags': False},"{'id': 2, 'name': 'pm25', 'units': 'µg/m³', 'displayName': None}","{'label': 'raw', 'interval': '01:00:00', 'datetimeFrom': {'utc': '2016-11-19T08:30:00Z', 'local': '2016-11-19T14:00:00+05:30'}, 'datetimeTo': {'utc': '2016-11-19T09:30:00Z', 'local': '2016-11-19T15:00:00+05:30'}}",,,"{'expectedCount': 1, 'expectedInterval': '01:00:00', 'observedCount': 1, 'observedInterval': '01:00:00', 'percentComplete': 100.0, 'percentCoverage': 100.0, 'datetimeFrom': {'utc': '2016-11-19T08:30:00Z', 'local': '2016-11-19T14:00:00+05:30'}, 'datetimeTo': {'utc': '2016-11-19T09:30:00Z', 'local': '2016-11-19T15:00:00+05:30'}}"
118.4,{'hasFlags': False},"{'id': 2, 'name': 'pm25', 'units': 'µg/m³', 'displayName': None}","{'label': 'raw', 'interval': '01:00:00', 'datetimeFrom': {'utc': '2016-11-19T09:30:00Z', 'local': '2016-11-19T15:00:00+05:30'}, 'datetimeTo': {'utc': '2016-11-19T10:30:00Z', 'local': '2016-11-19T16:00:00+05:30'}}",,,"{'expectedCount': 1, 'expectedInterval': '01:00:00', 'observedCount': 1, 'observedInterval': '01:00:00', 'percentComplete': 100.0, 'percentCoverage': 100.0, 'datetimeFrom': {'utc': '2016-11-19T09:30:00Z', 'local': '2016-11-19T15:00:00+05:30'}, 'datetimeTo': {'utc': '2016-11-19T10:30:00Z', 'local': '2016-11-19T16:00:00+05:30'}}"
113.1,{'hasFlags': False},"{'id': 2, 'name': 'pm25', 'units': 'µg/m³', 'displayName': None}","{'label': 'raw', 'interval': '01:00:00', 'datetimeFrom': {'utc': '2016-11-19T10:30:00Z', 'local': '2016-11-19T16:00:00+05:30'}, 'datetimeTo': {'utc': '2016-11-19T11:30:00Z', 'local': '2016-11-19T17:00:00+05:30'}}",,,"{'expectedCount': 1, 'expectedInterval': '01:00:00', 'observedCount': 1, 'observedInterval': '01:00:00', 'percentComplete': 100.0, 'percentCoverage': 100.0, 'datetimeFrom': {'utc': '2016-11-19T10:30:00Z', 'local': '2016-11-19T16:00:00+05:30'}, 'datetimeTo': {'utc': '2016-11-19T11:30:00Z', 'local': '2016-11-19T17:00:00+05:30'}}"
111.6,{'hasFlags': False},"{'id': 2, 'name': 'pm25', 'units': 'µg/m³', 'displayName': None}","{'label': 'raw', 'interval': '01:00:00', 'datetimeFrom': {'utc': '2016-11-19T11:30:00Z', 'local': '2016-11-19T17:00:00+05:30'}, 'datetimeTo': {'utc': '2016-11-19T12:30:00Z', 'local': '2016-11-19T18:00:00+05:30'}}",,,"{'expectedCount': 1, 'expectedInterval': '01:00:00', 'observedCount': 1, 'observedInterval': '01:00:00', 'percentComplete': 100.0, 'percentCoverage': 100.0, 'datetimeFrom': {'utc': '2016-11-19T11:30:00Z', 'local': '2016-11-19T17:00:00+05:30'}, 'datetimeTo': {'utc': '2016-11-19T12:30:00Z', 'local': '2016-11-19T18:00:00+05:30'}}"
122.4,{'hasFlags': False},"{'id': 2, 'name': 'pm25', 'units': 'µg/m³', 'displayName': None}","{'label': 'raw', 'interval': '01:00:00', 'datetimeFrom': {'utc': '2016-11-19T12:30:00Z', 'local': '2016-11-19T18:00:00+05:30'}, 'datetimeTo': {'utc': '2016-11-19T13:30:00Z', 'local': '2016-11-19T19:00:00+05:30'}}",,,"{'expectedCount': 1, 'expectedInterval': '01:00:00', 'observedCount': 1, 'observedInterval': '01:00:00', 'percentComplete': 100.0, 'percentCoverage': 100.0, 'datetimeFrom': {'utc': '2016-11-19T12:30:00Z', 'local': '2016-11-19T18:00:00+05:30'}, 'datetimeTo': {'utc': '2016-11-19T13:30:00Z', 'local': '2016-11-19T19:00:00+05:30'}}"
128.2,{'hasFlags': False},"{'id': 2, 'name': 'pm25', 'units': 'µg/m³', 'displayName': None}","{'label': 'raw', 'interval': '01:00:00', 'datetimeFrom': {'utc': '2016-11-19T13:30:00Z', 'local': '2016-11-19T19:00:00+05:30'}, 'datetimeTo': {'utc': '2016-11-19T14:30:00Z', 'local': '2016-11-19T20:00:00+05:30'}}",,,"{'expectedCount': 1, 'expectedInterval': '01:00:00', 'observedCount': 1, 'observedInterval': '01:00:00', 'percentComplete': 100.0, 'percentCoverage': 100.0, 'datetimeFrom': {'utc': '2016-11-19T13:30:00Z', 'local': '2016-11-19T19:00:00+05:30'}, 'datetimeTo': {'utc': '2016-11-19T14:30:00Z', 'local': '2016-11-19T20:00:00+05:30'}}"
180.5,{'hasFlags': False},"{'id': 2, 'name': 'pm25', 'units': 'µg/m³', 'displayName': None}","{'label': 'raw', 'interval': '01:00:00', 'datetimeFrom': {'utc': '2016-11-19T14:30:00Z', 'local': '2016-11-19T20:00:00+05:30'}, 'datetimeTo': {'utc': '2016-11-19T15:30:00Z', 'local': '2016-11-19T21:00:00+05:30'}}",,,"{'expectedCount': 1, 'expectedInterval': '01:00:00', 'observedCount': 1, 'observedInterval': '01:00:00', 'percentComplete': 100.0, 'percentCoverage': 100.0, 'datetimeFrom': {'utc': '2016-11-19T14:30:00Z', 'local': '2016-11-19T20:00:00+05:30'}, 'datetimeTo': {'utc': '2016-11-19T15:30:00Z', 'local': '2016-11-19T21:00:00+05:30'}}"
188.7,{'hasFlags': False},"{'id': 2, 'name': 'pm25', 'units': 'µg/m³', 'displayName': None}","{'label': 'raw', 'interval': '01:00:00', 'datetimeFrom': {'utc': '2016-11-19T15:30:00Z', 'local': '2016-11-19T21:00:00+05:30'}, 'datetimeTo': {'utc': '2016-11-19T16:30:00Z', 'local': '2016-11-19T22:00:00+05:30'}}",,,"{'expectedCount': 1, 'expectedInterval': '01:00:00', 'observedCount': 1, 'observedInterval': '01:00:00', 'percentComplete': 100.0, 'percentCoverage': 100.0, 'datetimeFrom': {'utc': '2016-11-19T15:30:00Z', 'local': '2016-11-19T21:00:00+05:30'}, 'datetimeTo': {'utc': '2016-11-19T16:30:00Z', 'local': '2016-11-19T22:00:00+05:30'}}"
196.3,{'hasFlags': False},"{'id': 2, 'name': 'pm25', 'units': 'µg/m³', 'displayName': None}","{'label': 'raw', 'interval': '01:00:00', 'datetimeFrom': {'utc': '2016-11-19T16:30:00Z', 'local': '2016-11-19T22:00:00+05:30'}, 'datetimeTo': {'utc': '2016-11-19T17:30:00Z', 'local': '2016-11-19T23:00:00+05:30'}}",,,"{'expectedCount': 1, 'expectedInterval': '01:00:00', 'observedCount': 1, 'observedInterval': '01:00:00', 'percentComplete': 100.0, 'percentCoverage': 100.0, 'datetimeFrom': {'utc': '2016-11-19T16:30:00Z', 'local': '2016-11-19T22:00:00+05:30'}, 'datetimeTo': {'utc': '2016-11-19T17:30:00Z', 'local': '2016-11-19T23:00:00+05:30'}}"
200.6,{'hasFlags': False},"{'id': 2, 'name': 'pm25', 'units': 'µg/m³', 'displayName': None}","{'label': 'raw', 'interval': '01:00:00', 'datetimeFrom': {'utc': '2016-11-19T17:30:00Z', 'local': '2016-11-19T23:00:00+05:30'}, 'datetimeTo': {'utc': '2016-11-19T18:30:00Z', 'local': '2016-11-20T00:00:00+05:30'}}",,,"{'expectedCount': 1, 'expectedInterval': '01:00:00', 'observedCount': 1, 'observedInterval': '01:00:00', 'percentComplete': 100.0, 'percentCoverage': 100.0, 'datetimeFrom': {'utc': '2016-11-19T17:30:00Z', 'local': '2016-11-19T23:00:00+05:30'}, 'datetimeTo': {'utc': '2016-11-19T18:30:00Z', 'local': '2016-11-20T00:00:00+05:30'}}"
212.3,{'hasFlags': False},"{'id': 2, 'name': 'pm25', 'units': 'µg/m³', 'displayName': None}","{'label': 'raw', 'interval': '01:00:00', 'datetimeFrom': {'utc': '2016-11-19T18:30:00Z', 'local': '2016-11-20T00:00:00+05:30'}, 'datetimeTo': {'utc': '2016-11-19T19:30:00Z', 'local': '2016-11-20T01:00:00+05:30'}}",,,"{'expectedCount': 1, 'expectedInterval': '01:00:00', 'observedCount': 1, 'observedInterval': '01:00:00', 'percentComplete': 100.0, 'percentCoverage': 100.0, 'datetimeFrom': {'utc': '2016-11-19T18:30:00Z', 'local': '2016-11-20T00:00:00+05:30'}, 'datetimeTo': {'utc': '2016-11-19T19:30:00Z', 'local': '2016-11-20T01:00:00+05:30'}}"
236.1,{'hasFlags': False},"{'id': 2, 'name': 'pm25', 'units': 'µg/m³', 'displayName': None}","{'label': 'raw', 'interval': '01:00:00', 'datetimeFrom': {'utc': '2016-11-19T19:30:00Z', 'local': '2016-11-20T01:00:00+05:30'}, 'datetimeTo': {'utc': '2016-11-19T20:30:00Z', 'local': '2016-11-20T02:00:00+05:30'}}",,,"{'expectedCount': 1, 'expectedInterval': '01:00:00', 'observedCount': 1, 'observedInterval': '01:00:00', 'percentComplete': 100.0, 'percentCoverage': 100.0, 'datetimeFrom': {'utc': '2016-11-19T19:30:00Z', 'local': '2016-11-20T01:00:00+05:30'}, 'datetimeTo': {'utc': '2016-11-19T20:30:00Z', 'local': '2016-11-20T02:00:00+05:30'}}"
250.1,{'hasFlags': False},"{'id': 2, 'name': 'pm25', 'units': 'µg/m³', 'displayName': None}","{'label': 'raw', 'interval': '01:00:00', 'datetimeFrom': {'utc': '2016-11-19T20:30:00Z', 'local': '2016-11-20T02:00:00+05:30'}, 'datetimeTo': {'utc': '2016-11-19T21:30:00Z', 'local': '2016-11-20T03:00:00+05:30'}}",,,"{'expectedCount': 1, 'expectedInterval': '01:00:00', 'observedCount': 1, 'observedInterval': '01:00:00', 'percentComplete': 100.0, 'percentCoverage': 100.0, 'datetimeFrom': {'utc': '2016-11-19T20:30:00Z', 'local': '2016-11-20T02:00:00+05:30'}, 'datetimeTo': {'utc': '2016-11-19T21:30:00Z', 'local': '2016-11-20T03:00:00+05:30'}}"
257.5,{'hasFlags': False},"{'id': 2, 'name': 'pm25', 'units': 'µg/m³', 'displayName': None}","{'label': 'raw', 'interval': '01:00:00', 'datetimeFrom': {'utc': '2016-11-19T21:30:00Z', 'local': '2016-11-20T03:00:00+05:30'}, 'datetimeTo': {'utc': '2016-11-19T22:30:00Z', 'local': '2016-11-20T04:00:00+05:30'}}",,,"{'expectedCount': 1, 'expectedInterval': '01:00:00', 'observedCount': 1, 'observedInterval': '01:00:00', 'percentComplete': 100.0, 'percentCoverage': 100.0, 'datetimeFrom': {'utc': '2016-11-19T21:30:00Z', 'local': '2016-11-20T03:00:00+05:30'}, 'datetimeTo': {'utc': '2016-11-19T22:30:00Z', 'local': '2016-11-20T04:00:00+05:30'}}"
262.3,{'hasFlags': False},"{'id': 2, 'name': 'pm25', 'units': 'µg/m³', 'displayName': None}","{'label': 'raw', 'interval': '01:00:00', 'datetimeFrom': {'utc': '2016-11-19T22:30:00Z', 'local': '2016-11-20T04:00:00+05:30'}, 'datetimeTo': {'utc': '2016-11-19T23:30:00Z', 'local': '2016-11-20T05:00:00+05:30'}}",,,"{'expectedCount': 1, 'expectedInterval': '01:00:00', 'observedCount': 1, 'observedInterval': '01:00:00', 'percentComplete': 100.0, 'percentCoverage': 100.0, 'datetimeFrom': {'utc': '2016-11-19T22:30:00Z', 'local': '2016-11-20T04:00:00+05:30'}, 'datetimeTo': {'utc': '2016-11-19T23:30:00Z', 'local': '2016-11-20T05:00:00+05:30'}}"
267.1,{'hasFlags': False},"{'id': 2, 'name': 'pm25', 'units': 'µg/m³', 'displayName': None}","{'label': 'raw', 'interval': '01:00:00', 'datetimeFrom': {'utc': '2016-11-19T23:30:00Z', 'local': '2016-11-20T05:00:00+05:30'}, 'datetimeTo': {'utc': '2016-11-20T00:30:00Z', 'local': '2016-11-20T06:00:00+05:30'}}",,,"{'expectedCount': 1, 'expectedInterval': '01:00:00', 'observedCount': 1, 'observedInterval': '01:00:00', 'percentComplete': 100.0, 'percentCoverage': 100.0, 'datetimeFrom': {'utc': '2016-11-19T23:30:00Z', 'local': '2016-11-20T05:00:00+05:30'}, 'datetimeTo': {'utc': '2016-11-20T00:30:00Z', 'local': '2016-11-20T06:00:00+05:30'}}"
269.5,{'hasFlags': False},"{'id': 2, 'name': 'pm25', 'units': 'µg/m³', 'displayName': None}","{'label': 'raw', 'interval': '01:00:00', 'datetimeFrom': {'utc': '2016-11-20T00:30:00Z', 'local': '2016-11-20T06:00:00+05:30'}, 'datetimeTo': {'utc': '2016-11-20T01:30:00Z', 'local': '2016-11-20T07:00:00+05:30'}}",,,"{'expectedCount': 1, 'expectedInterval': '01:00:00', 'observedCount': 1, 'observedInterval': '01:00:00', 'percentComplete': 100.0, 'percentCoverage': 100.0, 'datetimeFrom': {'utc': '2016-11-20T00:30:00Z', 'local': '2016-11-20T06:00:00+05:30'}, 'datetimeTo': {'utc': '2016-11-20T01:30:00Z', 'local': '2016-11-20T07:00:00+05:30'}}"
265.7,{'hasFlags': False},"{'id': 2, 'name': 'pm25', 'units': 'µg/m³', 'displayName': None}","{'label': 'raw', 'interval': '01:00:00', 'datetimeFrom': {'utc': '2016-11-20T01:30:00Z', 'local': '2016-11-20T07:00:00+05:30'}, 'datetimeTo': {'utc': '2016-11-20T02:30:00Z', 'local': '2016-11-20T08:00:00+05:30'}}",,,"{'expectedCount': 1, 'expectedInterval': '01:00:00', 'observedCount': 1, 'observedInterval': '01:00:00', 'percentComplete': 100.0, 'percentCoverage': 100.0, 'datetimeFrom': {'utc': '2016-11-20T01:30:00Z', 'local': '2016-11-20T07:00:00+05:30'}, 'datetimeTo': {'utc': '2016-11-20T02:30:00Z', 'local': '2016-11-20T08:00:00+05:30'}}"
277.5,{'hasFlags': False},"{'id': 2, 'name': 'pm25', 'units': 'µg/m³', 'displayName': None}","{'label': 'raw', 'interval': '01:00:00', 'datetimeFrom': {'utc': '2016-11-20T02:30:00Z', 'local': '2016-11-20T08:00:00+05:30'}, 'datetimeTo': {'utc': '2016-11-20T03:30:00Z', 'local': '2016-11-20T09:00:00+05:30'}}",,,"{'expectedCount': 1, 'expectedInterval': '01:00:00', 'observedCount': 1, 'observedInterval': '01:00:00', 'percentComplete': 100.0, 'percentCoverage': 100.0, 'datetimeFrom': {'utc': '2016-11-20T02:30:00Z', 'local': '2016-11-20T08:00:00+05:30'}, 'datetimeTo': {'utc': '2016-11-20T03:30:00Z', 'local': '2016-11-20T09:00:00+05:30'}}"
290.0,{'hasFlags': False},"{'id': 2, 'name': 'pm25', 'units': 'µg/m³', 'displayName': None}","{'label': 'raw', 'interval': '01:00:00', 'datetimeFrom': {'utc': '2016-11-20T03:30:00Z', 'local': '2016-11-20T09:00:00+05:30'}, 'datetimeTo': {'utc': '2016-11-20T04:30:00Z', 'local': '2016-11-20T10:00:00+05:30'}}",,,"{'expectedCount': 1, 'expectedInterval': '01:00:00', 'observedCount': 1, 'observedInterval': '01:00:00', 'percentComplete': 100.0, 'percentCoverage': 100.0, 'datetimeFrom': {'utc': '2016-11-20T03:30:00Z', 'local': '2016-11-20T09:00:00+05:30'}, 'datetimeTo': {'utc': '2016-11-20T04:30:00Z', 'local': '2016-11-20T10:00:00+05:30'}}"
271.8,{'hasFlags': False},"{'id': 2, 'name': 'pm25', 'units': 'µg/m³', 'displayName': None}","{'label': 'raw', 'interval': '01:00:00', 'datetimeFrom': {'utc': '2016-11-20T04:30:00Z', 'local': '2016-11-20T10:00:00+05:30'}, 'datetimeTo': {'utc': '2016-11-20T05:30:00Z', 'local': '2016-11-20T11:00:00+05:30'}}",,,"{'expectedCount': 1, 'expectedInterval': '01:00:00', 'observedCount': 1, 'observedInterval': '01:00:00', 'percentComplete': 100.0, 'percentCoverage': 100.0, 'datetimeFrom': {'utc': '2016-11-20T04:30:00Z', 'local': '2016-11-20T10:00:00+05:30'}, 'datetimeTo': {'utc': '2016-11-20T05:30:00Z', 'local': '2016-11-20T11:00:00+05:30'}}"
250.0,{'hasFlags': False},"{'id': 2, 'name': 'pm25', 'units': 'µg/m³', 'displayName': None}","{'label': 'raw', 'interval': '01:00:00', 'datetimeFrom': {'utc': '2016-11-20T05:30:00Z', 'local': '2016-11-20T11:00:00+05:30'}, 'datetimeTo': {'utc': '2016-11-20T06:30:00Z', 'local': '2016-11-20T12:00:00+05:30'}}",,,"{'expectedCount': 1, 'expectedInterval': '01:00:00', 'observedCount': 1, 'observedInterval': '01:00:00', 'percentComplete': 100.0, 'percentCoverage': 100.0, 'datetimeFrom': {'utc': '2016-11-20T05:30:00Z', 'local': '2016-11-20T11:00:00+05:30'}, 'datetimeTo': {'utc': '2016-11-20T06:30:00Z', 'local': '2016-11-20T12:00:00+05:30'}}"
194.1,{'hasFlags': False},"{'id': 2, 'name': 'pm25', 'units': 'µg/m³', 'displayName': None}","{'label': 'raw', 'interval': '01:00:00', 'datetimeFrom': {'utc': '2016-11-20T06:30:00Z', 'local': '2016-11-20T12:00:00+05:30'}, 'datetimeTo': {'utc': '2016-11-20T07:30:00Z', 'local': '2016-11-20T13:00:00+05:30'}}",,,"{'expectedCount': 1, 'expectedInterval': '01:00:00', 'observedCount': 1, 'observedInterval': '01:00:00', 'percentComplete': 100.0, 'percentCoverage': 100.0, 'datetimeFrom': {'utc': '2016-11-20T06:30:00Z', 'local': '2016-11-20T12:00:00+05:30'}, 'datetimeTo': {'utc': '2016-11-20T07:30:00Z', 'local': '2016-11-20T13:00:00+05:30'}}"
171.5,{'hasFlags': False},"{'id': 2, 'name': 'pm25', 'units': 'µg/m³', 'displayName': None}","{'label': 'raw', 'interval': '01:00:00', 'datetimeFrom': {'utc': '2016-11-20T07:30:00Z', 'local': '2016-11-20T13:00:00+05:30'}, 'datetimeTo': {'utc': '2016-11-20T08:30:00Z', 'local': '2016-11-20T14:00:00+05:30'}}",,,"{'expectedCount': 1, 'expectedInterval': '01:00:00', 'observedCount': 1, 'observedInterval': '01:00:00', 'percentComplete': 100.0, 'percentCoverage': 100.0, 'datetimeFrom': {'utc': '2016-11-20T07:30:00Z', 'local': '2016-11-20T13:00:00+05:30'}, 'datetimeTo': {'utc': '2016-11-20T08:30:00Z', 'local': '2016-11-20T14:00:00+05:30'}}"
166.7,{'hasFlags': False},"{'id': 2, 'name': 'pm25', 'units': 'µg/m³', 'displayName': None}","{'label': 'raw', 'interval': '01:00:00', 'datetimeFrom': {'utc': '2016-11-20T08:30:00Z', 'local': '2016-11-20T14:00:00+05:30'}, 'datetimeTo': {'utc': '2016-11-20T09:30:00Z', 'local': '2016-11-20T15:00:00+05:30'}}",,,"{'expectedCount': 1, 'expectedInterval': '01:00:00', 'observedCount': 1, 'observedInterval': '01:00:00', 'percentComplete': 100.0, 'percentCoverage': 100.0, 'datetimeFrom': {'utc': '2016-11-20T08:30:00Z', 'local': '2016-11-20T14:00:00+05:30'}, 'datetimeTo': {'utc': '2016-11-20T09:30:00Z', 'local': '2016-11-20T15:00:00+05:30'}}"
149.3,{'hasFlags': False},"{'id': 2, 'name': 'pm25', 'units': 'µg/m³', 'displayName': None}","{'label': 'raw', 'interval': '01:00:00', 'datetimeFrom': {'utc': '2016-11-20T09:30:00Z', 'local': '2016-11-20T15:00:00+05:30'}, 'datetimeTo': {'utc': '2016-11-20T10:30:00Z', 'local': '2016-11-20T16:00:00+05:30'}}",,,"{'expectedCount': 1, 'expectedInterval': '01:00:00', 'observedCount': 1, 'observedInterval': '01:00:00', 'percentComplete': 100.0, 'percentCoverage': 100.0, 'datetimeFrom': {'utc': '2016-11-20T09:30:00Z', 'local': '2016-11-20T15:00:00+05:30'}, 'datetimeTo': {'utc': '2016-11-20T10:30:00Z', 'local': '2016-11-20T16:00:00+05:30'}}"
141.6,{'hasFlags': False},"{'id': 2, 'name': 'pm25', 'units': 'µg/m³', 'displayName': None}","{'label': 'raw', 'interval': '01:00:00', 'datetimeFrom': {'utc': '2016-11-20T10:30:00Z', 'local': '2016-11-20T16:00:00+05:30'}, 'datetimeTo': {'utc': '2016-11-20T11:30:00Z', 'local': '2016-11-20T17:00:00+05:30'}}",,,"{'expectedCount': 1, 'expectedInterval': '01:00:00', 'observedCount': 1, 'observedInterval': '01:00:00', 'percentComplete': 100.0, 'percentCoverage': 100.0, 'datetimeFrom': {'utc': '2016-11-20T10:30:00Z', 'local': '2016-11-20T16:00:00+05:30'}, 'datetimeTo': {'utc': '2016-11-20T11:30:00Z', 'local': '2016-11-20T17:00:00+05:30'}}"
136.3,{'hasFlags': False},"{'id': 2, 'name': 'pm25', 'units': 'µg/m³', 'displayName': None}","{'label': 'raw', 'interval': '01:00:00', 'datetimeFrom': {'utc': '2016-11-20T11:30:00Z', 'local': '2016-11-20T17:00:00+05:30'}, 'datetimeTo': {'utc': '2016-11-20T12:30:00Z', 'local': '2016-11-20T18:00:00+05:30'}}",,,"{'expectedCount': 1, 'expectedInterval': '01:00:00', 'observedCount': 1, 'observedInterval': '01:00:00', 'percentComplete': 100.0, 'percentCoverage': 100.0, 'datetimeFrom': {'utc': '2016-11-20T11:30:00Z', 'local': '2016-11-20T17:00:00+05:30'}, 'datetimeTo': {'utc': '2016-11-20T12:30:00Z', 'local': '2016-11-20T18:00:00+05:30'}}"
140.1,{'hasFlags': False},"{'id': 2, 'name': 'pm25', 'units': 'µg/m³', 'displayName': None}","{'label': 'raw', 'interval': '01:00:00', 'datetimeFrom': {'utc': '2016-11-20T12:30:00Z', 'local': '2016-11-20T18:00:00+05:30'}, 'datetimeTo': {'utc': '2016-11-20T13:30:00Z', 'local': '2016-11-20T19:00:00+05:30'}}",,,"{'expectedCount': 1, 'expectedInterval': '01:00:00', 'observedCount': 1, 'observedInterval': '01:00:00', 'percentComplete': 100.0, 'percentCoverage': 100.0, 'datetimeFrom': {'utc': '2016-11-20T12:30:00Z', 'local': '2016-11-20T18:00:00+05:30'}, 'datetimeTo': {'utc': '2016-11-20T13:30:00Z', 'local': '2016-11-20T19:00:00+05:30'}}"
155.5,{'hasFlags': False},"{'id': 2, 'name': 'pm25', 'units': 'µg/m³', 'displayName': None}","{'label': 'raw', 'interval': '01:00:00', 'datetimeFrom': {'utc': '2016-11-20T13:30:00Z', 'local': '2016-11-20T19:00:00+05:30'}, 'datetimeTo': {'utc': '2016-11-20T14:30:00Z', 'local': '2016-11-20T20:00:00+05:30'}}",,,"{'expectedCount': 1, 'expectedInterval': '01:00:00', 'observedCount': 1, 'observedInterval': '01:00:00', 'percentComplete': 100.0, 'percentCoverage': 100.0, 'datetimeFrom': {'utc': '2016-11-20T13:30:00Z', 'local': '2016-11-20T19:00:00+05:30'}, 'datetimeTo': {'utc': '2016-11-20T14:30:00Z', 'local': '2016-11-20T20:00:00+05:30'}}"
166.7,{'hasFlags': False},"{'id': 2, 'name': 'pm25', 'units': 'µg/m³', 'displayName': None}","{'label': 'raw', 'interval': '01:00:00', 'datetimeFrom': {'utc': '2016-11-20T14:30:00Z', 'local': '2016-11-20T20:00:00+05:30'}, 'datetimeTo': {'utc': '2016-11-20T15:30:00Z', 'local': '2016-11-20T21:00:00+05:30'}}",,,"{'expectedCount': 1, 'expectedInterval': '01:00:00', 'observedCount': 1, 'observedInterval': '01:00:00', 'percentComplete': 100.0, 'percentCoverage': 100.0, 'datetimeFrom': {'utc': '2016-11-20T14:30:00Z', 'local': '2016-11-20T20:00:00+05:30'}, 'datetimeTo': {'utc': '2016-11-20T15:30:00Z', 'local': '2016-11-20T21:00:00+05:30'}}"
169.7,{'hasFlags': False},"{'id': 2, 'name': 'pm25', 'units': 'µg/m³', 'displayName': None}","{'label': 'raw', 'interval': '01:00:00', 'datetimeFrom': {'utc': '2016-11-20T15:30:00Z', 'local': '2016-11-20T21:00:00+05:30'}, 'datetimeTo': {'utc': '2016-11-20T16:30:00Z', 'local': '2016-11-20T22:00:00+05:30'}}",,,"{'expectedCount': 1, 'expectedInterval': '01:00:00', 'observedCount': 1, 'observedInterval': '01:00:00', 'percentComplete': 100.0, 'percentCoverage': 100.0, 'datetimeFrom': {'utc': '2016-11-20T15:30:00Z', 'local': '2016-11-20T21:00:00+05:30'}, 'datetimeTo': {'utc': '2016-11-20T16:30:00Z', 'local': '2016-11-20T22:00:00+05:30'}}"
180.2,{'hasFlags': False},"{'id': 2, 'name': 'pm25', 'units': 'µg/m³', 'displayName': None}","{'label': 'raw', 'interval': '01:00:00', 'datetimeFrom': {'utc': '2016-11-20T16:30:00Z', 'local': '2016-11-20T22:00:00+05:30'}, 'datetimeTo': {'utc': '2016-11-20T17:30:00Z', 'local': '2016-11-20T23:00:00+05:30'}}",,,"{'expectedCount': 1, 'expectedInterval': '01:00:00', 'observedCount': 1, 'observedInterval': '01:00:00', 'percentComplete': 100.0, 'percentCoverage': 100.0, 'datetimeFrom': {'utc': '2016-11-20T16:30:00Z', 'local': '2016-11-20T22:00:00+05:30'}, 'datetimeTo': {'utc': '2016-11-20T17:30:00Z', 'local': '2016-11-20T23:00:00+05:30'}}"
186.4,{'hasFlags': False},"{'id': 2, 'name': 'pm25', 'units': 'µg/m³', 'displayName': None}","{'label': 'raw', 'interval': '01:00:00', 'datetimeFrom': {'utc': '2016-11-20T17:30:00Z', 'local': '2016-11-20T23:00:00+05:30'}, 'datetimeTo': {'utc': '2016-11-20T18:30:00Z', 'local': '2016-11-21T00:00:00+05:30'}}",,,"{'expectedCount': 1, 'expectedInterval': '01:00:00', 'observedCount': 1, 'observedInterval': '01:00:00', 'percentComplete': 100.0, 'percentCoverage': 100.0, 'datetimeFrom': {'utc': '2016-11-20T17:30:00Z', 'local': '2016-11-20T23:00:00+05:30'}, 'datetimeTo': {'utc': '2016-11-20T18:30:00Z', 'local': '2016-11-21T00:00:00+05:30'}}"
204.5,{'hasFlags': False},"{'id': 2, 'name': 'pm25', 'units': 'µg/m³', 'displayName': None}","{'label': 'raw', 'interval': '01:00:00', 'datetimeFrom': {'utc': '2016-11-20T18:30:00Z', 'local': '2016-11-21T00:00:00+05:30'}, 'datetimeTo': {'utc': '2016-11-20T19:30:00Z', 'local': '2016-11-21T01:00:00+05:30'}}",,,"{'expectedCount': 1, 'expectedInterval': '01:00:00', 'observedCount': 1, 'observedInterval': '01:00:00', 'percentComplete': 100.0, 'percentCoverage': 100.0, 'datetimeFrom': {'utc': '2016-11-20T18:30:00Z', 'local': '2016-11-21T00:00:00+05:30'}, 'datetimeTo': {'utc': '2016-11-20T19:30:00Z', 'local': '2016-11-21T01:00:00+05:30'}}"
232.9,{'hasFlags': False},"{'id': 2, 'name': 'pm25', 'units': 'µg/m³', 'displayName': None}","{'label': 'raw', 'interval': '01:00:00', 'datetimeFrom': {'utc': '2016-11-20T19:30:00Z', 'local': '2016-11-21T01:00:00+05:30'}, 'datetimeTo': {'utc': '2016-11-20T20:30:00Z', 'local': '2016-11-21T02:00:00+05:30'}}",,,"{'expectedCount': 1, 'expectedInterval': '01:00:00', 'observedCount': 1, 'observedInterval': '01:00:00', 'percentComplete': 100.0, 'percentCoverage': 100.0, 'datetimeFrom': {'utc': '2016-11-20T19:30:00Z', 'local': '2016-11-21T01:00:00+05:30'}, 'datetimeTo': {'utc': '2016-11-20T20:30:00Z', 'local': '2016-11-21T02:00:00+05:30'}}"
249.7,{'hasFlags': False},"{'id': 2, 'name': 'pm25', 'units': 'µg/m³', 'displayName': None}","{'label': 'raw', 'interval': '01:00:00', 'datetimeFrom': {'utc': '2016-11-20T20:30:00Z', 'local': '2016-11-21T02:00:00+05:30'}, 'datetimeTo': {'utc': '2016-11-20T21:30:00Z', 'local': '2016-11-21T03:00:00+05:30'}}",,,"{'expectedCount': 1, 'expectedInterval': '01:00:00', 'observedCount': 1, 'observedInterval': '01:00:00', 'percentComplete': 100.0, 'percentCoverage': 100.0, 'datetimeFrom': {'utc': '2016-11-20T20:30:00Z', 'local': '2016-11-21T02:00:00+05:30'}, 'datetimeTo': {'utc': '2016-11-20T21:30:00Z', 'local': '2016-11-21T03:00:00+05:30'}}"
262.4,{'hasFlags': False},"{'id': 2, 'name': 'pm25', 'units': 'µg/m³', 'displayName': None}","{'label': 'raw', 'interval': '01:00:00', 'datetimeFrom': {'utc': '2016-11-20T21:30:00Z', 'local': '2016-11-21T03:00:00+05:30'}, 'datetimeTo': {'utc': '2016-11-20T22:30:00Z', 'local': '2016-11-21T04:00:00+05:30'}}",,,"{'expectedCount': 1, 'expectedInterval': '01:00:00', 'observedCount': 1, 'observedInterval': '01:00:00', 'percentComplete': 100.0, 'percentCoverage': 100.0, 'datetimeFrom': {'utc': '2016-11-20T21:30:00Z', 'local': '2016-11-21T03:00:00+05:30'}, 'datetimeTo': {'utc': '2016-11-20T22:30:00Z', 'local': '2016-11-21T04:00:00+05:30'}}"
267.7,{'hasFlags': False},"{'id': 2, 'name': 'pm25', 'units': 'µg/m³', 'displayName': None}","{'label': 'raw', 'interval': '01:00:00', 'datetimeFrom': {'utc': '2016-11-20T22:30:00Z', 'local': '2016-11-21T04:00:00+05:30'}, 'datetimeTo': {'utc': '2016-11-20T23:30:00Z', 'local': '2016-11-21T05:00:00+05:30'}}",,,"{'expectedCount': 1, 'expectedInterval': '01:00:00', 'observedCount': 1, 'observedInterval': '01:00:00', 'percentComplete': 100.0, 'percentCoverage': 100.0, 'datetimeFrom': {'utc': '2016-11-20T22:30:00Z', 'local': '2016-11-21T04:00:00+05:30'}, 'datetimeTo': {'utc': '2016-11-20T23:30:00Z', 'local': '2016-11-21T05:00:00+05:30'}}"
272.8,{'hasFlags': False},"{'id': 2, 'name': 'pm25', 'units': 'µg/m³', 'displayName': None}","{'label': 'raw', 'interval': '01:00:00', 'datetimeFrom': {'utc': '2016-11-20T23:30:00Z', 'local': '2016-11-21T05:00:00+05:30'}, 'datetimeTo': {'utc': '2016-11-21T00:30:00Z', 'local': '2016-11-21T06:00:00+05:30'}}",,,"{'expectedCount': 1, 'expectedInterval': '01:00:00', 'observedCount': 1, 'observedInterval': '01:00:00', 'percentComplete': 100.0, 'percentCoverage': 100.0, 'datetimeFrom': {'utc': '2016-11-20T23:30:00Z', 'local': '2016-11-21T05:00:00+05:30'}, 'datetimeTo': {'utc': '2016-11-21T00:30:00Z', 'local': '2016-11-21T06:00:00+05:30'}}"
272.6,{'hasFlags': False},"{'id': 2, 'name': 'pm25', 'units': 'µg/m³', 'displayName': None}","{'label': 'raw', 'interval': '01:00:00', 'datetimeFrom': {'utc': '2016-11-21T00:30:00Z', 'local': '2016-11-21T06:00:00+05:30'}, 'datetimeTo': {'utc': '2016-11-21T01:30:00Z', 'local': '2016-11-21T07:00:00+05:30'}}",,,"{'expectedCount': 1, 'expectedInterval': '01:00:00', 'observedCount': 1, 'observedInterval': '01:00:00', 'percentComplete': 100.0, 'percentCoverage': 100.0, 'datetimeFrom': {'utc': '2016-11-21T00:30:00Z', 'local': '2016-11-21T06:00:00+05:30'}, 'datetimeTo': {'utc': '2016-11-21T01:30:00Z', 'local': '2016-11-21T07:00:00+05:30'}}"
322.6,{'hasFlags': False},"{'id': 2, 'name': 'pm25', 'units': 'µg/m³', 'displayName': None}","{'label': 'raw', 'interval': '01:00:00', 'datetimeFrom': {'utc': '2016-11-21T01:30:00Z', 'local': '2016-11-21T07:00:00+05:30'}, 'datetimeTo': {'utc': '2016-11-21T02:30:00Z', 'local': '2016-11-21T08:00:00+05:30'}}",,,"{'expectedCount': 1, 'expectedInterval': '01:00:00', 'observedCount': 1, 'observedInterval': '01:00:00', 'percentComplete': 100.0, 'percentCoverage': 100.0, 'datetimeFrom': {'utc': '2016-11-21T01:30:00Z', 'local': '2016-11-21T07:00:00+05:30'}, 'datetimeTo': {'utc': '2016-11-21T02:30:00Z', 'local': '2016-11-21T08:00:00+05:30'}}"
318.3,{'hasFlags': False},"{'id': 2, 'name': 'pm25', 'units': 'µg/m³', 'displayName': None}","{'label': 'raw', 'interval': '01:00:00', 'datetimeFrom': {'utc': '2016-11-21T02:30:00Z', 'local': '2016-11-21T08:00:00+05:30'}, 'datetimeTo': {'utc': '2016-11-21T03:30:00Z', 'local': '2016-11-21T09:00:00+05:30'}}",,,"{'expectedCount': 1, 'expectedInterval': '01:00:00', 'observedCount': 1, 'observedInterval': '01:00:00', 'percentComplete': 100.0, 'percentCoverage': 100.0, 'datetimeFrom': {'utc': '2016-11-21T02:30:00Z', 'local': '2016-11-21T08:00:00+05:30'}, 'datetimeTo': {'utc': '2016-11-21T03:30:00Z', 'local': '2016-11-21T09:00:00+05:30'}}"
290.9,{'hasFlags': False},"{'id': 2, 'name': 'pm25', 'units': 'µg/m³', 'displayName': None}","{'label': 'raw', 'interval': '01:00:00', 'datetimeFrom': {'utc': '2016-11-21T03:30:00Z', 'local': '2016-11-21T09:00:00+05:30'}, 'datetimeTo': {'utc': '2016-11-21T04:30:00Z', 'local': '2016-11-21T10:00:00+05:30'}}",,,"{'expectedCount': 1, 'expectedInterval': '01:00:00', 'observedCount': 1, 'observedInterval': '01:00:00', 'percentComplete': 100.0, 'percentCoverage': 100.0, 'datetimeFrom': {'utc': '2016-11-21T03:30:00Z', 'local': '2016-11-21T09:00:00+05:30'}, 'datetimeTo': {'utc': '2016-11-21T04:30:00Z', 'local': '2016-11-21T10:00:00+05:30'}}"
249.5,{'hasFlags': False},"{'id': 2, 'name': 'pm25', 'units': 'µg/m³', 'displayName': None}","{'label': 'raw', 'interval': '01:00:00', 'datetimeFrom': {'utc': '2016-11-21T04:30:00Z', 'local': '2016-11-21T10:00:00+05:30'}, 'datetimeTo': {'utc': '2016-11-21T05:30:00Z', 'local': '2016-11-21T11:00:00+05:30'}}",,,"{'expectedCount': 1, 'expectedInterval': '01:00:00', 'observedCount': 1, 'observedInterval': '01:00:00', 'percentComplete': 100.0, 'percentCoverage': 100.0, 'datetimeFrom': {'utc': '2016-11-21T04:30:00Z', 'local': '2016-11-21T10:00:00+05:30'}, 'datetimeTo': {'utc': '2016-11-21T05:30:00Z', 'local': '2016-11-21T11:00:00+05:30'}}"
212.6,{'hasFlags': False},"{'id': 2, 'name': 'pm25', 'units': 'µg/m³', 'displayName': None}","{'label': 'raw', 'interval': '01:00:00', 'datetimeFrom': {'utc': '2016-11-21T05:30:00Z', 'local': '2016-11-21T11:00:00+05:30'}, 'datetimeTo': {'utc': '2016-11-21T06:30:00Z', 'local': '2016-11-21T12:00:00+05:30'}}",,,"{'expectedCount': 1, 'expectedInterval': '01:00:00', 'observedCount': 1, 'observedInterval': '01:00:00', 'percentComplete': 100.0, 'percentCoverage': 100.0, 'datetimeFrom': {'utc': '2016-11-21T05:30:00Z', 'local': '2016-11-21T11:00:00+05:30'}, 'datetimeTo': {'utc': '2016-11-21T06:30:00Z', 'local': '2016-11-21T12:00:00+05:30'}}"
180.3,{'hasFlags': False},"{'id': 2, 'name': 'pm25', 'units': 'µg/m³', 'displayName': None}","{'label': 'raw', 'interval': '01:00:00', 'datetimeFrom': {'utc': '2016-11-21T06:30:00Z', 'local': '2016-11-21T12:00:00+05:30'}, 'datetimeTo': {'utc': '2016-11-21T07:30:00Z', 'local': '2016-11-21T13:00:00+05:30'}}",,,"{'expectedCount': 1, 'expectedInterval': '01:00:00', 'observedCount': 1, 'observedInterval': '01:00:00', 'percentComplete': 100.0, 'percentCoverage': 100.0, 'datetimeFrom': {'utc': '2016-11-21T06:30:00Z', 'local': '2016-11-21T12:00:00+05:30'}, 'datetimeTo': {'utc': '2016-11-21T07:30:00Z', 'local': '2016-11-21T13:00:00+05:30'}}"
140.1,{'hasFlags': False},"{'id': 2, 'name': 'pm25', 'units': 'µg/m³', 'displayName': None}","{'label': 'raw', 'interval': '01:00:00', 'datetimeFrom': {'utc': '2016-11-21T07:30:00Z', 'local': '2016-11-21T13:00:00+05:30'}, 'datetimeTo': {'utc': '2016-11-21T08:30:00Z', 'local': '2016-11-21T14:00:00+05:30'}}",,,"{'expectedCount': 1, 'expectedInterval': '01:00:00', 'observedCount': 1, 'observedInterval': '01:00:00', 'percentComplete': 100.0, 'percentCoverage': 100.0, 'datetimeFrom': {'utc': '2016-11-21T07:30:00Z', 'local': '2016-11-21T13:00:00+05:30'}, 'datetimeTo': {'utc': '2016-11-21T08:30:00Z', 'local': '2016-11-21T14:00:00+05:30'}}"
113.5,{'hasFlags': False},"{'id': 2, 'name': 'pm25', 'units': 'µg/m³', 'displayName': None}","{'label': 'raw', 'interval': '01:00:00', 'datetimeFrom': {'utc': '2016-11-21T08:30:00Z', 'local': '2016-11-21T14:00:00+05:30'}, 'datetimeTo': {'utc': '2016-11-21T09:30:00Z', 'local': '2016-11-21T15:00:00+05:30'}}",,,"{'expectedCount': 1, 'expectedInterval': '01:00:00', 'observedCount': 1, 'observedInterval': '01:00:00', 'percentComplete': 100.0, 'percentCoverage': 100.0, 'datetimeFrom': {'utc': '2016-11-21T08:30:00Z', 'local': '2016-11-21T14:00:00+05:30'}, 'datetimeTo': {'utc': '2016-11-21T09:30:00Z', 'local': '2016-11-21T15:00:00+05:30'}}"
95.7,{'hasFlags': False},"{'id': 2, 'name': 'pm25', 'units': 'µg/m³', 'displayName': None}","{'label': 'raw', 'interval': '01:00:00', 'datetimeFrom': {'utc': '2016-11-21T09:30:00Z', 'local': '2016-11-21T15:00:00+05:30'}, 'datetimeTo': {'utc': '2016-11-21T10:30:00Z', 'local': '2016-11-21T16:00:00+05:30'}}",,,"{'expectedCount': 1, 'expectedInterval': '01:00:00', 'observedCount': 1, 'observedInterval': '01:00:00', 'percentComplete': 100.0, 'percentCoverage': 100.0, 'datetimeFrom': {'utc': '2016-11-21T09:30:00Z', 'local': '2016-11-21T15:00:00+05:30'}, 'datetimeTo': {'utc': '2016-11-21T10:30:00Z', 'local': '2016-11-21T16:00:00+05:30'}}"
84.8,{'hasFlags': False},"{'id': 2, 'name': 'pm25', 'units': 'µg/m³', 'displayName': None}","{'label': 'raw', 'interval': '01:00:00', 'datetimeFrom': {'utc': '2016-11-21T10:30:00Z', 'local': '2016-11-21T16:00:00+05:30'}, 'datetimeTo': {'utc': '2016-11-21T11:30:00Z', 'local': '2016-11-21T17:00:00+05:30'}}",,,"{'expectedCount': 1, 'expectedInterval': '01:00:00', 'observedCount': 1, 'observedInterval': '01:00:00', 'percentComplete': 100.0, 'percentCoverage': 100.0, 'datetimeFrom': {'utc': '2016-11-21T10:30:00Z', 'local': '2016-11-21T16:00:00+05:30'}, 'datetimeTo': {'utc': '2016-11-21T11:30:00Z', 'local': '2016-11-21T17:00:00+05:30'}}"
82.4,{'hasFlags': False},"{'id': 2, 'name': 'pm25', 'units': 'µg/m³', 'displayName': None}","{'label': 'raw', 'interval': '01:00:00', 'datetimeFrom': {'utc': '2016-11-21T11:30:00Z', 'local': '2016-11-21T17:00:00+05:30'}, 'datetimeTo': {'utc': '2016-11-21T12:30:00Z', 'local': '2016-11-21T18:00:00+05:30'}}",,,"{'expectedCount': 1, 'expectedInterval': '01:00:00', 'observedCount': 1, 'observedInterval': '01:00:00', 'percentComplete': 100.0, 'percentCoverage': 100.0, 'datetimeFrom': {'utc': '2016-11-21T11:30:00Z', 'local': '2016-11-21T17:00:00+05:30'}, 'datetimeTo': {'utc': '2016-11-21T12:30:00Z', 'local': '2016-11-21T18:00:00+05:30'}}"
99.1,{'hasFlags': False},"{'id': 2, 'name': 'pm25', 'units': 'µg/m³', 'displayName': None}","{'label': 'raw', 'interval': '01:00:00', 'datetimeFrom': {'utc': '2016-11-21T12:30:00Z', 'local': '2016-11-21T18:00:00+05:30'}, 'datetimeTo': {'utc': '2016-11-21T13:30:00Z', 'local': '2016-11-21T19:00:00+05:30'}}",,,"{'expectedCount': 1, 'expectedInterval': '01:00:00', 'observedCount': 1, 'observedInterval': '01:00:00', 'percentComplete': 100.0, 'percentCoverage': 100.0, 'datetimeFrom': {'utc': '2016-11-21T12:30:00Z', 'local': '2016-11-21T18:00:00+05:30'}, 'datetimeTo': {'utc': '2016-11-21T13:30:00Z', 'local': '2016-11-21T19:00:00+05:30'}}"
113.5,{'hasFlags': False},"{'id': 2, 'name': 'pm25', 'units': 'µg/m³', 'displayName': None}","{'label': 'raw', 'interval': '01:00:00', 'datetimeFrom': {'utc': '2016-11-21T13:30:00Z', 'local': '2016-11-21T19:00:00+05:30'}, 'datetimeTo': {'utc': '2016-11-21T14:30:00Z', 'local': '2016-11-21T20:00:00+05:30'}}",,,"{'expectedCount': 1, 'expectedInterval': '01:00:00', 'observedCount': 1, 'observedInterval': '01:00:00', 'percentComplete': 100.0, 'percentCoverage': 100.0, 'datetimeFrom': {'utc': '2016-11-21T13:30:00Z', 'local': '2016-11-21T19:00:00+05:30'}, 'datetimeTo': {'utc': '2016-11-21T14:30:00Z', 'local': '2016-11-21T20:00:00+05:30'}}"
121.7,{'hasFlags': False},"{'id': 2, 'name': 'pm25', 'units': 'µg/m³', 'displayName': None}","{'label': 'raw', 'interval': '01:00:00', 'datetimeFrom': {'utc': '2016-11-21T14:30:00Z', 'local': '2016-11-21T20:00:00+05:30'}, 'datetimeTo': {'utc': '2016-11-21T15:30:00Z', 'local': '2016-11-21T21:00:00+05:30'}}",,,"{'expectedCount': 1, 'expectedInterval': '01:00:00', 'observedCount': 1, 'observedInterval': '01:00:00', 'percentComplete': 100.0, 'percentCoverage': 100.0, 'datetimeFrom': {'utc': '2016-11-21T14:30:00Z', 'local': '2016-11-21T20:00:00+05:30'}, 'datetimeTo': {'utc': '2016-11-21T15:30:00Z', 'local': '2016-11-21T21:00:00+05:30'}}"
140.8,{'hasFlags': False},"{'id': 2, 'name': 'pm25', 'units': 'µg/m³', 'displayName': None}","{'label': 'raw', 'interval': '01:00:00', 'datetimeFrom': {'utc': '2016-11-21T15:30:00Z', 'local': '2016-11-21T21:00:00+05:30'}, 'datetimeTo': {'utc': '2016-11-21T16:30:00Z', 'local': '2016-11-21T22:00:00+05:30'}}",,,"{'expectedCount': 1, 'expectedInterval': '01:00:00', 'observedCount': 1, 'observedInterval': '01:00:00', 'percentComplete': 100.0, 'percentCoverage': 100.0, 'datetimeFrom': {'utc': '2016-11-21T15:30:00Z', 'local': '2016-11-21T21:00:00+05:30'}, 'datetimeTo': {'utc': '2016-11-21T16:30:00Z', 'local': '2016-11-21T22:00:00+05:30'}}"
225.9,{'hasFlags': False},"{'id': 2, 'name': 'pm25', 'units': 'µg/m³', 'displayName': None}","{'label': 'raw', 'interval': '01:00:00', 'datetimeFrom': {'utc': '2016-11-21T16:30:00Z', 'local': '2016-11-21T22:00:00+05:30'}, 'datetimeTo': {'utc': '2016-11-21T17:30:00Z', 'local': '2016-11-21T23:00:00+05:30'}}",,,"{'expectedCount': 1, 'expectedInterval': '01:00:00', 'observedCount': 1, 'observedInterval': '01:00:00', 'percentComplete': 100.0, 'percentCoverage': 100.0, 'datetimeFrom': {'utc': '2016-11-21T16:30:00Z', 'local': '2016-11-21T22:00:00+05:30'}, 'datetimeTo': {'utc': '2016-11-21T17:30:00Z', 'local': '2016-11-21T23:00:00+05:30'}}"
213.4,{'hasFlags': False},"{'id': 2, 'name': 'pm25', 'units': 'µg/m³', 'displayName': None}","{'label': 'raw', 'interval': '01:00:00', 'datetimeFrom': {'utc': '2016-11-21T17:30:00Z', 'local': '2016-11-21T23:00:00+05:30'}, 'datetimeTo': {'utc': '2016-11-21T18:30:00Z', 'local': '2016-11-22T00:00:00+05:30'}}",,,"{'expectedCount': 1, 'expectedInterval': '01:00:00', 'observedCount': 1, 'observedInterval': '01:00:00', 'percentComplete': 100.0, 'percentCoverage': 100.0, 'datetimeFrom': {'utc': '2016-11-21T17:30:00Z', 'local': '2016-11-21T23:00:00+05:30'}, 'datetimeTo': {'utc': '2016-11-21T18:30:00Z', 'local': '2016-11-22T00:00:00+05:30'}}"
190.2,{'hasFlags': False},"{'id': 2, 'name': 'pm25', 'units': 'µg/m³', 'displayName': None}","{'label': 'raw', 'interval': '01:00:00', 'datetimeFrom': {'utc': '2016-11-21T18:30:00Z', 'local': '2016-11-22T00:00:00+05:30'}, 'datetimeTo': {'utc': '2016-11-21T19:30:00Z', 'local': '2016-11-22T01:00:00+05:30'}}",,,"{'expectedCount': 1, 'expectedInterval': '01:00:00', 'observedCount': 1, 'observedInterval': '01:00:00', 'percentComplete': 100.0, 'percentCoverage': 100.0, 'datetimeFrom': {'utc': '2016-11-21T18:30:00Z', 'local': '2016-11-22T00:00:00+05:30'}, 'datetimeTo': {'utc': '2016-11-21T19:30:00Z', 'local': '2016-11-22T01:00:00+05:30'}}"
170.1,{'hasFlags': False},"{'id': 2, 'name': 'pm25', 'units': 'µg/m³', 'displayName': None}","{'label': 'raw', 'interval': '01:00:00', 'datetimeFrom': {'utc': '2016-11-21T19:30:00Z', 'local': '2016-11-22T01:00:00+05:30'}, 'datetimeTo': {'utc': '2016-11-21T20:30:00Z', 'local': '2016-11-22T02:00:00+05:30'}}",,,"{'expectedCount': 1, 'expectedInterval': '01:00:00', 'observedCount': 1, 'observedInterval': '01:00:00', 'percentComplete': 100.0, 'percentCoverage': 100.0, 'datetimeFrom': {'utc': '2016-11-21T19:30:00Z', 'local': '2016-11-22T01:00:00+05:30'}, 'datetimeTo': {'utc': '2016-11-21T20:30:00Z', 'local': '2016-11-22T02:00:00+05:30'}}"
169.0,{'hasFlags': False},"{'id': 2, 'name': 'pm25', 'units': 'µg/m³', 'displayName': None}","{'label': 'raw', 'interval': '01:00:00', 'datetimeFrom': {'utc': '2016-11-21T20:30:00Z', 'local': '2016-11-22T02:00:00+05:30'}, 'datetimeTo': {'utc': '2016-11-21T21:30:00Z', 'local': '2016-11-22T03:00:00+05:30'}}",,,"{'expectedCount': 1, 'expectedInterval': '01:00:00', 'observedCount': 1, 'observedInterval': '01:00:00', 'percentComplete': 100.0, 'percentCoverage': 100.0, 'datetimeFrom': {'utc': '2016-11-21T20:30:00Z', 'local': '2016-11-22T02:00:00+05:30'}, 'datetimeTo': {'utc': '2016-11-21T21:30:00Z', 'local': '2016-11-22T03:00:00+05:30'}}"
172.5,{'hasFlags': False},"{'id': 2, 'name': 'pm25', 'units': 'µg/m³', 'displayName': None}","{'label': 'raw', 'interval': '01:00:00', 'datetimeFrom': {'utc': '2016-11-21T21:30:00Z', 'local': '2016-11-22T03:00:00+05:30'}, 'datetimeTo': {'utc': '2016-11-21T22:30:00Z', 'local': '2016-11-22T04:00:00+05:30'}}",,,"{'expectedCount': 1, 'expectedInterval': '01:00:00', 'observedCount': 1, 'observedInterval': '01:00:00', 'percentComplete': 100.0, 'percentCoverage': 100.0, 'datetimeFrom': {'utc': '2016-11-21T21:30:00Z', 'local': '2016-11-22T03:00:00+05:30'}, 'datetimeTo': {'utc': '2016-11-21T22:30:00Z', 'local': '2016-11-22T04:00:00+05:30'}}"
164.7,{'hasFlags': False},"{'id': 2, 'name': 'pm25', 'units': 'µg/m³', 'displayName': None}","{'label': 'raw', 'interval': '01:00:00', 'datetimeFrom': {'utc': '2016-11-21T22:30:00Z', 'local': '2016-11-22T04:00:00+05:30'}, 'datetimeTo': {'utc': '2016-11-21T23:30:00Z', 'local': '2016-11-22T05:00:00+05:30'}}",,,"{'expectedCount': 1, 'expectedInterval': '01:00:00', 'observedCount': 1, 'observedInterval': '01:00:00', 'percentComplete': 100.0, 'percentCoverage': 100.0, 'datetimeFrom': {'utc': '2016-11-21T22:30:00Z', 'local': '2016-11-22T04:00:00+05:30'}, 'datetimeTo': {'utc': '2016-11-21T23:30:00Z', 'local': '2016-11-22T05:00:00+05:30'}}"
141.3,{'hasFlags': False},"{'id': 2, 'name': 'pm25', 'units': 'µg/m³', 'displayName': None}","{'label': 'raw', 'interval': '01:00:00', 'datetimeFrom': {'utc': '2016-11-21T23:30:00Z', 'local': '2016-11-22T05:00:00+05:30'}, 'datetimeTo': {'utc': '2016-11-22T00:30:00Z', 'local': '2016-11-22T06:00:00+05:30'}}",,,"{'expectedCount': 1, 'expectedInterval': '01:00:00', 'observedCount': 1, 'observedInterval': '01:00:00', 'percentComplete': 100.0, 'percentCoverage': 100.0, 'datetimeFrom': {'utc': '2016-11-21T23:30:00Z', 'local': '2016-11-22T05:00:00+05:30'}, 'datetimeTo': {'utc': '2016-11-22T00:30:00Z', 'local': '2016-11-22T06:00:00+05:30'}}"
133.6,{'hasFlags': False},"{'id': 2, 'name': 'pm25', 'units': 'µg/m³', 'displayName': None}","{'label': 'raw', 'interval': '01:00:00', 'datetimeFrom': {'utc': '2016-11-22T00:30:00Z', 'local': '2016-11-22T06:00:00+05:30'}, 'datetimeTo': {'utc': '2016-11-22T01:30:00Z', 'local': '2016-11-22T07:00:00+05:30'}}",,,"{'expectedCount': 1, 'expectedInterval': '01:00:00', 'observedCount': 1, 'observedInterval': '01:00:00', 'percentComplete': 100.0, 'percentCoverage': 100.0, 'datetimeFrom': {'utc': '2016-11-22T00:30:00Z', 'local': '2016-11-22T06:00:00+05:30'}, 'datetimeTo': {'utc': '2016-11-22T01:30:00Z', 'local': '2016-11-22T07:00:00+05:30'}}"
132.3,{'hasFlags': False},"{'id': 2, 'name': 'pm25', 'units': 'µg/m³', 'displayName': None}","{'label': 'raw', 'interval': '01:00:00', 'datetimeFrom': {'utc': '2016-11-22T01:30:00Z', 'local': '2016-11-22T07:00:00+05:30'}, 'datetimeTo': {'utc': '2016-11-22T02:30:00Z', 'local': '2016-11-22T08:00:00+05:30'}}",,,"{'expectedCount': 1, 'expectedInterval': '01:00:00', 'observedCount': 1, 'observedInterval': '01:00:00', 'percentComplete': 100.0, 'percentCoverage': 100.0, 'datetimeFrom': {'utc': '2016-11-22T01:30:00Z', 'local': '2016-11-22T07:00:00+05:30'}, 'datetimeTo': {'utc': '2016-11-22T02:30:00Z', 'local': '2016-11-22T08:00:00+05:30'}}"
130.1,{'hasFlags': False},"{'id': 2, 'name': 'pm25', 'units': 'µg/m³', 'displayName': None}","{'label': 'raw', 'interval': '01:00:00', 'datetimeFrom': {'utc': '2016-11-22T02:30:00Z', 'local': '2016-11-22T08:00:00+05:30'}, 'datetimeTo': {'utc': '2016-11-22T03:30:00Z', 'local': '2016-11-22T09:00:00+05:30'}}",,,"{'expectedCount': 1, 'expectedInterval': '01:00:00', 'observedCount': 1, 'observedInterval': '01:00:00', 'percentComplete': 100.0, 'percentCoverage': 100.0, 'datetimeFrom': {'utc': '2016-11-22T02:30:00Z', 'local': '2016-11-22T08:00:00+05:30'}, 'datetimeTo': {'utc': '2016-11-22T03:30:00Z', 'local': '2016-11-22T09:00:00+05:30'}}"
118.5,{'hasFlags': False},"{'id': 2, 'name': 'pm25', 'units': 'µg/m³', 'displayName': None}","{'label': 'raw', 'interval': '01:00:00', 'datetimeFrom': {'utc': '2016-11-22T03:30:00Z', 'local': '2016-11-22T09:00:00+05:30'}, 'datetimeTo': {'utc': '2016-11-22T04:30:00Z', 'local': '2016-11-22T10:00:00+05:30'}}",,,"{'expectedCount': 1, 'expectedInterval': '01:00:00', 'observedCount': 1, 'observedInterval': '01:00:00', 'percentComplete': 100.0, 'percentCoverage': 100.0, 'datetimeFrom': {'utc': '2016-11-22T03:30:00Z', 'local': '2016-11-22T09:00:00+05:30'}, 'datetimeTo': {'utc': '2016-11-22T04:30:00Z', 'local': '2016-11-22T10:00:00+05:30'}}"
103.2,{'hasFlags': False},"{'id': 2, 'name': 'pm25', 'units': 'µg/m³', 'displayName': None}","{'label': 'raw', 'interval': '01:00:00', 'datetimeFrom': {'utc': '2016-11-22T04:30:00Z', 'local': '2016-11-22T10:00:00+05:30'}, 'datetimeTo': {'utc': '2016-11-22T05:30:00Z', 'local': '2016-11-22T11:00:00+05:30'}}",,,"{'expectedCount': 1, 'expectedInterval': '01:00:00', 'observedCount': 1, 'observedInterval': '01:00:00', 'percentComplete': 100.0, 'percentCoverage': 100.0, 'datetimeFrom': {'utc': '2016-11-22T04:30:00Z', 'local': '2016-11-22T10:00:00+05:30'}, 'datetimeTo': {'utc': '2016-11-22T05:30:00Z', 'local': '2016-11-22T11:00:00+05:30'}}"
88.1,{'hasFlags': False},"{'id': 2, 'name': 'pm25', 'units': 'µg/m³', 'displayName': None}","{'label': 'raw', 'interval': '01:00:00', 'datetimeFrom': {'utc': '2016-11-22T05:30:00Z', 'local': '2016-11-22T11:00:00+05:30'}, 'datetimeTo': {'utc': '2016-11-22T06:30:00Z', 'local': '2016-11-22T12:00:00+05:30'}}",,,"{'expectedCount': 1, 'expectedInterval': '01:00:00', 'observedCount': 1, 'observedInterval': '01:00:00', 'percentComplete': 100.0, 'percentCoverage': 100.0, 'datetimeFrom': {'utc': '2016-11-22T05:30:00Z', 'local': '2016-11-22T11:00:00+05:30'}, 'datetimeTo': {'utc': '2016-11-22T06:30:00Z', 'local': '2016-11-22T12:00:00+05:30'}}"
82.0,{'hasFlags': False},"{'id': 2, 'name': 'pm25', 'units': 'µg/m³', 'displayName': None}","{'label': 'raw', 'interval': '01:00:00', 'datetimeFrom': {'utc': '2016-11-22T06:30:00Z', 'local': '2016-11-22T12:00:00+05:30'}, 'datetimeTo': {'utc': '2016-11-22T07:30:00Z', 'local': '2016-11-22T13:00:00+05:30'}}",,,"{'expectedCount': 1, 'expectedInterval': '01:00:00', 'observedCount': 1, 'observedInterval': '01:00:00', 'percentComplete': 100.0, 'percentCoverage': 100.0, 'datetimeFrom': {'utc': '2016-11-22T06:30:00Z', 'local': '2016-11-22T12:00:00+05:30'}, 'datetimeTo': {'utc': '2016-11-22T07:30:00Z', 'local': '2016-11-22T13:00:00+05:30'}}"
77.5,{'hasFlags': False},"{'id': 2, 'name': 'pm25', 'units': 'µg/m³', 'displayName': None}","{'label': 'raw', 'interval': '01:00:00', 'datetimeFrom': {'utc': '2016-11-22T07:30:00Z', 'local': '2016-11-22T13:00:00+05:30'}, 'datetimeTo': {'utc': '2016-11-22T08:30:00Z', 'local': '2016-11-22T14:00:00+05:30'}}",,,"{'expectedCount': 1, 'expectedInterval': '01:00:00', 'observedCount': 1, 'observedInterval': '01:00:00', 'percentComplete': 100.0, 'percentCoverage': 100.0, 'datetimeFrom': {'utc': '2016-11-22T07:30:00Z', 'local': '2016-11-22T13:00:00+05:30'}, 'datetimeTo': {'utc': '2016-11-22T08:30:00Z', 'local': '2016-11-22T14:00:00+05:30'}}"
70.2,{'hasFlags': False},"{'id': 2, 'name': 'pm25', 'units': 'µg/m³', 'displayName': None}","{'label': 'raw', 'interval': '01:00:00', 'datetimeFrom': {'utc': '2016-11-22T08:30:00Z', 'local': '2016-11-22T14:00:00+05:30'}, 'datetimeTo': {'utc': '2016-11-22T09:30:00Z', 'local': '2016-11-22T15:00:00+05:30'}}",,,"{'expectedCount': 1, 'expectedInterval': '01:00:00', 'observedCount': 1, 'observedInterval': '01:00:00', 'percentComplete': 100.0, 'percentCoverage': 100.0, 'datetimeFrom': {'utc': '2016-11-22T08:30:00Z', 'local': '2016-11-22T14:00:00+05:30'}, 'datetimeTo': {'utc': '2016-11-22T09:30:00Z', 'local': '2016-11-22T15:00:00+05:30'}}"
55.1,{'hasFlags': False},"{'id': 2, 'name': 'pm25', 'units': 'µg/m³', 'displayName': None}","{'label': 'raw', 'interval': '01:00:00', 'datetimeFrom': {'utc': '2016-11-22T09:30:00Z', 'local': '2016-11-22T15:00:00+05:30'}, 'datetimeTo': {'utc': '2016-11-22T10:30:00Z', 'local': '2016-11-22T16:00:00+05:30'}}",,,"{'expectedCount': 1, 'expectedInterval': '01:00:00', 'observedCount': 1, 'observedInterval': '01:00:00', 'percentComplete': 100.0, 'percentCoverage': 100.0, 'datetimeFrom': {'utc': '2016-11-22T09:30:00Z', 'local': '2016-11-22T15:00:00+05:30'}, 'datetimeTo': {'utc': '2016-11-22T10:30:00Z', 'local': '2016-11-22T16:00:00+05:30'}}"
49.5,{'hasFlags': False},"{'id': 2, 'name': 'pm25', 'units': 'µg/m³', 'displayName': None}","{'label': 'raw', 'interval': '01:00:00', 'datetimeFrom': {'utc': '2016-11-22T10:30:00Z', 'local': '2016-11-22T16:00:00+05:30'}, 'datetimeTo': {'utc': '2016-11-22T11:30:00Z', 'local': '2016-11-22T17:00:00+05:30'}}",,,"{'expectedCount': 1, 'expectedInterval': '01:00:00', 'observedCount': 1, 'observedInterval': '01:00:00', 'percentComplete': 100.0, 'percentCoverage': 100.0, 'datetimeFrom': {'utc': '2016-11-22T10:30:00Z', 'local': '2016-11-22T16:00:00+05:30'}, 'datetimeTo': {'utc': '2016-11-22T11:30:00Z', 'local': '2016-11-22T17:00:00+05:30'}}"
52.2,{'hasFlags': False},"{'id': 2, 'name': 'pm25', 'units': 'µg/m³', 'displayName': None}","{'label': 'raw', 'interval': '01:00:00', 'datetimeFrom': {'utc': '2016-11-22T11:30:00Z', 'local': '2016-11-22T17:00:00+05:30'}, 'datetimeTo': {'utc': '2016-11-22T12:30:00Z', 'local': '2016-11-22T18:00:00+05:30'}}",,,"{'expectedCount': 1, 'expectedInterval': '01:00:00', 'observedCount': 1, 'observedInterval': '01:00:00', 'percentComplete': 100.0, 'percentCoverage': 100.0, 'datetimeFrom': {'utc': '2016-11-22T11:30:00Z', 'local': '2016-11-22T17:00:00+05:30'}, 'datetimeTo': {'utc': '2016-11-22T12:30:00Z', 'local': '2016-11-22T18:00:00+05:30'}}"
63.6,{'hasFlags': False},"{'id': 2, 'name': 'pm25', 'units': 'µg/m³', 'displayName': None}","{'label': 'raw', 'interval': '01:00:00', 'datetimeFrom': {'utc': '2016-11-22T12:30:00Z', 'local': '2016-11-22T18:00:00+05:30'}, 'datetimeTo': {'utc': '2016-11-22T13:30:00Z', 'local': '2016-11-22T19:00:00+05:30'}}",,,"{'expectedCount': 1, 'expectedInterval': '01:00:00', 'observedCount': 1, 'observedInterval': '01:00:00', 'percentComplete': 100.0, 'percentCoverage': 100.0, 'datetimeFrom': {'utc': '2016-11-22T12:30:00Z', 'local': '2016-11-22T18:00:00+05:30'}, 'datetimeTo': {'utc': '2016-11-22T13:30:00Z', 'local': '2016-11-22T19:00:00+05:30'}}"
72.8,{'hasFlags': False},"{'id': 2, 'name': 'pm25', 'units': 'µg/m³', 'displayName': None}","{'label': 'raw', 'interval': '01:00:00', 'datetimeFrom': {'utc': '2016-11-22T13:30:00Z', 'local': '2016-11-22T19:00:00+05:30'}, 'datetimeTo': {'utc': '2016-11-22T14:30:00Z', 'local': '2016-11-22T20:00:00+05:30'}}",,,"{'expectedCount': 1, 'expectedInterval': '01:00:00', 'observedCount': 1, 'observedInterval': '01:00:00', 'percentComplete': 100.0, 'percentCoverage': 100.0, 'datetimeFrom': {'utc': '2016-11-22T13:30:00Z', 'local': '2016-11-22T19:00:00+05:30'}, 'datetimeTo': {'utc': '2016-11-22T14:30:00Z', 'local': '2016-11-22T20:00:00+05:30'}}"
89.4,{'hasFlags': False},"{'id': 2, 'name': 'pm25', 'units': 'µg/m³', 'displayName': None}","{'label': 'raw', 'interval': '01:00:00', 'datetimeFrom': {'utc': '2016-11-22T14:30:00Z', 'local': '2016-11-22T20:00:00+05:30'}, 'datetimeTo': {'utc': '2016-11-22T15:30:00Z', 'local': '2016-11-22T21:00:00+05:30'}}",,,"{'expectedCount': 1, 'expectedInterval': '01:00:00', 'observedCount': 1, 'observedInterval': '01:00:00', 'percentComplete': 100.0, 'percentCoverage': 100.0, 'datetimeFrom': {'utc': '2016-11-22T14:30:00Z', 'local': '2016-11-22T20:00:00+05:30'}, 'datetimeTo': {'utc': '2016-11-22T15:30:00Z', 'local': '2016-11-22T21:00:00+05:30'}}"
101.2,{'hasFlags': False},"{'id': 2, 'name': 'pm25', 'units': 'µg/m³', 'displayName': None}","{'label': 'raw', 'interval': '01:00:00', 'datetimeFrom': {'utc': '2016-11-22T15:30:00Z', 'local': '2016-11-22T21:00:00+05:30'}, 'datetimeTo': {'utc': '2016-11-22T16:30:00Z', 'local': '2016-11-22T22:00:00+05:30'}}",,,"{'expectedCount': 1, 'expectedInterval': '01:00:00', 'observedCount': 1, 'observedInterval': '01:00:00', 'percentComplete': 100.0, 'percentCoverage': 100.0, 'datetimeFrom': {'utc': '2016-11-22T15:30:00Z', 'local': '2016-11-22T21:00:00+05:30'}, 'datetimeTo': {'utc': '2016-11-22T16:30:00Z', 'local': '2016-11-22T22:00:00+05:30'}}"
118.1,{'hasFlags': False},"{'id': 2, 'name': 'pm25', 'units': 'µg/m³', 'displayName': None}","{'label': 'raw', 'interval': '01:00:00', 'datetimeFrom': {'utc': '2016-11-22T16:30:00Z', 'local': '2016-11-22T22:00:00+05:30'}, 'datetimeTo': {'utc': '2016-11-22T17:30:00Z', 'local': '2016-11-22T23:00:00+05:30'}}",,,"{'expectedCount': 1, 'expectedInterval': '01:00:00', 'observedCount': 1, 'observedInterval': '01:00:00', 'percentComplete': 100.0, 'percentCoverage': 100.0, 'datetimeFrom': {'utc': '2016-11-22T16:30:00Z', 'local': '2016-11-22T22:00:00+05:30'}, 'datetimeTo': {'utc': '2016-11-22T17:30:00Z', 'local': '2016-11-22T23:00:00+05:30'}}"
129.5,{'hasFlags': False},"{'id': 2, 'name': 'pm25', 'units': 'µg/m³', 'displayName': None}","{'label': 'raw', 'interval': '01:00:00', 'datetimeFrom': {'utc': '2016-11-22T17:30:00Z', 'local': '2016-11-22T23:00:00+05:30'}, 'datetimeTo': {'utc': '2016-11-22T18:30:00Z', 'local': '2016-11-23T00:00:00+05:30'}}",,,"{'expectedCount': 1, 'expectedInterval': '01:00:00', 'observedCount': 1, 'observedInterval': '01:00:00', 'percentComplete': 100.0, 'percentCoverage': 100.0, 'datetimeFrom': {'utc': '2016-11-22T17:30:00Z', 'local': '2016-11-22T23:00:00+05:30'}, 'datetimeTo': {'utc': '2016-11-22T18:30:00Z', 'local': '2016-11-23T00:00:00+05:30'}}"
138.2,{'hasFlags': False},"{'id': 2, 'name': 'pm25', 'units': 'µg/m³', 'displayName': None}","{'label': 'raw', 'interval': '01:00:00', 'datetimeFrom': {'utc': '2016-11-22T18:30:00Z', 'local': '2016-11-23T00:00:00+05:30'}, 'datetimeTo': {'utc': '2016-11-22T19:30:00Z', 'local': '2016-11-23T01:00:00+05:30'}}",,,"{'expectedCount': 1, 'expectedInterval': '01:00:00', 'observedCount': 1, 'observedInterval': '01:00:00', 'percentComplete': 100.0, 'percentCoverage': 100.0, 'datetimeFrom': {'utc': '2016-11-22T18:30:00Z', 'local': '2016-11-23T00:00:00+05:30'}, 'datetimeTo': {'utc': '2016-11-22T19:30:00Z', 'local': '2016-11-23T01:00:00+05:30'}}"
144.1,{'hasFlags': False},"{'id': 2, 'name': 'pm25', 'units': 'µg/m³', 'displayName': None}","{'label': 'raw', 'interval': '01:00:00', 'datetimeFrom': {'utc': '2016-11-22T19:30:00Z', 'local': '2016-11-23T01:00:00+05:30'}, 'datetimeTo': {'utc': '2016-11-22T20:30:00Z', 'local': '2016-11-23T02:00:00+05:30'}}",,,"{'expectedCount': 1, 'expectedInterval': '01:00:00', 'observedCount': 1, 'observedInterval': '01:00:00', 'percentComplete': 100.0, 'percentCoverage': 100.0, 'datetimeFrom': {'utc': '2016-11-22T19:30:00Z', 'local': '2016-11-23T01:00:00+05:30'}, 'datetimeTo': {'utc': '2016-11-22T20:30:00Z', 'local': '2016-11-23T02:00:00+05:30'}}"
147.5,{'hasFlags': False},"{'id': 2, 'name': 'pm25', 'units': 'µg/m³', 'displayName': None}","{'label': 'raw', 'interval': '01:00:00', 'datetimeFrom': {'utc': '2016-11-22T20:30:00Z', 'local': '2016-11-23T02:00:00+05:30'}, 'datetimeTo': {'utc': '2016-11-22T21:30:00Z', 'local': '2016-11-23T03:00:00+05:30'}}",,,"{'expectedCount': 1, 'expectedInterval': '01:00:00', 'observedCount': 1, 'observedInterval': '01:00:00', 'percentComplete': 100.0, 'percentCoverage': 100.0, 'datetimeFrom': {'utc': '2016-11-22T20:30:00Z', 'local': '2016-11-23T02:00:00+05:30'}, 'datetimeTo': {'utc': '2016-11-22T21:30:00Z', 'local': '2016-11-23T03:00:00+05:30'}}"
152.3,{'hasFlags': False},"{'id': 2, 'name': 'pm25', 'units': 'µg/m³', 'displayName': None}","{'label': 'raw', 'interval': '01:00:00', 'datetimeFrom': {'utc': '2016-11-22T21:30:00Z', 'local': '2016-11-23T03:00:00+05:30'}, 'datetimeTo': {'utc': '2016-11-22T22:30:00Z', 'local': '2016-11-23T04:00:00+05:30'}}",,,"{'expectedCount': 1, 'expectedInterval': '01:00:00', 'observedCount': 1, 'observedInterval': '01:00:00', 'percentComplete': 100.0, 'percentCoverage': 100.0, 'datetimeFrom': {'utc': '2016-11-22T21:30:00Z', 'local': '2016-11-23T03:00:00+05:30'}, 'datetimeTo': {'utc': '2016-11-22T22:30:00Z', 'local': '2016-11-23T04:00:00+05:30'}}"
152.6,{'hasFlags': False},"{'id': 2, 'name': 'pm25', 'units': 'µg/m³', 'displayName': None}","{'label': 'raw', 'interval': '01:00:00', 'datetimeFrom': {'utc': '2016-11-22T22:30:00Z', 'local': '2016-11-23T04:00:00+05:30'}, 'datetimeTo': {'utc': '2016-11-22T23:30:00Z', 'local': '2016-11-23T05:00:00+05:30'}}",,,"{'expectedCount': 1, 'expectedInterval': '01:00:00', 'observedCount': 1, 'observedInterval': '01:00:00', 'percentComplete': 100.0, 'percentCoverage': 100.0, 'datetimeFrom': {'utc': '2016-11-22T22:30:00Z', 'local': '2016-11-23T04:00:00+05:30'}, 'datetimeTo': {'utc': '2016-11-22T23:30:00Z', 'local': '2016-11-23T05:00:00+05:30'}}"
143.3,{'hasFlags': False},"{'id': 2, 'name': 'pm25', 'units': 'µg/m³', 'displayName': None}","{'label': 'raw', 'interval': '01:00:00', 'datetimeFrom': {'utc': '2016-11-22T23:30:00Z', 'local': '2016-11-23T05:00:00+05:30'}, 'datetimeTo': {'utc': '2016-11-23T00:30:00Z', 'local': '2016-11-23T06:00:00+05:30'}}",,,"{'expectedCount': 1, 'expectedInterval': '01:00:00', 'observedCount': 1, 'observedInterval': '01:00:00', 'percentComplete': 100.0, 'percentCoverage': 100.0, 'datetimeFrom': {'utc': '2016-11-22T23:30:00Z', 'local': '2016-11-23T05:00:00+05:30'}, 'datetimeTo': {'utc': '2016-11-23T00:30:00Z', 'local': '2016-11-23T06:00:00+05:30'}}"
132.8,{'hasFlags': False},"{'id': 2, 'name': 'pm25', 'units': 'µg/m³', 'displayName': None}","{'label': 'raw', 'interval': '01:00:00', 'datetimeFrom': {'utc': '2016-11-23T00:30:00Z', 'local': '2016-11-23T06:00:00+05:30'}, 'datetimeTo': {'utc': '2016-11-23T01:30:00Z', 'local': '2016-11-23T07:00:00+05:30'}}",,,"{'expectedCount': 1, 'expectedInterval': '01:00:00', 'observedCount': 1, 'observedInterval': '01:00:00', 'percentComplete': 100.0, 'percentCoverage': 100.0, 'datetimeFrom': {'utc': '2016-11-23T00:30:00Z', 'local': '2016-11-23T06:00:00+05:30'}, 'datetimeTo': {'utc': '2016-11-23T01:30:00Z', 'local': '2016-11-23T07:00:00+05:30'}}"
138.3,{'hasFlags': False},"{'id': 2, 'name': 'pm25', 'units': 'µg/m³', 'displayName': None}","{'label': 'raw', 'interval': '01:00:00', 'datetimeFrom': {'utc': '2016-11-23T01:30:00Z', 'local': '2016-11-23T07:00:00+05:30'}, 'datetimeTo': {'utc': '2016-11-23T02:30:00Z', 'local': '2016-11-23T08:00:00+05:30'}}",,,"{'expectedCount': 1, 'expectedInterval': '01:00:00', 'observedCount': 1, 'observedInterval': '01:00:00', 'percentComplete': 100.0, 'percentCoverage': 100.0, 'datetimeFrom': {'utc': '2016-11-23T01:30:00Z', 'local': '2016-11-23T07:00:00+05:30'}, 'datetimeTo': {'utc': '2016-11-23T02:30:00Z', 'local': '2016-11-23T08:00:00+05:30'}}"
146.6,{'hasFlags': False},"{'id': 2, 'name': 'pm25', 'units': 'µg/m³', 'displayName': None}","{'label': 'raw', 'interval': '01:00:00', 'datetimeFrom': {'utc': '2016-11-23T02:30:00Z', 'local': '2016-11-23T08:00:00+05:30'}, 'datetimeTo': {'utc': '2016-11-23T03:30:00Z', 'local': '2016-11-23T09:00:00+05:30'}}",,,"{'expectedCount': 1, 'expectedInterval': '01:00:00', 'observedCount': 1, 'observedInterval': '01:00:00', 'percentComplete': 100.0, 'percentCoverage': 100.0, 'datetimeFrom': {'utc': '2016-11-23T02:30:00Z', 'local': '2016-11-23T08:00:00+05:30'}, 'datetimeTo': {'utc': '2016-11-23T03:30:00Z', 'local': '2016-11-23T09:00:00+05:30'}}"
151.0,{'hasFlags': False},"{'id': 2, 'name': 'pm25', 'units': 'µg/m³', 'displayName': None}","{'label': 'raw', 'interval': '01:00:00', 'datetimeFrom': {'utc': '2016-11-23T03:30:00Z', 'local': '2016-11-23T09:00:00+05:30'}, 'datetimeTo': {'utc': '2016-11-23T04:30:00Z', 'local': '2016-11-23T10:00:00+05:30'}}",,,"{'expectedCount': 1, 'expectedInterval': '01:00:00', 'observedCount': 1, 'observedInterval': '01:00:00', 'percentComplete': 100.0, 'percentCoverage': 100.0, 'datetimeFrom': {'utc': '2016-11-23T03:30:00Z', 'local': '2016-11-23T09:00:00+05:30'}, 'datetimeTo': {'utc': '2016-11-23T04:30:00Z', 'local': '2016-11-23T10:00:00+05:30'}}"
150.5,{'hasFlags': False},"{'id': 2, 'name': 'pm25', 'units': 'µg/m³', 'displayName': None}","{'label': 'raw', 'interval': '01:00:00', 'datetimeFrom': {'utc': '2016-11-23T04:30:00Z', 'local': '2016-11-23T10:00:00+05:30'}, 'datetimeTo': {'utc': '2016-11-23T05:30:00Z', 'local': '2016-11-23T11:00:00+05:30'}}",,,"{'expectedCount': 1, 'expectedInterval': '01:00:00', 'observedCount': 1, 'observedInterval': '01:00:00', 'percentComplete': 100.0, 'percentCoverage': 100.0, 'datetimeFrom': {'utc': '2016-11-23T04:30:00Z', 'local': '2016-11-23T10:00:00+05:30'}, 'datetimeTo': {'utc': '2016-11-23T05:30:00Z', 'local': '2016-11-23T11:00:00+05:30'}}"
145.9,{'hasFlags': False},"{'id': 2, 'name': 'pm25', 'units': 'µg/m³', 'displayName': None}","{'label': 'raw', 'interval': '01:00:00', 'datetimeFrom': {'utc': '2016-11-23T05:30:00Z', 'local': '2016-11-23T11:00:00+05:30'}, 'datetimeTo': {'utc': '2016-11-23T06:30:00Z', 'local': '2016-11-23T12:00:00+05:30'}}",,,"{'expectedCount': 1, 'expectedInterval': '01:00:00', 'observedCount': 1, 'observedInterval': '01:00:00', 'percentComplete': 100.0, 'percentCoverage': 100.0, 'datetimeFrom': {'utc': '2016-11-23T05:30:00Z', 'local': '2016-11-23T11:00:00+05:30'}, 'datetimeTo': {'utc': '2016-11-23T06:30:00Z', 'local': '2016-11-23T12:00:00+05:30'}}"
141.6,{'hasFlags': False},"{'id': 2, 'name': 'pm25', 'units': 'µg/m³', 'displayName': None}","{'label': 'raw', 'interval': '01:00:00', 'datetimeFrom': {'utc': '2016-11-23T06:30:00Z', 'local': '2016-11-23T12:00:00+05:30'}, 'datetimeTo': {'utc': '2016-11-23T07:30:00Z', 'local': '2016-11-23T13:00:00+05:30'}}",,,"{'expectedCount': 1, 'expectedInterval': '01:00:00', 'observedCount': 1, 'observedInterval': '01:00:00', 'percentComplete': 100.0, 'percentCoverage': 100.0, 'datetimeFrom': {'utc': '2016-11-23T06:30:00Z', 'local': '2016-11-23T12:00:00+05:30'}, 'datetimeTo': {'utc': '2016-11-23T07:30:00Z', 'local': '2016-11-23T13:00:00+05:30'}}"
137.0,{'hasFlags': False},"{'id': 2, 'name': 'pm25', 'units': 'µg/m³', 'displayName': None}","{'label': 'raw', 'interval': '01:00:00', 'datetimeFrom': {'utc': '2016-11-23T07:30:00Z', 'local': '2016-11-23T13:00:00+05:30'}, 'datetimeTo': {'utc': '2016-11-23T08:30:00Z', 'local': '2016-11-23T14:00:00+05:30'}}",,,"{'expectedCount': 1, 'expectedInterval': '01:00:00', 'observedCount': 1, 'observedInterval': '01:00:00', 'percentComplete': 100.0, 'percentCoverage': 100.0, 'datetimeFrom': {'utc': '2016-11-23T07:30:00Z', 'local': '2016-11-23T13:00:00+05:30'}, 'datetimeTo': {'utc': '2016-11-23T08:30:00Z', 'local': '2016-11-23T14:00:00+05:30'}}"
134.5,{'hasFlags': False},"{'id': 2, 'name': 'pm25', 'units': 'µg/m³', 'displayName': None}","{'label': 'raw', 'interval': '01:00:00', 'datetimeFrom': {'utc': '2016-11-23T08:30:00Z', 'local': '2016-11-23T14:00:00+05:30'}, 'datetimeTo': {'utc': '2016-11-23T09:30:00Z', 'local': '2016-11-23T15:00:00+05:30'}}",,,"{'expectedCount': 1, 'expectedInterval': '01:00:00', 'observedCount': 1, 'observedInterval': '01:00:00', 'percentComplete': 100.0, 'percentCoverage': 100.0, 'datetimeFrom': {'utc': '2016-11-23T08:30:00Z', 'local': '2016-11-23T14:00:00+05:30'}, 'datetimeTo': {'utc': '2016-11-23T09:30:00Z', 'local': '2016-11-23T15:00:00+05:30'}}"
117.7,{'hasFlags': False},"{'id': 2, 'name': 'pm25', 'units': 'µg/m³', 'displayName': None}","{'label': 'raw', 'interval': '01:00:00', 'datetimeFrom': {'utc': '2016-11-23T09:30:00Z', 'local': '2016-11-23T15:00:00+05:30'}, 'datetimeTo': {'utc': '2016-11-23T10:30:00Z', 'local': '2016-11-23T16:00:00+05:30'}}",,,"{'expectedCount': 1, 'expectedInterval': '01:00:00', 'observedCount': 1, 'observedInterval': '01:00:00', 'percentComplete': 100.0, 'percentCoverage': 100.0, 'datetimeFrom': {'utc': '2016-11-23T09:30:00Z', 'local': '2016-11-23T15:00:00+05:30'}, 'datetimeTo': {'utc': '2016-11-23T10:30:00Z', 'local': '2016-11-23T16:00:00+05:30'}}"
109.7,{'hasFlags': False},"{'id': 2, 'name': 'pm25', 'units': 'µg/m³', 'displayName': None}","{'label': 'raw', 'interval': '01:00:00', 'datetimeFrom': {'utc': '2016-11-23T10:30:00Z', 'local': '2016-11-23T16:00:00+05:30'}, 'datetimeTo': {'utc': '2016-11-23T11:30:00Z', 'local': '2016-11-23T17:00:00+05:30'}}",,,"{'expectedCount': 1, 'expectedInterval': '01:00:00', 'observedCount': 1, 'observedInterval': '01:00:00', 'percentComplete': 100.0, 'percentCoverage': 100.0, 'datetimeFrom': {'utc': '2016-11-23T10:30:00Z', 'local': '2016-11-23T16:00:00+05:30'}, 'datetimeTo': {'utc': '2016-11-23T11:30:00Z', 'local': '2016-11-23T17:00:00+05:30'}}"
104.9,{'hasFlags': False},"{'id': 2, 'name': 'pm25', 'units': 'µg/m³', 'displayName': None}","{'label': 'raw', 'interval': '01:00:00', 'datetimeFrom': {'utc': '2016-11-23T11:30:00Z', 'local': '2016-11-23T17:00:00+05:30'}, 'datetimeTo': {'utc': '2016-11-23T12:30:00Z', 'local': '2016-11-23T18:00:00+05:30'}}",,,"{'expectedCount': 1, 'expectedInterval': '01:00:00', 'observedCount': 1, 'observedInterval': '01:00:00', 'percentComplete': 100.0, 'percentCoverage': 100.0, 'datetimeFrom': {'utc': '2016-11-23T11:30:00Z', 'local': '2016-11-23T17:00:00+05:30'}, 'datetimeTo': {'utc': '2016-11-23T12:30:00Z', 'local': '2016-11-23T18:00:00+05:30'}}"
115.8,{'hasFlags': False},"{'id': 2, 'name': 'pm25', 'units': 'µg/m³', 'displayName': None}","{'label': 'raw', 'interval': '01:00:00', 'datetimeFrom': {'utc': '2016-11-23T12:30:00Z', 'local': '2016-11-23T18:00:00+05:30'}, 'datetimeTo': {'utc': '2016-11-23T13:30:00Z', 'local': '2016-11-23T19:00:00+05:30'}}",,,"{'expectedCount': 1, 'expectedInterval': '01:00:00', 'observedCount': 1, 'observedInterval': '01:00:00', 'percentComplete': 100.0, 'percentCoverage': 100.0, 'datetimeFrom': {'utc': '2016-11-23T12:30:00Z', 'local': '2016-11-23T18:00:00+05:30'}, 'datetimeTo': {'utc': '2016-11-23T13:30:00Z', 'local': '2016-11-23T19:00:00+05:30'}}"
148.0,{'hasFlags': False},"{'id': 2, 'name': 'pm25', 'units': 'µg/m³', 'displayName': None}","{'label': 'raw', 'interval': '01:00:00', 'datetimeFrom': {'utc': '2016-11-23T13:30:00Z', 'local': '2016-11-23T19:00:00+05:30'}, 'datetimeTo': {'utc': '2016-11-23T14:30:00Z', 'local': '2016-11-23T20:00:00+05:30'}}",,,"{'expectedCount': 1, 'expectedInterval': '01:00:00', 'observedCount': 1, 'observedInterval': '01:00:00', 'percentComplete': 100.0, 'percentCoverage': 100.0, 'datetimeFrom': {'utc': '2016-11-23T13:30:00Z', 'local': '2016-11-23T19:00:00+05:30'}, 'datetimeTo': {'utc': '2016-11-23T14:30:00Z', 'local': '2016-11-23T20:00:00+05:30'}}"
181.2,{'hasFlags': False},"{'id': 2, 'name': 'pm25', 'units': 'µg/m³', 'displayName': None}","{'label': 'raw', 'interval': '01:00:00', 'datetimeFrom': {'utc': '2016-11-23T14:30:00Z', 'local': '2016-11-23T20:00:00+05:30'}, 'datetimeTo': {'utc': '2016-11-23T15:30:00Z', 'local': '2016-11-23T21:00:00+05:30'}}",,,"{'expectedCount': 1, 'expectedInterval': '01:00:00', 'observedCount': 1, 'observedInterval': '01:00:00', 'percentComplete': 100.0, 'percentCoverage': 100.0, 'datetimeFrom': {'utc': '2016-11-23T14:30:00Z', 'local': '2016-11-23T20:00:00+05:30'}, 'datetimeTo': {'utc': '2016-11-23T15:30:00Z', 'local': '2016-11-23T21:00:00+05:30'}}"
182.6,{'hasFlags': False},"{'id': 2, 'name': 'pm25', 'units': 'µg/m³', 'displayName': None}","{'label': 'raw', 'interval': '01:00:00', 'datetimeFrom': {'utc': '2016-11-23T15:30:00Z', 'local': '2016-11-23T21:00:00+05:30'}, 'datetimeTo': {'utc': '2016-11-23T16:30:00Z', 'local': '2016-11-23T22:00:00+05:30'}}",,,"{'expectedCount': 1, 'expectedInterval': '01:00:00', 'observedCount': 1, 'observedInterval': '01:00:00', 'percentComplete': 100.0, 'percentCoverage': 100.0, 'datetimeFrom': {'utc': '2016-11-23T15:30:00Z', 'local': '2016-11-23T21:00:00+05:30'}, 'datetimeTo': {'utc': '2016-11-23T16:30:00Z', 'local': '2016-11-23T22:00:00+05:30'}}"
179.3,{'hasFlags': False},"{'id': 2, 'name': 'pm25', 'units': 'µg/m³', 'displayName': None}","{'label': 'raw', 'interval': '01:00:00', 'datetimeFrom': {'utc': '2016-11-23T16:30:00Z', 'local': '2016-11-23T22:00:00+05:30'}, 'datetimeTo': {'utc': '2016-11-23T17:30:00Z', 'local': '2016-11-23T23:00:00+05:30'}}",,,"{'expectedCount': 1, 'expectedInterval': '01:00:00', 'observedCount': 1, 'observedInterval': '01:00:00', 'percentComplete': 100.0, 'percentCoverage': 100.0, 'datetimeFrom': {'utc': '2016-11-23T16:30:00Z', 'local': '2016-11-23T22:00:00+05:30'}, 'datetimeTo': {'utc': '2016-11-23T17:30:00Z', 'local': '2016-11-23T23:00:00+05:30'}}"
183.1,{'hasFlags': False},"{'id': 2, 'name': 'pm25', 'units': 'µg/m³', 'displayName': None}","{'label': 'raw', 'interval': '01:00:00', 'datetimeFrom': {'utc': '2016-11-23T17:30:00Z', 'local': '2016-11-23T23:00:00+05:30'}, 'datetimeTo': {'utc': '2016-11-23T18:30:00Z', 'local': '2016-11-24T00:00:00+05:30'}}",,,"{'expectedCount': 1, 'expectedInterval': '01:00:00', 'observedCount': 1, 'observedInterval': '01:00:00', 'percentComplete': 100.0, 'percentCoverage': 100.0, 'datetimeFrom': {'utc': '2016-11-23T17:30:00Z', 'local': '2016-11-23T23:00:00+05:30'}, 'datetimeTo': {'utc': '2016-11-23T18:30:00Z', 'local': '2016-11-24T00:00:00+05:30'}}"
190.0,{'hasFlags': False},"{'id': 2, 'name': 'pm25', 'units': 'µg/m³', 'displayName': None}","{'label': 'raw', 'interval': '01:00:00', 'datetimeFrom': {'utc': '2016-11-23T18:30:00Z', 'local': '2016-11-24T00:00:00+05:30'}, 'datetimeTo': {'utc': '2016-11-23T19:30:00Z', 'local': '2016-11-24T01:00:00+05:30'}}",,,"{'expectedCount': 1, 'expectedInterval': '01:00:00', 'observedCount': 1, 'observedInterval': '01:00:00', 'percentComplete': 100.0, 'percentCoverage': 100.0, 'datetimeFrom': {'utc': '2016-11-23T18:30:00Z', 'local': '2016-11-24T00:00:00+05:30'}, 'datetimeTo': {'utc': '2016-11-23T19:30:00Z', 'local': '2016-11-24T01:00:00+05:30'}}"
204.5,{'hasFlags': False},"{'id': 2, 'name': 'pm25', 'units': 'µg/m³', 'displayName': None}","{'label': 'raw', 'interval': '01:00:00', 'datetimeFrom': {'utc': '2016-11-23T19:30:00Z', 'local': '2016-11-24T01:00:00+05:30'}, 'datetimeTo': {'utc': '2016-11-23T20:30:00Z', 'local': '2016-11-24T02:00:00+05:30'}}",,,"{'expectedCount': 1, 'expectedInterval': '01:00:00', 'observedCount': 1, 'observedInterval': '01:00:00', 'percentComplete': 100.0, 'percentCoverage': 100.0, 'datetimeFrom': {'utc': '2016-11-23T19:30:00Z', 'local': '2016-11-24T01:00:00+05:30'}, 'datetimeTo': {'utc': '2016-11-23T20:30:00Z', 'local': '2016-11-24T02:00:00+05:30'}}"
242.7,{'hasFlags': False},"{'id': 2, 'name': 'pm25', 'units': 'µg/m³', 'displayName': None}","{'label': 'raw', 'interval': '01:00:00', 'datetimeFrom': {'utc': '2016-11-23T20:30:00Z', 'local': '2016-11-24T02:00:00+05:30'}, 'datetimeTo': {'utc': '2016-11-23T21:30:00Z', 'local': '2016-11-24T03:00:00+05:30'}}",,,"{'expectedCount': 1, 'expectedInterval': '01:00:00', 'observedCount': 1, 'observedInterval': '01:00:00', 'percentComplete': 100.0, 'percentCoverage': 100.0, 'datetimeFrom': {'utc': '2016-11-23T20:30:00Z', 'local': '2016-11-24T02:00:00+05:30'}, 'datetimeTo': {'utc': '2016-11-23T21:30:00Z', 'local': '2016-11-24T03:00:00+05:30'}}"
265.4,{'hasFlags': False},"{'id': 2, 'name': 'pm25', 'units': 'µg/m³', 'displayName': None}","{'label': 'raw', 'interval': '01:00:00', 'datetimeFrom': {'utc': '2016-11-23T21:30:00Z', 'local': '2016-11-24T03:00:00+05:30'}, 'datetimeTo': {'utc': '2016-11-23T22:30:00Z', 'local': '2016-11-24T04:00:00+05:30'}}",,,"{'expectedCount': 1, 'expectedInterval': '01:00:00', 'observedCount': 1, 'observedInterval': '01:00:00', 'percentComplete': 100.0, 'percentCoverage': 100.0, 'datetimeFrom': {'utc': '2016-11-23T21:30:00Z', 'local': '2016-11-24T03:00:00+05:30'}, 'datetimeTo': {'utc': '2016-11-23T22:30:00Z', 'local': '2016-11-24T04:00:00+05:30'}}"
261.2,{'hasFlags': False},"{'id': 2, 'name': 'pm25', 'units': 'µg/m³', 'displayName': None}","{'label': 'raw', 'interval': '01:00:00', 'datetimeFrom': {'utc': '2016-11-23T22:30:00Z', 'local': '2016-11-24T04:00:00+05:30'}, 'datetimeTo': {'utc': '2016-11-23T23:30:00Z', 'local': '2016-11-24T05:00:00+05:30'}}",,,"{'expectedCount': 1, 'expectedInterval': '01:00:00', 'observedCount': 1, 'observedInterval': '01:00:00', 'percentComplete': 100.0, 'percentCoverage': 100.0, 'datetimeFrom': {'utc': '2016-11-23T22:30:00Z', 'local': '2016-11-24T04:00:00+05:30'}, 'datetimeTo': {'utc': '2016-11-23T23:30:00Z', 'local': '2016-11-24T05:00:00+05:30'}}"
243.6,{'hasFlags': False},"{'id': 2, 'name': 'pm25', 'units': 'µg/m³', 'displayName': None}","{'label': 'raw', 'interval': '01:00:00', 'datetimeFrom': {'utc': '2016-11-23T23:30:00Z', 'local': '2016-11-24T05:00:00+05:30'}, 'datetimeTo': {'utc': '2016-11-24T00:30:00Z', 'local': '2016-11-24T06:00:00+05:30'}}",,,"{'expectedCount': 1, 'expectedInterval': '01:00:00', 'observedCount': 1, 'observedInterval': '01:00:00', 'percentComplete': 100.0, 'percentCoverage': 100.0, 'datetimeFrom': {'utc': '2016-11-23T23:30:00Z', 'local': '2016-11-24T05:00:00+05:30'}, 'datetimeTo': {'utc': '2016-11-24T00:30:00Z', 'local': '2016-11-24T06:00:00+05:30'}}"
121.5,{'hasFlags': False},"{'id': 2, 'name': 'pm25', 'units': 'µg/m³', 'displayName': None}","{'label': 'raw', 'interval': '01:00:00', 'datetimeFrom': {'utc': '2016-11-25T00:30:00Z', 'local': '2016-11-25T06:00:00+05:30'}, 'datetimeTo': {'utc': '2016-11-25T01:30:00Z', 'local': '2016-11-25T07:00:00+05:30'}}",,,"{'expectedCount': 1, 'expectedInterval': '01:00:00', 'observedCount': 1, 'observedInterval': '01:00:00', 'percentComplete': 100.0, 'percentCoverage': 100.0, 'datetimeFrom': {'utc': '2016-11-25T00:30:00Z', 'local': '2016-11-25T06:00:00+05:30'}, 'datetimeTo': {'utc': '2016-11-25T01:30:00Z', 'local': '2016-11-25T07:00:00+05:30'}}"
124.0,{'hasFlags': False},"{'id': 2, 'name': 'pm25', 'units': 'µg/m³', 'displayName': None}","{'label': 'raw', 'interval': '01:00:00', 'datetimeFrom': {'utc': '2016-11-25T01:30:00Z', 'local': '2016-11-25T07:00:00+05:30'}, 'datetimeTo': {'utc': '2016-11-25T02:30:00Z', 'local': '2016-11-25T08:00:00+05:30'}}",,,"{'expectedCount': 1, 'expectedInterval': '01:00:00', 'observedCount': 1, 'observedInterval': '01:00:00', 'percentComplete': 100.0, 'percentCoverage': 100.0, 'datetimeFrom': {'utc': '2016-11-25T01:30:00Z', 'local': '2016-11-25T07:00:00+05:30'}, 'datetimeTo': {'utc': '2016-11-25T02:30:00Z', 'local': '2016-11-25T08:00:00+05:30'}}"
133.1,{'hasFlags': False},"{'id': 2, 'name': 'pm25', 'units': 'µg/m³', 'displayName': None}","{'label': 'raw', 'interval': '01:00:00', 'datetimeFrom': {'utc': '2016-11-25T02:30:00Z', 'local': '2016-11-25T08:00:00+05:30'}, 'datetimeTo': {'utc': '2016-11-25T03:30:00Z', 'local': '2016-11-25T09:00:00+05:30'}}",,,"{'expectedCount': 1, 'expectedInterval': '01:00:00', 'observedCount': 1, 'observedInterval': '01:00:00', 'percentComplete': 100.0, 'percentCoverage': 100.0, 'datetimeFrom': {'utc': '2016-11-25T02:30:00Z', 'local': '2016-11-25T08:00:00+05:30'}, 'datetimeTo': {'utc': '2016-11-25T03:30:00Z', 'local': '2016-11-25T09:00:00+05:30'}}"
137.6,{'hasFlags': False},"{'id': 2, 'name': 'pm25', 'units': 'µg/m³', 'displayName': None}","{'label': 'raw', 'interval': '01:00:00', 'datetimeFrom': {'utc': '2016-11-25T03:30:00Z', 'local': '2016-11-25T09:00:00+05:30'}, 'datetimeTo': {'utc': '2016-11-25T04:30:00Z', 'local': '2016-11-25T10:00:00+05:30'}}",,,"{'expectedCount': 1, 'expectedInterval': '01:00:00', 'observedCount': 1, 'observedInterval': '01:00:00', 'percentComplete': 100.0, 'percentCoverage': 100.0, 'datetimeFrom': {'utc': '2016-11-25T03:30:00Z', 'local': '2016-11-25T09:00:00+05:30'}, 'datetimeTo': {'utc': '2016-11-25T04:30:00Z', 'local': '2016-11-25T10:00:00+05:30'}}"
135.4,{'hasFlags': False},"{'id': 2, 'name': 'pm25', 'units': 'µg/m³', 'displayName': None}","{'label': 'raw', 'interval': '01:00:00', 'datetimeFrom': {'utc': '2016-11-25T04:30:00Z', 'local': '2016-11-25T10:00:00+05:30'}, 'datetimeTo': {'utc': '2016-11-25T05:30:00Z', 'local': '2016-11-25T11:00:00+05:30'}}",,,"{'expectedCount': 1, 'expectedInterval': '01:00:00', 'observedCount': 1, 'observedInterval': '01:00:00', 'percentComplete': 100.0, 'percentCoverage': 100.0, 'datetimeFrom': {'utc': '2016-11-25T04:30:00Z', 'local': '2016-11-25T10:00:00+05:30'}, 'datetimeTo': {'utc': '2016-11-25T05:30:00Z', 'local': '2016-11-25T11:00:00+05:30'}}"
129.2,{'hasFlags': False},"{'id': 2, 'name': 'pm25', 'units': 'µg/m³', 'displayName': None}","{'label': 'raw', 'interval': '01:00:00', 'datetimeFrom': {'utc': '2016-11-25T05:30:00Z', 'local': '2016-11-25T11:00:00+05:30'}, 'datetimeTo': {'utc': '2016-11-25T06:30:00Z', 'local': '2016-11-25T12:00:00+05:30'}}",,,"{'expectedCount': 1, 'expectedInterval': '01:00:00', 'observedCount': 1, 'observedInterval': '01:00:00', 'percentComplete': 100.0, 'percentCoverage': 100.0, 'datetimeFrom': {'utc': '2016-11-25T05:30:00Z', 'local': '2016-11-25T11:00:00+05:30'}, 'datetimeTo': {'utc': '2016-11-25T06:30:00Z', 'local': '2016-11-25T12:00:00+05:30'}}"
100.2,{'hasFlags': False},"{'id': 2, 'name': 'pm25', 'units': 'µg/m³', 'displayName': None}","{'label': 'raw', 'interval': '01:00:00', 'datetimeFrom': {'utc': '2016-11-25T06:30:00Z', 'local': '2016-11-25T12:00:00+05:30'}, 'datetimeTo': {'utc': '2016-11-25T07:30:00Z', 'local': '2016-11-25T13:00:00+05:30'}}",,,"{'expectedCount': 1, 'expectedInterval': '01:00:00', 'observedCount': 1, 'observedInterval': '01:00:00', 'percentComplete': 100.0, 'percentCoverage': 100.0, 'datetimeFrom': {'utc': '2016-11-25T06:30:00Z', 'local': '2016-11-25T12:00:00+05:30'}, 'datetimeTo': {'utc': '2016-11-25T07:30:00Z', 'local': '2016-11-25T13:00:00+05:30'}}"
82.9,{'hasFlags': False},"{'id': 2, 'name': 'pm25', 'units': 'µg/m³', 'displayName': None}","{'label': 'raw', 'interval': '01:00:00', 'datetimeFrom': {'utc': '2016-11-25T07:30:00Z', 'local': '2016-11-25T13:00:00+05:30'}, 'datetimeTo': {'utc': '2016-11-25T08:30:00Z', 'local': '2016-11-25T14:00:00+05:30'}}",,,"{'expectedCount': 1, 'expectedInterval': '01:00:00', 'observedCount': 1, 'observedInterval': '01:00:00', 'percentComplete': 100.0, 'percentCoverage': 100.0, 'datetimeFrom': {'utc': '2016-11-25T07:30:00Z', 'local': '2016-11-25T13:00:00+05:30'}, 'datetimeTo': {'utc': '2016-11-25T08:30:00Z', 'local': '2016-11-25T14:00:00+05:30'}}"
65.4,{'hasFlags': False},"{'id': 2, 'name': 'pm25', 'units': 'µg/m³', 'displayName': None}","{'label': 'raw', 'interval': '01:00:00', 'datetimeFrom': {'utc': '2016-11-25T08:30:00Z', 'local': '2016-11-25T14:00:00+05:30'}, 'datetimeTo': {'utc': '2016-11-25T09:30:00Z', 'local': '2016-11-25T15:00:00+05:30'}}",,,"{'expectedCount': 1, 'expectedInterval': '01:00:00', 'observedCount': 1, 'observedInterval': '01:00:00', 'percentComplete': 100.0, 'percentCoverage': 100.0, 'datetimeFrom': {'utc': '2016-11-25T08:30:00Z', 'local': '2016-11-25T14:00:00+05:30'}, 'datetimeTo': {'utc': '2016-11-25T09:30:00Z', 'local': '2016-11-25T15:00:00+05:30'}}"
56.7,{'hasFlags': False},"{'id': 2, 'name': 'pm25', 'units': 'µg/m³', 'displayName': None}","{'label': 'raw', 'interval': '01:00:00', 'datetimeFrom': {'utc': '2016-11-25T09:30:00Z', 'local': '2016-11-25T15:00:00+05:30'}, 'datetimeTo': {'utc': '2016-11-25T10:30:00Z', 'local': '2016-11-25T16:00:00+05:30'}}",,,"{'expectedCount': 1, 'expectedInterval': '01:00:00', 'observedCount': 1, 'observedInterval': '01:00:00', 'percentComplete': 100.0, 'percentCoverage': 100.0, 'datetimeFrom': {'utc': '2016-11-25T09:30:00Z', 'local': '2016-11-25T15:00:00+05:30'}, 'datetimeTo': {'utc': '2016-11-25T10:30:00Z', 'local': '2016-11-25T16:00:00+05:30'}}"
51.3,{'hasFlags': False},"{'id': 2, 'name': 'pm25', 'units': 'µg/m³', 'displayName': None}","{'label': 'raw', 'interval': '01:00:00', 'datetimeFrom': {'utc': '2016-11-25T10:30:00Z', 'local': '2016-11-25T16:00:00+05:30'}, 'datetimeTo': {'utc': '2016-11-25T11:30:00Z', 'local': '2016-11-25T17:00:00+05:30'}}",,,"{'expectedCount': 1, 'expectedInterval': '01:00:00', 'observedCount': 1, 'observedInterval': '01:00:00', 'percentComplete': 100.0, 'percentCoverage': 100.0, 'datetimeFrom': {'utc': '2016-11-25T10:30:00Z', 'local': '2016-11-25T16:00:00+05:30'}, 'datetimeTo': {'utc': '2016-11-25T11:30:00Z', 'local': '2016-11-25T17:00:00+05:30'}}"
52.1,{'hasFlags': False},"{'id': 2, 'name': 'pm25', 'units': 'µg/m³', 'displayName': None}","{'label': 'raw', 'interval': '01:00:00', 'datetimeFrom': {'utc': '2016-11-25T11:30:00Z', 'local': '2016-11-25T17:00:00+05:30'}, 'datetimeTo': {'utc': '2016-11-25T12:30:00Z', 'local': '2016-11-25T18:00:00+05:30'}}",,,"{'expectedCount': 1, 'expectedInterval': '01:00:00', 'observedCount': 1, 'observedInterval': '01:00:00', 'percentComplete': 100.0, 'percentCoverage': 100.0, 'datetimeFrom': {'utc': '2016-11-25T11:30:00Z', 'local': '2016-11-25T17:00:00+05:30'}, 'datetimeTo': {'utc': '2016-11-25T12:30:00Z', 'local': '2016-11-25T18:00:00+05:30'}}"
53.5,{'hasFlags': False},"{'id': 2, 'name': 'pm25', 'units': 'µg/m³', 'displayName': None}","{'label': 'raw', 'interval': '01:00:00', 'datetimeFrom': {'utc': '2016-11-25T12:30:00Z', 'local': '2016-11-25T18:00:00+05:30'}, 'datetimeTo': {'utc': '2016-11-25T13:30:00Z', 'local': '2016-11-25T19:00:00+05:30'}}",,,"{'expectedCount': 1, 'expectedInterval': '01:00:00', 'observedCount': 1, 'observedInterval': '01:00:00', 'percentComplete': 100.0, 'percentCoverage': 100.0, 'datetimeFrom': {'utc': '2016-11-25T12:30:00Z', 'local': '2016-11-25T18:00:00+05:30'}, 'datetimeTo': {'utc': '2016-11-25T13:30:00Z', 'local': '2016-11-25T19:00:00+05:30'}}"
59.2,{'hasFlags': False},"{'id': 2, 'name': 'pm25', 'units': 'µg/m³', 'displayName': None}","{'label': 'raw', 'interval': '01:00:00', 'datetimeFrom': {'utc': '2016-11-25T13:30:00Z', 'local': '2016-11-25T19:00:00+05:30'}, 'datetimeTo': {'utc': '2016-11-25T14:30:00Z', 'local': '2016-11-25T20:00:00+05:30'}}",,,"{'expectedCount': 1, 'expectedInterval': '01:00:00', 'observedCount': 1, 'observedInterval': '01:00:00', 'percentComplete': 100.0, 'percentCoverage': 100.0, 'datetimeFrom': {'utc': '2016-11-25T13:30:00Z', 'local': '2016-11-25T19:00:00+05:30'}, 'datetimeTo': {'utc': '2016-11-25T14:30:00Z', 'local': '2016-11-25T20:00:00+05:30'}}"
74.6,{'hasFlags': False},"{'id': 2, 'name': 'pm25', 'units': 'µg/m³', 'displayName': None}","{'label': 'raw', 'interval': '01:00:00', 'datetimeFrom': {'utc': '2016-11-25T14:30:00Z', 'local': '2016-11-25T20:00:00+05:30'}, 'datetimeTo': {'utc': '2016-11-25T15:30:00Z', 'local': '2016-11-25T21:00:00+05:30'}}",,,"{'expectedCount': 1, 'expectedInterval': '01:00:00', 'observedCount': 1, 'observedInterval': '01:00:00', 'percentComplete': 100.0, 'percentCoverage': 100.0, 'datetimeFrom': {'utc': '2016-11-25T14:30:00Z', 'local': '2016-11-25T20:00:00+05:30'}, 'datetimeTo': {'utc': '2016-11-25T15:30:00Z', 'local': '2016-11-25T21:00:00+05:30'}}"
80.3,{'hasFlags': False},"{'id': 2, 'name': 'pm25', 'units': 'µg/m³', 'displayName': None}","{'label': 'raw', 'interval': '01:00:00', 'datetimeFrom': {'utc': '2016-11-25T15:30:00Z', 'local': '2016-11-25T21:00:00+05:30'}, 'datetimeTo': {'utc': '2016-11-25T16:30:00Z', 'local': '2016-11-25T22:00:00+05:30'}}",,,"{'expectedCount': 1, 'expectedInterval': '01:00:00', 'observedCount': 1, 'observedInterval': '01:00:00', 'percentComplete': 100.0, 'percentCoverage': 100.0, 'datetimeFrom': {'utc': '2016-11-25T15:30:00Z', 'local': '2016-11-25T21:00:00+05:30'}, 'datetimeTo': {'utc': '2016-11-25T16:30:00Z', 'local': '2016-11-25T22:00:00+05:30'}}"
83.1,{'hasFlags': False},"{'id': 2, 'name': 'pm25', 'units': 'µg/m³', 'displayName': None}","{'label': 'raw', 'interval': '01:00:00', 'datetimeFrom': {'utc': '2016-11-25T16:30:00Z', 'local': '2016-11-25T22:00:00+05:30'}, 'datetimeTo': {'utc': '2016-11-25T17:30:00Z', 'local': '2016-11-25T23:00:00+05:30'}}",,,"{'expectedCount': 1, 'expectedInterval': '01:00:00', 'observedCount': 1, 'observedInterval': '01:00:00', 'percentComplete': 100.0, 'percentCoverage': 100.0, 'datetimeFrom': {'utc': '2016-11-25T16:30:00Z', 'local': '2016-11-25T22:00:00+05:30'}, 'datetimeTo': {'utc': '2016-11-25T17:30:00Z', 'local': '2016-11-25T23:00:00+05:30'}}"
88.5,{'hasFlags': False},"{'id': 2, 'name': 'pm25', 'units': 'µg/m³', 'displayName': None}","{'label': 'raw', 'interval': '01:00:00', 'datetimeFrom': {'utc': '2016-11-25T17:30:00Z', 'local': '2016-11-25T23:00:00+05:30'}, 'datetimeTo': {'utc': '2016-11-25T18:30:00Z', 'local': '2016-11-26T00:00:00+05:30'}}",,,"{'expectedCount': 1, 'expectedInterval': '01:00:00', 'observedCount': 1, 'observedInterval': '01:00:00', 'percentComplete': 100.0, 'percentCoverage': 100.0, 'datetimeFrom': {'utc': '2016-11-25T17:30:00Z', 'local': '2016-11-25T23:00:00+05:30'}, 'datetimeTo': {'utc': '2016-11-25T18:30:00Z', 'local': '2016-11-26T00:00:00+05:30'}}"
85.7,{'hasFlags': False},"{'id': 2, 'name': 'pm25', 'units': 'µg/m³', 'displayName': None}","{'label': 'raw', 'interval': '01:00:00', 'datetimeFrom': {'utc': '2016-11-25T18:30:00Z', 'local': '2016-11-26T00:00:00+05:30'}, 'datetimeTo': {'utc': '2016-11-25T19:30:00Z', 'local': '2016-11-26T01:00:00+05:30'}}",,,"{'expectedCount': 1, 'expectedInterval': '01:00:00', 'observedCount': 1, 'observedInterval': '01:00:00', 'percentComplete': 100.0, 'percentCoverage': 100.0, 'datetimeFrom': {'utc': '2016-11-25T18:30:00Z', 'local': '2016-11-26T00:00:00+05:30'}, 'datetimeTo': {'utc': '2016-11-25T19:30:00Z', 'local': '2016-11-26T01:00:00+05:30'}}"
83.8,{'hasFlags': False},"{'id': 2, 'name': 'pm25', 'units': 'µg/m³', 'displayName': None}","{'label': 'raw', 'interval': '01:00:00', 'datetimeFrom': {'utc': '2016-11-25T19:30:00Z', 'local': '2016-11-26T01:00:00+05:30'}, 'datetimeTo': {'utc': '2016-11-25T20:30:00Z', 'local': '2016-11-26T02:00:00+05:30'}}",,,"{'expectedCount': 1, 'expectedInterval': '01:00:00', 'observedCount': 1, 'observedInterval': '01:00:00', 'percentComplete': 100.0, 'percentCoverage': 100.0, 'datetimeFrom': {'utc': '2016-11-25T19:30:00Z', 'local': '2016-11-26T01:00:00+05:30'}, 'datetimeTo': {'utc': '2016-11-25T20:30:00Z', 'local': '2016-11-26T02:00:00+05:30'}}"
83.4,{'hasFlags': False},"{'id': 2, 'name': 'pm25', 'units': 'µg/m³', 'displayName': None}","{'label': 'raw', 'interval': '01:00:00', 'datetimeFrom': {'utc': '2016-11-25T20:30:00Z', 'local': '2016-11-26T02:00:00+05:30'}, 'datetimeTo': {'utc': '2016-11-25T21:30:00Z', 'local': '2016-11-26T03:00:00+05:30'}}",,,"{'expectedCount': 1, 'expectedInterval': '01:00:00', 'observedCount': 1, 'observedInterval': '01:00:00', 'percentComplete': 100.0, 'percentCoverage': 100.0, 'datetimeFrom': {'utc': '2016-11-25T20:30:00Z', 'local': '2016-11-26T02:00:00+05:30'}, 'datetimeTo': {'utc': '2016-11-25T21:30:00Z', 'local': '2016-11-26T03:00:00+05:30'}}"
80.2,{'hasFlags': False},"{'id': 2, 'name': 'pm25', 'units': 'µg/m³', 'displayName': None}","{'label': 'raw', 'interval': '01:00:00', 'datetimeFrom': {'utc': '2016-11-25T21:30:00Z', 'local': '2016-11-26T03:00:00+05:30'}, 'datetimeTo': {'utc': '2016-11-25T22:30:00Z', 'local': '2016-11-26T04:00:00+05:30'}}",,,"{'expectedCount': 1, 'expectedInterval': '01:00:00', 'observedCount': 1, 'observedInterval': '01:00:00', 'percentComplete': 100.0, 'percentCoverage': 100.0, 'datetimeFrom': {'utc': '2016-11-25T21:30:00Z', 'local': '2016-11-26T03:00:00+05:30'}, 'datetimeTo': {'utc': '2016-11-25T22:30:00Z', 'local': '2016-11-26T04:00:00+05:30'}}"
80.3,{'hasFlags': False},"{'id': 2, 'name': 'pm25', 'units': 'µg/m³', 'displayName': None}","{'label': 'raw', 'interval': '01:00:00', 'datetimeFrom': {'utc': '2016-11-25T22:30:00Z', 'local': '2016-11-26T04:00:00+05:30'}, 'datetimeTo': {'utc': '2016-11-25T23:30:00Z', 'local': '2016-11-26T05:00:00+05:30'}}",,,"{'expectedCount': 1, 'expectedInterval': '01:00:00', 'observedCount': 1, 'observedInterval': '01:00:00', 'percentComplete': 100.0, 'percentCoverage': 100.0, 'datetimeFrom': {'utc': '2016-11-25T22:30:00Z', 'local': '2016-11-26T04:00:00+05:30'}, 'datetimeTo': {'utc': '2016-11-25T23:30:00Z', 'local': '2016-11-26T05:00:00+05:30'}}"
81.1,{'hasFlags': False},"{'id': 2, 'name': 'pm25', 'units': 'µg/m³', 'displayName': None}","{'label': 'raw', 'interval': '01:00:00', 'datetimeFrom': {'utc': '2016-11-25T23:30:00Z', 'local': '2016-11-26T05:00:00+05:30'}, 'datetimeTo': {'utc': '2016-11-26T00:30:00Z', 'local': '2016-11-26T06:00:00+05:30'}}",,,"{'expectedCount': 1, 'expectedInterval': '01:00:00', 'observedCount': 1, 'observedInterval': '01:00:00', 'percentComplete': 100.0, 'percentCoverage': 100.0, 'datetimeFrom': {'utc': '2016-11-25T23:30:00Z', 'local': '2016-11-26T05:00:00+05:30'}, 'datetimeTo': {'utc': '2016-11-26T00:30:00Z', 'local': '2016-11-26T06:00:00+05:30'}}"
82.9,{'hasFlags': False},"{'id': 2, 'name': 'pm25', 'units': 'µg/m³', 'displayName': None}","{'label': 'raw', 'interval': '01:00:00', 'datetimeFrom': {'utc': '2016-11-26T00:30:00Z', 'local': '2016-11-26T06:00:00+05:30'}, 'datetimeTo': {'utc': '2016-11-26T01:30:00Z', 'local': '2016-11-26T07:00:00+05:30'}}",,,"{'expectedCount': 1, 'expectedInterval': '01:00:00', 'observedCount': 1, 'observedInterval': '01:00:00', 'percentComplete': 100.0, 'percentCoverage': 100.0, 'datetimeFrom': {'utc': '2016-11-26T00:30:00Z', 'local': '2016-11-26T06:00:00+05:30'}, 'datetimeTo': {'utc': '2016-11-26T01:30:00Z', 'local': '2016-11-26T07:00:00+05:30'}}"
85.1,{'hasFlags': False},"{'id': 2, 'name': 'pm25', 'units': 'µg/m³', 'displayName': None}","{'label': 'raw', 'interval': '01:00:00', 'datetimeFrom': {'utc': '2016-11-26T01:30:00Z', 'local': '2016-11-26T07:00:00+05:30'}, 'datetimeTo': {'utc': '2016-11-26T02:30:00Z', 'local': '2016-11-26T08:00:00+05:30'}}",,,"{'expectedCount': 1, 'expectedInterval': '01:00:00', 'observedCount': 1, 'observedInterval': '01:00:00', 'percentComplete': 100.0, 'percentCoverage': 100.0, 'datetimeFrom': {'utc': '2016-11-26T01:30:00Z', 'local': '2016-11-26T07:00:00+05:30'}, 'datetimeTo': {'utc': '2016-11-26T02:30:00Z', 'local': '2016-11-26T08:00:00+05:30'}}"
87.1,{'hasFlags': False},"{'id': 2, 'name': 'pm25', 'units': 'µg/m³', 'displayName': None}","{'label': 'raw', 'interval': '01:00:00', 'datetimeFrom': {'utc': '2016-11-26T02:30:00Z', 'local': '2016-11-26T08:00:00+05:30'}, 'datetimeTo': {'utc': '2016-11-26T03:30:00Z', 'local': '2016-11-26T09:00:00+05:30'}}",,,"{'expectedCount': 1, 'expectedInterval': '01:00:00', 'observedCount': 1, 'observedInterval': '01:00:00', 'percentComplete': 100.0, 'percentCoverage': 100.0, 'datetimeFrom': {'utc': '2016-11-26T02:30:00Z', 'local': '2016-11-26T08:00:00+05:30'}, 'datetimeTo': {'utc': '2016-11-26T03:30:00Z', 'local': '2016-11-26T09:00:00+05:30'}}"
88.8,{'hasFlags': False},"{'id': 2, 'name': 'pm25', 'units': 'µg/m³', 'displayName': None}","{'label': 'raw', 'interval': '01:00:00', 'datetimeFrom': {'utc': '2016-11-26T03:30:00Z', 'local': '2016-11-26T09:00:00+05:30'}, 'datetimeTo': {'utc': '2016-11-26T04:30:00Z', 'local': '2016-11-26T10:00:00+05:30'}}",,,"{'expectedCount': 1, 'expectedInterval': '01:00:00', 'observedCount': 1, 'observedInterval': '01:00:00', 'percentComplete': 100.0, 'percentCoverage': 100.0, 'datetimeFrom': {'utc': '2016-11-26T03:30:00Z', 'local': '2016-11-26T09:00:00+05:30'}, 'datetimeTo': {'utc': '2016-11-26T04:30:00Z', 'local': '2016-11-26T10:00:00+05:30'}}"
92.4,{'hasFlags': False},"{'id': 2, 'name': 'pm25', 'units': 'µg/m³', 'displayName': None}","{'label': 'raw', 'interval': '01:00:00', 'datetimeFrom': {'utc': '2016-11-26T04:30:00Z', 'local': '2016-11-26T10:00:00+05:30'}, 'datetimeTo': {'utc': '2016-11-26T05:30:00Z', 'local': '2016-11-26T11:00:00+05:30'}}",,,"{'expectedCount': 1, 'expectedInterval': '01:00:00', 'observedCount': 1, 'observedInterval': '01:00:00', 'percentComplete': 100.0, 'percentCoverage': 100.0, 'datetimeFrom': {'utc': '2016-11-26T04:30:00Z', 'local': '2016-11-26T10:00:00+05:30'}, 'datetimeTo': {'utc': '2016-11-26T05:30:00Z', 'local': '2016-11-26T11:00:00+05:30'}}"
91.5,{'hasFlags': False},"{'id': 2, 'name': 'pm25', 'units': 'µg/m³', 'displayName': None}","{'label': 'raw', 'interval': '01:00:00', 'datetimeFrom': {'utc': '2016-11-26T05:30:00Z', 'local': '2016-11-26T11:00:00+05:30'}, 'datetimeTo': {'utc': '2016-11-26T06:30:00Z', 'local': '2016-11-26T12:00:00+05:30'}}",,,"{'expectedCount': 1, 'expectedInterval': '01:00:00', 'observedCount': 1, 'observedInterval': '01:00:00', 'percentComplete': 100.0, 'percentCoverage': 100.0, 'datetimeFrom': {'utc': '2016-11-26T05:30:00Z', 'local': '2016-11-26T11:00:00+05:30'}, 'datetimeTo': {'utc': '2016-11-26T06:30:00Z', 'local': '2016-11-26T12:00:00+05:30'}}"
85.4,{'hasFlags': False},"{'id': 2, 'name': 'pm25', 'units': 'µg/m³', 'displayName': None}","{'label': 'raw', 'interval': '01:00:00', 'datetimeFrom': {'utc': '2016-11-26T06:30:00Z', 'local': '2016-11-26T12:00:00+05:30'}, 'datetimeTo': {'utc': '2016-11-26T07:30:00Z', 'local': '2016-11-26T13:00:00+05:30'}}",,,"{'expectedCount': 1, 'expectedInterval': '01:00:00', 'observedCount': 1, 'observedInterval': '01:00:00', 'percentComplete': 100.0, 'percentCoverage': 100.0, 'datetimeFrom': {'utc': '2016-11-26T06:30:00Z', 'local': '2016-11-26T12:00:00+05:30'}, 'datetimeTo': {'utc': '2016-11-26T07:30:00Z', 'local': '2016-11-26T13:00:00+05:30'}}"
74.0,{'hasFlags': False},"{'id': 2, 'name': 'pm25', 'units': 'µg/m³', 'displayName': None}","{'label': 'raw', 'interval': '01:00:00', 'datetimeFrom': {'utc': '2016-11-26T07:30:00Z', 'local': '2016-11-26T13:00:00+05:30'}, 'datetimeTo': {'utc': '2016-11-26T08:30:00Z', 'local': '2016-11-26T14:00:00+05:30'}}",,,"{'expectedCount': 1, 'expectedInterval': '01:00:00', 'observedCount': 1, 'observedInterval': '01:00:00', 'percentComplete': 100.0, 'percentCoverage': 100.0, 'datetimeFrom': {'utc': '2016-11-26T07:30:00Z', 'local': '2016-11-26T13:00:00+05:30'}, 'datetimeTo': {'utc': '2016-11-26T08:30:00Z', 'local': '2016-11-26T14:00:00+05:30'}}"
61.9,{'hasFlags': False},"{'id': 2, 'name': 'pm25', 'units': 'µg/m³', 'displayName': None}","{'label': 'raw', 'interval': '01:00:00', 'datetimeFrom': {'utc': '2016-11-26T08:30:00Z', 'local': '2016-11-26T14:00:00+05:30'}, 'datetimeTo': {'utc': '2016-11-26T09:30:00Z', 'local': '2016-11-26T15:00:00+05:30'}}",,,"{'expectedCount': 1, 'expectedInterval': '01:00:00', 'observedCount': 1, 'observedInterval': '01:00:00', 'percentComplete': 100.0, 'percentCoverage': 100.0, 'datetimeFrom': {'utc': '2016-11-26T08:30:00Z', 'local': '2016-11-26T14:00:00+05:30'}, 'datetimeTo': {'utc': '2016-11-26T09:30:00Z', 'local': '2016-11-26T15:00:00+05:30'}}"
56.3,{'hasFlags': False},"{'id': 2, 'name': 'pm25', 'units': 'µg/m³', 'displayName': None}","{'label': 'raw', 'interval': '01:00:00', 'datetimeFrom': {'utc': '2016-11-26T09:30:00Z', 'local': '2016-11-26T15:00:00+05:30'}, 'datetimeTo': {'utc': '2016-11-26T10:30:00Z', 'local': '2016-11-26T16:00:00+05:30'}}",,,"{'expectedCount': 1, 'expectedInterval': '01:00:00', 'observedCount': 1, 'observedInterval': '01:00:00', 'percentComplete': 100.0, 'percentCoverage': 100.0, 'datetimeFrom': {'utc': '2016-11-26T09:30:00Z', 'local': '2016-11-26T15:00:00+05:30'}, 'datetimeTo': {'utc': '2016-11-26T10:30:00Z', 'local': '2016-11-26T16:00:00+05:30'}}"
51.5,{'hasFlags': False},"{'id': 2, 'name': 'pm25', 'units': 'µg/m³', 'displayName': None}","{'label': 'raw', 'interval': '01:00:00', 'datetimeFrom': {'utc': '2016-11-26T10:30:00Z', 'local': '2016-11-26T16:00:00+05:30'}, 'datetimeTo': {'utc': '2016-11-26T11:30:00Z', 'local': '2016-11-26T17:00:00+05:30'}}",,,"{'expectedCount': 1, 'expectedInterval': '01:00:00', 'observedCount': 1, 'observedInterval': '01:00:00', 'percentComplete': 100.0, 'percentCoverage': 100.0, 'datetimeFrom': {'utc': '2016-11-26T10:30:00Z', 'local': '2016-11-26T16:00:00+05:30'}, 'datetimeTo': {'utc': '2016-11-26T11:30:00Z', 'local': '2016-11-26T17:00:00+05:30'}}"
48.7,{'hasFlags': False},"{'id': 2, 'name': 'pm25', 'units': 'µg/m³', 'displayName': None}","{'label': 'raw', 'interval': '01:00:00', 'datetimeFrom': {'utc': '2016-11-26T11:30:00Z', 'local': '2016-11-26T17:00:00+05:30'}, 'datetimeTo': {'utc': '2016-11-26T12:30:00Z', 'local': '2016-11-26T18:00:00+05:30'}}",,,"{'expectedCount': 1, 'expectedInterval': '01:00:00', 'observedCount': 1, 'observedInterval': '01:00:00', 'percentComplete': 100.0, 'percentCoverage': 100.0, 'datetimeFrom': {'utc': '2016-11-26T11:30:00Z', 'local': '2016-11-26T17:00:00+05:30'}, 'datetimeTo': {'utc': '2016-11-26T12:30:00Z', 'local': '2016-11-26T18:00:00+05:30'}}"
51.3,{'hasFlags': False},"{'id': 2, 'name': 'pm25', 'units': 'µg/m³', 'displayName': None}","{'label': 'raw', 'interval': '01:00:00', 'datetimeFrom': {'utc': '2016-11-26T12:30:00Z', 'local': '2016-11-26T18:00:00+05:30'}, 'datetimeTo': {'utc': '2016-11-26T13:30:00Z', 'local': '2016-11-26T19:00:00+05:30'}}",,,"{'expectedCount': 1, 'expectedInterval': '01:00:00', 'observedCount': 1, 'observedInterval': '01:00:00', 'percentComplete': 100.0, 'percentCoverage': 100.0, 'datetimeFrom': {'utc': '2016-11-26T12:30:00Z', 'local': '2016-11-26T18:00:00+05:30'}, 'datetimeTo': {'utc': '2016-11-26T13:30:00Z', 'local': '2016-11-26T19:00:00+05:30'}}"
70.1,{'hasFlags': False},"{'id': 2, 'name': 'pm25', 'units': 'µg/m³', 'displayName': None}","{'label': 'raw', 'interval': '01:00:00', 'datetimeFrom': {'utc': '2016-11-26T13:30:00Z', 'local': '2016-11-26T19:00:00+05:30'}, 'datetimeTo': {'utc': '2016-11-26T14:30:00Z', 'local': '2016-11-26T20:00:00+05:30'}}",,,"{'expectedCount': 1, 'expectedInterval': '01:00:00', 'observedCount': 1, 'observedInterval': '01:00:00', 'percentComplete': 100.0, 'percentCoverage': 100.0, 'datetimeFrom': {'utc': '2016-11-26T13:30:00Z', 'local': '2016-11-26T19:00:00+05:30'}, 'datetimeTo': {'utc': '2016-11-26T14:30:00Z', 'local': '2016-11-26T20:00:00+05:30'}}"
90.5,{'hasFlags': False},"{'id': 2, 'name': 'pm25', 'units': 'µg/m³', 'displayName': None}","{'label': 'raw', 'interval': '01:00:00', 'datetimeFrom': {'utc': '2016-11-26T14:30:00Z', 'local': '2016-11-26T20:00:00+05:30'}, 'datetimeTo': {'utc': '2016-11-26T15:30:00Z', 'local': '2016-11-26T21:00:00+05:30'}}",,,"{'expectedCount': 1, 'expectedInterval': '01:00:00', 'observedCount': 1, 'observedInterval': '01:00:00', 'percentComplete': 100.0, 'percentCoverage': 100.0, 'datetimeFrom': {'utc': '2016-11-26T14:30:00Z', 'local': '2016-11-26T20:00:00+05:30'}, 'datetimeTo': {'utc': '2016-11-26T15:30:00Z', 'local': '2016-11-26T21:00:00+05:30'}}"
105.3,{'hasFlags': False},"{'id': 2, 'name': 'pm25', 'units': 'µg/m³', 'displayName': None}","{'label': 'raw', 'interval': '01:00:00', 'datetimeFrom': {'utc': '2016-11-26T15:30:00Z', 'local': '2016-11-26T21:00:00+05:30'}, 'datetimeTo': {'utc': '2016-11-26T16:30:00Z', 'local': '2016-11-26T22:00:00+05:30'}}",,,"{'expectedCount': 1, 'expectedInterval': '01:00:00', 'observedCount': 1, 'observedInterval': '01:00:00', 'percentComplete': 100.0, 'percentCoverage': 100.0, 'datetimeFrom': {'utc': '2016-11-26T15:30:00Z', 'local': '2016-11-26T21:00:00+05:30'}, 'datetimeTo': {'utc': '2016-11-26T16:30:00Z', 'local': '2016-11-26T22:00:00+05:30'}}"
104.6,{'hasFlags': False},"{'id': 2, 'name': 'pm25', 'units': 'µg/m³', 'displayName': None}","{'label': 'raw', 'interval': '01:00:00', 'datetimeFrom': {'utc': '2016-11-26T16:30:00Z', 'local': '2016-11-26T22:00:00+05:30'}, 'datetimeTo': {'utc': '2016-11-26T17:30:00Z', 'local': '2016-11-26T23:00:00+05:30'}}",,,"{'expectedCount': 1, 'expectedInterval': '01:00:00', 'observedCount': 1, 'observedInterval': '01:00:00', 'percentComplete': 100.0, 'percentCoverage': 100.0, 'datetimeFrom': {'utc': '2016-11-26T16:30:00Z', 'local': '2016-11-26T22:00:00+05:30'}, 'datetimeTo': {'utc': '2016-11-26T17:30:00Z', 'local': '2016-11-26T23:00:00+05:30'}}"
113.3,{'hasFlags': False},"{'id': 2, 'name': 'pm25', 'units': 'µg/m³', 'displayName': None}","{'label': 'raw', 'interval': '01:00:00', 'datetimeFrom': {'utc': '2016-11-26T17:30:00Z', 'local': '2016-11-26T23:00:00+05:30'}, 'datetimeTo': {'utc': '2016-11-26T18:30:00Z', 'local': '2016-11-27T00:00:00+05:30'}}",,,"{'expectedCount': 1, 'expectedInterval': '01:00:00', 'observedCount': 1, 'observedInterval': '01:00:00', 'percentComplete': 100.0, 'percentCoverage': 100.0, 'datetimeFrom': {'utc': '2016-11-26T17:30:00Z', 'local': '2016-11-26T23:00:00+05:30'}, 'datetimeTo': {'utc': '2016-11-26T18:30:00Z', 'local': '2016-11-27T00:00:00+05:30'}}"
122.1,{'hasFlags': False},"{'id': 2, 'name': 'pm25', 'units': 'µg/m³', 'displayName': None}","{'label': 'raw', 'interval': '01:00:00', 'datetimeFrom': {'utc': '2016-11-26T18:30:00Z', 'local': '2016-11-27T00:00:00+05:30'}, 'datetimeTo': {'utc': '2016-11-26T19:30:00Z', 'local': '2016-11-27T01:00:00+05:30'}}",,,"{'expectedCount': 1, 'expectedInterval': '01:00:00', 'observedCount': 1, 'observedInterval': '01:00:00', 'percentComplete': 100.0, 'percentCoverage': 100.0, 'datetimeFrom': {'utc': '2016-11-26T18:30:00Z', 'local': '2016-11-27T00:00:00+05:30'}, 'datetimeTo': {'utc': '2016-11-26T19:30:00Z', 'local': '2016-11-27T01:00:00+05:30'}}"
123.0,{'hasFlags': False},"{'id': 2, 'name': 'pm25', 'units': 'µg/m³', 'displayName': None}","{'label': 'raw', 'interval': '01:00:00', 'datetimeFrom': {'utc': '2016-11-26T19:30:00Z', 'local': '2016-11-27T01:00:00+05:30'}, 'datetimeTo': {'utc': '2016-11-26T20:30:00Z', 'local': '2016-11-27T02:00:00+05:30'}}",,,"{'expectedCount': 1, 'expectedInterval': '01:00:00', 'observedCount': 1, 'observedInterval': '01:00:00', 'percentComplete': 100.0, 'percentCoverage': 100.0, 'datetimeFrom': {'utc': '2016-11-26T19:30:00Z', 'local': '2016-11-27T01:00:00+05:30'}, 'datetimeTo': {'utc': '2016-11-26T20:30:00Z', 'local': '2016-11-27T02:00:00+05:30'}}"
115.5,{'hasFlags': False},"{'id': 2, 'name': 'pm25', 'units': 'µg/m³', 'displayName': None}","{'label': 'raw', 'interval': '01:00:00', 'datetimeFrom': {'utc': '2016-11-26T20:30:00Z', 'local': '2016-11-27T02:00:00+05:30'}, 'datetimeTo': {'utc': '2016-11-26T21:30:00Z', 'local': '2016-11-27T03:00:00+05:30'}}",,,"{'expectedCount': 1, 'expectedInterval': '01:00:00', 'observedCount': 1, 'observedInterval': '01:00:00', 'percentComplete': 100.0, 'percentCoverage': 100.0, 'datetimeFrom': {'utc': '2016-11-26T20:30:00Z', 'local': '2016-11-27T02:00:00+05:30'}, 'datetimeTo': {'utc': '2016-11-26T21:30:00Z', 'local': '2016-11-27T03:00:00+05:30'}}"
123.7,{'hasFlags': False},"{'id': 2, 'name': 'pm25', 'units': 'µg/m³', 'displayName': None}","{'label': 'raw', 'interval': '01:00:00', 'datetimeFrom': {'utc': '2016-11-26T21:30:00Z', 'local': '2016-11-27T03:00:00+05:30'}, 'datetimeTo': {'utc': '2016-11-26T22:30:00Z', 'local': '2016-11-27T04:00:00+05:30'}}",,,"{'expectedCount': 1, 'expectedInterval': '01:00:00', 'observedCount': 1, 'observedInterval': '01:00:00', 'percentComplete': 100.0, 'percentCoverage': 100.0, 'datetimeFrom': {'utc': '2016-11-26T21:30:00Z', 'local': '2016-11-27T03:00:00+05:30'}, 'datetimeTo': {'utc': '2016-11-26T22:30:00Z', 'local': '2016-11-27T04:00:00+05:30'}}"
124.4,{'hasFlags': False},"{'id': 2, 'name': 'pm25', 'units': 'µg/m³', 'displayName': None}","{'label': 'raw', 'interval': '01:00:00', 'datetimeFrom': {'utc': '2016-11-26T22:30:00Z', 'local': '2016-11-27T04:00:00+05:30'}, 'datetimeTo': {'utc': '2016-11-26T23:30:00Z', 'local': '2016-11-27T05:00:00+05:30'}}",,,"{'expectedCount': 1, 'expectedInterval': '01:00:00', 'observedCount': 1, 'observedInterval': '01:00:00', 'percentComplete': 100.0, 'percentCoverage': 100.0, 'datetimeFrom': {'utc': '2016-11-26T22:30:00Z', 'local': '2016-11-27T04:00:00+05:30'}, 'datetimeTo': {'utc': '2016-11-26T23:30:00Z', 'local': '2016-11-27T05:00:00+05:30'}}"
118.7,{'hasFlags': False},"{'id': 2, 'name': 'pm25', 'units': 'µg/m³', 'displayName': None}","{'label': 'raw', 'interval': '01:00:00', 'datetimeFrom': {'utc': '2016-11-26T23:30:00Z', 'local': '2016-11-27T05:00:00+05:30'}, 'datetimeTo': {'utc': '2016-11-27T00:30:00Z', 'local': '2016-11-27T06:00:00+05:30'}}",,,"{'expectedCount': 1, 'expectedInterval': '01:00:00', 'observedCount': 1, 'observedInterval': '01:00:00', 'percentComplete': 100.0, 'percentCoverage': 100.0, 'datetimeFrom': {'utc': '2016-11-26T23:30:00Z', 'local': '2016-11-27T05:00:00+05:30'}, 'datetimeTo': {'utc': '2016-11-27T00:30:00Z', 'local': '2016-11-27T06:00:00+05:30'}}"
118.7,{'hasFlags': False},"{'id': 2, 'name': 'pm25', 'units': 'µg/m³', 'displayName': None}","{'label': 'raw', 'interval': '01:00:00', 'datetimeFrom': {'utc': '2016-11-27T00:30:00Z', 'local': '2016-11-27T06:00:00+05:30'}, 'datetimeTo': {'utc': '2016-11-27T01:30:00Z', 'local': '2016-11-27T07:00:00+05:30'}}",,,"{'expectedCount': 1, 'expectedInterval': '01:00:00', 'observedCount': 1, 'observedInterval': '01:00:00', 'percentComplete': 100.0, 'percentCoverage': 100.0, 'datetimeFrom': {'utc': '2016-11-27T00:30:00Z', 'local': '2016-11-27T06:00:00+05:30'}, 'datetimeTo': {'utc': '2016-11-27T01:30:00Z', 'local': '2016-11-27T07:00:00+05:30'}}"
123.3,{'hasFlags': False},"{'id': 2, 'name': 'pm25', 'units': 'µg/m³', 'displayName': None}","{'label': 'raw', 'interval': '01:00:00', 'datetimeFrom': {'utc': '2016-11-27T01:30:00Z', 'local': '2016-11-27T07:00:00+05:30'}, 'datetimeTo': {'utc': '2016-11-27T02:30:00Z', 'local': '2016-11-27T08:00:00+05:30'}}",,,"{'expectedCount': 1, 'expectedInterval': '01:00:00', 'observedCount': 1, 'observedInterval': '01:00:00', 'percentComplete': 100.0, 'percentCoverage': 100.0, 'datetimeFrom': {'utc': '2016-11-27T01:30:00Z', 'local': '2016-11-27T07:00:00+05:30'}, 'datetimeTo': {'utc': '2016-11-27T02:30:00Z', 'local': '2016-11-27T08:00:00+05:30'}}"
134.2,{'hasFlags': False},"{'id': 2, 'name': 'pm25', 'units': 'µg/m³', 'displayName': None}","{'label': 'raw', 'interval': '01:00:00', 'datetimeFrom': {'utc': '2016-11-27T02:30:00Z', 'local': '2016-11-27T08:00:00+05:30'}, 'datetimeTo': {'utc': '2016-11-27T03:30:00Z', 'local': '2016-11-27T09:00:00+05:30'}}",,,"{'expectedCount': 1, 'expectedInterval': '01:00:00', 'observedCount': 1, 'observedInterval': '01:00:00', 'percentComplete': 100.0, 'percentCoverage': 100.0, 'datetimeFrom': {'utc': '2016-11-27T02:30:00Z', 'local': '2016-11-27T08:00:00+05:30'}, 'datetimeTo': {'utc': '2016-11-27T03:30:00Z', 'local': '2016-11-27T09:00:00+05:30'}}"
140.0,{'hasFlags': False},"{'id': 2, 'name': 'pm25', 'units': 'µg/m³', 'displayName': None}","{'label': 'raw', 'interval': '01:00:00', 'datetimeFrom': {'utc': '2016-11-27T03:30:00Z', 'local': '2016-11-27T09:00:00+05:30'}, 'datetimeTo': {'utc': '2016-11-27T04:30:00Z', 'local': '2016-11-27T10:00:00+05:30'}}",,,"{'expectedCount': 1, 'expectedInterval': '01:00:00', 'observedCount': 1, 'observedInterval': '01:00:00', 'percentComplete': 100.0, 'percentCoverage': 100.0, 'datetimeFrom': {'utc': '2016-11-27T03:30:00Z', 'local': '2016-11-27T09:00:00+05:30'}, 'datetimeTo': {'utc': '2016-11-27T04:30:00Z', 'local': '2016-11-27T10:00:00+05:30'}}"
140.9,{'hasFlags': False},"{'id': 2, 'name': 'pm25', 'units': 'µg/m³', 'displayName': None}","{'label': 'raw', 'interval': '01:00:00', 'datetimeFrom': {'utc': '2016-11-27T04:30:00Z', 'local': '2016-11-27T10:00:00+05:30'}, 'datetimeTo': {'utc': '2016-11-27T05:30:00Z', 'local': '2016-11-27T11:00:00+05:30'}}",,,"{'expectedCount': 1, 'expectedInterval': '01:00:00', 'observedCount': 1, 'observedInterval': '01:00:00', 'percentComplete': 100.0, 'percentCoverage': 100.0, 'datetimeFrom': {'utc': '2016-11-27T04:30:00Z', 'local': '2016-11-27T10:00:00+05:30'}, 'datetimeTo': {'utc': '2016-11-27T05:30:00Z', 'local': '2016-11-27T11:00:00+05:30'}}"
135.9,{'hasFlags': False},"{'id': 2, 'name': 'pm25', 'units': 'µg/m³', 'displayName': None}","{'label': 'raw', 'interval': '01:00:00', 'datetimeFrom': {'utc': '2016-11-27T05:30:00Z', 'local': '2016-11-27T11:00:00+05:30'}, 'datetimeTo': {'utc': '2016-11-27T06:30:00Z', 'local': '2016-11-27T12:00:00+05:30'}}",,,"{'expectedCount': 1, 'expectedInterval': '01:00:00', 'observedCount': 1, 'observedInterval': '01:00:00', 'percentComplete': 100.0, 'percentCoverage': 100.0, 'datetimeFrom': {'utc': '2016-11-27T05:30:00Z', 'local': '2016-11-27T11:00:00+05:30'}, 'datetimeTo': {'utc': '2016-11-27T06:30:00Z', 'local': '2016-11-27T12:00:00+05:30'}}"
129.8,{'hasFlags': False},"{'id': 2, 'name': 'pm25', 'units': 'µg/m³', 'displayName': None}","{'label': 'raw', 'interval': '01:00:00', 'datetimeFrom': {'utc': '2016-11-27T06:30:00Z', 'local': '2016-11-27T12:00:00+05:30'}, 'datetimeTo': {'utc': '2016-11-27T07:30:00Z', 'local': '2016-11-27T13:00:00+05:30'}}",,,"{'expectedCount': 1, 'expectedInterval': '01:00:00', 'observedCount': 1, 'observedInterval': '01:00:00', 'percentComplete': 100.0, 'percentCoverage': 100.0, 'datetimeFrom': {'utc': '2016-11-27T06:30:00Z', 'local': '2016-11-27T12:00:00+05:30'}, 'datetimeTo': {'utc': '2016-11-27T07:30:00Z', 'local': '2016-11-27T13:00:00+05:30'}}"
114.8,{'hasFlags': False},"{'id': 2, 'name': 'pm25', 'units': 'µg/m³', 'displayName': None}","{'label': 'raw', 'interval': '01:00:00', 'datetimeFrom': {'utc': '2016-11-27T07:30:00Z', 'local': '2016-11-27T13:00:00+05:30'}, 'datetimeTo': {'utc': '2016-11-27T08:30:00Z', 'local': '2016-11-27T14:00:00+05:30'}}",,,"{'expectedCount': 1, 'expectedInterval': '01:00:00', 'observedCount': 1, 'observedInterval': '01:00:00', 'percentComplete': 100.0, 'percentCoverage': 100.0, 'datetimeFrom': {'utc': '2016-11-27T07:30:00Z', 'local': '2016-11-27T13:00:00+05:30'}, 'datetimeTo': {'utc': '2016-11-27T08:30:00Z', 'local': '2016-11-27T14:00:00+05:30'}}"
79.8,{'hasFlags': False},"{'id': 2, 'name': 'pm25', 'units': 'µg/m³', 'displayName': None}","{'label': 'raw', 'interval': '01:00:00', 'datetimeFrom': {'utc': '2016-11-27T08:30:00Z', 'local': '2016-11-27T14:00:00+05:30'}, 'datetimeTo': {'utc': '2016-11-27T09:30:00Z', 'local': '2016-11-27T15:00:00+05:30'}}",,,"{'expectedCount': 1, 'expectedInterval': '01:00:00', 'observedCount': 1, 'observedInterval': '01:00:00', 'percentComplete': 100.0, 'percentCoverage': 100.0, 'datetimeFrom': {'utc': '2016-11-27T08:30:00Z', 'local': '2016-11-27T14:00:00+05:30'}, 'datetimeTo': {'utc': '2016-11-27T09:30:00Z', 'local': '2016-11-27T15:00:00+05:30'}}"
55.4,{'hasFlags': False},"{'id': 2, 'name': 'pm25', 'units': 'µg/m³', 'displayName': None}","{'label': 'raw', 'interval': '01:00:00', 'datetimeFrom': {'utc': '2016-11-27T09:30:00Z', 'local': '2016-11-27T15:00:00+05:30'}, 'datetimeTo': {'utc': '2016-11-27T10:30:00Z', 'local': '2016-11-27T16:00:00+05:30'}}",,,"{'expectedCount': 1, 'expectedInterval': '01:00:00', 'observedCount': 1, 'observedInterval': '01:00:00', 'percentComplete': 100.0, 'percentCoverage': 100.0, 'datetimeFrom': {'utc': '2016-11-27T09:30:00Z', 'local': '2016-11-27T15:00:00+05:30'}, 'datetimeTo': {'utc': '2016-11-27T10:30:00Z', 'local': '2016-11-27T16:00:00+05:30'}}"
45.1,{'hasFlags': False},"{'id': 2, 'name': 'pm25', 'units': 'µg/m³', 'displayName': None}","{'label': 'raw', 'interval': '01:00:00', 'datetimeFrom': {'utc': '2016-11-27T10:30:00Z', 'local': '2016-11-27T16:00:00+05:30'}, 'datetimeTo': {'utc': '2016-11-27T11:30:00Z', 'local': '2016-11-27T17:00:00+05:30'}}",,,"{'expectedCount': 1, 'expectedInterval': '01:00:00', 'observedCount': 1, 'observedInterval': '01:00:00', 'percentComplete': 100.0, 'percentCoverage': 100.0, 'datetimeFrom': {'utc': '2016-11-27T10:30:00Z', 'local': '2016-11-27T16:00:00+05:30'}, 'datetimeTo': {'utc': '2016-11-27T11:30:00Z', 'local': '2016-11-27T17:00:00+05:30'}}"
43.0,{'hasFlags': False},"{'id': 2, 'name': 'pm25', 'units': 'µg/m³', 'displayName': None}","{'label': 'raw', 'interval': '01:00:00', 'datetimeFrom': {'utc': '2016-11-27T11:30:00Z', 'local': '2016-11-27T17:00:00+05:30'}, 'datetimeTo': {'utc': '2016-11-27T12:30:00Z', 'local': '2016-11-27T18:00:00+05:30'}}",,,"{'expectedCount': 1, 'expectedInterval': '01:00:00', 'observedCount': 1, 'observedInterval': '01:00:00', 'percentComplete': 100.0, 'percentCoverage': 100.0, 'datetimeFrom': {'utc': '2016-11-27T11:30:00Z', 'local': '2016-11-27T17:00:00+05:30'}, 'datetimeTo': {'utc': '2016-11-27T12:30:00Z', 'local': '2016-11-27T18:00:00+05:30'}}"
50.5,{'hasFlags': False},"{'id': 2, 'name': 'pm25', 'units': 'µg/m³', 'displayName': None}","{'label': 'raw', 'interval': '01:00:00', 'datetimeFrom': {'utc': '2016-11-27T12:30:00Z', 'local': '2016-11-27T18:00:00+05:30'}, 'datetimeTo': {'utc': '2016-11-27T13:30:00Z', 'local': '2016-11-27T19:00:00+05:30'}}",,,"{'expectedCount': 1, 'expectedInterval': '01:00:00', 'observedCount': 1, 'observedInterval': '01:00:00', 'percentComplete': 100.0, 'percentCoverage': 100.0, 'datetimeFrom': {'utc': '2016-11-27T12:30:00Z', 'local': '2016-11-27T18:00:00+05:30'}, 'datetimeTo': {'utc': '2016-11-27T13:30:00Z', 'local': '2016-11-27T19:00:00+05:30'}}"
64.7,{'hasFlags': False},"{'id': 2, 'name': 'pm25', 'units': 'µg/m³', 'displayName': None}","{'label': 'raw', 'interval': '01:00:00', 'datetimeFrom': {'utc': '2016-11-27T13:30:00Z', 'local': '2016-11-27T19:00:00+05:30'}, 'datetimeTo': {'utc': '2016-11-27T14:30:00Z', 'local': '2016-11-27T20:00:00+05:30'}}",,,"{'expectedCount': 1, 'expectedInterval': '01:00:00', 'observedCount': 1, 'observedInterval': '01:00:00', 'percentComplete': 100.0, 'percentCoverage': 100.0, 'datetimeFrom': {'utc': '2016-11-27T13:30:00Z', 'local': '2016-11-27T19:00:00+05:30'}, 'datetimeTo': {'utc': '2016-11-27T14:30:00Z', 'local': '2016-11-27T20:00:00+05:30'}}"
69.3,{'hasFlags': False},"{'id': 2, 'name': 'pm25', 'units': 'µg/m³', 'displayName': None}","{'label': 'raw', 'interval': '01:00:00', 'datetimeFrom': {'utc': '2016-11-27T14:30:00Z', 'local': '2016-11-27T20:00:00+05:30'}, 'datetimeTo': {'utc': '2016-11-27T15:30:00Z', 'local': '2016-11-27T21:00:00+05:30'}}",,,"{'expectedCount': 1, 'expectedInterval': '01:00:00', 'observedCount': 1, 'observedInterval': '01:00:00', 'percentComplete': 100.0, 'percentCoverage': 100.0, 'datetimeFrom': {'utc': '2016-11-27T14:30:00Z', 'local': '2016-11-27T20:00:00+05:30'}, 'datetimeTo': {'utc': '2016-11-27T15:30:00Z', 'local': '2016-11-27T21:00:00+05:30'}}"
64.6,{'hasFlags': False},"{'id': 2, 'name': 'pm25', 'units': 'µg/m³', 'displayName': None}","{'label': 'raw', 'interval': '01:00:00', 'datetimeFrom': {'utc': '2016-11-27T15:30:00Z', 'local': '2016-11-27T21:00:00+05:30'}, 'datetimeTo': {'utc': '2016-11-27T16:30:00Z', 'local': '2016-11-27T22:00:00+05:30'}}",,,"{'expectedCount': 1, 'expectedInterval': '01:00:00', 'observedCount': 1, 'observedInterval': '01:00:00', 'percentComplete': 100.0, 'percentCoverage': 100.0, 'datetimeFrom': {'utc': '2016-11-27T15:30:00Z', 'local': '2016-11-27T21:00:00+05:30'}, 'datetimeTo': {'utc': '2016-11-27T16:30:00Z', 'local': '2016-11-27T22:00:00+05:30'}}"
66.3,{'hasFlags': False},"{'id': 2, 'name': 'pm25', 'units': 'µg/m³', 'displayName': None}","{'label': 'raw', 'interval': '01:00:00', 'datetimeFrom': {'utc': '2016-11-27T16:30:00Z', 'local': '2016-11-27T22:00:00+05:30'}, 'datetimeTo': {'utc': '2016-11-27T17:30:00Z', 'local': '2016-11-27T23:00:00+05:30'}}",,,"{'expectedCount': 1, 'expectedInterval': '01:00:00', 'observedCount': 1, 'observedInterval': '01:00:00', 'percentComplete': 100.0, 'percentCoverage': 100.0, 'datetimeFrom': {'utc': '2016-11-27T16:30:00Z', 'local': '2016-11-27T22:00:00+05:30'}, 'datetimeTo': {'utc': '2016-11-27T17:30:00Z', 'local': '2016-11-27T23:00:00+05:30'}}"
64.6,{'hasFlags': False},"{'id': 2, 'name': 'pm25', 'units': 'µg/m³', 'displayName': None}","{'label': 'raw', 'interval': '01:00:00', 'datetimeFrom': {'utc': '2016-11-27T17:30:00Z', 'local': '2016-11-27T23:00:00+05:30'}, 'datetimeTo': {'utc': '2016-11-27T18:30:00Z', 'local': '2016-11-28T00:00:00+05:30'}}",,,"{'expectedCount': 1, 'expectedInterval': '01:00:00', 'observedCount': 1, 'observedInterval': '01:00:00', 'percentComplete': 100.0, 'percentCoverage': 100.0, 'datetimeFrom': {'utc': '2016-11-27T17:30:00Z', 'local': '2016-11-27T23:00:00+05:30'}, 'datetimeTo': {'utc': '2016-11-27T18:30:00Z', 'local': '2016-11-28T00:00:00+05:30'}}"
65.8,{'hasFlags': False},"{'id': 2, 'name': 'pm25', 'units': 'µg/m³', 'displayName': None}","{'label': 'raw', 'interval': '01:00:00', 'datetimeFrom': {'utc': '2016-11-27T18:30:00Z', 'local': '2016-11-28T00:00:00+05:30'}, 'datetimeTo': {'utc': '2016-11-27T19:30:00Z', 'local': '2016-11-28T01:00:00+05:30'}}",,,"{'expectedCount': 1, 'expectedInterval': '01:00:00', 'observedCount': 1, 'observedInterval': '01:00:00', 'percentComplete': 100.0, 'percentCoverage': 100.0, 'datetimeFrom': {'utc': '2016-11-27T18:30:00Z', 'local': '2016-11-28T00:00:00+05:30'}, 'datetimeTo': {'utc': '2016-11-27T19:30:00Z', 'local': '2016-11-28T01:00:00+05:30'}}"
67.9,{'hasFlags': False},"{'id': 2, 'name': 'pm25', 'units': 'µg/m³', 'displayName': None}","{'label': 'raw', 'interval': '01:00:00', 'datetimeFrom': {'utc': '2016-11-27T19:30:00Z', 'local': '2016-11-28T01:00:00+05:30'}, 'datetimeTo': {'utc': '2016-11-27T20:30:00Z', 'local': '2016-11-28T02:00:00+05:30'}}",,,"{'expectedCount': 1, 'expectedInterval': '01:00:00', 'observedCount': 1, 'observedInterval': '01:00:00', 'percentComplete': 100.0, 'percentCoverage': 100.0, 'datetimeFrom': {'utc': '2016-11-27T19:30:00Z', 'local': '2016-11-28T01:00:00+05:30'}, 'datetimeTo': {'utc': '2016-11-27T20:30:00Z', 'local': '2016-11-28T02:00:00+05:30'}}"
68.4,{'hasFlags': False},"{'id': 2, 'name': 'pm25', 'units': 'µg/m³', 'displayName': None}","{'label': 'raw', 'interval': '01:00:00', 'datetimeFrom': {'utc': '2016-11-27T20:30:00Z', 'local': '2016-11-28T02:00:00+05:30'}, 'datetimeTo': {'utc': '2016-11-27T21:30:00Z', 'local': '2016-11-28T03:00:00+05:30'}}",,,"{'expectedCount': 1, 'expectedInterval': '01:00:00', 'observedCount': 1, 'observedInterval': '01:00:00', 'percentComplete': 100.0, 'percentCoverage': 100.0, 'datetimeFrom': {'utc': '2016-11-27T20:30:00Z', 'local': '2016-11-28T02:00:00+05:30'}, 'datetimeTo': {'utc': '2016-11-27T21:30:00Z', 'local': '2016-11-28T03:00:00+05:30'}}"
72.2,{'hasFlags': False},"{'id': 2, 'name': 'pm25', 'units': 'µg/m³', 'displayName': None}","{'label': 'raw', 'interval': '01:00:00', 'datetimeFrom': {'utc': '2016-11-27T21:30:00Z', 'local': '2016-11-28T03:00:00+05:30'}, 'datetimeTo': {'utc': '2016-11-27T22:30:00Z', 'local': '2016-11-28T04:00:00+05:30'}}",,,"{'expectedCount': 1, 'expectedInterval': '01:00:00', 'observedCount': 1, 'observedInterval': '01:00:00', 'percentComplete': 100.0, 'percentCoverage': 100.0, 'datetimeFrom': {'utc': '2016-11-27T21:30:00Z', 'local': '2016-11-28T03:00:00+05:30'}, 'datetimeTo': {'utc': '2016-11-27T22:30:00Z', 'local': '2016-11-28T04:00:00+05:30'}}"
85.6,{'hasFlags': False},"{'id': 2, 'name': 'pm25', 'units': 'µg/m³', 'displayName': None}","{'label': 'raw', 'interval': '01:00:00', 'datetimeFrom': {'utc': '2016-11-27T22:30:00Z', 'local': '2016-11-28T04:00:00+05:30'}, 'datetimeTo': {'utc': '2016-11-27T23:30:00Z', 'local': '2016-11-28T05:00:00+05:30'}}",,,"{'expectedCount': 1, 'expectedInterval': '01:00:00', 'observedCount': 1, 'observedInterval': '01:00:00', 'percentComplete': 100.0, 'percentCoverage': 100.0, 'datetimeFrom': {'utc': '2016-11-27T22:30:00Z', 'local': '2016-11-28T04:00:00+05:30'}, 'datetimeTo': {'utc': '2016-11-27T23:30:00Z', 'local': '2016-11-28T05:00:00+05:30'}}"
78.7,{'hasFlags': False},"{'id': 2, 'name': 'pm25', 'units': 'µg/m³', 'displayName': None}","{'label': 'raw', 'interval': '01:00:00', 'datetimeFrom': {'utc': '2016-11-27T23:30:00Z', 'local': '2016-11-28T05:00:00+05:30'}, 'datetimeTo': {'utc': '2016-11-28T00:30:00Z', 'local': '2016-11-28T06:00:00+05:30'}}",,,"{'expectedCount': 1, 'expectedInterval': '01:00:00', 'observedCount': 1, 'observedInterval': '01:00:00', 'percentComplete': 100.0, 'percentCoverage': 100.0, 'datetimeFrom': {'utc': '2016-11-27T23:30:00Z', 'local': '2016-11-28T05:00:00+05:30'}, 'datetimeTo': {'utc': '2016-11-28T00:30:00Z', 'local': '2016-11-28T06:00:00+05:30'}}"
72.0,{'hasFlags': False},"{'id': 2, 'name': 'pm25', 'units': 'µg/m³', 'displayName': None}","{'label': 'raw', 'interval': '01:00:00', 'datetimeFrom': {'utc': '2016-11-28T00:30:00Z', 'local': '2016-11-28T06:00:00+05:30'}, 'datetimeTo': {'utc': '2016-11-28T01:30:00Z', 'local': '2016-11-28T07:00:00+05:30'}}",,,"{'expectedCount': 1, 'expectedInterval': '01:00:00', 'observedCount': 1, 'observedInterval': '01:00:00', 'percentComplete': 100.0, 'percentCoverage': 100.0, 'datetimeFrom': {'utc': '2016-11-28T00:30:00Z', 'local': '2016-11-28T06:00:00+05:30'}, 'datetimeTo': {'utc': '2016-11-28T01:30:00Z', 'local': '2016-11-28T07:00:00+05:30'}}"
76.3,{'hasFlags': False},"{'id': 2, 'name': 'pm25', 'units': 'µg/m³', 'displayName': None}","{'label': 'raw', 'interval': '01:00:00', 'datetimeFrom': {'utc': '2016-11-28T01:30:00Z', 'local': '2016-11-28T07:00:00+05:30'}, 'datetimeTo': {'utc': '2016-11-28T02:30:00Z', 'local': '2016-11-28T08:00:00+05:30'}}",,,"{'expectedCount': 1, 'expectedInterval': '01:00:00', 'observedCount': 1, 'observedInterval': '01:00:00', 'percentComplete': 100.0, 'percentCoverage': 100.0, 'datetimeFrom': {'utc': '2016-11-28T01:30:00Z', 'local': '2016-11-28T07:00:00+05:30'}, 'datetimeTo': {'utc': '2016-11-28T02:30:00Z', 'local': '2016-11-28T08:00:00+05:30'}}"
83.3,{'hasFlags': False},"{'id': 2, 'name': 'pm25', 'units': 'µg/m³', 'displayName': None}","{'label': 'raw', 'interval': '01:00:00', 'datetimeFrom': {'utc': '2016-11-28T02:30:00Z', 'local': '2016-11-28T08:00:00+05:30'}, 'datetimeTo': {'utc': '2016-11-28T03:30:00Z', 'local': '2016-11-28T09:00:00+05:30'}}",,,"{'expectedCount': 1, 'expectedInterval': '01:00:00', 'observedCount': 1, 'observedInterval': '01:00:00', 'percentComplete': 100.0, 'percentCoverage': 100.0, 'datetimeFrom': {'utc': '2016-11-28T02:30:00Z', 'local': '2016-11-28T08:00:00+05:30'}, 'datetimeTo': {'utc': '2016-11-28T03:30:00Z', 'local': '2016-11-28T09:00:00+05:30'}}"
88.2,{'hasFlags': False},"{'id': 2, 'name': 'pm25', 'units': 'µg/m³', 'displayName': None}","{'label': 'raw', 'interval': '01:00:00', 'datetimeFrom': {'utc': '2016-11-28T03:30:00Z', 'local': '2016-11-28T09:00:00+05:30'}, 'datetimeTo': {'utc': '2016-11-28T04:30:00Z', 'local': '2016-11-28T10:00:00+05:30'}}",,,"{'expectedCount': 1, 'expectedInterval': '01:00:00', 'observedCount': 1, 'observedInterval': '01:00:00', 'percentComplete': 100.0, 'percentCoverage': 100.0, 'datetimeFrom': {'utc': '2016-11-28T03:30:00Z', 'local': '2016-11-28T09:00:00+05:30'}, 'datetimeTo': {'utc': '2016-11-28T04:30:00Z', 'local': '2016-11-28T10:00:00+05:30'}}"
91.5,{'hasFlags': False},"{'id': 2, 'name': 'pm25', 'units': 'µg/m³', 'displayName': None}","{'label': 'raw', 'interval': '01:00:00', 'datetimeFrom': {'utc': '2016-11-28T04:30:00Z', 'local': '2016-11-28T10:00:00+05:30'}, 'datetimeTo': {'utc': '2016-11-28T05:30:00Z', 'local': '2016-11-28T11:00:00+05:30'}}",,,"{'expectedCount': 1, 'expectedInterval': '01:00:00', 'observedCount': 1, 'observedInterval': '01:00:00', 'percentComplete': 100.0, 'percentCoverage': 100.0, 'datetimeFrom': {'utc': '2016-11-28T04:30:00Z', 'local': '2016-11-28T10:00:00+05:30'}, 'datetimeTo': {'utc': '2016-11-28T05:30:00Z', 'local': '2016-11-28T11:00:00+05:30'}}"
89.8,{'hasFlags': False},"{'id': 2, 'name': 'pm25', 'units': 'µg/m³', 'displayName': None}","{'label': 'raw', 'interval': '01:00:00', 'datetimeFrom': {'utc': '2016-11-28T05:30:00Z', 'local': '2016-11-28T11:00:00+05:30'}, 'datetimeTo': {'utc': '2016-11-28T06:30:00Z', 'local': '2016-11-28T12:00:00+05:30'}}",,,"{'expectedCount': 1, 'expectedInterval': '01:00:00', 'observedCount': 1, 'observedInterval': '01:00:00', 'percentComplete': 100.0, 'percentCoverage': 100.0, 'datetimeFrom': {'utc': '2016-11-28T05:30:00Z', 'local': '2016-11-28T11:00:00+05:30'}, 'datetimeTo': {'utc': '2016-11-28T06:30:00Z', 'local': '2016-11-28T12:00:00+05:30'}}"
91.4,{'hasFlags': False},"{'id': 2, 'name': 'pm25', 'units': 'µg/m³', 'displayName': None}","{'label': 'raw', 'interval': '01:00:00', 'datetimeFrom': {'utc': '2016-11-28T06:30:00Z', 'local': '2016-11-28T12:00:00+05:30'}, 'datetimeTo': {'utc': '2016-11-28T07:30:00Z', 'local': '2016-11-28T13:00:00+05:30'}}",,,"{'expectedCount': 1, 'expectedInterval': '01:00:00', 'observedCount': 1, 'observedInterval': '01:00:00', 'percentComplete': 100.0, 'percentCoverage': 100.0, 'datetimeFrom': {'utc': '2016-11-28T06:30:00Z', 'local': '2016-11-28T12:00:00+05:30'}, 'datetimeTo': {'utc': '2016-11-28T07:30:00Z', 'local': '2016-11-28T13:00:00+05:30'}}"
74.7,{'hasFlags': False},"{'id': 2, 'name': 'pm25', 'units': 'µg/m³', 'displayName': None}","{'label': 'raw', 'interval': '01:00:00', 'datetimeFrom': {'utc': '2016-11-28T07:30:00Z', 'local': '2016-11-28T13:00:00+05:30'}, 'datetimeTo': {'utc': '2016-11-28T08:30:00Z', 'local': '2016-11-28T14:00:00+05:30'}}",,,"{'expectedCount': 1, 'expectedInterval': '01:00:00', 'observedCount': 1, 'observedInterval': '01:00:00', 'percentComplete': 100.0, 'percentCoverage': 100.0, 'datetimeFrom': {'utc': '2016-11-28T07:30:00Z', 'local': '2016-11-28T13:00:00+05:30'}, 'datetimeTo': {'utc': '2016-11-28T08:30:00Z', 'local': '2016-11-28T14:00:00+05:30'}}"
57.5,{'hasFlags': False},"{'id': 2, 'name': 'pm25', 'units': 'µg/m³', 'displayName': None}","{'label': 'raw', 'interval': '01:00:00', 'datetimeFrom': {'utc': '2016-11-28T08:30:00Z', 'local': '2016-11-28T14:00:00+05:30'}, 'datetimeTo': {'utc': '2016-11-28T09:30:00Z', 'local': '2016-11-28T15:00:00+05:30'}}",,,"{'expectedCount': 1, 'expectedInterval': '01:00:00', 'observedCount': 1, 'observedInterval': '01:00:00', 'percentComplete': 100.0, 'percentCoverage': 100.0, 'datetimeFrom': {'utc': '2016-11-28T08:30:00Z', 'local': '2016-11-28T14:00:00+05:30'}, 'datetimeTo': {'utc': '2016-11-28T09:30:00Z', 'local': '2016-11-28T15:00:00+05:30'}}"
47.2,{'hasFlags': False},"{'id': 2, 'name': 'pm25', 'units': 'µg/m³', 'displayName': None}","{'label': 'raw', 'interval': '01:00:00', 'datetimeFrom': {'utc': '2016-11-28T09:30:00Z', 'local': '2016-11-28T15:00:00+05:30'}, 'datetimeTo': {'utc': '2016-11-28T10:30:00Z', 'local': '2016-11-28T16:00:00+05:30'}}",,,"{'expectedCount': 1, 'expectedInterval': '01:00:00', 'observedCount': 1, 'observedInterval': '01:00:00', 'percentComplete': 100.0, 'percentCoverage': 100.0, 'datetimeFrom': {'utc': '2016-11-28T09:30:00Z', 'local': '2016-11-28T15:00:00+05:30'}, 'datetimeTo': {'utc': '2016-11-28T10:30:00Z', 'local': '2016-11-28T16:00:00+05:30'}}"
42.1,{'hasFlags': False},"{'id': 2, 'name': 'pm25', 'units': 'µg/m³', 'displayName': None}","{'label': 'raw', 'interval': '01:00:00', 'datetimeFrom': {'utc': '2016-11-28T10:30:00Z', 'local': '2016-11-28T16:00:00+05:30'}, 'datetimeTo': {'utc': '2016-11-28T11:30:00Z', 'local': '2016-11-28T17:00:00+05:30'}}",,,"{'expectedCount': 1, 'expectedInterval': '01:00:00', 'observedCount': 1, 'observedInterval': '01:00:00', 'percentComplete': 100.0, 'percentCoverage': 100.0, 'datetimeFrom': {'utc': '2016-11-28T10:30:00Z', 'local': '2016-11-28T16:00:00+05:30'}, 'datetimeTo': {'utc': '2016-11-28T11:30:00Z', 'local': '2016-11-28T17:00:00+05:30'}}"
41.0,{'hasFlags': False},"{'id': 2, 'name': 'pm25', 'units': 'µg/m³', 'displayName': None}","{'label': 'raw', 'interval': '01:00:00', 'datetimeFrom': {'utc': '2016-11-28T11:30:00Z', 'local': '2016-11-28T17:00:00+05:30'}, 'datetimeTo': {'utc': '2016-11-28T12:30:00Z', 'local': '2016-11-28T18:00:00+05:30'}}",,,"{'expectedCount': 1, 'expectedInterval': '01:00:00', 'observedCount': 1, 'observedInterval': '01:00:00', 'percentComplete': 100.0, 'percentCoverage': 100.0, 'datetimeFrom': {'utc': '2016-11-28T11:30:00Z', 'local': '2016-11-28T17:00:00+05:30'}, 'datetimeTo': {'utc': '2016-11-28T12:30:00Z', 'local': '2016-11-28T18:00:00+05:30'}}"
49.5,{'hasFlags': False},"{'id': 2, 'name': 'pm25', 'units': 'µg/m³', 'displayName': None}","{'label': 'raw', 'interval': '01:00:00', 'datetimeFrom': {'utc': '2016-11-28T12:30:00Z', 'local': '2016-11-28T18:00:00+05:30'}, 'datetimeTo': {'utc': '2016-11-28T13:30:00Z', 'local': '2016-11-28T19:00:00+05:30'}}",,,"{'expectedCount': 1, 'expectedInterval': '01:00:00', 'observedCount': 1, 'observedInterval': '01:00:00', 'percentComplete': 100.0, 'percentCoverage': 100.0, 'datetimeFrom': {'utc': '2016-11-28T12:30:00Z', 'local': '2016-11-28T18:00:00+05:30'}, 'datetimeTo': {'utc': '2016-11-28T13:30:00Z', 'local': '2016-11-28T19:00:00+05:30'}}"
65.2,{'hasFlags': False},"{'id': 2, 'name': 'pm25', 'units': 'µg/m³', 'displayName': None}","{'label': 'raw', 'interval': '01:00:00', 'datetimeFrom': {'utc': '2016-11-28T13:30:00Z', 'local': '2016-11-28T19:00:00+05:30'}, 'datetimeTo': {'utc': '2016-11-28T14:30:00Z', 'local': '2016-11-28T20:00:00+05:30'}}",,,"{'expectedCount': 1, 'expectedInterval': '01:00:00', 'observedCount': 1, 'observedInterval': '01:00:00', 'percentComplete': 100.0, 'percentCoverage': 100.0, 'datetimeFrom': {'utc': '2016-11-28T13:30:00Z', 'local': '2016-11-28T19:00:00+05:30'}, 'datetimeTo': {'utc': '2016-11-28T14:30:00Z', 'local': '2016-11-28T20:00:00+05:30'}}"
86.1,{'hasFlags': False},"{'id': 2, 'name': 'pm25', 'units': 'µg/m³', 'displayName': None}","{'label': 'raw', 'interval': '01:00:00', 'datetimeFrom': {'utc': '2016-11-28T14:30:00Z', 'local': '2016-11-28T20:00:00+05:30'}, 'datetimeTo': {'utc': '2016-11-28T15:30:00Z', 'local': '2016-11-28T21:00:00+05:30'}}",,,"{'expectedCount': 1, 'expectedInterval': '01:00:00', 'observedCount': 1, 'observedInterval': '01:00:00', 'percentComplete': 100.0, 'percentCoverage': 100.0, 'datetimeFrom': {'utc': '2016-11-28T14:30:00Z', 'local': '2016-11-28T20:00:00+05:30'}, 'datetimeTo': {'utc': '2016-11-28T15:30:00Z', 'local': '2016-11-28T21:00:00+05:30'}}"
108.0,{'hasFlags': False},"{'id': 2, 'name': 'pm25', 'units': 'µg/m³', 'displayName': None}","{'label': 'raw', 'interval': '01:00:00', 'datetimeFrom': {'utc': '2016-11-28T15:30:00Z', 'local': '2016-11-28T21:00:00+05:30'}, 'datetimeTo': {'utc': '2016-11-28T16:30:00Z', 'local': '2016-11-28T22:00:00+05:30'}}",,,"{'expectedCount': 1, 'expectedInterval': '01:00:00', 'observedCount': 1, 'observedInterval': '01:00:00', 'percentComplete': 100.0, 'percentCoverage': 100.0, 'datetimeFrom': {'utc': '2016-11-28T15:30:00Z', 'local': '2016-11-28T21:00:00+05:30'}, 'datetimeTo': {'utc': '2016-11-28T16:30:00Z', 'local': '2016-11-28T22:00:00+05:30'}}"
145.5,{'hasFlags': False},"{'id': 2, 'name': 'pm25', 'units': 'µg/m³', 'displayName': None}","{'label': 'raw', 'interval': '01:00:00', 'datetimeFrom': {'utc': '2016-11-28T16:30:00Z', 'local': '2016-11-28T22:00:00+05:30'}, 'datetimeTo': {'utc': '2016-11-28T17:30:00Z', 'local': '2016-11-28T23:00:00+05:30'}}",,,"{'expectedCount': 1, 'expectedInterval': '01:00:00', 'observedCount': 1, 'observedInterval': '01:00:00', 'percentComplete': 100.0, 'percentCoverage': 100.0, 'datetimeFrom': {'utc': '2016-11-28T16:30:00Z', 'local': '2016-11-28T22:00:00+05:30'}, 'datetimeTo': {'utc': '2016-11-28T17:30:00Z', 'local': '2016-11-28T23:00:00+05:30'}}"
168.7,{'hasFlags': False},"{'id': 2, 'name': 'pm25', 'units': 'µg/m³', 'displayName': None}","{'label': 'raw', 'interval': '01:00:00', 'datetimeFrom': {'utc': '2016-11-28T17:30:00Z', 'local': '2016-11-28T23:00:00+05:30'}, 'datetimeTo': {'utc': '2016-11-28T18:30:00Z', 'local': '2016-11-29T00:00:00+05:30'}}",,,"{'expectedCount': 1, 'expectedInterval': '01:00:00', 'observedCount': 1, 'observedInterval': '01:00:00', 'percentComplete': 100.0, 'percentCoverage': 100.0, 'datetimeFrom': {'utc': '2016-11-28T17:30:00Z', 'local': '2016-11-28T23:00:00+05:30'}, 'datetimeTo': {'utc': '2016-11-28T18:30:00Z', 'local': '2016-11-29T00:00:00+05:30'}}"
184.4,{'hasFlags': False},"{'id': 2, 'name': 'pm25', 'units': 'µg/m³', 'displayName': None}","{'label': 'raw', 'interval': '01:00:00', 'datetimeFrom': {'utc': '2016-11-28T18:30:00Z', 'local': '2016-11-29T00:00:00+05:30'}, 'datetimeTo': {'utc': '2016-11-28T19:30:00Z', 'local': '2016-11-29T01:00:00+05:30'}}",,,"{'expectedCount': 1, 'expectedInterval': '01:00:00', 'observedCount': 1, 'observedInterval': '01:00:00', 'percentComplete': 100.0, 'percentCoverage': 100.0, 'datetimeFrom': {'utc': '2016-11-28T18:30:00Z', 'local': '2016-11-29T00:00:00+05:30'}, 'datetimeTo': {'utc': '2016-11-28T19:30:00Z', 'local': '2016-11-29T01:00:00+05:30'}}"
195.7,{'hasFlags': False},"{'id': 2, 'name': 'pm25', 'units': 'µg/m³', 'displayName': None}","{'label': 'raw', 'interval': '01:00:00', 'datetimeFrom': {'utc': '2016-11-28T19:30:00Z', 'local': '2016-11-29T01:00:00+05:30'}, 'datetimeTo': {'utc': '2016-11-28T20:30:00Z', 'local': '2016-11-29T02:00:00+05:30'}}",,,"{'expectedCount': 1, 'expectedInterval': '01:00:00', 'observedCount': 1, 'observedInterval': '01:00:00', 'percentComplete': 100.0, 'percentCoverage': 100.0, 'datetimeFrom': {'utc': '2016-11-28T19:30:00Z', 'local': '2016-11-29T01:00:00+05:30'}, 'datetimeTo': {'utc': '2016-11-28T20:30:00Z', 'local': '2016-11-29T02:00:00+05:30'}}"
197.3,{'hasFlags': False},"{'id': 2, 'name': 'pm25', 'units': 'µg/m³', 'displayName': None}","{'label': 'raw', 'interval': '01:00:00', 'datetimeFrom': {'utc': '2016-11-28T20:30:00Z', 'local': '2016-11-29T02:00:00+05:30'}, 'datetimeTo': {'utc': '2016-11-28T21:30:00Z', 'local': '2016-11-29T03:00:00+05:30'}}",,,"{'expectedCount': 1, 'expectedInterval': '01:00:00', 'observedCount': 1, 'observedInterval': '01:00:00', 'percentComplete': 100.0, 'percentCoverage': 100.0, 'datetimeFrom': {'utc': '2016-11-28T20:30:00Z', 'local': '2016-11-29T02:00:00+05:30'}, 'datetimeTo': {'utc': '2016-11-28T21:30:00Z', 'local': '2016-11-29T03:00:00+05:30'}}"
198.7,{'hasFlags': False},"{'id': 2, 'name': 'pm25', 'units': 'µg/m³', 'displayName': None}","{'label': 'raw', 'interval': '01:00:00', 'datetimeFrom': {'utc': '2016-11-28T21:30:00Z', 'local': '2016-11-29T03:00:00+05:30'}, 'datetimeTo': {'utc': '2016-11-28T22:30:00Z', 'local': '2016-11-29T04:00:00+05:30'}}",,,"{'expectedCount': 1, 'expectedInterval': '01:00:00', 'observedCount': 1, 'observedInterval': '01:00:00', 'percentComplete': 100.0, 'percentCoverage': 100.0, 'datetimeFrom': {'utc': '2016-11-28T21:30:00Z', 'local': '2016-11-29T03:00:00+05:30'}, 'datetimeTo': {'utc': '2016-11-28T22:30:00Z', 'local': '2016-11-29T04:00:00+05:30'}}"
188.8,{'hasFlags': False},"{'id': 2, 'name': 'pm25', 'units': 'µg/m³', 'displayName': None}","{'label': 'raw', 'interval': '01:00:00', 'datetimeFrom': {'utc': '2016-11-28T22:30:00Z', 'local': '2016-11-29T04:00:00+05:30'}, 'datetimeTo': {'utc': '2016-11-28T23:30:00Z', 'local': '2016-11-29T05:00:00+05:30'}}",,,"{'expectedCount': 1, 'expectedInterval': '01:00:00', 'observedCount': 1, 'observedInterval': '01:00:00', 'percentComplete': 100.0, 'percentCoverage': 100.0, 'datetimeFrom': {'utc': '2016-11-28T22:30:00Z', 'local': '2016-11-29T04:00:00+05:30'}, 'datetimeTo': {'utc': '2016-11-28T23:30:00Z', 'local': '2016-11-29T05:00:00+05:30'}}"
176.9,{'hasFlags': False},"{'id': 2, 'name': 'pm25', 'units': 'µg/m³', 'displayName': None}","{'label': 'raw', 'interval': '01:00:00', 'datetimeFrom': {'utc': '2016-11-28T23:30:00Z', 'local': '2016-11-29T05:00:00+05:30'}, 'datetimeTo': {'utc': '2016-11-29T00:30:00Z', 'local': '2016-11-29T06:00:00+05:30'}}",,,"{'expectedCount': 1, 'expectedInterval': '01:00:00', 'observedCount': 1, 'observedInterval': '01:00:00', 'percentComplete': 100.0, 'percentCoverage': 100.0, 'datetimeFrom': {'utc': '2016-11-28T23:30:00Z', 'local': '2016-11-29T05:00:00+05:30'}, 'datetimeTo': {'utc': '2016-11-29T00:30:00Z', 'local': '2016-11-29T06:00:00+05:30'}}"
164.9,{'hasFlags': False},"{'id': 2, 'name': 'pm25', 'units': 'µg/m³', 'displayName': None}","{'label': 'raw', 'interval': '01:00:00', 'datetimeFrom': {'utc': '2016-11-29T00:30:00Z', 'local': '2016-11-29T06:00:00+05:30'}, 'datetimeTo': {'utc': '2016-11-29T01:30:00Z', 'local': '2016-11-29T07:00:00+05:30'}}",,,"{'expectedCount': 1, 'expectedInterval': '01:00:00', 'observedCount': 1, 'observedInterval': '01:00:00', 'percentComplete': 100.0, 'percentCoverage': 100.0, 'datetimeFrom': {'utc': '2016-11-29T00:30:00Z', 'local': '2016-11-29T06:00:00+05:30'}, 'datetimeTo': {'utc': '2016-11-29T01:30:00Z', 'local': '2016-11-29T07:00:00+05:30'}}"
159.0,{'hasFlags': False},"{'id': 2, 'name': 'pm25', 'units': 'µg/m³', 'displayName': None}","{'label': 'raw', 'interval': '01:00:00', 'datetimeFrom': {'utc': '2016-11-29T01:30:00Z', 'local': '2016-11-29T07:00:00+05:30'}, 'datetimeTo': {'utc': '2016-11-29T02:30:00Z', 'local': '2016-11-29T08:00:00+05:30'}}",,,"{'expectedCount': 1, 'expectedInterval': '01:00:00', 'observedCount': 1, 'observedInterval': '01:00:00', 'percentComplete': 100.0, 'percentCoverage': 100.0, 'datetimeFrom': {'utc': '2016-11-29T01:30:00Z', 'local': '2016-11-29T07:00:00+05:30'}, 'datetimeTo': {'utc': '2016-11-29T02:30:00Z', 'local': '2016-11-29T08:00:00+05:30'}}"
157.7,{'hasFlags': False},"{'id': 2, 'name': 'pm25', 'units': 'µg/m³', 'displayName': None}","{'label': 'raw', 'interval': '01:00:00', 'datetimeFrom': {'utc': '2016-11-29T02:30:00Z', 'local': '2016-11-29T08:00:00+05:30'}, 'datetimeTo': {'utc': '2016-11-29T03:30:00Z', 'local': '2016-11-29T09:00:00+05:30'}}",,,"{'expectedCount': 1, 'expectedInterval': '01:00:00', 'observedCount': 1, 'observedInterval': '01:00:00', 'percentComplete': 100.0, 'percentCoverage': 100.0, 'datetimeFrom': {'utc': '2016-11-29T02:30:00Z', 'local': '2016-11-29T08:00:00+05:30'}, 'datetimeTo': {'utc': '2016-11-29T03:30:00Z', 'local': '2016-11-29T09:00:00+05:30'}}"
149.3,{'hasFlags': False},"{'id': 2, 'name': 'pm25', 'units': 'µg/m³', 'displayName': None}","{'label': 'raw', 'interval': '01:00:00', 'datetimeFrom': {'utc': '2016-11-29T03:30:00Z', 'local': '2016-11-29T09:00:00+05:30'}, 'datetimeTo': {'utc': '2016-11-29T04:30:00Z', 'local': '2016-11-29T10:00:00+05:30'}}",,,"{'expectedCount': 1, 'expectedInterval': '01:00:00', 'observedCount': 1, 'observedInterval': '01:00:00', 'percentComplete': 100.0, 'percentCoverage': 100.0, 'datetimeFrom': {'utc': '2016-11-29T03:30:00Z', 'local': '2016-11-29T09:00:00+05:30'}, 'datetimeTo': {'utc': '2016-11-29T04:30:00Z', 'local': '2016-11-29T10:00:00+05:30'}}"
150.9,{'hasFlags': False},"{'id': 2, 'name': 'pm25', 'units': 'µg/m³', 'displayName': None}","{'label': 'raw', 'interval': '01:00:00', 'datetimeFrom': {'utc': '2016-11-29T04:30:00Z', 'local': '2016-11-29T10:00:00+05:30'}, 'datetimeTo': {'utc': '2016-11-29T05:30:00Z', 'local': '2016-11-29T11:00:00+05:30'}}",,,"{'expectedCount': 1, 'expectedInterval': '01:00:00', 'observedCount': 1, 'observedInterval': '01:00:00', 'percentComplete': 100.0, 'percentCoverage': 100.0, 'datetimeFrom': {'utc': '2016-11-29T04:30:00Z', 'local': '2016-11-29T10:00:00+05:30'}, 'datetimeTo': {'utc': '2016-11-29T05:30:00Z', 'local': '2016-11-29T11:00:00+05:30'}}"
144.4,{'hasFlags': False},"{'id': 2, 'name': 'pm25', 'units': 'µg/m³', 'displayName': None}","{'label': 'raw', 'interval': '01:00:00', 'datetimeFrom': {'utc': '2016-11-29T05:30:00Z', 'local': '2016-11-29T11:00:00+05:30'}, 'datetimeTo': {'utc': '2016-11-29T06:30:00Z', 'local': '2016-11-29T12:00:00+05:30'}}",,,"{'expectedCount': 1, 'expectedInterval': '01:00:00', 'observedCount': 1, 'observedInterval': '01:00:00', 'percentComplete': 100.0, 'percentCoverage': 100.0, 'datetimeFrom': {'utc': '2016-11-29T05:30:00Z', 'local': '2016-11-29T11:00:00+05:30'}, 'datetimeTo': {'utc': '2016-11-29T06:30:00Z', 'local': '2016-11-29T12:00:00+05:30'}}"
133.0,{'hasFlags': False},"{'id': 2, 'name': 'pm25', 'units': 'µg/m³', 'displayName': None}","{'label': 'raw', 'interval': '01:00:00', 'datetimeFrom': {'utc': '2016-11-29T06:30:00Z', 'local': '2016-11-29T12:00:00+05:30'}, 'datetimeTo': {'utc': '2016-11-29T07:30:00Z', 'local': '2016-11-29T13:00:00+05:30'}}",,,"{'expectedCount': 1, 'expectedInterval': '01:00:00', 'observedCount': 1, 'observedInterval': '01:00:00', 'percentComplete': 100.0, 'percentCoverage': 100.0, 'datetimeFrom': {'utc': '2016-11-29T06:30:00Z', 'local': '2016-11-29T12:00:00+05:30'}, 'datetimeTo': {'utc': '2016-11-29T07:30:00Z', 'local': '2016-11-29T13:00:00+05:30'}}"
140.6,{'hasFlags': False},"{'id': 2, 'name': 'pm25', 'units': 'µg/m³', 'displayName': None}","{'label': 'raw', 'interval': '01:00:00', 'datetimeFrom': {'utc': '2016-11-29T07:30:00Z', 'local': '2016-11-29T13:00:00+05:30'}, 'datetimeTo': {'utc': '2016-11-29T08:30:00Z', 'local': '2016-11-29T14:00:00+05:30'}}",,,"{'expectedCount': 1, 'expectedInterval': '01:00:00', 'observedCount': 1, 'observedInterval': '01:00:00', 'percentComplete': 100.0, 'percentCoverage': 100.0, 'datetimeFrom': {'utc': '2016-11-29T07:30:00Z', 'local': '2016-11-29T13:00:00+05:30'}, 'datetimeTo': {'utc': '2016-11-29T08:30:00Z', 'local': '2016-11-29T14:00:00+05:30'}}"
151.5,{'hasFlags': False},"{'id': 2, 'name': 'pm25', 'units': 'µg/m³', 'displayName': None}","{'label': 'raw', 'interval': '01:00:00', 'datetimeFrom': {'utc': '2016-11-29T08:30:00Z', 'local': '2016-11-29T14:00:00+05:30'}, 'datetimeTo': {'utc': '2016-11-29T09:30:00Z', 'local': '2016-11-29T15:00:00+05:30'}}",,,"{'expectedCount': 1, 'expectedInterval': '01:00:00', 'observedCount': 1, 'observedInterval': '01:00:00', 'percentComplete': 100.0, 'percentCoverage': 100.0, 'datetimeFrom': {'utc': '2016-11-29T08:30:00Z', 'local': '2016-11-29T14:00:00+05:30'}, 'datetimeTo': {'utc': '2016-11-29T09:30:00Z', 'local': '2016-11-29T15:00:00+05:30'}}"
175.7,{'hasFlags': False},"{'id': 2, 'name': 'pm25', 'units': 'µg/m³', 'displayName': None}","{'label': 'raw', 'interval': '01:00:00', 'datetimeFrom': {'utc': '2016-11-29T09:30:00Z', 'local': '2016-11-29T15:00:00+05:30'}, 'datetimeTo': {'utc': '2016-11-29T10:30:00Z', 'local': '2016-11-29T16:00:00+05:30'}}",,,"{'expectedCount': 1, 'expectedInterval': '01:00:00', 'observedCount': 1, 'observedInterval': '01:00:00', 'percentComplete': 100.0, 'percentCoverage': 100.0, 'datetimeFrom': {'utc': '2016-11-29T09:30:00Z', 'local': '2016-11-29T15:00:00+05:30'}, 'datetimeTo': {'utc': '2016-11-29T10:30:00Z', 'local': '2016-11-29T16:00:00+05:30'}}"
187.7,{'hasFlags': False},"{'id': 2, 'name': 'pm25', 'units': 'µg/m³', 'displayName': None}","{'label': 'raw', 'interval': '01:00:00', 'datetimeFrom': {'utc': '2016-11-29T10:30:00Z', 'local': '2016-11-29T16:00:00+05:30'}, 'datetimeTo': {'utc': '2016-11-29T11:30:00Z', 'local': '2016-11-29T17:00:00+05:30'}}",,,"{'expectedCount': 1, 'expectedInterval': '01:00:00', 'observedCount': 1, 'observedInterval': '01:00:00', 'percentComplete': 100.0, 'percentCoverage': 100.0, 'datetimeFrom': {'utc': '2016-11-29T10:30:00Z', 'local': '2016-11-29T16:00:00+05:30'}, 'datetimeTo': {'utc': '2016-11-29T11:30:00Z', 'local': '2016-11-29T17:00:00+05:30'}}"
173.0,{'hasFlags': False},"{'id': 2, 'name': 'pm25', 'units': 'µg/m³', 'displayName': None}","{'label': 'raw', 'interval': '01:00:00', 'datetimeFrom': {'utc': '2016-11-29T11:30:00Z', 'local': '2016-11-29T17:00:00+05:30'}, 'datetimeTo': {'utc': '2016-11-29T12:30:00Z', 'local': '2016-11-29T18:00:00+05:30'}}",,,"{'expectedCount': 1, 'expectedInterval': '01:00:00', 'observedCount': 1, 'observedInterval': '01:00:00', 'percentComplete': 100.0, 'percentCoverage': 100.0, 'datetimeFrom': {'utc': '2016-11-29T11:30:00Z', 'local': '2016-11-29T17:00:00+05:30'}, 'datetimeTo': {'utc': '2016-11-29T12:30:00Z', 'local': '2016-11-29T18:00:00+05:30'}}"
164.9,{'hasFlags': False},"{'id': 2, 'name': 'pm25', 'units': 'µg/m³', 'displayName': None}","{'label': 'raw', 'interval': '01:00:00', 'datetimeFrom': {'utc': '2016-11-29T12:30:00Z', 'local': '2016-11-29T18:00:00+05:30'}, 'datetimeTo': {'utc': '2016-11-29T13:30:00Z', 'local': '2016-11-29T19:00:00+05:30'}}",,,"{'expectedCount': 1, 'expectedInterval': '01:00:00', 'observedCount': 1, 'observedInterval': '01:00:00', 'percentComplete': 100.0, 'percentCoverage': 100.0, 'datetimeFrom': {'utc': '2016-11-29T12:30:00Z', 'local': '2016-11-29T18:00:00+05:30'}, 'datetimeTo': {'utc': '2016-11-29T13:30:00Z', 'local': '2016-11-29T19:00:00+05:30'}}"
153.9,{'hasFlags': False},"{'id': 2, 'name': 'pm25', 'units': 'µg/m³', 'displayName': None}","{'label': 'raw', 'interval': '01:00:00', 'datetimeFrom': {'utc': '2016-11-29T13:30:00Z', 'local': '2016-11-29T19:00:00+05:30'}, 'datetimeTo': {'utc': '2016-11-29T14:30:00Z', 'local': '2016-11-29T20:00:00+05:30'}}",,,"{'expectedCount': 1, 'expectedInterval': '01:00:00', 'observedCount': 1, 'observedInterval': '01:00:00', 'percentComplete': 100.0, 'percentCoverage': 100.0, 'datetimeFrom': {'utc': '2016-11-29T13:30:00Z', 'local': '2016-11-29T19:00:00+05:30'}, 'datetimeTo': {'utc': '2016-11-29T14:30:00Z', 'local': '2016-11-29T20:00:00+05:30'}}"
154.4,{'hasFlags': False},"{'id': 2, 'name': 'pm25', 'units': 'µg/m³', 'displayName': None}","{'label': 'raw', 'interval': '01:00:00', 'datetimeFrom': {'utc': '2016-11-29T14:30:00Z', 'local': '2016-11-29T20:00:00+05:30'}, 'datetimeTo': {'utc': '2016-11-29T15:30:00Z', 'local': '2016-11-29T21:00:00+05:30'}}",,,"{'expectedCount': 1, 'expectedInterval': '01:00:00', 'observedCount': 1, 'observedInterval': '01:00:00', 'percentComplete': 100.0, 'percentCoverage': 100.0, 'datetimeFrom': {'utc': '2016-11-29T14:30:00Z', 'local': '2016-11-29T20:00:00+05:30'}, 'datetimeTo': {'utc': '2016-11-29T15:30:00Z', 'local': '2016-11-29T21:00:00+05:30'}}"
163.5,{'hasFlags': False},"{'id': 2, 'name': 'pm25', 'units': 'µg/m³', 'displayName': None}","{'label': 'raw', 'interval': '01:00:00', 'datetimeFrom': {'utc': '2016-11-29T15:30:00Z', 'local': '2016-11-29T21:00:00+05:30'}, 'datetimeTo': {'utc': '2016-11-29T16:30:00Z', 'local': '2016-11-29T22:00:00+05:30'}}",,,"{'expectedCount': 1, 'expectedInterval': '01:00:00', 'observedCount': 1, 'observedInterval': '01:00:00', 'percentComplete': 100.0, 'percentCoverage': 100.0, 'datetimeFrom': {'utc': '2016-11-29T15:30:00Z', 'local': '2016-11-29T21:00:00+05:30'}, 'datetimeTo': {'utc': '2016-11-29T16:30:00Z', 'local': '2016-11-29T22:00:00+05:30'}}"
189.4,{'hasFlags': False},"{'id': 2, 'name': 'pm25', 'units': 'µg/m³', 'displayName': None}","{'label': 'raw', 'interval': '01:00:00', 'datetimeFrom': {'utc': '2016-11-29T16:30:00Z', 'local': '2016-11-29T22:00:00+05:30'}, 'datetimeTo': {'utc': '2016-11-29T17:30:00Z', 'local': '2016-11-29T23:00:00+05:30'}}",,,"{'expectedCount': 1, 'expectedInterval': '01:00:00', 'observedCount': 1, 'observedInterval': '01:00:00', 'percentComplete': 100.0, 'percentCoverage': 100.0, 'datetimeFrom': {'utc': '2016-11-29T16:30:00Z', 'local': '2016-11-29T22:00:00+05:30'}, 'datetimeTo': {'utc': '2016-11-29T17:30:00Z', 'local': '2016-11-29T23:00:00+05:30'}}"
233.6,{'hasFlags': False},"{'id': 2, 'name': 'pm25', 'units': 'µg/m³', 'displayName': None}","{'label': 'raw', 'interval': '01:00:00', 'datetimeFrom': {'utc': '2016-11-29T17:30:00Z', 'local': '2016-11-29T23:00:00+05:30'}, 'datetimeTo': {'utc': '2016-11-29T18:30:00Z', 'local': '2016-11-30T00:00:00+05:30'}}",,,"{'expectedCount': 1, 'expectedInterval': '01:00:00', 'observedCount': 1, 'observedInterval': '01:00:00', 'percentComplete': 100.0, 'percentCoverage': 100.0, 'datetimeFrom': {'utc': '2016-11-29T17:30:00Z', 'local': '2016-11-29T23:00:00+05:30'}, 'datetimeTo': {'utc': '2016-11-29T18:30:00Z', 'local': '2016-11-30T00:00:00+05:30'}}"
256.3,{'hasFlags': False},"{'id': 2, 'name': 'pm25', 'units': 'µg/m³', 'displayName': None}","{'label': 'raw', 'interval': '01:00:00', 'datetimeFrom': {'utc': '2016-11-29T18:30:00Z', 'local': '2016-11-30T00:00:00+05:30'}, 'datetimeTo': {'utc': '2016-11-29T19:30:00Z', 'local': '2016-11-30T01:00:00+05:30'}}",,,"{'expectedCount': 1, 'expectedInterval': '01:00:00', 'observedCount': 1, 'observedInterval': '01:00:00', 'percentComplete': 100.0, 'percentCoverage': 100.0, 'datetimeFrom': {'utc': '2016-11-29T18:30:00Z', 'local': '2016-11-30T00:00:00+05:30'}, 'datetimeTo': {'utc': '2016-11-29T19:30:00Z', 'local': '2016-11-30T01:00:00+05:30'}}"
266.1,{'hasFlags': False},"{'id': 2, 'name': 'pm25', 'units': 'µg/m³', 'displayName': None}","{'label': 'raw', 'interval': '01:00:00', 'datetimeFrom': {'utc': '2016-11-29T19:30:00Z', 'local': '2016-11-30T01:00:00+05:30'}, 'datetimeTo': {'utc': '2016-11-29T20:30:00Z', 'local': '2016-11-30T02:00:00+05:30'}}",,,"{'expectedCount': 1, 'expectedInterval': '01:00:00', 'observedCount': 1, 'observedInterval': '01:00:00', 'percentComplete': 100.0, 'percentCoverage': 100.0, 'datetimeFrom': {'utc': '2016-11-29T19:30:00Z', 'local': '2016-11-30T01:00:00+05:30'}, 'datetimeTo': {'utc': '2016-11-29T20:30:00Z', 'local': '2016-11-30T02:00:00+05:30'}}"
273.6,{'hasFlags': False},"{'id': 2, 'name': 'pm25', 'units': 'µg/m³', 'displayName': None}","{'label': 'raw', 'interval': '01:00:00', 'datetimeFrom': {'utc': '2016-11-29T20:30:00Z', 'local': '2016-11-30T02:00:00+05:30'}, 'datetimeTo': {'utc': '2016-11-29T21:30:00Z', 'local': '2016-11-30T03:00:00+05:30'}}",,,"{'expectedCount': 1, 'expectedInterval': '01:00:00', 'observedCount': 1, 'observedInterval': '01:00:00', 'percentComplete': 100.0, 'percentCoverage': 100.0, 'datetimeFrom': {'utc': '2016-11-29T20:30:00Z', 'local': '2016-11-30T02:00:00+05:30'}, 'datetimeTo': {'utc': '2016-11-29T21:30:00Z', 'local': '2016-11-30T03:00:00+05:30'}}"
279.8,{'hasFlags': False},"{'id': 2, 'name': 'pm25', 'units': 'µg/m³', 'displayName': None}","{'label': 'raw', 'interval': '01:00:00', 'datetimeFrom': {'utc': '2016-11-29T21:30:00Z', 'local': '2016-11-30T03:00:00+05:30'}, 'datetimeTo': {'utc': '2016-11-29T22:30:00Z', 'local': '2016-11-30T04:00:00+05:30'}}",,,"{'expectedCount': 1, 'expectedInterval': '01:00:00', 'observedCount': 1, 'observedInterval': '01:00:00', 'percentComplete': 100.0, 'percentCoverage': 100.0, 'datetimeFrom': {'utc': '2016-11-29T21:30:00Z', 'local': '2016-11-30T03:00:00+05:30'}, 'datetimeTo': {'utc': '2016-11-29T22:30:00Z', 'local': '2016-11-30T04:00:00+05:30'}}"
276.9,{'hasFlags': False},"{'id': 2, 'name': 'pm25', 'units': 'µg/m³', 'displayName': None}","{'label': 'raw', 'interval': '01:00:00', 'datetimeFrom': {'utc': '2016-11-29T22:30:00Z', 'local': '2016-11-30T04:00:00+05:30'}, 'datetimeTo': {'utc': '2016-11-29T23:30:00Z', 'local': '2016-11-30T05:00:00+05:30'}}",,,"{'expectedCount': 1, 'expectedInterval': '01:00:00', 'observedCount': 1, 'observedInterval': '01:00:00', 'percentComplete': 100.0, 'percentCoverage': 100.0, 'datetimeFrom': {'utc': '2016-11-29T22:30:00Z', 'local': '2016-11-30T04:00:00+05:30'}, 'datetimeTo': {'utc': '2016-11-29T23:30:00Z', 'local': '2016-11-30T05:00:00+05:30'}}"
274.9,{'hasFlags': False},"{'id': 2, 'name': 'pm25', 'units': 'µg/m³', 'displayName': None}","{'label': 'raw', 'interval': '01:00:00', 'datetimeFrom': {'utc': '2016-11-29T23:30:00Z', 'local': '2016-11-30T05:00:00+05:30'}, 'datetimeTo': {'utc': '2016-11-30T00:30:00Z', 'local': '2016-11-30T06:00:00+05:30'}}",,,"{'expectedCount': 1, 'expectedInterval': '01:00:00', 'observedCount': 1, 'observedInterval': '01:00:00', 'percentComplete': 100.0, 'percentCoverage': 100.0, 'datetimeFrom': {'utc': '2016-11-29T23:30:00Z', 'local': '2016-11-30T05:00:00+05:30'}, 'datetimeTo': {'utc': '2016-11-30T00:30:00Z', 'local': '2016-11-30T06:00:00+05:30'}}"
275.0,{'hasFlags': False},"{'id': 2, 'name': 'pm25', 'units': 'µg/m³', 'displayName': None}","{'label': 'raw', 'interval': '01:00:00', 'datetimeFrom': {'utc': '2016-11-30T00:30:00Z', 'local': '2016-11-30T06:00:00+05:30'}, 'datetimeTo': {'utc': '2016-11-30T01:30:00Z', 'local': '2016-11-30T07:00:00+05:30'}}",,,"{'expectedCount': 1, 'expectedInterval': '01:00:00', 'observedCount': 1, 'observedInterval': '01:00:00', 'percentComplete': 100.0, 'percentCoverage': 100.0, 'datetimeFrom': {'utc': '2016-11-30T00:30:00Z', 'local': '2016-11-30T06:00:00+05:30'}, 'datetimeTo': {'utc': '2016-11-30T01:30:00Z', 'local': '2016-11-30T07:00:00+05:30'}}"
,{'hasFlags': True},"{'id': 2, 'name': 'pm25', 'units': 'µg/m³', 'displayName': None}","{'label': 'raw', 'interval': '01:00:00', 'datetimeFrom': {'utc': '2016-11-30T01:30:00Z', 'local': '2016-11-30T07:00:00+05:30'}, 'datetimeTo': {'utc': '2016-11-30T02:30:00Z', 'local': '2016-11-30T08:00:00+05:30'}}",,,"{'expectedCount': 1, 'expectedInterval': '01:00:00', 'observedCount': 1, 'observedInterval': '01:00:00', 'percentComplete': 100.0, 'percentCoverage': 100.0, 'datetimeFrom': {'utc': '2016-11-30T01:30:00Z', 'local': '2016-11-30T07:00:00+05:30'}, 'datetimeTo': {'utc': '2016-11-30T02:30:00Z', 'local': '2016-11-30T08:00:00+05:30'}}"
,{'hasFlags': True},"{'id': 2, 'name': 'pm25', 'units': 'µg/m³', 'displayName': None}","{'label': 'raw', 'interval': '01:00:00', 'datetimeFrom': {'utc': '2016-11-30T02:30:00Z', 'local': '2016-11-30T08:00:00+05:30'}, 'datetimeTo': {'utc': '2016-11-30T03:30:00Z', 'local': '2016-11-30T09:00:00+05:30'}}",,,"{'expectedCount': 1, 'expectedInterval': '01:00:00', 'observedCount': 1, 'observedInterval': '01:00:00', 'percentComplete': 100.0, 'percentCoverage': 100.0, 'datetimeFrom': {'utc': '2016-11-30T02:30:00Z', 'local': '2016-11-30T08:00:00+05:30'}, 'datetimeTo': {'utc': '2016-11-30T03:30:00Z', 'local': '2016-11-30T09:00:00+05:30'}}"
231.8,{'hasFlags': True},"{'id': 2, 'name': 'pm25', 'units': 'µg/m³', 'displayName': None}","{'label': 'raw', 'interval': '01:00:00', 'datetimeFrom': {'utc': '2016-11-30T03:30:00Z', 'local': '2016-11-30T09:00:00+05:30'}, 'datetimeTo': {'utc': '2016-11-30T04:30:00Z', 'local': '2016-11-30T10:00:00+05:30'}}",,,"{'expectedCount': 1, 'expectedInterval': '01:00:00', 'observedCount': 1, 'observedInterval': '01:00:00', 'percentComplete': 100.0, 'percentCoverage': 100.0, 'datetimeFrom': {'utc': '2016-11-30T03:30:00Z', 'local': '2016-11-30T09:00:00+05:30'}, 'datetimeTo': {'utc': '2016-11-30T04:30:00Z', 'local': '2016-11-30T10:00:00+05:30'}}"
224.0,{'hasFlags': False},"{'id': 2, 'name': 'pm25', 'units': 'µg/m³', 'displayName': None}","{'label': 'raw', 'interval': '01:00:00', 'datetimeFrom': {'utc': '2016-11-30T04:30:00Z', 'local': '2016-11-30T10:00:00+05:30'}, 'datetimeTo': {'utc': '2016-11-30T05:30:00Z', 'local': '2016-11-30T11:00:00+05:30'}}",,,"{'expectedCount': 1, 'expectedInterval': '01:00:00', 'observedCount': 1, 'observedInterval': '01:00:00', 'percentComplete': 100.0, 'percentCoverage': 100.0, 'datetimeFrom': {'utc': '2016-11-30T04:30:00Z', 'local': '2016-11-30T10:00:00+05:30'}, 'datetimeTo': {'utc': '2016-11-30T05:30:00Z', 'local': '2016-11-30T11:00:00+05:30'}}"
232.4,{'hasFlags': False},"{'id': 2, 'name': 'pm25', 'units': 'µg/m³', 'displayName': None}","{'label': 'raw', 'interval': '01:00:00', 'datetimeFrom': {'utc': '2016-11-30T05:30:00Z', 'local': '2016-11-30T11:00:00+05:30'}, 'datetimeTo': {'utc': '2016-11-30T06:30:00Z', 'local': '2016-11-30T12:00:00+05:30'}}",,,"{'expectedCount': 1, 'expectedInterval': '01:00:00', 'observedCount': 1, 'observedInterval': '01:00:00', 'percentComplete': 100.0, 'percentCoverage': 100.0, 'datetimeFrom': {'utc': '2016-11-30T05:30:00Z', 'local': '2016-11-30T11:00:00+05:30'}, 'datetimeTo': {'utc': '2016-11-30T06:30:00Z', 'local': '2016-11-30T12:00:00+05:30'}}"
244.4,{'hasFlags': False},"{'id': 2, 'name': 'pm25', 'units': 'µg/m³', 'displayName': None}","{'label': 'raw', 'interval': '01:00:00', 'datetimeFrom': {'utc': '2016-11-30T06:30:00Z', 'local': '2016-11-30T12:00:00+05:30'}, 'datetimeTo': {'utc': '2016-11-30T07:30:00Z', 'local': '2016-11-30T13:00:00+05:30'}}",,,"{'expectedCount': 1, 'expectedInterval': '01:00:00', 'observedCount': 1, 'observedInterval': '01:00:00', 'percentComplete': 100.0, 'percentCoverage': 100.0, 'datetimeFrom': {'utc': '2016-11-30T06:30:00Z', 'local': '2016-11-30T12:00:00+05:30'}, 'datetimeTo': {'utc': '2016-11-30T07:30:00Z', 'local': '2016-11-30T13:00:00+05:30'}}"
242.1,{'hasFlags': False},"{'id': 2, 'name': 'pm25', 'units': 'µg/m³', 'displayName': None}","{'label': 'raw', 'interval': '01:00:00', 'datetimeFrom': {'utc': '2016-11-30T07:30:00Z', 'local': '2016-11-30T13:00:00+05:30'}, 'datetimeTo': {'utc': '2016-11-30T08:30:00Z', 'local': '2016-11-30T14:00:00+05:30'}}",,,"{'expectedCount': 1, 'expectedInterval': '01:00:00', 'observedCount': 1, 'observedInterval': '01:00:00', 'percentComplete': 100.0, 'percentCoverage': 100.0, 'datetimeFrom': {'utc': '2016-11-30T07:30:00Z', 'local': '2016-11-30T13:00:00+05:30'}, 'datetimeTo': {'utc': '2016-11-30T08:30:00Z', 'local': '2016-11-30T14:00:00+05:30'}}"
237.9,{'hasFlags': False},"{'id': 2, 'name': 'pm25', 'units': 'µg/m³', 'displayName': None}","{'label': 'raw', 'interval': '01:00:00', 'datetimeFrom': {'utc': '2016-11-30T08:30:00Z', 'local': '2016-11-30T14:00:00+05:30'}, 'datetimeTo': {'utc': '2016-11-30T09:30:00Z', 'local': '2016-11-30T15:00:00+05:30'}}",,,"{'expectedCount': 1, 'expectedInterval': '01:00:00', 'observedCount': 1, 'observedInterval': '01:00:00', 'percentComplete': 100.0, 'percentCoverage': 100.0, 'datetimeFrom': {'utc': '2016-11-30T08:30:00Z', 'local': '2016-11-30T14:00:00+05:30'}, 'datetimeTo': {'utc': '2016-11-30T09:30:00Z', 'local': '2016-11-30T15:00:00+05:30'}}"
226.9,{'hasFlags': False},"{'id': 2, 'name': 'pm25', 'units': 'µg/m³', 'displayName': None}","{'label': 'raw', 'interval': '01:00:00', 'datetimeFrom': {'utc': '2016-11-30T09:30:00Z', 'local': '2016-11-30T15:00:00+05:30'}, 'datetimeTo': {'utc': '2016-11-30T10:30:00Z', 'local': '2016-11-30T16:00:00+05:30'}}",,,"{'expectedCount': 1, 'expectedInterval': '01:00:00', 'observedCount': 1, 'observedInterval': '01:00:00', 'percentComplete': 100.0, 'percentCoverage': 100.0, 'datetimeFrom': {'utc': '2016-11-30T09:30:00Z', 'local': '2016-11-30T15:00:00+05:30'}, 'datetimeTo': {'utc': '2016-11-30T10:30:00Z', 'local': '2016-11-30T16:00:00+05:30'}}"
220.9,{'hasFlags': False},"{'id': 2, 'name': 'pm25', 'units': 'µg/m³', 'displayName': None}","{'label': 'raw', 'interval': '01:00:00', 'datetimeFrom': {'utc': '2016-11-30T10:30:00Z', 'local': '2016-11-30T16:00:00+05:30'}, 'datetimeTo': {'utc': '2016-11-30T11:30:00Z', 'local': '2016-11-30T17:00:00+05:30'}}",,,"{'expectedCount': 1, 'expectedInterval': '01:00:00', 'observedCount': 1, 'observedInterval': '01:00:00', 'percentComplete': 100.0, 'percentCoverage': 100.0, 'datetimeFrom': {'utc': '2016-11-30T10:30:00Z', 'local': '2016-11-30T16:00:00+05:30'}, 'datetimeTo': {'utc': '2016-11-30T11:30:00Z', 'local': '2016-11-30T17:00:00+05:30'}}"
218.4,{'hasFlags': False},"{'id': 2, 'name': 'pm25', 'units': 'µg/m³', 'displayName': None}","{'label': 'raw', 'interval': '01:00:00', 'datetimeFrom': {'utc': '2016-11-30T11:30:00Z', 'local': '2016-11-30T17:00:00+05:30'}, 'datetimeTo': {'utc': '2016-11-30T12:30:00Z', 'local': '2016-11-30T18:00:00+05:30'}}",,,"{'expectedCount': 1, 'expectedInterval': '01:00:00', 'observedCount': 1, 'observedInterval': '01:00:00', 'percentComplete': 100.0, 'percentCoverage': 100.0, 'datetimeFrom': {'utc': '2016-11-30T11:30:00Z', 'local': '2016-11-30T17:00:00+05:30'}, 'datetimeTo': {'utc': '2016-11-30T12:30:00Z', 'local': '2016-11-30T18:00:00+05:30'}}"
223.1,{'hasFlags': False},"{'id': 2, 'name': 'pm25', 'units': 'µg/m³', 'displayName': None}","{'label': 'raw', 'interval': '01:00:00', 'datetimeFrom': {'utc': '2016-11-30T12:30:00Z', 'local': '2016-11-30T18:00:00+05:30'}, 'datetimeTo': {'utc': '2016-11-30T13:30:00Z', 'local': '2016-11-30T19:00:00+05:30'}}",,,"{'expectedCount': 1, 'expectedInterval': '01:00:00', 'observedCount': 1, 'observedInterval': '01:00:00', 'percentComplete': 100.0, 'percentCoverage': 100.0, 'datetimeFrom': {'utc': '2016-11-30T12:30:00Z', 'local': '2016-11-30T18:00:00+05:30'}, 'datetimeTo': {'utc': '2016-11-30T13:30:00Z', 'local': '2016-11-30T19:00:00+05:30'}}"
231.2,{'hasFlags': False},"{'id': 2, 'name': 'pm25', 'units': 'µg/m³', 'displayName': None}","{'label': 'raw', 'interval': '01:00:00', 'datetimeFrom': {'utc': '2016-11-30T13:30:00Z', 'local': '2016-11-30T19:00:00+05:30'}, 'datetimeTo': {'utc': '2016-11-30T14:30:00Z', 'local': '2016-11-30T20:00:00+05:30'}}",,,"{'expectedCount': 1, 'expectedInterval': '01:00:00', 'observedCount': 1, 'observedInterval': '01:00:00', 'percentComplete': 100.0, 'percentCoverage': 100.0, 'datetimeFrom': {'utc': '2016-11-30T13:30:00Z', 'local': '2016-11-30T19:00:00+05:30'}, 'datetimeTo': {'utc': '2016-11-30T14:30:00Z', 'local': '2016-11-30T20:00:00+05:30'}}"
243.1,{'hasFlags': False},"{'id': 2, 'name': 'pm25', 'units': 'µg/m³', 'displayName': None}","{'label': 'raw', 'interval': '01:00:00', 'datetimeFrom': {'utc': '2016-11-30T14:30:00Z', 'local': '2016-11-30T20:00:00+05:30'}, 'datetimeTo': {'utc': '2016-11-30T15:30:00Z', 'local': '2016-11-30T21:00:00+05:30'}}",,,"{'expectedCount': 1, 'expectedInterval': '01:00:00', 'observedCount': 1, 'observedInterval': '01:00:00', 'percentComplete': 100.0, 'percentCoverage': 100.0, 'datetimeFrom': {'utc': '2016-11-30T14:30:00Z', 'local': '2016-11-30T20:00:00+05:30'}, 'datetimeTo': {'utc': '2016-11-30T15:30:00Z', 'local': '2016-11-30T21:00:00+05:30'}}"
258.1,{'hasFlags': False},"{'id': 2, 'name': 'pm25', 'units': 'µg/m³', 'displayName': None}","{'label': 'raw', 'interval': '01:00:00', 'datetimeFrom': {'utc': '2016-11-30T15:30:00Z', 'local': '2016-11-30T21:00:00+05:30'}, 'datetimeTo': {'utc': '2016-11-30T16:30:00Z', 'local': '2016-11-30T22:00:00+05:30'}}",,,"{'expectedCount': 1, 'expectedInterval': '01:00:00', 'observedCount': 1, 'observedInterval': '01:00:00', 'percentComplete': 100.0, 'percentCoverage': 100.0, 'datetimeFrom': {'utc': '2016-11-30T15:30:00Z', 'local': '2016-11-30T21:00:00+05:30'}, 'datetimeTo': {'utc': '2016-11-30T16:30:00Z', 'local': '2016-11-30T22:00:00+05:30'}}"
265.9,{'hasFlags': False},"{'id': 2, 'name': 'pm25', 'units': 'µg/m³', 'displayName': None}","{'label': 'raw', 'interval': '01:00:00', 'datetimeFrom': {'utc': '2016-11-30T16:30:00Z', 'local': '2016-11-30T22:00:00+05:30'}, 'datetimeTo': {'utc': '2016-11-30T17:30:00Z', 'local': '2016-11-30T23:00:00+05:30'}}",,,"{'expectedCount': 1, 'expectedInterval': '01:00:00', 'observedCount': 1, 'observedInterval': '01:00:00', 'percentComplete': 100.0, 'percentCoverage': 100.0, 'datetimeFrom': {'utc': '2016-11-30T16:30:00Z', 'local': '2016-11-30T22:00:00+05:30'}, 'datetimeTo': {'utc': '2016-11-30T17:30:00Z', 'local': '2016-11-30T23:00:00+05:30'}}"
270.3,{'hasFlags': False},"{'id': 2, 'name': 'pm25', 'units': 'µg/m³', 'displayName': None}","{'label': 'raw', 'interval': '01:00:00', 'datetimeFrom': {'utc': '2016-11-30T17:30:00Z', 'local': '2016-11-30T23:00:00+05:30'}, 'datetimeTo': {'utc': '2016-11-30T18:30:00Z', 'local': '2016-12-01T00:00:00+05:30'}}",,,"{'expectedCount': 1, 'expectedInterval': '01:00:00', 'observedCount': 1, 'observedInterval': '01:00:00', 'percentComplete': 100.0, 'percentCoverage': 100.0, 'datetimeFrom': {'utc': '2016-11-30T17:30:00Z', 'local': '2016-11-30T23:00:00+05:30'}, 'datetimeTo': {'utc': '2016-11-30T18:30:00Z', 'local': '2016-12-01T00:00:00+05:30'}}"
268.4,{'hasFlags': False},"{'id': 2, 'name': 'pm25', 'units': 'µg/m³', 'displayName': None}","{'label': 'raw', 'interval': '01:00:00', 'datetimeFrom': {'utc': '2016-11-30T18:30:00Z', 'local': '2016-12-01T00:00:00+05:30'}, 'datetimeTo': {'utc': '2016-11-30T19:30:00Z', 'local': '2016-12-01T01:00:00+05:30'}}",,,"{'expectedCount': 1, 'expectedInterval': '01:00:00', 'observedCount': 1, 'observedInterval': '01:00:00', 'percentComplete': 100.0, 'percentCoverage': 100.0, 'datetimeFrom': {'utc': '2016-11-30T18:30:00Z', 'local': '2016-12-01T00:00:00+05:30'}, 'datetimeTo': {'utc': '2016-11-30T19:30:00Z', 'local': '2016-12-01T01:00:00+05:30'}}"
271.4,{'hasFlags': False},"{'id': 2, 'name': 'pm25', 'units': 'µg/m³', 'displayName': None}","{'label': 'raw', 'interval': '01:00:00', 'datetimeFrom': {'utc': '2016-11-30T19:30:00Z', 'local': '2016-12-01T01:00:00+05:30'}, 'datetimeTo': {'utc': '2016-11-30T20:30:00Z', 'local': '2016-12-01T02:00:00+05:30'}}",,,"{'expectedCount': 1, 'expectedInterval': '01:00:00', 'observedCount': 1, 'observedInterval': '01:00:00', 'percentComplete': 100.0, 'percentCoverage': 100.0, 'datetimeFrom': {'utc': '2016-11-30T19:30:00Z', 'local': '2016-12-01T01:00:00+05:30'}, 'datetimeTo': {'utc': '2016-11-30T20:30:00Z', 'local': '2016-12-01T02:00:00+05:30'}}"
277.0,{'hasFlags': False},"{'id': 2, 'name': 'pm25', 'units': 'µg/m³', 'displayName': None}","{'label': 'raw', 'interval': '01:00:00', 'datetimeFrom': {'utc': '2016-11-30T20:30:00Z', 'local': '2016-12-01T02:00:00+05:30'}, 'datetimeTo': {'utc': '2016-11-30T21:30:00Z', 'local': '2016-12-01T03:00:00+05:30'}}",,,"{'expectedCount': 1, 'expectedInterval': '01:00:00', 'observedCount': 1, 'observedInterval': '01:00:00', 'percentComplete': 100.0, 'percentCoverage': 100.0, 'datetimeFrom': {'utc': '2016-11-30T20:30:00Z', 'local': '2016-12-01T02:00:00+05:30'}, 'datetimeTo': {'utc': '2016-11-30T21:30:00Z', 'local': '2016-12-01T03:00:00+05:30'}}"
289.6,{'hasFlags': False},"{'id': 2, 'name': 'pm25', 'units': 'µg/m³', 'displayName': None}","{'label': 'raw', 'interval': '01:00:00', 'datetimeFrom': {'utc': '2016-11-30T21:30:00Z', 'local': '2016-12-01T03:00:00+05:30'}, 'datetimeTo': {'utc': '2016-11-30T22:30:00Z', 'local': '2016-12-01T04:00:00+05:30'}}",,,"{'expectedCount': 1, 'expectedInterval': '01:00:00', 'observedCount': 1, 'observedInterval': '01:00:00', 'percentComplete': 100.0, 'percentCoverage': 100.0, 'datetimeFrom': {'utc': '2016-11-30T21:30:00Z', 'local': '2016-12-01T03:00:00+05:30'}, 'datetimeTo': {'utc': '2016-11-30T22:30:00Z', 'local': '2016-12-01T04:00:00+05:30'}}"
294.7,{'hasFlags': False},"{'id': 2, 'name': 'pm25', 'units': 'µg/m³', 'displayName': None}","{'label': 'raw', 'interval': '01:00:00', 'datetimeFrom': {'utc': '2016-11-30T22:30:00Z', 'local': '2016-12-01T04:00:00+05:30'}, 'datetimeTo': {'utc': '2016-11-30T23:30:00Z', 'local': '2016-12-01T05:00:00+05:30'}}",,,"{'expectedCount': 1, 'expectedInterval': '01:00:00', 'observedCount': 1, 'observedInterval': '01:00:00', 'percentComplete': 100.0, 'percentCoverage': 100.0, 'datetimeFrom': {'utc': '2016-11-30T22:30:00Z', 'local': '2016-12-01T04:00:00+05:30'}, 'datetimeTo': {'utc': '2016-11-30T23:30:00Z', 'local': '2016-12-01T05:00:00+05:30'}}"
294.5,{'hasFlags': False},"{'id': 2, 'name': 'pm25', 'units': 'µg/m³', 'displayName': None}","{'label': 'raw', 'interval': '01:00:00', 'datetimeFrom': {'utc': '2016-11-30T23:30:00Z', 'local': '2016-12-01T05:00:00+05:30'}, 'datetimeTo': {'utc': '2016-12-01T00:30:00Z', 'local': '2016-12-01T06:00:00+05:30'}}",,,"{'expectedCount': 1, 'expectedInterval': '01:00:00', 'observedCount': 1, 'observedInterval': '01:00:00', 'percentComplete': 100.0, 'percentCoverage': 100.0, 'datetimeFrom': {'utc': '2016-11-30T23:30:00Z', 'local': '2016-12-01T05:00:00+05:30'}, 'datetimeTo': {'utc': '2016-12-01T00:30:00Z', 'local': '2016-12-01T06:00:00+05:30'}}"
293.9,{'hasFlags': False},"{'id': 2, 'name': 'pm25', 'units': 'µg/m³', 'displayName': None}","{'label': 'raw', 'interval': '01:00:00', 'datetimeFrom': {'utc': '2016-12-01T00:30:00Z', 'local': '2016-12-01T06:00:00+05:30'}, 'datetimeTo': {'utc': '2016-12-01T01:30:00Z', 'local': '2016-12-01T07:00:00+05:30'}}",,,"{'expectedCount': 1, 'expectedInterval': '01:00:00', 'observedCount': 1, 'observedInterval': '01:00:00', 'percentComplete': 100.0, 'percentCoverage': 100.0, 'datetimeFrom': {'utc': '2016-12-01T00:30:00Z', 'local': '2016-12-01T06:00:00+05:30'}, 'datetimeTo': {'utc': '2016-12-01T01:30:00Z', 'local': '2016-12-01T07:00:00+05:30'}}"
291.2,{'hasFlags': False},"{'id': 2, 'name': 'pm25', 'units': 'µg/m³', 'displayName': None}","{'label': 'raw', 'interval': '01:00:00', 'datetimeFrom': {'utc': '2016-12-01T01:30:00Z', 'local': '2016-12-01T07:00:00+05:30'}, 'datetimeTo': {'utc': '2016-12-01T02:30:00Z', 'local': '2016-12-01T08:00:00+05:30'}}",,,"{'expectedCount': 1, 'expectedInterval': '01:00:00', 'observedCount': 1, 'observedInterval': '01:00:00', 'percentComplete': 100.0, 'percentCoverage': 100.0, 'datetimeFrom': {'utc': '2016-12-01T01:30:00Z', 'local': '2016-12-01T07:00:00+05:30'}, 'datetimeTo': {'utc': '2016-12-01T02:30:00Z', 'local': '2016-12-01T08:00:00+05:30'}}"
290.4,{'hasFlags': False},"{'id': 2, 'name': 'pm25', 'units': 'µg/m³', 'displayName': None}","{'label': 'raw', 'interval': '01:00:00', 'datetimeFrom': {'utc': '2016-12-01T02:30:00Z', 'local': '2016-12-01T08:00:00+05:30'}, 'datetimeTo': {'utc': '2016-12-01T03:30:00Z', 'local': '2016-12-01T09:00:00+05:30'}}",,,"{'expectedCount': 1, 'expectedInterval': '01:00:00', 'observedCount': 1, 'observedInterval': '01:00:00', 'percentComplete': 100.0, 'percentCoverage': 100.0, 'datetimeFrom': {'utc': '2016-12-01T02:30:00Z', 'local': '2016-12-01T08:00:00+05:30'}, 'datetimeTo': {'utc': '2016-12-01T03:30:00Z', 'local': '2016-12-01T09:00:00+05:30'}}"
293.2,{'hasFlags': False},"{'id': 2, 'name': 'pm25', 'units': 'µg/m³', 'displayName': None}","{'label': 'raw', 'interval': '01:00:00', 'datetimeFrom': {'utc': '2016-12-01T03:30:00Z', 'local': '2016-12-01T09:00:00+05:30'}, 'datetimeTo': {'utc': '2016-12-01T04:30:00Z', 'local': '2016-12-01T10:00:00+05:30'}}",,,"{'expectedCount': 1, 'expectedInterval': '01:00:00', 'observedCount': 1, 'observedInterval': '01:00:00', 'percentComplete': 100.0, 'percentCoverage': 100.0, 'datetimeFrom': {'utc': '2016-12-01T03:30:00Z', 'local': '2016-12-01T09:00:00+05:30'}, 'datetimeTo': {'utc': '2016-12-01T04:30:00Z', 'local': '2016-12-01T10:00:00+05:30'}}"
282.6,{'hasFlags': False},"{'id': 2, 'name': 'pm25', 'units': 'µg/m³', 'displayName': None}","{'label': 'raw', 'interval': '01:00:00', 'datetimeFrom': {'utc': '2016-12-01T04:30:00Z', 'local': '2016-12-01T10:00:00+05:30'}, 'datetimeTo': {'utc': '2016-12-01T05:30:00Z', 'local': '2016-12-01T11:00:00+05:30'}}",,,"{'expectedCount': 1, 'expectedInterval': '01:00:00', 'observedCount': 1, 'observedInterval': '01:00:00', 'percentComplete': 100.0, 'percentCoverage': 100.0, 'datetimeFrom': {'utc': '2016-12-01T04:30:00Z', 'local': '2016-12-01T10:00:00+05:30'}, 'datetimeTo': {'utc': '2016-12-01T05:30:00Z', 'local': '2016-12-01T11:00:00+05:30'}}"
271.1,{'hasFlags': False},"{'id': 2, 'name': 'pm25', 'units': 'µg/m³', 'displayName': None}","{'label': 'raw', 'interval': '01:00:00', 'datetimeFrom': {'utc': '2016-12-01T05:30:00Z', 'local': '2016-12-01T11:00:00+05:30'}, 'datetimeTo': {'utc': '2016-12-01T06:30:00Z', 'local': '2016-12-01T12:00:00+05:30'}}",,,"{'expectedCount': 1, 'expectedInterval': '01:00:00', 'observedCount': 1, 'observedInterval': '01:00:00', 'percentComplete': 100.0, 'percentCoverage': 100.0, 'datetimeFrom': {'utc': '2016-12-01T05:30:00Z', 'local': '2016-12-01T11:00:00+05:30'}, 'datetimeTo': {'utc': '2016-12-01T06:30:00Z', 'local': '2016-12-01T12:00:00+05:30'}}"
273.1,{'hasFlags': False},"{'id': 2, 'name': 'pm25', 'units': 'µg/m³', 'displayName': None}","{'label': 'raw', 'interval': '01:00:00', 'datetimeFrom': {'utc': '2016-12-01T06:30:00Z', 'local': '2016-12-01T12:00:00+05:30'}, 'datetimeTo': {'utc': '2016-12-01T07:30:00Z', 'local': '2016-12-01T13:00:00+05:30'}}",,,"{'expectedCount': 1, 'expectedInterval': '01:00:00', 'observedCount': 1, 'observedInterval': '01:00:00', 'percentComplete': 100.0, 'percentCoverage': 100.0, 'datetimeFrom': {'utc': '2016-12-01T06:30:00Z', 'local': '2016-12-01T12:00:00+05:30'}, 'datetimeTo': {'utc': '2016-12-01T07:30:00Z', 'local': '2016-12-01T13:00:00+05:30'}}"
249.3,{'hasFlags': False},"{'id': 2, 'name': 'pm25', 'units': 'µg/m³', 'displayName': None}","{'label': 'raw', 'interval': '01:00:00', 'datetimeFrom': {'utc': '2016-12-01T07:30:00Z', 'local': '2016-12-01T13:00:00+05:30'}, 'datetimeTo': {'utc': '2016-12-01T08:30:00Z', 'local': '2016-12-01T14:00:00+05:30'}}",,,"{'expectedCount': 1, 'expectedInterval': '01:00:00', 'observedCount': 1, 'observedInterval': '01:00:00', 'percentComplete': 100.0, 'percentCoverage': 100.0, 'datetimeFrom': {'utc': '2016-12-01T07:30:00Z', 'local': '2016-12-01T13:00:00+05:30'}, 'datetimeTo': {'utc': '2016-12-01T08:30:00Z', 'local': '2016-12-01T14:00:00+05:30'}}"
235.8,{'hasFlags': False},"{'id': 2, 'name': 'pm25', 'units': 'µg/m³', 'displayName': None}","{'label': 'raw', 'interval': '01:00:00', 'datetimeFrom': {'utc': '2016-12-01T08:30:00Z', 'local': '2016-12-01T14:00:00+05:30'}, 'datetimeTo': {'utc': '2016-12-01T09:30:00Z', 'local': '2016-12-01T15:00:00+05:30'}}",,,"{'expectedCount': 1, 'expectedInterval': '01:00:00', 'observedCount': 1, 'observedInterval': '01:00:00', 'percentComplete': 100.0, 'percentCoverage': 100.0, 'datetimeFrom': {'utc': '2016-12-01T08:30:00Z', 'local': '2016-12-01T14:00:00+05:30'}, 'datetimeTo': {'utc': '2016-12-01T09:30:00Z', 'local': '2016-12-01T15:00:00+05:30'}}"
247.6,{'hasFlags': False},"{'id': 2, 'name': 'pm25', 'units': 'µg/m³', 'displayName': None}","{'label': 'raw', 'interval': '01:00:00', 'datetimeFrom': {'utc': '2016-12-01T09:30:00Z', 'local': '2016-12-01T15:00:00+05:30'}, 'datetimeTo': {'utc': '2016-12-01T10:30:00Z', 'local': '2016-12-01T16:00:00+05:30'}}",,,"{'expectedCount': 1, 'expectedInterval': '01:00:00', 'observedCount': 1, 'observedInterval': '01:00:00', 'percentComplete': 100.0, 'percentCoverage': 100.0, 'datetimeFrom': {'utc': '2016-12-01T09:30:00Z', 'local': '2016-12-01T15:00:00+05:30'}, 'datetimeTo': {'utc': '2016-12-01T10:30:00Z', 'local': '2016-12-01T16:00:00+05:30'}}"
223.1,{'hasFlags': False},"{'id': 2, 'name': 'pm25', 'units': 'µg/m³', 'displayName': None}","{'label': 'raw', 'interval': '01:00:00', 'datetimeFrom': {'utc': '2016-12-01T10:30:00Z', 'local': '2016-12-01T16:00:00+05:30'}, 'datetimeTo': {'utc': '2016-12-01T11:30:00Z', 'local': '2016-12-01T17:00:00+05:30'}}",,,"{'expectedCount': 1, 'expectedInterval': '01:00:00', 'observedCount': 1, 'observedInterval': '01:00:00', 'percentComplete': 100.0, 'percentCoverage': 100.0, 'datetimeFrom': {'utc': '2016-12-01T10:30:00Z', 'local': '2016-12-01T16:00:00+05:30'}, 'datetimeTo': {'utc': '2016-12-01T11:30:00Z', 'local': '2016-12-01T17:00:00+05:30'}}"
241.7,{'hasFlags': False},"{'id': 2, 'name': 'pm25', 'units': 'µg/m³', 'displayName': None}","{'label': 'raw', 'interval': '01:00:00', 'datetimeFrom': {'utc': '2016-12-01T11:30:00Z', 'local': '2016-12-01T17:00:00+05:30'}, 'datetimeTo': {'utc': '2016-12-01T12:30:00Z', 'local': '2016-12-01T18:00:00+05:30'}}",,,"{'expectedCount': 1, 'expectedInterval': '01:00:00', 'observedCount': 1, 'observedInterval': '01:00:00', 'percentComplete': 100.0, 'percentCoverage': 100.0, 'datetimeFrom': {'utc': '2016-12-01T11:30:00Z', 'local': '2016-12-01T17:00:00+05:30'}, 'datetimeTo': {'utc': '2016-12-01T12:30:00Z', 'local': '2016-12-01T18:00:00+05:30'}}"
267.8,{'hasFlags': False},"{'id': 2, 'name': 'pm25', 'units': 'µg/m³', 'displayName': None}","{'label': 'raw', 'interval': '01:00:00', 'datetimeFrom': {'utc': '2016-12-01T12:30:00Z', 'local': '2016-12-01T18:00:00+05:30'}, 'datetimeTo': {'utc': '2016-12-01T13:30:00Z', 'local': '2016-12-01T19:00:00+05:30'}}",,,"{'expectedCount': 1, 'expectedInterval': '01:00:00', 'observedCount': 1, 'observedInterval': '01:00:00', 'percentComplete': 100.0, 'percentCoverage': 100.0, 'datetimeFrom': {'utc': '2016-12-01T12:30:00Z', 'local': '2016-12-01T18:00:00+05:30'}, 'datetimeTo': {'utc': '2016-12-01T13:30:00Z', 'local': '2016-12-01T19:00:00+05:30'}}"
288.1,{'hasFlags': False},"{'id': 2, 'name': 'pm25', 'units': 'µg/m³', 'displayName': None}","{'label': 'raw', 'interval': '01:00:00', 'datetimeFrom': {'utc': '2016-12-01T13:30:00Z', 'local': '2016-12-01T19:00:00+05:30'}, 'datetimeTo': {'utc': '2016-12-01T14:30:00Z', 'local': '2016-12-01T20:00:00+05:30'}}",,,"{'expectedCount': 1, 'expectedInterval': '01:00:00', 'observedCount': 1, 'observedInterval': '01:00:00', 'percentComplete': 100.0, 'percentCoverage': 100.0, 'datetimeFrom': {'utc': '2016-12-01T13:30:00Z', 'local': '2016-12-01T19:00:00+05:30'}, 'datetimeTo': {'utc': '2016-12-01T14:30:00Z', 'local': '2016-12-01T20:00:00+05:30'}}"
289.3,{'hasFlags': False},"{'id': 2, 'name': 'pm25', 'units': 'µg/m³', 'displayName': None}","{'label': 'raw', 'interval': '01:00:00', 'datetimeFrom': {'utc': '2016-12-01T14:30:00Z', 'local': '2016-12-01T20:00:00+05:30'}, 'datetimeTo': {'utc': '2016-12-01T15:30:00Z', 'local': '2016-12-01T21:00:00+05:30'}}",,,"{'expectedCount': 1, 'expectedInterval': '01:00:00', 'observedCount': 1, 'observedInterval': '01:00:00', 'percentComplete': 100.0, 'percentCoverage': 100.0, 'datetimeFrom': {'utc': '2016-12-01T14:30:00Z', 'local': '2016-12-01T20:00:00+05:30'}, 'datetimeTo': {'utc': '2016-12-01T15:30:00Z', 'local': '2016-12-01T21:00:00+05:30'}}"
294.5,{'hasFlags': False},"{'id': 2, 'name': 'pm25', 'units': 'µg/m³', 'displayName': None}","{'label': 'raw', 'interval': '01:00:00', 'datetimeFrom': {'utc': '2016-12-01T15:30:00Z', 'local': '2016-12-01T21:00:00+05:30'}, 'datetimeTo': {'utc': '2016-12-01T16:30:00Z', 'local': '2016-12-01T22:00:00+05:30'}}",,,"{'expectedCount': 1, 'expectedInterval': '01:00:00', 'observedCount': 1, 'observedInterval': '01:00:00', 'percentComplete': 100.0, 'percentCoverage': 100.0, 'datetimeFrom': {'utc': '2016-12-01T15:30:00Z', 'local': '2016-12-01T21:00:00+05:30'}, 'datetimeTo': {'utc': '2016-12-01T16:30:00Z', 'local': '2016-12-01T22:00:00+05:30'}}"
293.9,{'hasFlags': False},"{'id': 2, 'name': 'pm25', 'units': 'µg/m³', 'displayName': None}","{'label': 'raw', 'interval': '01:00:00', 'datetimeFrom': {'utc': '2016-12-01T16:30:00Z', 'local': '2016-12-01T22:00:00+05:30'}, 'datetimeTo': {'utc': '2016-12-01T17:30:00Z', 'local': '2016-12-01T23:00:00+05:30'}}",,,"{'expectedCount': 1, 'expectedInterval': '01:00:00', 'observedCount': 1, 'observedInterval': '01:00:00', 'percentComplete': 100.0, 'percentCoverage': 100.0, 'datetimeFrom': {'utc': '2016-12-01T16:30:00Z', 'local': '2016-12-01T22:00:00+05:30'}, 'datetimeTo': {'utc': '2016-12-01T17:30:00Z', 'local': '2016-12-01T23:00:00+05:30'}}"
287.4,{'hasFlags': False},"{'id': 2, 'name': 'pm25', 'units': 'µg/m³', 'displayName': None}","{'label': 'raw', 'interval': '01:00:00', 'datetimeFrom': {'utc': '2016-12-01T17:30:00Z', 'local': '2016-12-01T23:00:00+05:30'}, 'datetimeTo': {'utc': '2016-12-01T18:30:00Z', 'local': '2016-12-02T00:00:00+05:30'}}",,,"{'expectedCount': 1, 'expectedInterval': '01:00:00', 'observedCount': 1, 'observedInterval': '01:00:00', 'percentComplete': 100.0, 'percentCoverage': 100.0, 'datetimeFrom': {'utc': '2016-12-01T17:30:00Z', 'local': '2016-12-01T23:00:00+05:30'}, 'datetimeTo': {'utc': '2016-12-01T18:30:00Z', 'local': '2016-12-02T00:00:00+05:30'}}"
281.9,{'hasFlags': False},"{'id': 2, 'name': 'pm25', 'units': 'µg/m³', 'displayName': None}","{'label': 'raw', 'interval': '01:00:00', 'datetimeFrom': {'utc': '2016-12-01T18:30:00Z', 'local': '2016-12-02T00:00:00+05:30'}, 'datetimeTo': {'utc': '2016-12-01T19:30:00Z', 'local': '2016-12-02T01:00:00+05:30'}}",,,"{'expectedCount': 1, 'expectedInterval': '01:00:00', 'observedCount': 1, 'observedInterval': '01:00:00', 'percentComplete': 100.0, 'percentCoverage': 100.0, 'datetimeFrom': {'utc': '2016-12-01T18:30:00Z', 'local': '2016-12-02T00:00:00+05:30'}, 'datetimeTo': {'utc': '2016-12-01T19:30:00Z', 'local': '2016-12-02T01:00:00+05:30'}}"
284.0,{'hasFlags': False},"{'id': 2, 'name': 'pm25', 'units': 'µg/m³', 'displayName': None}","{'label': 'raw', 'interval': '01:00:00', 'datetimeFrom': {'utc': '2016-12-01T19:30:00Z', 'local': '2016-12-02T01:00:00+05:30'}, 'datetimeTo': {'utc': '2016-12-01T20:30:00Z', 'local': '2016-12-02T02:00:00+05:30'}}",,,"{'expectedCount': 1, 'expectedInterval': '01:00:00', 'observedCount': 1, 'observedInterval': '01:00:00', 'percentComplete': 100.0, 'percentCoverage': 100.0, 'datetimeFrom': {'utc': '2016-12-01T19:30:00Z', 'local': '2016-12-02T01:00:00+05:30'}, 'datetimeTo': {'utc': '2016-12-01T20:30:00Z', 'local': '2016-12-02T02:00:00+05:30'}}"
300.0,{'hasFlags': False},"{'id': 2, 'name': 'pm25', 'units': 'µg/m³', 'displayName': None}","{'label': 'raw', 'interval': '01:00:00', 'datetimeFrom': {'utc': '2016-12-01T20:30:00Z', 'local': '2016-12-02T02:00:00+05:30'}, 'datetimeTo': {'utc': '2016-12-01T21:30:00Z', 'local': '2016-12-02T03:00:00+05:30'}}",,,"{'expectedCount': 1, 'expectedInterval': '01:00:00', 'observedCount': 1, 'observedInterval': '01:00:00', 'percentComplete': 100.0, 'percentCoverage': 100.0, 'datetimeFrom': {'utc': '2016-12-01T20:30:00Z', 'local': '2016-12-02T02:00:00+05:30'}, 'datetimeTo': {'utc': '2016-12-01T21:30:00Z', 'local': '2016-12-02T03:00:00+05:30'}}"
314.3,{'hasFlags': False},"{'id': 2, 'name': 'pm25', 'units': 'µg/m³', 'displayName': None}","{'label': 'raw', 'interval': '01:00:00', 'datetimeFrom': {'utc': '2016-12-01T21:30:00Z', 'local': '2016-12-02T03:00:00+05:30'}, 'datetimeTo': {'utc': '2016-12-01T22:30:00Z', 'local': '2016-12-02T04:00:00+05:30'}}",,,"{'expectedCount': 1, 'expectedInterval': '01:00:00', 'observedCount': 1, 'observedInterval': '01:00:00', 'percentComplete': 100.0, 'percentCoverage': 100.0, 'datetimeFrom': {'utc': '2016-12-01T21:30:00Z', 'local': '2016-12-02T03:00:00+05:30'}, 'datetimeTo': {'utc': '2016-12-01T22:30:00Z', 'local': '2016-12-02T04:00:00+05:30'}}"
307.9,{'hasFlags': False},"{'id': 2, 'name': 'pm25', 'units': 'µg/m³', 'displayName': None}","{'label': 'raw', 'interval': '01:00:00', 'datetimeFrom': {'utc': '2016-12-01T22:30:00Z', 'local': '2016-12-02T04:00:00+05:30'}, 'datetimeTo': {'utc': '2016-12-01T23:30:00Z', 'local': '2016-12-02T05:00:00+05:30'}}",,,"{'expectedCount': 1, 'expectedInterval': '01:00:00', 'observedCount': 1, 'observedInterval': '01:00:00', 'percentComplete': 100.0, 'percentCoverage': 100.0, 'datetimeFrom': {'utc': '2016-12-01T22:30:00Z', 'local': '2016-12-02T04:00:00+05:30'}, 'datetimeTo': {'utc': '2016-12-01T23:30:00Z', 'local': '2016-12-02T05:00:00+05:30'}}"
315.3,{'hasFlags': False},"{'id': 2, 'name': 'pm25', 'units': 'µg/m³', 'displayName': None}","{'label': 'raw', 'interval': '01:00:00', 'datetimeFrom': {'utc': '2016-12-01T23:30:00Z', 'local': '2016-12-02T05:00:00+05:30'}, 'datetimeTo': {'utc': '2016-12-02T00:30:00Z', 'local': '2016-12-02T06:00:00+05:30'}}",,,"{'expectedCount': 1, 'expectedInterval': '01:00:00', 'observedCount': 1, 'observedInterval': '01:00:00', 'percentComplete': 100.0, 'percentCoverage': 100.0, 'datetimeFrom': {'utc': '2016-12-01T23:30:00Z', 'local': '2016-12-02T05:00:00+05:30'}, 'datetimeTo': {'utc': '2016-12-02T00:30:00Z', 'local': '2016-12-02T06:00:00+05:30'}}"
324.1,{'hasFlags': False},"{'id': 2, 'name': 'pm25', 'units': 'µg/m³', 'displayName': None}","{'label': 'raw', 'interval': '01:00:00', 'datetimeFrom': {'utc': '2016-12-02T00:30:00Z', 'local': '2016-12-02T06:00:00+05:30'}, 'datetimeTo': {'utc': '2016-12-02T01:30:00Z', 'local': '2016-12-02T07:00:00+05:30'}}",,,"{'expectedCount': 1, 'expectedInterval': '01:00:00', 'observedCount': 1, 'observedInterval': '01:00:00', 'percentComplete': 100.0, 'percentCoverage': 100.0, 'datetimeFrom': {'utc': '2016-12-02T00:30:00Z', 'local': '2016-12-02T06:00:00+05:30'}, 'datetimeTo': {'utc': '2016-12-02T01:30:00Z', 'local': '2016-12-02T07:00:00+05:30'}}"
316.2,{'hasFlags': False},"{'id': 2, 'name': 'pm25', 'units': 'µg/m³', 'displayName': None}","{'label': 'raw', 'interval': '01:00:00', 'datetimeFrom': {'utc': '2016-12-02T01:30:00Z', 'local': '2016-12-02T07:00:00+05:30'}, 'datetimeTo': {'utc': '2016-12-02T02:30:00Z', 'local': '2016-12-02T08:00:00+05:30'}}",,,"{'expectedCount': 1, 'expectedInterval': '01:00:00', 'observedCount': 1, 'observedInterval': '01:00:00', 'percentComplete': 100.0, 'percentCoverage': 100.0, 'datetimeFrom': {'utc': '2016-12-02T01:30:00Z', 'local': '2016-12-02T07:00:00+05:30'}, 'datetimeTo': {'utc': '2016-12-02T02:30:00Z', 'local': '2016-12-02T08:00:00+05:30'}}"
307.1,{'hasFlags': False},"{'id': 2, 'name': 'pm25', 'units': 'µg/m³', 'displayName': None}","{'label': 'raw', 'interval': '01:00:00', 'datetimeFrom': {'utc': '2016-12-02T02:30:00Z', 'local': '2016-12-02T08:00:00+05:30'}, 'datetimeTo': {'utc': '2016-12-02T03:30:00Z', 'local': '2016-12-02T09:00:00+05:30'}}",,,"{'expectedCount': 1, 'expectedInterval': '01:00:00', 'observedCount': 1, 'observedInterval': '01:00:00', 'percentComplete': 100.0, 'percentCoverage': 100.0, 'datetimeFrom': {'utc': '2016-12-02T02:30:00Z', 'local': '2016-12-02T08:00:00+05:30'}, 'datetimeTo': {'utc': '2016-12-02T03:30:00Z', 'local': '2016-12-02T09:00:00+05:30'}}"
295.4,{'hasFlags': False},"{'id': 2, 'name': 'pm25', 'units': 'µg/m³', 'displayName': None}","{'label': 'raw', 'interval': '01:00:00', 'datetimeFrom': {'utc': '2016-12-02T03:30:00Z', 'local': '2016-12-02T09:00:00+05:30'}, 'datetimeTo': {'utc': '2016-12-02T04:30:00Z', 'local': '2016-12-02T10:00:00+05:30'}}",,,"{'expectedCount': 1, 'expectedInterval': '01:00:00', 'observedCount': 1, 'observedInterval': '01:00:00', 'percentComplete': 100.0, 'percentCoverage': 100.0, 'datetimeFrom': {'utc': '2016-12-02T03:30:00Z', 'local': '2016-12-02T09:00:00+05:30'}, 'datetimeTo': {'utc': '2016-12-02T04:30:00Z', 'local': '2016-12-02T10:00:00+05:30'}}"
284.8,{'hasFlags': False},"{'id': 2, 'name': 'pm25', 'units': 'µg/m³', 'displayName': None}","{'label': 'raw', 'interval': '01:00:00', 'datetimeFrom': {'utc': '2016-12-02T04:30:00Z', 'local': '2016-12-02T10:00:00+05:30'}, 'datetimeTo': {'utc': '2016-12-02T05:30:00Z', 'local': '2016-12-02T11:00:00+05:30'}}",,,"{'expectedCount': 1, 'expectedInterval': '01:00:00', 'observedCount': 1, 'observedInterval': '01:00:00', 'percentComplete': 100.0, 'percentCoverage': 100.0, 'datetimeFrom': {'utc': '2016-12-02T04:30:00Z', 'local': '2016-12-02T10:00:00+05:30'}, 'datetimeTo': {'utc': '2016-12-02T05:30:00Z', 'local': '2016-12-02T11:00:00+05:30'}}"
287.3,{'hasFlags': False},"{'id': 2, 'name': 'pm25', 'units': 'µg/m³', 'displayName': None}","{'label': 'raw', 'interval': '01:00:00', 'datetimeFrom': {'utc': '2016-12-02T05:30:00Z', 'local': '2016-12-02T11:00:00+05:30'}, 'datetimeTo': {'utc': '2016-12-02T06:30:00Z', 'local': '2016-12-02T12:00:00+05:30'}}",,,"{'expectedCount': 1, 'expectedInterval': '01:00:00', 'observedCount': 1, 'observedInterval': '01:00:00', 'percentComplete': 100.0, 'percentCoverage': 100.0, 'datetimeFrom': {'utc': '2016-12-02T05:30:00Z', 'local': '2016-12-02T11:00:00+05:30'}, 'datetimeTo': {'utc': '2016-12-02T06:30:00Z', 'local': '2016-12-02T12:00:00+05:30'}}"
287.8,{'hasFlags': False},"{'id': 2, 'name': 'pm25', 'units': 'µg/m³', 'displayName': None}","{'label': 'raw', 'interval': '01:00:00', 'datetimeFrom': {'utc': '2016-12-02T06:30:00Z', 'local': '2016-12-02T12:00:00+05:30'}, 'datetimeTo': {'utc': '2016-12-02T07:30:00Z', 'local': '2016-12-02T13:00:00+05:30'}}",,,"{'expectedCount': 1, 'expectedInterval': '01:00:00', 'observedCount': 1, 'observedInterval': '01:00:00', 'percentComplete': 100.0, 'percentCoverage': 100.0, 'datetimeFrom': {'utc': '2016-12-02T06:30:00Z', 'local': '2016-12-02T12:00:00+05:30'}, 'datetimeTo': {'utc': '2016-12-02T07:30:00Z', 'local': '2016-12-02T13:00:00+05:30'}}"
276.8,{'hasFlags': False},"{'id': 2, 'name': 'pm25', 'units': 'µg/m³', 'displayName': None}","{'label': 'raw', 'interval': '01:00:00', 'datetimeFrom': {'utc': '2016-12-02T07:30:00Z', 'local': '2016-12-02T13:00:00+05:30'}, 'datetimeTo': {'utc': '2016-12-02T08:30:00Z', 'local': '2016-12-02T14:00:00+05:30'}}",,,"{'expectedCount': 1, 'expectedInterval': '01:00:00', 'observedCount': 1, 'observedInterval': '01:00:00', 'percentComplete': 100.0, 'percentCoverage': 100.0, 'datetimeFrom': {'utc': '2016-12-02T07:30:00Z', 'local': '2016-12-02T13:00:00+05:30'}, 'datetimeTo': {'utc': '2016-12-02T08:30:00Z', 'local': '2016-12-02T14:00:00+05:30'}}"
248.1,{'hasFlags': False},"{'id': 2, 'name': 'pm25', 'units': 'µg/m³', 'displayName': None}","{'label': 'raw', 'interval': '01:00:00', 'datetimeFrom': {'utc': '2016-12-02T08:30:00Z', 'local': '2016-12-02T14:00:00+05:30'}, 'datetimeTo': {'utc': '2016-12-02T09:30:00Z', 'local': '2016-12-02T15:00:00+05:30'}}",,,"{'expectedCount': 1, 'expectedInterval': '01:00:00', 'observedCount': 1, 'observedInterval': '01:00:00', 'percentComplete': 100.0, 'percentCoverage': 100.0, 'datetimeFrom': {'utc': '2016-12-02T08:30:00Z', 'local': '2016-12-02T14:00:00+05:30'}, 'datetimeTo': {'utc': '2016-12-02T09:30:00Z', 'local': '2016-12-02T15:00:00+05:30'}}"
243.6,{'hasFlags': False},"{'id': 2, 'name': 'pm25', 'units': 'µg/m³', 'displayName': None}","{'label': 'raw', 'interval': '01:00:00', 'datetimeFrom': {'utc': '2016-12-02T09:30:00Z', 'local': '2016-12-02T15:00:00+05:30'}, 'datetimeTo': {'utc': '2016-12-02T10:30:00Z', 'local': '2016-12-02T16:00:00+05:30'}}",,,"{'expectedCount': 1, 'expectedInterval': '01:00:00', 'observedCount': 1, 'observedInterval': '01:00:00', 'percentComplete': 100.0, 'percentCoverage': 100.0, 'datetimeFrom': {'utc': '2016-12-02T09:30:00Z', 'local': '2016-12-02T15:00:00+05:30'}, 'datetimeTo': {'utc': '2016-12-02T10:30:00Z', 'local': '2016-12-02T16:00:00+05:30'}}"
246.0,{'hasFlags': False},"{'id': 2, 'name': 'pm25', 'units': 'µg/m³', 'displayName': None}","{'label': 'raw', 'interval': '01:00:00', 'datetimeFrom': {'utc': '2016-12-02T10:30:00Z', 'local': '2016-12-02T16:00:00+05:30'}, 'datetimeTo': {'utc': '2016-12-02T11:30:00Z', 'local': '2016-12-02T17:00:00+05:30'}}",,,"{'expectedCount': 1, 'expectedInterval': '01:00:00', 'observedCount': 1, 'observedInterval': '01:00:00', 'percentComplete': 100.0, 'percentCoverage': 100.0, 'datetimeFrom': {'utc': '2016-12-02T10:30:00Z', 'local': '2016-12-02T16:00:00+05:30'}, 'datetimeTo': {'utc': '2016-12-02T11:30:00Z', 'local': '2016-12-02T17:00:00+05:30'}}"
251.8,{'hasFlags': False},"{'id': 2, 'name': 'pm25', 'units': 'µg/m³', 'displayName': None}","{'label': 'raw', 'interval': '01:00:00', 'datetimeFrom': {'utc': '2016-12-02T11:30:00Z', 'local': '2016-12-02T17:00:00+05:30'}, 'datetimeTo': {'utc': '2016-12-02T12:30:00Z', 'local': '2016-12-02T18:00:00+05:30'}}",,,"{'expectedCount': 1, 'expectedInterval': '01:00:00', 'observedCount': 1, 'observedInterval': '01:00:00', 'percentComplete': 100.0, 'percentCoverage': 100.0, 'datetimeFrom': {'utc': '2016-12-02T11:30:00Z', 'local': '2016-12-02T17:00:00+05:30'}, 'datetimeTo': {'utc': '2016-12-02T12:30:00Z', 'local': '2016-12-02T18:00:00+05:30'}}"
259.4,{'hasFlags': False},"{'id': 2, 'name': 'pm25', 'units': 'µg/m³', 'displayName': None}","{'label': 'raw', 'interval': '01:00:00', 'datetimeFrom': {'utc': '2016-12-02T12:30:00Z', 'local': '2016-12-02T18:00:00+05:30'}, 'datetimeTo': {'utc': '2016-12-02T13:30:00Z', 'local': '2016-12-02T19:00:00+05:30'}}",,,"{'expectedCount': 1, 'expectedInterval': '01:00:00', 'observedCount': 1, 'observedInterval': '01:00:00', 'percentComplete': 100.0, 'percentCoverage': 100.0, 'datetimeFrom': {'utc': '2016-12-02T12:30:00Z', 'local': '2016-12-02T18:00:00+05:30'}, 'datetimeTo': {'utc': '2016-12-02T13:30:00Z', 'local': '2016-12-02T19:00:00+05:30'}}"
268.2,{'hasFlags': False},"{'id': 2, 'name': 'pm25', 'units': 'µg/m³', 'displayName': None}","{'label': 'raw', 'interval': '01:00:00', 'datetimeFrom': {'utc': '2016-12-02T13:30:00Z', 'local': '2016-12-02T19:00:00+05:30'}, 'datetimeTo': {'utc': '2016-12-02T14:30:00Z', 'local': '2016-12-02T20:00:00+05:30'}}",,,"{'expectedCount': 1, 'expectedInterval': '01:00:00', 'observedCount': 1, 'observedInterval': '01:00:00', 'percentComplete': 100.0, 'percentCoverage': 100.0, 'datetimeFrom': {'utc': '2016-12-02T13:30:00Z', 'local': '2016-12-02T19:00:00+05:30'}, 'datetimeTo': {'utc': '2016-12-02T14:30:00Z', 'local': '2016-12-02T20:00:00+05:30'}}"
268.7,{'hasFlags': False},"{'id': 2, 'name': 'pm25', 'units': 'µg/m³', 'displayName': None}","{'label': 'raw', 'interval': '01:00:00', 'datetimeFrom': {'utc': '2016-12-02T14:30:00Z', 'local': '2016-12-02T20:00:00+05:30'}, 'datetimeTo': {'utc': '2016-12-02T15:30:00Z', 'local': '2016-12-02T21:00:00+05:30'}}",,,"{'expectedCount': 1, 'expectedInterval': '01:00:00', 'observedCount': 1, 'observedInterval': '01:00:00', 'percentComplete': 100.0, 'percentCoverage': 100.0, 'datetimeFrom': {'utc': '2016-12-02T14:30:00Z', 'local': '2016-12-02T20:00:00+05:30'}, 'datetimeTo': {'utc': '2016-12-02T15:30:00Z', 'local': '2016-12-02T21:00:00+05:30'}}"
267.4,{'hasFlags': False},"{'id': 2, 'name': 'pm25', 'units': 'µg/m³', 'displayName': None}","{'label': 'raw', 'interval': '01:00:00', 'datetimeFrom': {'utc': '2016-12-02T15:30:00Z', 'local': '2016-12-02T21:00:00+05:30'}, 'datetimeTo': {'utc': '2016-12-02T16:30:00Z', 'local': '2016-12-02T22:00:00+05:30'}}",,,"{'expectedCount': 1, 'expectedInterval': '01:00:00', 'observedCount': 1, 'observedInterval': '01:00:00', 'percentComplete': 100.0, 'percentCoverage': 100.0, 'datetimeFrom': {'utc': '2016-12-02T15:30:00Z', 'local': '2016-12-02T21:00:00+05:30'}, 'datetimeTo': {'utc': '2016-12-02T16:30:00Z', 'local': '2016-12-02T22:00:00+05:30'}}"
266.4,{'hasFlags': False},"{'id': 2, 'name': 'pm25', 'units': 'µg/m³', 'displayName': None}","{'label': 'raw', 'interval': '01:00:00', 'datetimeFrom': {'utc': '2016-12-02T16:30:00Z', 'local': '2016-12-02T22:00:00+05:30'}, 'datetimeTo': {'utc': '2016-12-02T17:30:00Z', 'local': '2016-12-02T23:00:00+05:30'}}",,,"{'expectedCount': 1, 'expectedInterval': '01:00:00', 'observedCount': 1, 'observedInterval': '01:00:00', 'percentComplete': 100.0, 'percentCoverage': 100.0, 'datetimeFrom': {'utc': '2016-12-02T16:30:00Z', 'local': '2016-12-02T22:00:00+05:30'}, 'datetimeTo': {'utc': '2016-12-02T17:30:00Z', 'local': '2016-12-02T23:00:00+05:30'}}"
270.0,{'hasFlags': False},"{'id': 2, 'name': 'pm25', 'units': 'µg/m³', 'displayName': None}","{'label': 'raw', 'interval': '01:00:00', 'datetimeFrom': {'utc': '2016-12-02T17:30:00Z', 'local': '2016-12-02T23:00:00+05:30'}, 'datetimeTo': {'utc': '2016-12-02T18:30:00Z', 'local': '2016-12-03T00:00:00+05:30'}}",,,"{'expectedCount': 1, 'expectedInterval': '01:00:00', 'observedCount': 1, 'observedInterval': '01:00:00', 'percentComplete': 100.0, 'percentCoverage': 100.0, 'datetimeFrom': {'utc': '2016-12-02T17:30:00Z', 'local': '2016-12-02T23:00:00+05:30'}, 'datetimeTo': {'utc': '2016-12-02T18:30:00Z', 'local': '2016-12-03T00:00:00+05:30'}}"
270.1,{'hasFlags': False},"{'id': 2, 'name': 'pm25', 'units': 'µg/m³', 'displayName': None}","{'label': 'raw', 'interval': '01:00:00', 'datetimeFrom': {'utc': '2016-12-02T18:30:00Z', 'local': '2016-12-03T00:00:00+05:30'}, 'datetimeTo': {'utc': '2016-12-02T19:30:00Z', 'local': '2016-12-03T01:00:00+05:30'}}",,,"{'expectedCount': 1, 'expectedInterval': '01:00:00', 'observedCount': 1, 'observedInterval': '01:00:00', 'percentComplete': 100.0, 'percentCoverage': 100.0, 'datetimeFrom': {'utc': '2016-12-02T18:30:00Z', 'local': '2016-12-03T00:00:00+05:30'}, 'datetimeTo': {'utc': '2016-12-02T19:30:00Z', 'local': '2016-12-03T01:00:00+05:30'}}"
270.5,{'hasFlags': False},"{'id': 2, 'name': 'pm25', 'units': 'µg/m³', 'displayName': None}","{'label': 'raw', 'interval': '01:00:00', 'datetimeFrom': {'utc': '2016-12-02T19:30:00Z', 'local': '2016-12-03T01:00:00+05:30'}, 'datetimeTo': {'utc': '2016-12-02T20:30:00Z', 'local': '2016-12-03T02:00:00+05:30'}}",,,"{'expectedCount': 1, 'expectedInterval': '01:00:00', 'observedCount': 1, 'observedInterval': '01:00:00', 'percentComplete': 100.0, 'percentCoverage': 100.0, 'datetimeFrom': {'utc': '2016-12-02T19:30:00Z', 'local': '2016-12-03T01:00:00+05:30'}, 'datetimeTo': {'utc': '2016-12-02T20:30:00Z', 'local': '2016-12-03T02:00:00+05:30'}}"
264.7,{'hasFlags': False},"{'id': 2, 'name': 'pm25', 'units': 'µg/m³', 'displayName': None}","{'label': 'raw', 'interval': '01:00:00', 'datetimeFrom': {'utc': '2016-12-02T20:30:00Z', 'local': '2016-12-03T02:00:00+05:30'}, 'datetimeTo': {'utc': '2016-12-02T21:30:00Z', 'local': '2016-12-03T03:00:00+05:30'}}",,,"{'expectedCount': 1, 'expectedInterval': '01:00:00', 'observedCount': 1, 'observedInterval': '01:00:00', 'percentComplete': 100.0, 'percentCoverage': 100.0, 'datetimeFrom': {'utc': '2016-12-02T20:30:00Z', 'local': '2016-12-03T02:00:00+05:30'}, 'datetimeTo': {'utc': '2016-12-02T21:30:00Z', 'local': '2016-12-03T03:00:00+05:30'}}"
254.2,{'hasFlags': False},"{'id': 2, 'name': 'pm25', 'units': 'µg/m³', 'displayName': None}","{'label': 'raw', 'interval': '01:00:00', 'datetimeFrom': {'utc': '2016-12-02T21:30:00Z', 'local': '2016-12-03T03:00:00+05:30'}, 'datetimeTo': {'utc': '2016-12-02T22:30:00Z', 'local': '2016-12-03T04:00:00+05:30'}}",,,"{'expectedCount': 1, 'expectedInterval': '01:00:00', 'observedCount': 1, 'observedInterval': '01:00:00', 'percentComplete': 100.0, 'percentCoverage': 100.0, 'datetimeFrom': {'utc': '2016-12-02T21:30:00Z', 'local': '2016-12-03T03:00:00+05:30'}, 'datetimeTo': {'utc': '2016-12-02T22:30:00Z', 'local': '2016-12-03T04:00:00+05:30'}}"
235.9,{'hasFlags': False},"{'id': 2, 'name': 'pm25', 'units': 'µg/m³', 'displayName': None}","{'label': 'raw', 'interval': '01:00:00', 'datetimeFrom': {'utc': '2016-12-02T22:30:00Z', 'local': '2016-12-03T04:00:00+05:30'}, 'datetimeTo': {'utc': '2016-12-02T23:30:00Z', 'local': '2016-12-03T05:00:00+05:30'}}",,,"{'expectedCount': 1, 'expectedInterval': '01:00:00', 'observedCount': 1, 'observedInterval': '01:00:00', 'percentComplete': 100.0, 'percentCoverage': 100.0, 'datetimeFrom': {'utc': '2016-12-02T22:30:00Z', 'local': '2016-12-03T04:00:00+05:30'}, 'datetimeTo': {'utc': '2016-12-02T23:30:00Z', 'local': '2016-12-03T05:00:00+05:30'}}"
223.9,{'hasFlags': False},"{'id': 2, 'name': 'pm25', 'units': 'µg/m³', 'displayName': None}","{'label': 'raw', 'interval': '01:00:00', 'datetimeFrom': {'utc': '2016-12-02T23:30:00Z', 'local': '2016-12-03T05:00:00+05:30'}, 'datetimeTo': {'utc': '2016-12-03T00:30:00Z', 'local': '2016-12-03T06:00:00+05:30'}}",,,"{'expectedCount': 1, 'expectedInterval': '01:00:00', 'observedCount': 1, 'observedInterval': '01:00:00', 'percentComplete': 100.0, 'percentCoverage': 100.0, 'datetimeFrom': {'utc': '2016-12-02T23:30:00Z', 'local': '2016-12-03T05:00:00+05:30'}, 'datetimeTo': {'utc': '2016-12-03T00:30:00Z', 'local': '2016-12-03T06:00:00+05:30'}}"
216.1,{'hasFlags': False},"{'id': 2, 'name': 'pm25', 'units': 'µg/m³', 'displayName': None}","{'label': 'raw', 'interval': '01:00:00', 'datetimeFrom': {'utc': '2016-12-03T00:30:00Z', 'local': '2016-12-03T06:00:00+05:30'}, 'datetimeTo': {'utc': '2016-12-03T01:30:00Z', 'local': '2016-12-03T07:00:00+05:30'}}",,,"{'expectedCount': 1, 'expectedInterval': '01:00:00', 'observedCount': 1, 'observedInterval': '01:00:00', 'percentComplete': 100.0, 'percentCoverage': 100.0, 'datetimeFrom': {'utc': '2016-12-03T00:30:00Z', 'local': '2016-12-03T06:00:00+05:30'}, 'datetimeTo': {'utc': '2016-12-03T01:30:00Z', 'local': '2016-12-03T07:00:00+05:30'}}"
209.8,{'hasFlags': False},"{'id': 2, 'name': 'pm25', 'units': 'µg/m³', 'displayName': None}","{'label': 'raw', 'interval': '01:00:00', 'datetimeFrom': {'utc': '2016-12-03T01:30:00Z', 'local': '2016-12-03T07:00:00+05:30'}, 'datetimeTo': {'utc': '2016-12-03T02:30:00Z', 'local': '2016-12-03T08:00:00+05:30'}}",,,"{'expectedCount': 1, 'expectedInterval': '01:00:00', 'observedCount': 1, 'observedInterval': '01:00:00', 'percentComplete': 100.0, 'percentCoverage': 100.0, 'datetimeFrom': {'utc': '2016-12-03T01:30:00Z', 'local': '2016-12-03T07:00:00+05:30'}, 'datetimeTo': {'utc': '2016-12-03T02:30:00Z', 'local': '2016-12-03T08:00:00+05:30'}}"
206.2,{'hasFlags': False},"{'id': 2, 'name': 'pm25', 'units': 'µg/m³', 'displayName': None}","{'label': 'raw', 'interval': '01:00:00', 'datetimeFrom': {'utc': '2016-12-03T02:30:00Z', 'local': '2016-12-03T08:00:00+05:30'}, 'datetimeTo': {'utc': '2016-12-03T03:30:00Z', 'local': '2016-12-03T09:00:00+05:30'}}",,,"{'expectedCount': 1, 'expectedInterval': '01:00:00', 'observedCount': 1, 'observedInterval': '01:00:00', 'percentComplete': 100.0, 'percentCoverage': 100.0, 'datetimeFrom': {'utc': '2016-12-03T02:30:00Z', 'local': '2016-12-03T08:00:00+05:30'}, 'datetimeTo': {'utc': '2016-12-03T03:30:00Z', 'local': '2016-12-03T09:00:00+05:30'}}"
207.2,{'hasFlags': False},"{'id': 2, 'name': 'pm25', 'units': 'µg/m³', 'displayName': None}","{'label': 'raw', 'interval': '01:00:00', 'datetimeFrom': {'utc': '2016-12-03T03:30:00Z', 'local': '2016-12-03T09:00:00+05:30'}, 'datetimeTo': {'utc': '2016-12-03T04:30:00Z', 'local': '2016-12-03T10:00:00+05:30'}}",,,"{'expectedCount': 1, 'expectedInterval': '01:00:00', 'observedCount': 1, 'observedInterval': '01:00:00', 'percentComplete': 100.0, 'percentCoverage': 100.0, 'datetimeFrom': {'utc': '2016-12-03T03:30:00Z', 'local': '2016-12-03T09:00:00+05:30'}, 'datetimeTo': {'utc': '2016-12-03T04:30:00Z', 'local': '2016-12-03T10:00:00+05:30'}}"
196.8,{'hasFlags': False},"{'id': 2, 'name': 'pm25', 'units': 'µg/m³', 'displayName': None}","{'label': 'raw', 'interval': '01:00:00', 'datetimeFrom': {'utc': '2016-12-03T04:30:00Z', 'local': '2016-12-03T10:00:00+05:30'}, 'datetimeTo': {'utc': '2016-12-03T05:30:00Z', 'local': '2016-12-03T11:00:00+05:30'}}",,,"{'expectedCount': 1, 'expectedInterval': '01:00:00', 'observedCount': 1, 'observedInterval': '01:00:00', 'percentComplete': 100.0, 'percentCoverage': 100.0, 'datetimeFrom': {'utc': '2016-12-03T04:30:00Z', 'local': '2016-12-03T10:00:00+05:30'}, 'datetimeTo': {'utc': '2016-12-03T05:30:00Z', 'local': '2016-12-03T11:00:00+05:30'}}"
177.5,{'hasFlags': False},"{'id': 2, 'name': 'pm25', 'units': 'µg/m³', 'displayName': None}","{'label': 'raw', 'interval': '01:00:00', 'datetimeFrom': {'utc': '2016-12-03T05:30:00Z', 'local': '2016-12-03T11:00:00+05:30'}, 'datetimeTo': {'utc': '2016-12-03T06:30:00Z', 'local': '2016-12-03T12:00:00+05:30'}}",,,"{'expectedCount': 1, 'expectedInterval': '01:00:00', 'observedCount': 1, 'observedInterval': '01:00:00', 'percentComplete': 100.0, 'percentCoverage': 100.0, 'datetimeFrom': {'utc': '2016-12-03T05:30:00Z', 'local': '2016-12-03T11:00:00+05:30'}, 'datetimeTo': {'utc': '2016-12-03T06:30:00Z', 'local': '2016-12-03T12:00:00+05:30'}}"
146.9,{'hasFlags': False},"{'id': 2, 'name': 'pm25', 'units': 'µg/m³', 'displayName': None}","{'label': 'raw', 'interval': '01:00:00', 'datetimeFrom': {'utc': '2016-12-03T06:30:00Z', 'local': '2016-12-03T12:00:00+05:30'}, 'datetimeTo': {'utc': '2016-12-03T07:30:00Z', 'local': '2016-12-03T13:00:00+05:30'}}",,,"{'expectedCount': 1, 'expectedInterval': '01:00:00', 'observedCount': 1, 'observedInterval': '01:00:00', 'percentComplete': 100.0, 'percentCoverage': 100.0, 'datetimeFrom': {'utc': '2016-12-03T06:30:00Z', 'local': '2016-12-03T12:00:00+05:30'}, 'datetimeTo': {'utc': '2016-12-03T07:30:00Z', 'local': '2016-12-03T13:00:00+05:30'}}"
117.4,{'hasFlags': False},"{'id': 2, 'name': 'pm25', 'units': 'µg/m³', 'displayName': None}","{'label': 'raw', 'interval': '01:00:00', 'datetimeFrom': {'utc': '2016-12-03T07:30:00Z', 'local': '2016-12-03T13:00:00+05:30'}, 'datetimeTo': {'utc': '2016-12-03T08:30:00Z', 'local': '2016-12-03T14:00:00+05:30'}}",,,"{'expectedCount': 1, 'expectedInterval': '01:00:00', 'observedCount': 1, 'observedInterval': '01:00:00', 'percentComplete': 100.0, 'percentCoverage': 100.0, 'datetimeFrom': {'utc': '2016-12-03T07:30:00Z', 'local': '2016-12-03T13:00:00+05:30'}, 'datetimeTo': {'utc': '2016-12-03T08:30:00Z', 'local': '2016-12-03T14:00:00+05:30'}}"
102.7,{'hasFlags': False},"{'id': 2, 'name': 'pm25', 'units': 'µg/m³', 'displayName': None}","{'label': 'raw', 'interval': '01:00:00', 'datetimeFrom': {'utc': '2016-12-03T08:30:00Z', 'local': '2016-12-03T14:00:00+05:30'}, 'datetimeTo': {'utc': '2016-12-03T09:30:00Z', 'local': '2016-12-03T15:00:00+05:30'}}",,,"{'expectedCount': 1, 'expectedInterval': '01:00:00', 'observedCount': 1, 'observedInterval': '01:00:00', 'percentComplete': 100.0, 'percentCoverage': 100.0, 'datetimeFrom': {'utc': '2016-12-03T08:30:00Z', 'local': '2016-12-03T14:00:00+05:30'}, 'datetimeTo': {'utc': '2016-12-03T09:30:00Z', 'local': '2016-12-03T15:00:00+05:30'}}"
91.3,{'hasFlags': False},"{'id': 2, 'name': 'pm25', 'units': 'µg/m³', 'displayName': None}","{'label': 'raw', 'interval': '01:00:00', 'datetimeFrom': {'utc': '2016-12-03T09:30:00Z', 'local': '2016-12-03T15:00:00+05:30'}, 'datetimeTo': {'utc': '2016-12-03T10:30:00Z', 'local': '2016-12-03T16:00:00+05:30'}}",,,"{'expectedCount': 1, 'expectedInterval': '01:00:00', 'observedCount': 1, 'observedInterval': '01:00:00', 'percentComplete': 100.0, 'percentCoverage': 100.0, 'datetimeFrom': {'utc': '2016-12-03T09:30:00Z', 'local': '2016-12-03T15:00:00+05:30'}, 'datetimeTo': {'utc': '2016-12-03T10:30:00Z', 'local': '2016-12-03T16:00:00+05:30'}}"
89.1,{'hasFlags': False},"{'id': 2, 'name': 'pm25', 'units': 'µg/m³', 'displayName': None}","{'label': 'raw', 'interval': '01:00:00', 'datetimeFrom': {'utc': '2016-12-03T10:30:00Z', 'local': '2016-12-03T16:00:00+05:30'}, 'datetimeTo': {'utc': '2016-12-03T11:30:00Z', 'local': '2016-12-03T17:00:00+05:30'}}",,,"{'expectedCount': 1, 'expectedInterval': '01:00:00', 'observedCount': 1, 'observedInterval': '01:00:00', 'percentComplete': 100.0, 'percentCoverage': 100.0, 'datetimeFrom': {'utc': '2016-12-03T10:30:00Z', 'local': '2016-12-03T16:00:00+05:30'}, 'datetimeTo': {'utc': '2016-12-03T11:30:00Z', 'local': '2016-12-03T17:00:00+05:30'}}"
86.5,{'hasFlags': False},"{'id': 2, 'name': 'pm25', 'units': 'µg/m³', 'displayName': None}","{'label': 'raw', 'interval': '01:00:00', 'datetimeFrom': {'utc': '2016-12-03T11:30:00Z', 'local': '2016-12-03T17:00:00+05:30'}, 'datetimeTo': {'utc': '2016-12-03T12:30:00Z', 'local': '2016-12-03T18:00:00+05:30'}}",,,"{'expectedCount': 1, 'expectedInterval': '01:00:00', 'observedCount': 1, 'observedInterval': '01:00:00', 'percentComplete': 100.0, 'percentCoverage': 100.0, 'datetimeFrom': {'utc': '2016-12-03T11:30:00Z', 'local': '2016-12-03T17:00:00+05:30'}, 'datetimeTo': {'utc': '2016-12-03T12:30:00Z', 'local': '2016-12-03T18:00:00+05:30'}}"
96.7,{'hasFlags': False},"{'id': 2, 'name': 'pm25', 'units': 'µg/m³', 'displayName': None}","{'label': 'raw', 'interval': '01:00:00', 'datetimeFrom': {'utc': '2016-12-03T12:30:00Z', 'local': '2016-12-03T18:00:00+05:30'}, 'datetimeTo': {'utc': '2016-12-03T13:30:00Z', 'local': '2016-12-03T19:00:00+05:30'}}",,,"{'expectedCount': 1, 'expectedInterval': '01:00:00', 'observedCount': 1, 'observedInterval': '01:00:00', 'percentComplete': 100.0, 'percentCoverage': 100.0, 'datetimeFrom': {'utc': '2016-12-03T12:30:00Z', 'local': '2016-12-03T18:00:00+05:30'}, 'datetimeTo': {'utc': '2016-12-03T13:30:00Z', 'local': '2016-12-03T19:00:00+05:30'}}"
117.8,{'hasFlags': False},"{'id': 2, 'name': 'pm25', 'units': 'µg/m³', 'displayName': None}","{'label': 'raw', 'interval': '01:00:00', 'datetimeFrom': {'utc': '2016-12-03T13:30:00Z', 'local': '2016-12-03T19:00:00+05:30'}, 'datetimeTo': {'utc': '2016-12-03T14:30:00Z', 'local': '2016-12-03T20:00:00+05:30'}}",,,"{'expectedCount': 1, 'expectedInterval': '01:00:00', 'observedCount': 1, 'observedInterval': '01:00:00', 'percentComplete': 100.0, 'percentCoverage': 100.0, 'datetimeFrom': {'utc': '2016-12-03T13:30:00Z', 'local': '2016-12-03T19:00:00+05:30'}, 'datetimeTo': {'utc': '2016-12-03T14:30:00Z', 'local': '2016-12-03T20:00:00+05:30'}}"
126.9,{'hasFlags': False},"{'id': 2, 'name': 'pm25', 'units': 'µg/m³', 'displayName': None}","{'label': 'raw', 'interval': '01:00:00', 'datetimeFrom': {'utc': '2016-12-03T14:30:00Z', 'local': '2016-12-03T20:00:00+05:30'}, 'datetimeTo': {'utc': '2016-12-03T15:30:00Z', 'local': '2016-12-03T21:00:00+05:30'}}",,,"{'expectedCount': 1, 'expectedInterval': '01:00:00', 'observedCount': 1, 'observedInterval': '01:00:00', 'percentComplete': 100.0, 'percentCoverage': 100.0, 'datetimeFrom': {'utc': '2016-12-03T14:30:00Z', 'local': '2016-12-03T20:00:00+05:30'}, 'datetimeTo': {'utc': '2016-12-03T15:30:00Z', 'local': '2016-12-03T21:00:00+05:30'}}"
139.9,{'hasFlags': False},"{'id': 2, 'name': 'pm25', 'units': 'µg/m³', 'displayName': None}","{'label': 'raw', 'interval': '01:00:00', 'datetimeFrom': {'utc': '2016-12-03T15:30:00Z', 'local': '2016-12-03T21:00:00+05:30'}, 'datetimeTo': {'utc': '2016-12-03T16:30:00Z', 'local': '2016-12-03T22:00:00+05:30'}}",,,"{'expectedCount': 1, 'expectedInterval': '01:00:00', 'observedCount': 1, 'observedInterval': '01:00:00', 'percentComplete': 100.0, 'percentCoverage': 100.0, 'datetimeFrom': {'utc': '2016-12-03T15:30:00Z', 'local': '2016-12-03T21:00:00+05:30'}, 'datetimeTo': {'utc': '2016-12-03T16:30:00Z', 'local': '2016-12-03T22:00:00+05:30'}}"
176.4,{'hasFlags': False},"{'id': 2, 'name': 'pm25', 'units': 'µg/m³', 'displayName': None}","{'label': 'raw', 'interval': '01:00:00', 'datetimeFrom': {'utc': '2016-12-03T16:30:00Z', 'local': '2016-12-03T22:00:00+05:30'}, 'datetimeTo': {'utc': '2016-12-03T17:30:00Z', 'local': '2016-12-03T23:00:00+05:30'}}",,,"{'expectedCount': 1, 'expectedInterval': '01:00:00', 'observedCount': 1, 'observedInterval': '01:00:00', 'percentComplete': 100.0, 'percentCoverage': 100.0, 'datetimeFrom': {'utc': '2016-12-03T16:30:00Z', 'local': '2016-12-03T22:00:00+05:30'}, 'datetimeTo': {'utc': '2016-12-03T17:30:00Z', 'local': '2016-12-03T23:00:00+05:30'}}"
214.2,{'hasFlags': False},"{'id': 2, 'name': 'pm25', 'units': 'µg/m³', 'displayName': None}","{'label': 'raw', 'interval': '01:00:00', 'datetimeFrom': {'utc': '2016-12-03T17:30:00Z', 'local': '2016-12-03T23:00:00+05:30'}, 'datetimeTo': {'utc': '2016-12-03T18:30:00Z', 'local': '2016-12-04T00:00:00+05:30'}}",,,"{'expectedCount': 1, 'expectedInterval': '01:00:00', 'observedCount': 1, 'observedInterval': '01:00:00', 'percentComplete': 100.0, 'percentCoverage': 100.0, 'datetimeFrom': {'utc': '2016-12-03T17:30:00Z', 'local': '2016-12-03T23:00:00+05:30'}, 'datetimeTo': {'utc': '2016-12-03T18:30:00Z', 'local': '2016-12-04T00:00:00+05:30'}}"
203.6,{'hasFlags': False},"{'id': 2, 'name': 'pm25', 'units': 'µg/m³', 'displayName': None}","{'label': 'raw', 'interval': '01:00:00', 'datetimeFrom': {'utc': '2016-12-03T18:30:00Z', 'local': '2016-12-04T00:00:00+05:30'}, 'datetimeTo': {'utc': '2016-12-03T19:30:00Z', 'local': '2016-12-04T01:00:00+05:30'}}",,,"{'expectedCount': 1, 'expectedInterval': '01:00:00', 'observedCount': 1, 'observedInterval': '01:00:00', 'percentComplete': 100.0, 'percentCoverage': 100.0, 'datetimeFrom': {'utc': '2016-12-03T18:30:00Z', 'local': '2016-12-04T00:00:00+05:30'}, 'datetimeTo': {'utc': '2016-12-03T19:30:00Z', 'local': '2016-12-04T01:00:00+05:30'}}"
195.3,{'hasFlags': False},"{'id': 2, 'name': 'pm25', 'units': 'µg/m³', 'displayName': None}","{'label': 'raw', 'interval': '01:00:00', 'datetimeFrom': {'utc': '2016-12-03T19:30:00Z', 'local': '2016-12-04T01:00:00+05:30'}, 'datetimeTo': {'utc': '2016-12-03T20:30:00Z', 'local': '2016-12-04T02:00:00+05:30'}}",,,"{'expectedCount': 1, 'expectedInterval': '01:00:00', 'observedCount': 1, 'observedInterval': '01:00:00', 'percentComplete': 100.0, 'percentCoverage': 100.0, 'datetimeFrom': {'utc': '2016-12-03T19:30:00Z', 'local': '2016-12-04T01:00:00+05:30'}, 'datetimeTo': {'utc': '2016-12-03T20:30:00Z', 'local': '2016-12-04T02:00:00+05:30'}}"
200.1,{'hasFlags': False},"{'id': 2, 'name': 'pm25', 'units': 'µg/m³', 'displayName': None}","{'label': 'raw', 'interval': '01:00:00', 'datetimeFrom': {'utc': '2016-12-03T20:30:00Z', 'local': '2016-12-04T02:00:00+05:30'}, 'datetimeTo': {'utc': '2016-12-03T21:30:00Z', 'local': '2016-12-04T03:00:00+05:30'}}",,,"{'expectedCount': 1, 'expectedInterval': '01:00:00', 'observedCount': 1, 'observedInterval': '01:00:00', 'percentComplete': 100.0, 'percentCoverage': 100.0, 'datetimeFrom': {'utc': '2016-12-03T20:30:00Z', 'local': '2016-12-04T02:00:00+05:30'}, 'datetimeTo': {'utc': '2016-12-03T21:30:00Z', 'local': '2016-12-04T03:00:00+05:30'}}"
202.6,{'hasFlags': False},"{'id': 2, 'name': 'pm25', 'units': 'µg/m³', 'displayName': None}","{'label': 'raw', 'interval': '01:00:00', 'datetimeFrom': {'utc': '2016-12-03T21:30:00Z', 'local': '2016-12-04T03:00:00+05:30'}, 'datetimeTo': {'utc': '2016-12-03T22:30:00Z', 'local': '2016-12-04T04:00:00+05:30'}}",,,"{'expectedCount': 1, 'expectedInterval': '01:00:00', 'observedCount': 1, 'observedInterval': '01:00:00', 'percentComplete': 100.0, 'percentCoverage': 100.0, 'datetimeFrom': {'utc': '2016-12-03T21:30:00Z', 'local': '2016-12-04T03:00:00+05:30'}, 'datetimeTo': {'utc': '2016-12-03T22:30:00Z', 'local': '2016-12-04T04:00:00+05:30'}}"
201.3,{'hasFlags': False},"{'id': 2, 'name': 'pm25', 'units': 'µg/m³', 'displayName': None}","{'label': 'raw', 'interval': '01:00:00', 'datetimeFrom': {'utc': '2016-12-03T22:30:00Z', 'local': '2016-12-04T04:00:00+05:30'}, 'datetimeTo': {'utc': '2016-12-03T23:30:00Z', 'local': '2016-12-04T05:00:00+05:30'}}",,,"{'expectedCount': 1, 'expectedInterval': '01:00:00', 'observedCount': 1, 'observedInterval': '01:00:00', 'percentComplete': 100.0, 'percentCoverage': 100.0, 'datetimeFrom': {'utc': '2016-12-03T22:30:00Z', 'local': '2016-12-04T04:00:00+05:30'}, 'datetimeTo': {'utc': '2016-12-03T23:30:00Z', 'local': '2016-12-04T05:00:00+05:30'}}"
195.6,{'hasFlags': False},"{'id': 2, 'name': 'pm25', 'units': 'µg/m³', 'displayName': None}","{'label': 'raw', 'interval': '01:00:00', 'datetimeFrom': {'utc': '2016-12-03T23:30:00Z', 'local': '2016-12-04T05:00:00+05:30'}, 'datetimeTo': {'utc': '2016-12-04T00:30:00Z', 'local': '2016-12-04T06:00:00+05:30'}}",,,"{'expectedCount': 1, 'expectedInterval': '01:00:00', 'observedCount': 1, 'observedInterval': '01:00:00', 'percentComplete': 100.0, 'percentCoverage': 100.0, 'datetimeFrom': {'utc': '2016-12-03T23:30:00Z', 'local': '2016-12-04T05:00:00+05:30'}, 'datetimeTo': {'utc': '2016-12-04T00:30:00Z', 'local': '2016-12-04T06:00:00+05:30'}}"
190.5,{'hasFlags': False},"{'id': 2, 'name': 'pm25', 'units': 'µg/m³', 'displayName': None}","{'label': 'raw', 'interval': '01:00:00', 'datetimeFrom': {'utc': '2016-12-04T00:30:00Z', 'local': '2016-12-04T06:00:00+05:30'}, 'datetimeTo': {'utc': '2016-12-04T01:30:00Z', 'local': '2016-12-04T07:00:00+05:30'}}",,,"{'expectedCount': 1, 'expectedInterval': '01:00:00', 'observedCount': 1, 'observedInterval': '01:00:00', 'percentComplete': 100.0, 'percentCoverage': 100.0, 'datetimeFrom': {'utc': '2016-12-04T00:30:00Z', 'local': '2016-12-04T06:00:00+05:30'}, 'datetimeTo': {'utc': '2016-12-04T01:30:00Z', 'local': '2016-12-04T07:00:00+05:30'}}"
187.0,{'hasFlags': False},"{'id': 2, 'name': 'pm25', 'units': 'µg/m³', 'displayName': None}","{'label': 'raw', 'interval': '01:00:00', 'datetimeFrom': {'utc': '2016-12-04T01:30:00Z', 'local': '2016-12-04T07:00:00+05:30'}, 'datetimeTo': {'utc': '2016-12-04T02:30:00Z', 'local': '2016-12-04T08:00:00+05:30'}}",,,"{'expectedCount': 1, 'expectedInterval': '01:00:00', 'observedCount': 1, 'observedInterval': '01:00:00', 'percentComplete': 100.0, 'percentCoverage': 100.0, 'datetimeFrom': {'utc': '2016-12-04T01:30:00Z', 'local': '2016-12-04T07:00:00+05:30'}, 'datetimeTo': {'utc': '2016-12-04T02:30:00Z', 'local': '2016-12-04T08:00:00+05:30'}}"
181.9,{'hasFlags': False},"{'id': 2, 'name': 'pm25', 'units': 'µg/m³', 'displayName': None}","{'label': 'raw', 'interval': '01:00:00', 'datetimeFrom': {'utc': '2016-12-04T02:30:00Z', 'local': '2016-12-04T08:00:00+05:30'}, 'datetimeTo': {'utc': '2016-12-04T03:30:00Z', 'local': '2016-12-04T09:00:00+05:30'}}",,,"{'expectedCount': 1, 'expectedInterval': '01:00:00', 'observedCount': 1, 'observedInterval': '01:00:00', 'percentComplete': 100.0, 'percentCoverage': 100.0, 'datetimeFrom': {'utc': '2016-12-04T02:30:00Z', 'local': '2016-12-04T08:00:00+05:30'}, 'datetimeTo': {'utc': '2016-12-04T03:30:00Z', 'local': '2016-12-04T09:00:00+05:30'}}"
159.8,{'hasFlags': False},"{'id': 2, 'name': 'pm25', 'units': 'µg/m³', 'displayName': None}","{'label': 'raw', 'interval': '01:00:00', 'datetimeFrom': {'utc': '2016-12-04T03:30:00Z', 'local': '2016-12-04T09:00:00+05:30'}, 'datetimeTo': {'utc': '2016-12-04T04:30:00Z', 'local': '2016-12-04T10:00:00+05:30'}}",,,"{'expectedCount': 1, 'expectedInterval': '01:00:00', 'observedCount': 1, 'observedInterval': '01:00:00', 'percentComplete': 100.0, 'percentCoverage': 100.0, 'datetimeFrom': {'utc': '2016-12-04T03:30:00Z', 'local': '2016-12-04T09:00:00+05:30'}, 'datetimeTo': {'utc': '2016-12-04T04:30:00Z', 'local': '2016-12-04T10:00:00+05:30'}}"
138.7,{'hasFlags': False},"{'id': 2, 'name': 'pm25', 'units': 'µg/m³', 'displayName': None}","{'label': 'raw', 'interval': '01:00:00', 'datetimeFrom': {'utc': '2016-12-04T04:30:00Z', 'local': '2016-12-04T10:00:00+05:30'}, 'datetimeTo': {'utc': '2016-12-04T05:30:00Z', 'local': '2016-12-04T11:00:00+05:30'}}",,,"{'expectedCount': 1, 'expectedInterval': '01:00:00', 'observedCount': 1, 'observedInterval': '01:00:00', 'percentComplete': 100.0, 'percentCoverage': 100.0, 'datetimeFrom': {'utc': '2016-12-04T04:30:00Z', 'local': '2016-12-04T10:00:00+05:30'}, 'datetimeTo': {'utc': '2016-12-04T05:30:00Z', 'local': '2016-12-04T11:00:00+05:30'}}"
125.1,{'hasFlags': False},"{'id': 2, 'name': 'pm25', 'units': 'µg/m³', 'displayName': None}","{'label': 'raw', 'interval': '01:00:00', 'datetimeFrom': {'utc': '2016-12-04T05:30:00Z', 'local': '2016-12-04T11:00:00+05:30'}, 'datetimeTo': {'utc': '2016-12-04T06:30:00Z', 'local': '2016-12-04T12:00:00+05:30'}}",,,"{'expectedCount': 1, 'expectedInterval': '01:00:00', 'observedCount': 1, 'observedInterval': '01:00:00', 'percentComplete': 100.0, 'percentCoverage': 100.0, 'datetimeFrom': {'utc': '2016-12-04T05:30:00Z', 'local': '2016-12-04T11:00:00+05:30'}, 'datetimeTo': {'utc': '2016-12-04T06:30:00Z', 'local': '2016-12-04T12:00:00+05:30'}}"
115.5,{'hasFlags': False},"{'id': 2, 'name': 'pm25', 'units': 'µg/m³', 'displayName': None}","{'label': 'raw', 'interval': '01:00:00', 'datetimeFrom': {'utc': '2016-12-04T06:30:00Z', 'local': '2016-12-04T12:00:00+05:30'}, 'datetimeTo': {'utc': '2016-12-04T07:30:00Z', 'local': '2016-12-04T13:00:00+05:30'}}",,,"{'expectedCount': 1, 'expectedInterval': '01:00:00', 'observedCount': 1, 'observedInterval': '01:00:00', 'percentComplete': 100.0, 'percentCoverage': 100.0, 'datetimeFrom': {'utc': '2016-12-04T06:30:00Z', 'local': '2016-12-04T12:00:00+05:30'}, 'datetimeTo': {'utc': '2016-12-04T07:30:00Z', 'local': '2016-12-04T13:00:00+05:30'}}"
105.3,{'hasFlags': False},"{'id': 2, 'name': 'pm25', 'units': 'µg/m³', 'displayName': None}","{'label': 'raw', 'interval': '01:00:00', 'datetimeFrom': {'utc': '2016-12-04T07:30:00Z', 'local': '2016-12-04T13:00:00+05:30'}, 'datetimeTo': {'utc': '2016-12-04T08:30:00Z', 'local': '2016-12-04T14:00:00+05:30'}}",,,"{'expectedCount': 1, 'expectedInterval': '01:00:00', 'observedCount': 1, 'observedInterval': '01:00:00', 'percentComplete': 100.0, 'percentCoverage': 100.0, 'datetimeFrom': {'utc': '2016-12-04T07:30:00Z', 'local': '2016-12-04T13:00:00+05:30'}, 'datetimeTo': {'utc': '2016-12-04T08:30:00Z', 'local': '2016-12-04T14:00:00+05:30'}}"
99.1,{'hasFlags': False},"{'id': 2, 'name': 'pm25', 'units': 'µg/m³', 'displayName': None}","{'label': 'raw', 'interval': '01:00:00', 'datetimeFrom': {'utc': '2016-12-04T08:30:00Z', 'local': '2016-12-04T14:00:00+05:30'}, 'datetimeTo': {'utc': '2016-12-04T09:30:00Z', 'local': '2016-12-04T15:00:00+05:30'}}",,,"{'expectedCount': 1, 'expectedInterval': '01:00:00', 'observedCount': 1, 'observedInterval': '01:00:00', 'percentComplete': 100.0, 'percentCoverage': 100.0, 'datetimeFrom': {'utc': '2016-12-04T08:30:00Z', 'local': '2016-12-04T14:00:00+05:30'}, 'datetimeTo': {'utc': '2016-12-04T09:30:00Z', 'local': '2016-12-04T15:00:00+05:30'}}"
96.0,{'hasFlags': False},"{'id': 2, 'name': 'pm25', 'units': 'µg/m³', 'displayName': None}","{'label': 'raw', 'interval': '01:00:00', 'datetimeFrom': {'utc': '2016-12-04T09:30:00Z', 'local': '2016-12-04T15:00:00+05:30'}, 'datetimeTo': {'utc': '2016-12-04T10:30:00Z', 'local': '2016-12-04T16:00:00+05:30'}}",,,"{'expectedCount': 1, 'expectedInterval': '01:00:00', 'observedCount': 1, 'observedInterval': '01:00:00', 'percentComplete': 100.0, 'percentCoverage': 100.0, 'datetimeFrom': {'utc': '2016-12-04T09:30:00Z', 'local': '2016-12-04T15:00:00+05:30'}, 'datetimeTo': {'utc': '2016-12-04T10:30:00Z', 'local': '2016-12-04T16:00:00+05:30'}}"
89.0,{'hasFlags': False},"{'id': 2, 'name': 'pm25', 'units': 'µg/m³', 'displayName': None}","{'label': 'raw', 'interval': '01:00:00', 'datetimeFrom': {'utc': '2016-12-04T10:30:00Z', 'local': '2016-12-04T16:00:00+05:30'}, 'datetimeTo': {'utc': '2016-12-04T11:30:00Z', 'local': '2016-12-04T17:00:00+05:30'}}",,,"{'expectedCount': 1, 'expectedInterval': '01:00:00', 'observedCount': 1, 'observedInterval': '01:00:00', 'percentComplete': 100.0, 'percentCoverage': 100.0, 'datetimeFrom': {'utc': '2016-12-04T10:30:00Z', 'local': '2016-12-04T16:00:00+05:30'}, 'datetimeTo': {'utc': '2016-12-04T11:30:00Z', 'local': '2016-12-04T17:00:00+05:30'}}"
94.4,{'hasFlags': False},"{'id': 2, 'name': 'pm25', 'units': 'µg/m³', 'displayName': None}","{'label': 'raw', 'interval': '01:00:00', 'datetimeFrom': {'utc': '2016-12-04T11:30:00Z', 'local': '2016-12-04T17:00:00+05:30'}, 'datetimeTo': {'utc': '2016-12-04T12:30:00Z', 'local': '2016-12-04T18:00:00+05:30'}}",,,"{'expectedCount': 1, 'expectedInterval': '01:00:00', 'observedCount': 1, 'observedInterval': '01:00:00', 'percentComplete': 100.0, 'percentCoverage': 100.0, 'datetimeFrom': {'utc': '2016-12-04T11:30:00Z', 'local': '2016-12-04T17:00:00+05:30'}, 'datetimeTo': {'utc': '2016-12-04T12:30:00Z', 'local': '2016-12-04T18:00:00+05:30'}}"
106.7,{'hasFlags': False},"{'id': 2, 'name': 'pm25', 'units': 'µg/m³', 'displayName': None}","{'label': 'raw', 'interval': '01:00:00', 'datetimeFrom': {'utc': '2016-12-04T12:30:00Z', 'local': '2016-12-04T18:00:00+05:30'}, 'datetimeTo': {'utc': '2016-12-04T13:30:00Z', 'local': '2016-12-04T19:00:00+05:30'}}",,,"{'expectedCount': 1, 'expectedInterval': '01:00:00', 'observedCount': 1, 'observedInterval': '01:00:00', 'percentComplete': 100.0, 'percentCoverage': 100.0, 'datetimeFrom': {'utc': '2016-12-04T12:30:00Z', 'local': '2016-12-04T18:00:00+05:30'}, 'datetimeTo': {'utc': '2016-12-04T13:30:00Z', 'local': '2016-12-04T19:00:00+05:30'}}"
117.3,{'hasFlags': False},"{'id': 2, 'name': 'pm25', 'units': 'µg/m³', 'displayName': None}","{'label': 'raw', 'interval': '01:00:00', 'datetimeFrom': {'utc': '2016-12-04T13:30:00Z', 'local': '2016-12-04T19:00:00+05:30'}, 'datetimeTo': {'utc': '2016-12-04T14:30:00Z', 'local': '2016-12-04T20:00:00+05:30'}}",,,"{'expectedCount': 1, 'expectedInterval': '01:00:00', 'observedCount': 1, 'observedInterval': '01:00:00', 'percentComplete': 100.0, 'percentCoverage': 100.0, 'datetimeFrom': {'utc': '2016-12-04T13:30:00Z', 'local': '2016-12-04T19:00:00+05:30'}, 'datetimeTo': {'utc': '2016-12-04T14:30:00Z', 'local': '2016-12-04T20:00:00+05:30'}}"
129.3,{'hasFlags': False},"{'id': 2, 'name': 'pm25', 'units': 'µg/m³', 'displayName': None}","{'label': 'raw', 'interval': '01:00:00', 'datetimeFrom': {'utc': '2016-12-04T14:30:00Z', 'local': '2016-12-04T20:00:00+05:30'}, 'datetimeTo': {'utc': '2016-12-04T15:30:00Z', 'local': '2016-12-04T21:00:00+05:30'}}",,,"{'expectedCount': 1, 'expectedInterval': '01:00:00', 'observedCount': 1, 'observedInterval': '01:00:00', 'percentComplete': 100.0, 'percentCoverage': 100.0, 'datetimeFrom': {'utc': '2016-12-04T14:30:00Z', 'local': '2016-12-04T20:00:00+05:30'}, 'datetimeTo': {'utc': '2016-12-04T15:30:00Z', 'local': '2016-12-04T21:00:00+05:30'}}"
154.0,{'hasFlags': False},"{'id': 2, 'name': 'pm25', 'units': 'µg/m³', 'displayName': None}","{'label': 'raw', 'interval': '01:00:00', 'datetimeFrom': {'utc': '2016-12-04T15:30:00Z', 'local': '2016-12-04T21:00:00+05:30'}, 'datetimeTo': {'utc': '2016-12-04T16:30:00Z', 'local': '2016-12-04T22:00:00+05:30'}}",,,"{'expectedCount': 1, 'expectedInterval': '01:00:00', 'observedCount': 1, 'observedInterval': '01:00:00', 'percentComplete': 100.0, 'percentCoverage': 100.0, 'datetimeFrom': {'utc': '2016-12-04T15:30:00Z', 'local': '2016-12-04T21:00:00+05:30'}, 'datetimeTo': {'utc': '2016-12-04T16:30:00Z', 'local': '2016-12-04T22:00:00+05:30'}}"
195.0,{'hasFlags': False},"{'id': 2, 'name': 'pm25', 'units': 'µg/m³', 'displayName': None}","{'label': 'raw', 'interval': '01:00:00', 'datetimeFrom': {'utc': '2016-12-04T16:30:00Z', 'local': '2016-12-04T22:00:00+05:30'}, 'datetimeTo': {'utc': '2016-12-04T17:30:00Z', 'local': '2016-12-04T23:00:00+05:30'}}",,,"{'expectedCount': 1, 'expectedInterval': '01:00:00', 'observedCount': 1, 'observedInterval': '01:00:00', 'percentComplete': 100.0, 'percentCoverage': 100.0, 'datetimeFrom': {'utc': '2016-12-04T16:30:00Z', 'local': '2016-12-04T22:00:00+05:30'}, 'datetimeTo': {'utc': '2016-12-04T17:30:00Z', 'local': '2016-12-04T23:00:00+05:30'}}"
227.5,{'hasFlags': False},"{'id': 2, 'name': 'pm25', 'units': 'µg/m³', 'displayName': None}","{'label': 'raw', 'interval': '01:00:00', 'datetimeFrom': {'utc': '2016-12-04T17:30:00Z', 'local': '2016-12-04T23:00:00+05:30'}, 'datetimeTo': {'utc': '2016-12-04T18:30:00Z', 'local': '2016-12-05T00:00:00+05:30'}}",,,"{'expectedCount': 1, 'expectedInterval': '01:00:00', 'observedCount': 1, 'observedInterval': '01:00:00', 'percentComplete': 100.0, 'percentCoverage': 100.0, 'datetimeFrom': {'utc': '2016-12-04T17:30:00Z', 'local': '2016-12-04T23:00:00+05:30'}, 'datetimeTo': {'utc': '2016-12-04T18:30:00Z', 'local': '2016-12-05T00:00:00+05:30'}}"
249.2,{'hasFlags': False},"{'id': 2, 'name': 'pm25', 'units': 'µg/m³', 'displayName': None}","{'label': 'raw', 'interval': '01:00:00', 'datetimeFrom': {'utc': '2016-12-04T18:30:00Z', 'local': '2016-12-05T00:00:00+05:30'}, 'datetimeTo': {'utc': '2016-12-04T19:30:00Z', 'local': '2016-12-05T01:00:00+05:30'}}",,,"{'expectedCount': 1, 'expectedInterval': '01:00:00', 'observedCount': 1, 'observedInterval': '01:00:00', 'percentComplete': 100.0, 'percentCoverage': 100.0, 'datetimeFrom': {'utc': '2016-12-04T18:30:00Z', 'local': '2016-12-05T00:00:00+05:30'}, 'datetimeTo': {'utc': '2016-12-04T19:30:00Z', 'local': '2016-12-05T01:00:00+05:30'}}"
252.6,{'hasFlags': False},"{'id': 2, 'name': 'pm25', 'units': 'µg/m³', 'displayName': None}","{'label': 'raw', 'interval': '01:00:00', 'datetimeFrom': {'utc': '2016-12-04T19:30:00Z', 'local': '2016-12-05T01:00:00+05:30'}, 'datetimeTo': {'utc': '2016-12-04T20:30:00Z', 'local': '2016-12-05T02:00:00+05:30'}}",,,"{'expectedCount': 1, 'expectedInterval': '01:00:00', 'observedCount': 1, 'observedInterval': '01:00:00', 'percentComplete': 100.0, 'percentCoverage': 100.0, 'datetimeFrom': {'utc': '2016-12-04T19:30:00Z', 'local': '2016-12-05T01:00:00+05:30'}, 'datetimeTo': {'utc': '2016-12-04T20:30:00Z', 'local': '2016-12-05T02:00:00+05:30'}}"
252.8,{'hasFlags': False},"{'id': 2, 'name': 'pm25', 'units': 'µg/m³', 'displayName': None}","{'label': 'raw', 'interval': '01:00:00', 'datetimeFrom': {'utc': '2016-12-04T20:30:00Z', 'local': '2016-12-05T02:00:00+05:30'}, 'datetimeTo': {'utc': '2016-12-04T21:30:00Z', 'local': '2016-12-05T03:00:00+05:30'}}",,,"{'expectedCount': 1, 'expectedInterval': '01:00:00', 'observedCount': 1, 'observedInterval': '01:00:00', 'percentComplete': 100.0, 'percentCoverage': 100.0, 'datetimeFrom': {'utc': '2016-12-04T20:30:00Z', 'local': '2016-12-05T02:00:00+05:30'}, 'datetimeTo': {'utc': '2016-12-04T21:30:00Z', 'local': '2016-12-05T03:00:00+05:30'}}"
245.4,{'hasFlags': False},"{'id': 2, 'name': 'pm25', 'units': 'µg/m³', 'displayName': None}","{'label': 'raw', 'interval': '01:00:00', 'datetimeFrom': {'utc': '2016-12-04T21:30:00Z', 'local': '2016-12-05T03:00:00+05:30'}, 'datetimeTo': {'utc': '2016-12-04T22:30:00Z', 'local': '2016-12-05T04:00:00+05:30'}}",,,"{'expectedCount': 1, 'expectedInterval': '01:00:00', 'observedCount': 1, 'observedInterval': '01:00:00', 'percentComplete': 100.0, 'percentCoverage': 100.0, 'datetimeFrom': {'utc': '2016-12-04T21:30:00Z', 'local': '2016-12-05T03:00:00+05:30'}, 'datetimeTo': {'utc': '2016-12-04T22:30:00Z', 'local': '2016-12-05T04:00:00+05:30'}}"
231.2,{'hasFlags': False},"{'id': 2, 'name': 'pm25', 'units': 'µg/m³', 'displayName': None}","{'label': 'raw', 'interval': '01:00:00', 'datetimeFrom': {'utc': '2016-12-04T22:30:00Z', 'local': '2016-12-05T04:00:00+05:30'}, 'datetimeTo': {'utc': '2016-12-04T23:30:00Z', 'local': '2016-12-05T05:00:00+05:30'}}",,,"{'expectedCount': 1, 'expectedInterval': '01:00:00', 'observedCount': 1, 'observedInterval': '01:00:00', 'percentComplete': 100.0, 'percentCoverage': 100.0, 'datetimeFrom': {'utc': '2016-12-04T22:30:00Z', 'local': '2016-12-05T04:00:00+05:30'}, 'datetimeTo': {'utc': '2016-12-04T23:30:00Z', 'local': '2016-12-05T05:00:00+05:30'}}"
212.6,{'hasFlags': False},"{'id': 2, 'name': 'pm25', 'units': 'µg/m³', 'displayName': None}","{'label': 'raw', 'interval': '01:00:00', 'datetimeFrom': {'utc': '2016-12-04T23:30:00Z', 'local': '2016-12-05T05:00:00+05:30'}, 'datetimeTo': {'utc': '2016-12-05T00:30:00Z', 'local': '2016-12-05T06:00:00+05:30'}}",,,"{'expectedCount': 1, 'expectedInterval': '01:00:00', 'observedCount': 1, 'observedInterval': '01:00:00', 'percentComplete': 100.0, 'percentCoverage': 100.0, 'datetimeFrom': {'utc': '2016-12-04T23:30:00Z', 'local': '2016-12-05T05:00:00+05:30'}, 'datetimeTo': {'utc': '2016-12-05T00:30:00Z', 'local': '2016-12-05T06:00:00+05:30'}}"
200.8,{'hasFlags': False},"{'id': 2, 'name': 'pm25', 'units': 'µg/m³', 'displayName': None}","{'label': 'raw', 'interval': '01:00:00', 'datetimeFrom': {'utc': '2016-12-05T00:30:00Z', 'local': '2016-12-05T06:00:00+05:30'}, 'datetimeTo': {'utc': '2016-12-05T01:30:00Z', 'local': '2016-12-05T07:00:00+05:30'}}",,,"{'expectedCount': 1, 'expectedInterval': '01:00:00', 'observedCount': 1, 'observedInterval': '01:00:00', 'percentComplete': 100.0, 'percentCoverage': 100.0, 'datetimeFrom': {'utc': '2016-12-05T00:30:00Z', 'local': '2016-12-05T06:00:00+05:30'}, 'datetimeTo': {'utc': '2016-12-05T01:30:00Z', 'local': '2016-12-05T07:00:00+05:30'}}"
193.8,{'hasFlags': False},"{'id': 2, 'name': 'pm25', 'units': 'µg/m³', 'displayName': None}","{'label': 'raw', 'interval': '01:00:00', 'datetimeFrom': {'utc': '2016-12-05T01:30:00Z', 'local': '2016-12-05T07:00:00+05:30'}, 'datetimeTo': {'utc': '2016-12-05T02:30:00Z', 'local': '2016-12-05T08:00:00+05:30'}}",,,"{'expectedCount': 1, 'expectedInterval': '01:00:00', 'observedCount': 1, 'observedInterval': '01:00:00', 'percentComplete': 100.0, 'percentCoverage': 100.0, 'datetimeFrom': {'utc': '2016-12-05T01:30:00Z', 'local': '2016-12-05T07:00:00+05:30'}, 'datetimeTo': {'utc': '2016-12-05T02:30:00Z', 'local': '2016-12-05T08:00:00+05:30'}}"
188.6,{'hasFlags': False},"{'id': 2, 'name': 'pm25', 'units': 'µg/m³', 'displayName': None}","{'label': 'raw', 'interval': '01:00:00', 'datetimeFrom': {'utc': '2016-12-05T02:30:00Z', 'local': '2016-12-05T08:00:00+05:30'}, 'datetimeTo': {'utc': '2016-12-05T03:30:00Z', 'local': '2016-12-05T09:00:00+05:30'}}",,,"{'expectedCount': 1, 'expectedInterval': '01:00:00', 'observedCount': 1, 'observedInterval': '01:00:00', 'percentComplete': 100.0, 'percentCoverage': 100.0, 'datetimeFrom': {'utc': '2016-12-05T02:30:00Z', 'local': '2016-12-05T08:00:00+05:30'}, 'datetimeTo': {'utc': '2016-12-05T03:30:00Z', 'local': '2016-12-05T09:00:00+05:30'}}"
169.4,{'hasFlags': False},"{'id': 2, 'name': 'pm25', 'units': 'µg/m³', 'displayName': None}","{'label': 'raw', 'interval': '01:00:00', 'datetimeFrom': {'utc': '2016-12-05T03:30:00Z', 'local': '2016-12-05T09:00:00+05:30'}, 'datetimeTo': {'utc': '2016-12-05T04:30:00Z', 'local': '2016-12-05T10:00:00+05:30'}}",,,"{'expectedCount': 1, 'expectedInterval': '01:00:00', 'observedCount': 1, 'observedInterval': '01:00:00', 'percentComplete': 100.0, 'percentCoverage': 100.0, 'datetimeFrom': {'utc': '2016-12-05T03:30:00Z', 'local': '2016-12-05T09:00:00+05:30'}, 'datetimeTo': {'utc': '2016-12-05T04:30:00Z', 'local': '2016-12-05T10:00:00+05:30'}}"
159.9,{'hasFlags': False},"{'id': 2, 'name': 'pm25', 'units': 'µg/m³', 'displayName': None}","{'label': 'raw', 'interval': '01:00:00', 'datetimeFrom': {'utc': '2016-12-05T04:30:00Z', 'local': '2016-12-05T10:00:00+05:30'}, 'datetimeTo': {'utc': '2016-12-05T05:30:00Z', 'local': '2016-12-05T11:00:00+05:30'}}",,,"{'expectedCount': 1, 'expectedInterval': '01:00:00', 'observedCount': 1, 'observedInterval': '01:00:00', 'percentComplete': 100.0, 'percentCoverage': 100.0, 'datetimeFrom': {'utc': '2016-12-05T04:30:00Z', 'local': '2016-12-05T10:00:00+05:30'}, 'datetimeTo': {'utc': '2016-12-05T05:30:00Z', 'local': '2016-12-05T11:00:00+05:30'}}"
155.4,{'hasFlags': False},"{'id': 2, 'name': 'pm25', 'units': 'µg/m³', 'displayName': None}","{'label': 'raw', 'interval': '01:00:00', 'datetimeFrom': {'utc': '2016-12-05T05:30:00Z', 'local': '2016-12-05T11:00:00+05:30'}, 'datetimeTo': {'utc': '2016-12-05T06:30:00Z', 'local': '2016-12-05T12:00:00+05:30'}}",,,"{'expectedCount': 1, 'expectedInterval': '01:00:00', 'observedCount': 1, 'observedInterval': '01:00:00', 'percentComplete': 100.0, 'percentCoverage': 100.0, 'datetimeFrom': {'utc': '2016-12-05T05:30:00Z', 'local': '2016-12-05T11:00:00+05:30'}, 'datetimeTo': {'utc': '2016-12-05T06:30:00Z', 'local': '2016-12-05T12:00:00+05:30'}}"
152.9,{'hasFlags': False},"{'id': 2, 'name': 'pm25', 'units': 'µg/m³', 'displayName': None}","{'label': 'raw', 'interval': '01:00:00', 'datetimeFrom': {'utc': '2016-12-05T06:30:00Z', 'local': '2016-12-05T12:00:00+05:30'}, 'datetimeTo': {'utc': '2016-12-05T07:30:00Z', 'local': '2016-12-05T13:00:00+05:30'}}",,,"{'expectedCount': 1, 'expectedInterval': '01:00:00', 'observedCount': 1, 'observedInterval': '01:00:00', 'percentComplete': 100.0, 'percentCoverage': 100.0, 'datetimeFrom': {'utc': '2016-12-05T06:30:00Z', 'local': '2016-12-05T12:00:00+05:30'}, 'datetimeTo': {'utc': '2016-12-05T07:30:00Z', 'local': '2016-12-05T13:00:00+05:30'}}"
138.9,{'hasFlags': False},"{'id': 2, 'name': 'pm25', 'units': 'µg/m³', 'displayName': None}","{'label': 'raw', 'interval': '01:00:00', 'datetimeFrom': {'utc': '2016-12-05T07:30:00Z', 'local': '2016-12-05T13:00:00+05:30'}, 'datetimeTo': {'utc': '2016-12-05T08:30:00Z', 'local': '2016-12-05T14:00:00+05:30'}}",,,"{'expectedCount': 1, 'expectedInterval': '01:00:00', 'observedCount': 1, 'observedInterval': '01:00:00', 'percentComplete': 100.0, 'percentCoverage': 100.0, 'datetimeFrom': {'utc': '2016-12-05T07:30:00Z', 'local': '2016-12-05T13:00:00+05:30'}, 'datetimeTo': {'utc': '2016-12-05T08:30:00Z', 'local': '2016-12-05T14:00:00+05:30'}}"
140.0,{'hasFlags': False},"{'id': 2, 'name': 'pm25', 'units': 'µg/m³', 'displayName': None}","{'label': 'raw', 'interval': '01:00:00', 'datetimeFrom': {'utc': '2016-12-05T08:30:00Z', 'local': '2016-12-05T14:00:00+05:30'}, 'datetimeTo': {'utc': '2016-12-05T09:30:00Z', 'local': '2016-12-05T15:00:00+05:30'}}",,,"{'expectedCount': 1, 'expectedInterval': '01:00:00', 'observedCount': 1, 'observedInterval': '01:00:00', 'percentComplete': 100.0, 'percentCoverage': 100.0, 'datetimeFrom': {'utc': '2016-12-05T08:30:00Z', 'local': '2016-12-05T14:00:00+05:30'}, 'datetimeTo': {'utc': '2016-12-05T09:30:00Z', 'local': '2016-12-05T15:00:00+05:30'}}"
,{'hasFlags': True},"{'id': 2, 'name': 'pm25', 'units': 'µg/m³', 'displayName': None}","{'label': 'raw', 'interval': '01:00:00', 'datetimeFrom': {'utc': '2016-12-05T09:30:00Z', 'local': '2016-12-05T15:00:00+05:30'}, 'datetimeTo': {'utc': '2016-12-05T10:30:00Z', 'local': '2016-12-05T16:00:00+05:30'}}",,,"{'expectedCount': 1, 'expectedInterval': '01:00:00', 'observedCount': 1, 'observedInterval': '01:00:00', 'percentComplete': 100.0, 'percentCoverage': 100.0, 'datetimeFrom': {'utc': '2016-12-05T09:30:00Z', 'local': '2016-12-05T15:00:00+05:30'}, 'datetimeTo': {'utc': '2016-12-05T10:30:00Z', 'local': '2016-12-05T16:00:00+05:30'}}"
98.6,{'hasFlags': True},"{'id': 2, 'name': 'pm25', 'units': 'µg/m³', 'displayName': None}","{'label': 'raw', 'interval': '01:00:00', 'datetimeFrom': {'utc': '2016-12-05T10:30:00Z', 'local': '2016-12-05T16:00:00+05:30'}, 'datetimeTo': {'utc': '2016-12-05T11:30:00Z', 'local': '2016-12-05T17:00:00+05:30'}}",,,"{'expectedCount': 1, 'expectedInterval': '01:00:00', 'observedCount': 1, 'observedInterval': '01:00:00', 'percentComplete': 100.0, 'percentCoverage': 100.0, 'datetimeFrom': {'utc': '2016-12-05T10:30:00Z', 'local': '2016-12-05T16:00:00+05:30'}, 'datetimeTo': {'utc': '2016-12-05T11:30:00Z', 'local': '2016-12-05T17:00:00+05:30'}}"
83.3,{'hasFlags': False},"{'id': 2, 'name': 'pm25', 'units': 'µg/m³', 'displayName': None}","{'label': 'raw', 'interval': '01:00:00', 'datetimeFrom': {'utc': '2016-12-05T11:30:00Z', 'local': '2016-12-05T17:00:00+05:30'}, 'datetimeTo': {'utc': '2016-12-05T12:30:00Z', 'local': '2016-12-05T18:00:00+05:30'}}",,,"{'expectedCount': 1, 'expectedInterval': '01:00:00', 'observedCount': 1, 'observedInterval': '01:00:00', 'percentComplete': 100.0, 'percentCoverage': 100.0, 'datetimeFrom': {'utc': '2016-12-05T11:30:00Z', 'local': '2016-12-05T17:00:00+05:30'}, 'datetimeTo': {'utc': '2016-12-05T12:30:00Z', 'local': '2016-12-05T18:00:00+05:30'}}"
93.4,{'hasFlags': False},"{'id': 2, 'name': 'pm25', 'units': 'µg/m³', 'displayName': None}","{'label': 'raw', 'interval': '01:00:00', 'datetimeFrom': {'utc': '2016-12-05T12:30:00Z', 'local': '2016-12-05T18:00:00+05:30'}, 'datetimeTo': {'utc': '2016-12-05T13:30:00Z', 'local': '2016-12-05T19:00:00+05:30'}}",,,"{'expectedCount': 1, 'expectedInterval': '01:00:00', 'observedCount': 1, 'observedInterval': '01:00:00', 'percentComplete': 100.0, 'percentCoverage': 100.0, 'datetimeFrom': {'utc': '2016-12-05T12:30:00Z', 'local': '2016-12-05T18:00:00+05:30'}, 'datetimeTo': {'utc': '2016-12-05T13:30:00Z', 'local': '2016-12-05T19:00:00+05:30'}}"
106.4,{'hasFlags': False},"{'id': 2, 'name': 'pm25', 'units': 'µg/m³', 'displayName': None}","{'label': 'raw', 'interval': '01:00:00', 'datetimeFrom': {'utc': '2016-12-05T13:30:00Z', 'local': '2016-12-05T19:00:00+05:30'}, 'datetimeTo': {'utc': '2016-12-05T14:30:00Z', 'local': '2016-12-05T20:00:00+05:30'}}",,,"{'expectedCount': 1, 'expectedInterval': '01:00:00', 'observedCount': 1, 'observedInterval': '01:00:00', 'percentComplete': 100.0, 'percentCoverage': 100.0, 'datetimeFrom': {'utc': '2016-12-05T13:30:00Z', 'local': '2016-12-05T19:00:00+05:30'}, 'datetimeTo': {'utc': '2016-12-05T14:30:00Z', 'local': '2016-12-05T20:00:00+05:30'}}"
122.8,{'hasFlags': False},"{'id': 2, 'name': 'pm25', 'units': 'µg/m³', 'displayName': None}","{'label': 'raw', 'interval': '01:00:00', 'datetimeFrom': {'utc': '2016-12-05T14:30:00Z', 'local': '2016-12-05T20:00:00+05:30'}, 'datetimeTo': {'utc': '2016-12-05T15:30:00Z', 'local': '2016-12-05T21:00:00+05:30'}}",,,"{'expectedCount': 1, 'expectedInterval': '01:00:00', 'observedCount': 1, 'observedInterval': '01:00:00', 'percentComplete': 100.0, 'percentCoverage': 100.0, 'datetimeFrom': {'utc': '2016-12-05T14:30:00Z', 'local': '2016-12-05T20:00:00+05:30'}, 'datetimeTo': {'utc': '2016-12-05T15:30:00Z', 'local': '2016-12-05T21:00:00+05:30'}}"
136.4,{'hasFlags': False},"{'id': 2, 'name': 'pm25', 'units': 'µg/m³', 'displayName': None}","{'label': 'raw', 'interval': '01:00:00', 'datetimeFrom': {'utc': '2016-12-05T15:30:00Z', 'local': '2016-12-05T21:00:00+05:30'}, 'datetimeTo': {'utc': '2016-12-05T16:30:00Z', 'local': '2016-12-05T22:00:00+05:30'}}",,,"{'expectedCount': 1, 'expectedInterval': '01:00:00', 'observedCount': 1, 'observedInterval': '01:00:00', 'percentComplete': 100.0, 'percentCoverage': 100.0, 'datetimeFrom': {'utc': '2016-12-05T15:30:00Z', 'local': '2016-12-05T21:00:00+05:30'}, 'datetimeTo': {'utc': '2016-12-05T16:30:00Z', 'local': '2016-12-05T22:00:00+05:30'}}"
151.2,{'hasFlags': False},"{'id': 2, 'name': 'pm25', 'units': 'µg/m³', 'displayName': None}","{'label': 'raw', 'interval': '01:00:00', 'datetimeFrom': {'utc': '2016-12-05T16:30:00Z', 'local': '2016-12-05T22:00:00+05:30'}, 'datetimeTo': {'utc': '2016-12-05T17:30:00Z', 'local': '2016-12-05T23:00:00+05:30'}}",,,"{'expectedCount': 1, 'expectedInterval': '01:00:00', 'observedCount': 1, 'observedInterval': '01:00:00', 'percentComplete': 100.0, 'percentCoverage': 100.0, 'datetimeFrom': {'utc': '2016-12-05T16:30:00Z', 'local': '2016-12-05T22:00:00+05:30'}, 'datetimeTo': {'utc': '2016-12-05T17:30:00Z', 'local': '2016-12-05T23:00:00+05:30'}}"
168.6,{'hasFlags': False},"{'id': 2, 'name': 'pm25', 'units': 'µg/m³', 'displayName': None}","{'label': 'raw', 'interval': '01:00:00', 'datetimeFrom': {'utc': '2016-12-05T17:30:00Z', 'local': '2016-12-05T23:00:00+05:30'}, 'datetimeTo': {'utc': '2016-12-05T18:30:00Z', 'local': '2016-12-06T00:00:00+05:30'}}",,,"{'expectedCount': 1, 'expectedInterval': '01:00:00', 'observedCount': 1, 'observedInterval': '01:00:00', 'percentComplete': 100.0, 'percentCoverage': 100.0, 'datetimeFrom': {'utc': '2016-12-05T17:30:00Z', 'local': '2016-12-05T23:00:00+05:30'}, 'datetimeTo': {'utc': '2016-12-05T18:30:00Z', 'local': '2016-12-06T00:00:00+05:30'}}"
175.3,{'hasFlags': False},"{'id': 2, 'name': 'pm25', 'units': 'µg/m³', 'displayName': None}","{'label': 'raw', 'interval': '01:00:00', 'datetimeFrom': {'utc': '2016-12-05T18:30:00Z', 'local': '2016-12-06T00:00:00+05:30'}, 'datetimeTo': {'utc': '2016-12-05T19:30:00Z', 'local': '2016-12-06T01:00:00+05:30'}}",,,"{'expectedCount': 1, 'expectedInterval': '01:00:00', 'observedCount': 1, 'observedInterval': '01:00:00', 'percentComplete': 100.0, 'percentCoverage': 100.0, 'datetimeFrom': {'utc': '2016-12-05T18:30:00Z', 'local': '2016-12-06T00:00:00+05:30'}, 'datetimeTo': {'utc': '2016-12-05T19:30:00Z', 'local': '2016-12-06T01:00:00+05:30'}}"
177.6,{'hasFlags': False},"{'id': 2, 'name': 'pm25', 'units': 'µg/m³', 'displayName': None}","{'label': 'raw', 'interval': '01:00:00', 'datetimeFrom': {'utc': '2016-12-05T19:30:00Z', 'local': '2016-12-06T01:00:00+05:30'}, 'datetimeTo': {'utc': '2016-12-05T20:30:00Z', 'local': '2016-12-06T02:00:00+05:30'}}",,,"{'expectedCount': 1, 'expectedInterval': '01:00:00', 'observedCount': 1, 'observedInterval': '01:00:00', 'percentComplete': 100.0, 'percentCoverage': 100.0, 'datetimeFrom': {'utc': '2016-12-05T19:30:00Z', 'local': '2016-12-06T01:00:00+05:30'}, 'datetimeTo': {'utc': '2016-12-05T20:30:00Z', 'local': '2016-12-06T02:00:00+05:30'}}"
166.8,{'hasFlags': False},"{'id': 2, 'name': 'pm25', 'units': 'µg/m³', 'displayName': None}","{'label': 'raw', 'interval': '01:00:00', 'datetimeFrom': {'utc': '2016-12-05T20:30:00Z', 'local': '2016-12-06T02:00:00+05:30'}, 'datetimeTo': {'utc': '2016-12-05T21:30:00Z', 'local': '2016-12-06T03:00:00+05:30'}}",,,"{'expectedCount': 1, 'expectedInterval': '01:00:00', 'observedCount': 1, 'observedInterval': '01:00:00', 'percentComplete': 100.0, 'percentCoverage': 100.0, 'datetimeFrom': {'utc': '2016-12-05T20:30:00Z', 'local': '2016-12-06T02:00:00+05:30'}, 'datetimeTo': {'utc': '2016-12-05T21:30:00Z', 'local': '2016-12-06T03:00:00+05:30'}}"
164.4,{'hasFlags': False},"{'id': 2, 'name': 'pm25', 'units': 'µg/m³', 'displayName': None}","{'label': 'raw', 'interval': '01:00:00', 'datetimeFrom': {'utc': '2016-12-05T21:30:00Z', 'local': '2016-12-06T03:00:00+05:30'}, 'datetimeTo': {'utc': '2016-12-05T22:30:00Z', 'local': '2016-12-06T04:00:00+05:30'}}",,,"{'expectedCount': 1, 'expectedInterval': '01:00:00', 'observedCount': 1, 'observedInterval': '01:00:00', 'percentComplete': 100.0, 'percentCoverage': 100.0, 'datetimeFrom': {'utc': '2016-12-05T21:30:00Z', 'local': '2016-12-06T03:00:00+05:30'}, 'datetimeTo': {'utc': '2016-12-05T22:30:00Z', 'local': '2016-12-06T04:00:00+05:30'}}"
163.2,{'hasFlags': False},"{'id': 2, 'name': 'pm25', 'units': 'µg/m³', 'displayName': None}","{'label': 'raw', 'interval': '01:00:00', 'datetimeFrom': {'utc': '2016-12-05T22:30:00Z', 'local': '2016-12-06T04:00:00+05:30'}, 'datetimeTo': {'utc': '2016-12-05T23:30:00Z', 'local': '2016-12-06T05:00:00+05:30'}}",,,"{'expectedCount': 1, 'expectedInterval': '01:00:00', 'observedCount': 1, 'observedInterval': '01:00:00', 'percentComplete': 100.0, 'percentCoverage': 100.0, 'datetimeFrom': {'utc': '2016-12-05T22:30:00Z', 'local': '2016-12-06T04:00:00+05:30'}, 'datetimeTo': {'utc': '2016-12-05T23:30:00Z', 'local': '2016-12-06T05:00:00+05:30'}}"
161.1,{'hasFlags': False},"{'id': 2, 'name': 'pm25', 'units': 'µg/m³', 'displayName': None}","{'label': 'raw', 'interval': '01:00:00', 'datetimeFrom': {'utc': '2016-12-05T23:30:00Z', 'local': '2016-12-06T05:00:00+05:30'}, 'datetimeTo': {'utc': '2016-12-06T00:30:00Z', 'local': '2016-12-06T06:00:00+05:30'}}",,,"{'expectedCount': 1, 'expectedInterval': '01:00:00', 'observedCount': 1, 'observedInterval': '01:00:00', 'percentComplete': 100.0, 'percentCoverage': 100.0, 'datetimeFrom': {'utc': '2016-12-05T23:30:00Z', 'local': '2016-12-06T05:00:00+05:30'}, 'datetimeTo': {'utc': '2016-12-06T00:30:00Z', 'local': '2016-12-06T06:00:00+05:30'}}"
164.2,{'hasFlags': False},"{'id': 2, 'name': 'pm25', 'units': 'µg/m³', 'displayName': None}","{'label': 'raw', 'interval': '01:00:00', 'datetimeFrom': {'utc': '2016-12-06T00:30:00Z', 'local': '2016-12-06T06:00:00+05:30'}, 'datetimeTo': {'utc': '2016-12-06T01:30:00Z', 'local': '2016-12-06T07:00:00+05:30'}}",,,"{'expectedCount': 1, 'expectedInterval': '01:00:00', 'observedCount': 1, 'observedInterval': '01:00:00', 'percentComplete': 100.0, 'percentCoverage': 100.0, 'datetimeFrom': {'utc': '2016-12-06T00:30:00Z', 'local': '2016-12-06T06:00:00+05:30'}, 'datetimeTo': {'utc': '2016-12-06T01:30:00Z', 'local': '2016-12-06T07:00:00+05:30'}}"
165.0,{'hasFlags': False},"{'id': 2, 'name': 'pm25', 'units': 'µg/m³', 'displayName': None}","{'label': 'raw', 'interval': '01:00:00', 'datetimeFrom': {'utc': '2016-12-06T01:30:00Z', 'local': '2016-12-06T07:00:00+05:30'}, 'datetimeTo': {'utc': '2016-12-06T02:30:00Z', 'local': '2016-12-06T08:00:00+05:30'}}",,,"{'expectedCount': 1, 'expectedInterval': '01:00:00', 'observedCount': 1, 'observedInterval': '01:00:00', 'percentComplete': 100.0, 'percentCoverage': 100.0, 'datetimeFrom': {'utc': '2016-12-06T01:30:00Z', 'local': '2016-12-06T07:00:00+05:30'}, 'datetimeTo': {'utc': '2016-12-06T02:30:00Z', 'local': '2016-12-06T08:00:00+05:30'}}"
167.3,{'hasFlags': False},"{'id': 2, 'name': 'pm25', 'units': 'µg/m³', 'displayName': None}","{'label': 'raw', 'interval': '01:00:00', 'datetimeFrom': {'utc': '2016-12-06T02:30:00Z', 'local': '2016-12-06T08:00:00+05:30'}, 'datetimeTo': {'utc': '2016-12-06T03:30:00Z', 'local': '2016-12-06T09:00:00+05:30'}}",,,"{'expectedCount': 1, 'expectedInterval': '01:00:00', 'observedCount': 1, 'observedInterval': '01:00:00', 'percentComplete': 100.0, 'percentCoverage': 100.0, 'datetimeFrom': {'utc': '2016-12-06T02:30:00Z', 'local': '2016-12-06T08:00:00+05:30'}, 'datetimeTo': {'utc': '2016-12-06T03:30:00Z', 'local': '2016-12-06T09:00:00+05:30'}}"
179.7,{'hasFlags': False},"{'id': 2, 'name': 'pm25', 'units': 'µg/m³', 'displayName': None}","{'label': 'raw', 'interval': '01:00:00', 'datetimeFrom': {'utc': '2016-12-06T03:30:00Z', 'local': '2016-12-06T09:00:00+05:30'}, 'datetimeTo': {'utc': '2016-12-06T04:30:00Z', 'local': '2016-12-06T10:00:00+05:30'}}",,,"{'expectedCount': 1, 'expectedInterval': '01:00:00', 'observedCount': 1, 'observedInterval': '01:00:00', 'percentComplete': 100.0, 'percentCoverage': 100.0, 'datetimeFrom': {'utc': '2016-12-06T03:30:00Z', 'local': '2016-12-06T09:00:00+05:30'}, 'datetimeTo': {'utc': '2016-12-06T04:30:00Z', 'local': '2016-12-06T10:00:00+05:30'}}"
195.6,{'hasFlags': False},"{'id': 2, 'name': 'pm25', 'units': 'µg/m³', 'displayName': None}","{'label': 'raw', 'interval': '01:00:00', 'datetimeFrom': {'utc': '2016-12-06T04:30:00Z', 'local': '2016-12-06T10:00:00+05:30'}, 'datetimeTo': {'utc': '2016-12-06T05:30:00Z', 'local': '2016-12-06T11:00:00+05:30'}}",,,"{'expectedCount': 1, 'expectedInterval': '01:00:00', 'observedCount': 1, 'observedInterval': '01:00:00', 'percentComplete': 100.0, 'percentCoverage': 100.0, 'datetimeFrom': {'utc': '2016-12-06T04:30:00Z', 'local': '2016-12-06T10:00:00+05:30'}, 'datetimeTo': {'utc': '2016-12-06T05:30:00Z', 'local': '2016-12-06T11:00:00+05:30'}}"
232.3,{'hasFlags': False},"{'id': 2, 'name': 'pm25', 'units': 'µg/m³', 'displayName': None}","{'label': 'raw', 'interval': '01:00:00', 'datetimeFrom': {'utc': '2016-12-06T05:30:00Z', 'local': '2016-12-06T11:00:00+05:30'}, 'datetimeTo': {'utc': '2016-12-06T06:30:00Z', 'local': '2016-12-06T12:00:00+05:30'}}",,,"{'expectedCount': 1, 'expectedInterval': '01:00:00', 'observedCount': 1, 'observedInterval': '01:00:00', 'percentComplete': 100.0, 'percentCoverage': 100.0, 'datetimeFrom': {'utc': '2016-12-06T05:30:00Z', 'local': '2016-12-06T11:00:00+05:30'}, 'datetimeTo': {'utc': '2016-12-06T06:30:00Z', 'local': '2016-12-06T12:00:00+05:30'}}"
289.8,{'hasFlags': False},"{'id': 2, 'name': 'pm25', 'units': 'µg/m³', 'displayName': None}","{'label': 'raw', 'interval': '01:00:00', 'datetimeFrom': {'utc': '2016-12-06T06:30:00Z', 'local': '2016-12-06T12:00:00+05:30'}, 'datetimeTo': {'utc': '2016-12-06T07:30:00Z', 'local': '2016-12-06T13:00:00+05:30'}}",,,"{'expectedCount': 1, 'expectedInterval': '01:00:00', 'observedCount': 1, 'observedInterval': '01:00:00', 'percentComplete': 100.0, 'percentCoverage': 100.0, 'datetimeFrom': {'utc': '2016-12-06T06:30:00Z', 'local': '2016-12-06T12:00:00+05:30'}, 'datetimeTo': {'utc': '2016-12-06T07:30:00Z', 'local': '2016-12-06T13:00:00+05:30'}}"
377.4,{'hasFlags': False},"{'id': 2, 'name': 'pm25', 'units': 'µg/m³', 'displayName': None}","{'label': 'raw', 'interval': '01:00:00', 'datetimeFrom': {'utc': '2016-12-06T07:30:00Z', 'local': '2016-12-06T13:00:00+05:30'}, 'datetimeTo': {'utc': '2016-12-06T08:30:00Z', 'local': '2016-12-06T14:00:00+05:30'}}",,,"{'expectedCount': 1, 'expectedInterval': '01:00:00', 'observedCount': 1, 'observedInterval': '01:00:00', 'percentComplete': 100.0, 'percentCoverage': 100.0, 'datetimeFrom': {'utc': '2016-12-06T07:30:00Z', 'local': '2016-12-06T13:00:00+05:30'}, 'datetimeTo': {'utc': '2016-12-06T08:30:00Z', 'local': '2016-12-06T14:00:00+05:30'}}"
419.2,{'hasFlags': False},"{'id': 2, 'name': 'pm25', 'units': 'µg/m³', 'displayName': None}","{'label': 'raw', 'interval': '01:00:00', 'datetimeFrom': {'utc': '2016-12-06T08:30:00Z', 'local': '2016-12-06T14:00:00+05:30'}, 'datetimeTo': {'utc': '2016-12-06T09:30:00Z', 'local': '2016-12-06T15:00:00+05:30'}}",,,"{'expectedCount': 1, 'expectedInterval': '01:00:00', 'observedCount': 1, 'observedInterval': '01:00:00', 'percentComplete': 100.0, 'percentCoverage': 100.0, 'datetimeFrom': {'utc': '2016-12-06T08:30:00Z', 'local': '2016-12-06T14:00:00+05:30'}, 'datetimeTo': {'utc': '2016-12-06T09:30:00Z', 'local': '2016-12-06T15:00:00+05:30'}}"
424.1,{'hasFlags': False},"{'id': 2, 'name': 'pm25', 'units': 'µg/m³', 'displayName': None}","{'label': 'raw', 'interval': '01:00:00', 'datetimeFrom': {'utc': '2016-12-06T09:30:00Z', 'local': '2016-12-06T15:00:00+05:30'}, 'datetimeTo': {'utc': '2016-12-06T10:30:00Z', 'local': '2016-12-06T16:00:00+05:30'}}",,,"{'expectedCount': 1, 'expectedInterval': '01:00:00', 'observedCount': 1, 'observedInterval': '01:00:00', 'percentComplete': 100.0, 'percentCoverage': 100.0, 'datetimeFrom': {'utc': '2016-12-06T09:30:00Z', 'local': '2016-12-06T15:00:00+05:30'}, 'datetimeTo': {'utc': '2016-12-06T10:30:00Z', 'local': '2016-12-06T16:00:00+05:30'}}"
425.6,{'hasFlags': False},"{'id': 2, 'name': 'pm25', 'units': 'µg/m³', 'displayName': None}","{'label': 'raw', 'interval': '01:00:00', 'datetimeFrom': {'utc': '2016-12-06T10:30:00Z', 'local': '2016-12-06T16:00:00+05:30'}, 'datetimeTo': {'utc': '2016-12-06T11:30:00Z', 'local': '2016-12-06T17:00:00+05:30'}}",,,"{'expectedCount': 1, 'expectedInterval': '01:00:00', 'observedCount': 1, 'observedInterval': '01:00:00', 'percentComplete': 100.0, 'percentCoverage': 100.0, 'datetimeFrom': {'utc': '2016-12-06T10:30:00Z', 'local': '2016-12-06T16:00:00+05:30'}, 'datetimeTo': {'utc': '2016-12-06T11:30:00Z', 'local': '2016-12-06T17:00:00+05:30'}}"
420.8,{'hasFlags': False},"{'id': 2, 'name': 'pm25', 'units': 'µg/m³', 'displayName': None}","{'label': 'raw', 'interval': '01:00:00', 'datetimeFrom': {'utc': '2016-12-06T11:30:00Z', 'local': '2016-12-06T17:00:00+05:30'}, 'datetimeTo': {'utc': '2016-12-06T12:30:00Z', 'local': '2016-12-06T18:00:00+05:30'}}",,,"{'expectedCount': 1, 'expectedInterval': '01:00:00', 'observedCount': 1, 'observedInterval': '01:00:00', 'percentComplete': 100.0, 'percentCoverage': 100.0, 'datetimeFrom': {'utc': '2016-12-06T11:30:00Z', 'local': '2016-12-06T17:00:00+05:30'}, 'datetimeTo': {'utc': '2016-12-06T12:30:00Z', 'local': '2016-12-06T18:00:00+05:30'}}"
415.9,{'hasFlags': False},"{'id': 2, 'name': 'pm25', 'units': 'µg/m³', 'displayName': None}","{'label': 'raw', 'interval': '01:00:00', 'datetimeFrom': {'utc': '2016-12-06T12:30:00Z', 'local': '2016-12-06T18:00:00+05:30'}, 'datetimeTo': {'utc': '2016-12-06T13:30:00Z', 'local': '2016-12-06T19:00:00+05:30'}}",,,"{'expectedCount': 1, 'expectedInterval': '01:00:00', 'observedCount': 1, 'observedInterval': '01:00:00', 'percentComplete': 100.0, 'percentCoverage': 100.0, 'datetimeFrom': {'utc': '2016-12-06T12:30:00Z', 'local': '2016-12-06T18:00:00+05:30'}, 'datetimeTo': {'utc': '2016-12-06T13:30:00Z', 'local': '2016-12-06T19:00:00+05:30'}}"
411.0,{'hasFlags': False},"{'id': 2, 'name': 'pm25', 'units': 'µg/m³', 'displayName': None}","{'label': 'raw', 'interval': '01:00:00', 'datetimeFrom': {'utc': '2016-12-06T13:30:00Z', 'local': '2016-12-06T19:00:00+05:30'}, 'datetimeTo': {'utc': '2016-12-06T14:30:00Z', 'local': '2016-12-06T20:00:00+05:30'}}",,,"{'expectedCount': 1, 'expectedInterval': '01:00:00', 'observedCount': 1, 'observedInterval': '01:00:00', 'percentComplete': 100.0, 'percentCoverage': 100.0, 'datetimeFrom': {'utc': '2016-12-06T13:30:00Z', 'local': '2016-12-06T19:00:00+05:30'}, 'datetimeTo': {'utc': '2016-12-06T14:30:00Z', 'local': '2016-12-06T20:00:00+05:30'}}"
396.5,{'hasFlags': False},"{'id': 2, 'name': 'pm25', 'units': 'µg/m³', 'displayName': None}","{'label': 'raw', 'interval': '01:00:00', 'datetimeFrom': {'utc': '2016-12-06T14:30:00Z', 'local': '2016-12-06T20:00:00+05:30'}, 'datetimeTo': {'utc': '2016-12-06T15:30:00Z', 'local': '2016-12-06T21:00:00+05:30'}}",,,"{'expectedCount': 1, 'expectedInterval': '01:00:00', 'observedCount': 1, 'observedInterval': '01:00:00', 'percentComplete': 100.0, 'percentCoverage': 100.0, 'datetimeFrom': {'utc': '2016-12-06T14:30:00Z', 'local': '2016-12-06T20:00:00+05:30'}, 'datetimeTo': {'utc': '2016-12-06T15:30:00Z', 'local': '2016-12-06T21:00:00+05:30'}}"
382.2,{'hasFlags': False},"{'id': 2, 'name': 'pm25', 'units': 'µg/m³', 'displayName': None}","{'label': 'raw', 'interval': '01:00:00', 'datetimeFrom': {'utc': '2016-12-06T15:30:00Z', 'local': '2016-12-06T21:00:00+05:30'}, 'datetimeTo': {'utc': '2016-12-06T16:30:00Z', 'local': '2016-12-06T22:00:00+05:30'}}",,,"{'expectedCount': 1, 'expectedInterval': '01:00:00', 'observedCount': 1, 'observedInterval': '01:00:00', 'percentComplete': 100.0, 'percentCoverage': 100.0, 'datetimeFrom': {'utc': '2016-12-06T15:30:00Z', 'local': '2016-12-06T21:00:00+05:30'}, 'datetimeTo': {'utc': '2016-12-06T16:30:00Z', 'local': '2016-12-06T22:00:00+05:30'}}"
375.0,{'hasFlags': False},"{'id': 2, 'name': 'pm25', 'units': 'µg/m³', 'displayName': None}","{'label': 'raw', 'interval': '01:00:00', 'datetimeFrom': {'utc': '2016-12-06T16:30:00Z', 'local': '2016-12-06T22:00:00+05:30'}, 'datetimeTo': {'utc': '2016-12-06T17:30:00Z', 'local': '2016-12-06T23:00:00+05:30'}}",,,"{'expectedCount': 1, 'expectedInterval': '01:00:00', 'observedCount': 1, 'observedInterval': '01:00:00', 'percentComplete': 100.0, 'percentCoverage': 100.0, 'datetimeFrom': {'utc': '2016-12-06T16:30:00Z', 'local': '2016-12-06T22:00:00+05:30'}, 'datetimeTo': {'utc': '2016-12-06T17:30:00Z', 'local': '2016-12-06T23:00:00+05:30'}}"
376.1,{'hasFlags': False},"{'id': 2, 'name': 'pm25', 'units': 'µg/m³', 'displayName': None}","{'label': 'raw', 'interval': '01:00:00', 'datetimeFrom': {'utc': '2016-12-06T17:30:00Z', 'local': '2016-12-06T23:00:00+05:30'}, 'datetimeTo': {'utc': '2016-12-06T18:30:00Z', 'local': '2016-12-07T00:00:00+05:30'}}",,,"{'expectedCount': 1, 'expectedInterval': '01:00:00', 'observedCount': 1, 'observedInterval': '01:00:00', 'percentComplete': 100.0, 'percentCoverage': 100.0, 'datetimeFrom': {'utc': '2016-12-06T17:30:00Z', 'local': '2016-12-06T23:00:00+05:30'}, 'datetimeTo': {'utc': '2016-12-06T18:30:00Z', 'local': '2016-12-07T00:00:00+05:30'}}"
370.7,{'hasFlags': False},"{'id': 2, 'name': 'pm25', 'units': 'µg/m³', 'displayName': None}","{'label': 'raw', 'interval': '01:00:00', 'datetimeFrom': {'utc': '2016-12-06T18:30:00Z', 'local': '2016-12-07T00:00:00+05:30'}, 'datetimeTo': {'utc': '2016-12-06T19:30:00Z', 'local': '2016-12-07T01:00:00+05:30'}}",,,"{'expectedCount': 1, 'expectedInterval': '01:00:00', 'observedCount': 1, 'observedInterval': '01:00:00', 'percentComplete': 100.0, 'percentCoverage': 100.0, 'datetimeFrom': {'utc': '2016-12-06T18:30:00Z', 'local': '2016-12-07T00:00:00+05:30'}, 'datetimeTo': {'utc': '2016-12-06T19:30:00Z', 'local': '2016-12-07T01:00:00+05:30'}}"
359.4,{'hasFlags': False},"{'id': 2, 'name': 'pm25', 'units': 'µg/m³', 'displayName': None}","{'label': 'raw', 'interval': '01:00:00', 'datetimeFrom': {'utc': '2016-12-06T19:30:00Z', 'local': '2016-12-07T01:00:00+05:30'}, 'datetimeTo': {'utc': '2016-12-06T20:30:00Z', 'local': '2016-12-07T02:00:00+05:30'}}",,,"{'expectedCount': 1, 'expectedInterval': '01:00:00', 'observedCount': 1, 'observedInterval': '01:00:00', 'percentComplete': 100.0, 'percentCoverage': 100.0, 'datetimeFrom': {'utc': '2016-12-06T19:30:00Z', 'local': '2016-12-07T01:00:00+05:30'}, 'datetimeTo': {'utc': '2016-12-06T20:30:00Z', 'local': '2016-12-07T02:00:00+05:30'}}"
346.3,{'hasFlags': False},"{'id': 2, 'name': 'pm25', 'units': 'µg/m³', 'displayName': None}","{'label': 'raw', 'interval': '01:00:00', 'datetimeFrom': {'utc': '2016-12-06T20:30:00Z', 'local': '2016-12-07T02:00:00+05:30'}, 'datetimeTo': {'utc': '2016-12-06T21:30:00Z', 'local': '2016-12-07T03:00:00+05:30'}}",,,"{'expectedCount': 1, 'expectedInterval': '01:00:00', 'observedCount': 1, 'observedInterval': '01:00:00', 'percentComplete': 100.0, 'percentCoverage': 100.0, 'datetimeFrom': {'utc': '2016-12-06T20:30:00Z', 'local': '2016-12-07T02:00:00+05:30'}, 'datetimeTo': {'utc': '2016-12-06T21:30:00Z', 'local': '2016-12-07T03:00:00+05:30'}}"
295.2,{'hasFlags': False},"{'id': 2, 'name': 'pm25', 'units': 'µg/m³', 'displayName': None}","{'label': 'raw', 'interval': '01:00:00', 'datetimeFrom': {'utc': '2016-12-06T21:30:00Z', 'local': '2016-12-07T03:00:00+05:30'}, 'datetimeTo': {'utc': '2016-12-06T22:30:00Z', 'local': '2016-12-07T04:00:00+05:30'}}",,,"{'expectedCount': 1, 'expectedInterval': '01:00:00', 'observedCount': 1, 'observedInterval': '01:00:00', 'percentComplete': 100.0, 'percentCoverage': 100.0, 'datetimeFrom': {'utc': '2016-12-06T21:30:00Z', 'local': '2016-12-07T03:00:00+05:30'}, 'datetimeTo': {'utc': '2016-12-06T22:30:00Z', 'local': '2016-12-07T04:00:00+05:30'}}"
244.9,{'hasFlags': False},"{'id': 2, 'name': 'pm25', 'units': 'µg/m³', 'displayName': None}","{'label': 'raw', 'interval': '01:00:00', 'datetimeFrom': {'utc': '2016-12-06T22:30:00Z', 'local': '2016-12-07T04:00:00+05:30'}, 'datetimeTo': {'utc': '2016-12-06T23:30:00Z', 'local': '2016-12-07T05:00:00+05:30'}}",,,"{'expectedCount': 1, 'expectedInterval': '01:00:00', 'observedCount': 1, 'observedInterval': '01:00:00', 'percentComplete': 100.0, 'percentCoverage': 100.0, 'datetimeFrom': {'utc': '2016-12-06T22:30:00Z', 'local': '2016-12-07T04:00:00+05:30'}, 'datetimeTo': {'utc': '2016-12-06T23:30:00Z', 'local': '2016-12-07T05:00:00+05:30'}}"
224.9,{'hasFlags': False},"{'id': 2, 'name': 'pm25', 'units': 'µg/m³', 'displayName': None}","{'label': 'raw', 'interval': '01:00:00', 'datetimeFrom': {'utc': '2016-12-06T23:30:00Z', 'local': '2016-12-07T05:00:00+05:30'}, 'datetimeTo': {'utc': '2016-12-07T00:30:00Z', 'local': '2016-12-07T06:00:00+05:30'}}",,,"{'expectedCount': 1, 'expectedInterval': '01:00:00', 'observedCount': 1, 'observedInterval': '01:00:00', 'percentComplete': 100.0, 'percentCoverage': 100.0, 'datetimeFrom': {'utc': '2016-12-06T23:30:00Z', 'local': '2016-12-07T05:00:00+05:30'}, 'datetimeTo': {'utc': '2016-12-07T00:30:00Z', 'local': '2016-12-07T06:00:00+05:30'}}"
226.4,{'hasFlags': False},"{'id': 2, 'name': 'pm25', 'units': 'µg/m³', 'displayName': None}","{'label': 'raw', 'interval': '01:00:00', 'datetimeFrom': {'utc': '2016-12-07T00:30:00Z', 'local': '2016-12-07T06:00:00+05:30'}, 'datetimeTo': {'utc': '2016-12-07T01:30:00Z', 'local': '2016-12-07T07:00:00+05:30'}}",,,"{'expectedCount': 1, 'expectedInterval': '01:00:00', 'observedCount': 1, 'observedInterval': '01:00:00', 'percentComplete': 100.0, 'percentCoverage': 100.0, 'datetimeFrom': {'utc': '2016-12-07T00:30:00Z', 'local': '2016-12-07T06:00:00+05:30'}, 'datetimeTo': {'utc': '2016-12-07T01:30:00Z', 'local': '2016-12-07T07:00:00+05:30'}}"
220.5,{'hasFlags': False},"{'id': 2, 'name': 'pm25', 'units': 'µg/m³', 'displayName': None}","{'label': 'raw', 'interval': '01:00:00', 'datetimeFrom': {'utc': '2016-12-07T01:30:00Z', 'local': '2016-12-07T07:00:00+05:30'}, 'datetimeTo': {'utc': '2016-12-07T02:30:00Z', 'local': '2016-12-07T08:00:00+05:30'}}",,,"{'expectedCount': 1, 'expectedInterval': '01:00:00', 'observedCount': 1, 'observedInterval': '01:00:00', 'percentComplete': 100.0, 'percentCoverage': 100.0, 'datetimeFrom': {'utc': '2016-12-07T01:30:00Z', 'local': '2016-12-07T07:00:00+05:30'}, 'datetimeTo': {'utc': '2016-12-07T02:30:00Z', 'local': '2016-12-07T08:00:00+05:30'}}"
212.0,{'hasFlags': False},"{'id': 2, 'name': 'pm25', 'units': 'µg/m³', 'displayName': None}","{'label': 'raw', 'interval': '01:00:00', 'datetimeFrom': {'utc': '2016-12-07T02:30:00Z', 'local': '2016-12-07T08:00:00+05:30'}, 'datetimeTo': {'utc': '2016-12-07T03:30:00Z', 'local': '2016-12-07T09:00:00+05:30'}}",,,"{'expectedCount': 1, 'expectedInterval': '01:00:00', 'observedCount': 1, 'observedInterval': '01:00:00', 'percentComplete': 100.0, 'percentCoverage': 100.0, 'datetimeFrom': {'utc': '2016-12-07T02:30:00Z', 'local': '2016-12-07T08:00:00+05:30'}, 'datetimeTo': {'utc': '2016-12-07T03:30:00Z', 'local': '2016-12-07T09:00:00+05:30'}}"
217.6,{'hasFlags': False},"{'id': 2, 'name': 'pm25', 'units': 'µg/m³', 'displayName': None}","{'label': 'raw', 'interval': '01:00:00', 'datetimeFrom': {'utc': '2016-12-07T03:30:00Z', 'local': '2016-12-07T09:00:00+05:30'}, 'datetimeTo': {'utc': '2016-12-07T04:30:00Z', 'local': '2016-12-07T10:00:00+05:30'}}",,,"{'expectedCount': 1, 'expectedInterval': '01:00:00', 'observedCount': 1, 'observedInterval': '01:00:00', 'percentComplete': 100.0, 'percentCoverage': 100.0, 'datetimeFrom': {'utc': '2016-12-07T03:30:00Z', 'local': '2016-12-07T09:00:00+05:30'}, 'datetimeTo': {'utc': '2016-12-07T04:30:00Z', 'local': '2016-12-07T10:00:00+05:30'}}"
238.4,{'hasFlags': False},"{'id': 2, 'name': 'pm25', 'units': 'µg/m³', 'displayName': None}","{'label': 'raw', 'interval': '01:00:00', 'datetimeFrom': {'utc': '2016-12-07T04:30:00Z', 'local': '2016-12-07T10:00:00+05:30'}, 'datetimeTo': {'utc': '2016-12-07T05:30:00Z', 'local': '2016-12-07T11:00:00+05:30'}}",,,"{'expectedCount': 1, 'expectedInterval': '01:00:00', 'observedCount': 1, 'observedInterval': '01:00:00', 'percentComplete': 100.0, 'percentCoverage': 100.0, 'datetimeFrom': {'utc': '2016-12-07T04:30:00Z', 'local': '2016-12-07T10:00:00+05:30'}, 'datetimeTo': {'utc': '2016-12-07T05:30:00Z', 'local': '2016-12-07T11:00:00+05:30'}}"
278.4,{'hasFlags': False},"{'id': 2, 'name': 'pm25', 'units': 'µg/m³', 'displayName': None}","{'label': 'raw', 'interval': '01:00:00', 'datetimeFrom': {'utc': '2016-12-07T05:30:00Z', 'local': '2016-12-07T11:00:00+05:30'}, 'datetimeTo': {'utc': '2016-12-07T06:30:00Z', 'local': '2016-12-07T12:00:00+05:30'}}",,,"{'expectedCount': 1, 'expectedInterval': '01:00:00', 'observedCount': 1, 'observedInterval': '01:00:00', 'percentComplete': 100.0, 'percentCoverage': 100.0, 'datetimeFrom': {'utc': '2016-12-07T05:30:00Z', 'local': '2016-12-07T11:00:00+05:30'}, 'datetimeTo': {'utc': '2016-12-07T06:30:00Z', 'local': '2016-12-07T12:00:00+05:30'}}"
406.6,{'hasFlags': False},"{'id': 2, 'name': 'pm25', 'units': 'µg/m³', 'displayName': None}","{'label': 'raw', 'interval': '01:00:00', 'datetimeFrom': {'utc': '2016-12-07T06:30:00Z', 'local': '2016-12-07T12:00:00+05:30'}, 'datetimeTo': {'utc': '2016-12-07T07:30:00Z', 'local': '2016-12-07T13:00:00+05:30'}}",,,"{'expectedCount': 1, 'expectedInterval': '01:00:00', 'observedCount': 1, 'observedInterval': '01:00:00', 'percentComplete': 100.0, 'percentCoverage': 100.0, 'datetimeFrom': {'utc': '2016-12-07T06:30:00Z', 'local': '2016-12-07T12:00:00+05:30'}, 'datetimeTo': {'utc': '2016-12-07T07:30:00Z', 'local': '2016-12-07T13:00:00+05:30'}}"
366.8,{'hasFlags': False},"{'id': 2, 'name': 'pm25', 'units': 'µg/m³', 'displayName': None}","{'label': 'raw', 'interval': '01:00:00', 'datetimeFrom': {'utc': '2016-12-07T07:30:00Z', 'local': '2016-12-07T13:00:00+05:30'}, 'datetimeTo': {'utc': '2016-12-07T08:30:00Z', 'local': '2016-12-07T14:00:00+05:30'}}",,,"{'expectedCount': 1, 'expectedInterval': '01:00:00', 'observedCount': 1, 'observedInterval': '01:00:00', 'percentComplete': 100.0, 'percentCoverage': 100.0, 'datetimeFrom': {'utc': '2016-12-07T07:30:00Z', 'local': '2016-12-07T13:00:00+05:30'}, 'datetimeTo': {'utc': '2016-12-07T08:30:00Z', 'local': '2016-12-07T14:00:00+05:30'}}"
303.4,{'hasFlags': False},"{'id': 2, 'name': 'pm25', 'units': 'µg/m³', 'displayName': None}","{'label': 'raw', 'interval': '01:00:00', 'datetimeFrom': {'utc': '2016-12-07T08:30:00Z', 'local': '2016-12-07T14:00:00+05:30'}, 'datetimeTo': {'utc': '2016-12-07T09:30:00Z', 'local': '2016-12-07T15:00:00+05:30'}}",,,"{'expectedCount': 1, 'expectedInterval': '01:00:00', 'observedCount': 1, 'observedInterval': '01:00:00', 'percentComplete': 100.0, 'percentCoverage': 100.0, 'datetimeFrom': {'utc': '2016-12-07T08:30:00Z', 'local': '2016-12-07T14:00:00+05:30'}, 'datetimeTo': {'utc': '2016-12-07T09:30:00Z', 'local': '2016-12-07T15:00:00+05:30'}}"
249.6,{'hasFlags': False},"{'id': 2, 'name': 'pm25', 'units': 'µg/m³', 'displayName': None}","{'label': 'raw', 'interval': '01:00:00', 'datetimeFrom': {'utc': '2016-12-07T09:30:00Z', 'local': '2016-12-07T15:00:00+05:30'}, 'datetimeTo': {'utc': '2016-12-07T10:30:00Z', 'local': '2016-12-07T16:00:00+05:30'}}",,,"{'expectedCount': 1, 'expectedInterval': '01:00:00', 'observedCount': 1, 'observedInterval': '01:00:00', 'percentComplete': 100.0, 'percentCoverage': 100.0, 'datetimeFrom': {'utc': '2016-12-07T09:30:00Z', 'local': '2016-12-07T15:00:00+05:30'}, 'datetimeTo': {'utc': '2016-12-07T10:30:00Z', 'local': '2016-12-07T16:00:00+05:30'}}"
249.7,{'hasFlags': False},"{'id': 2, 'name': 'pm25', 'units': 'µg/m³', 'displayName': None}","{'label': 'raw', 'interval': '01:00:00', 'datetimeFrom': {'utc': '2016-12-07T10:30:00Z', 'local': '2016-12-07T16:00:00+05:30'}, 'datetimeTo': {'utc': '2016-12-07T11:30:00Z', 'local': '2016-12-07T17:00:00+05:30'}}",,,"{'expectedCount': 1, 'expectedInterval': '01:00:00', 'observedCount': 1, 'observedInterval': '01:00:00', 'percentComplete': 100.0, 'percentCoverage': 100.0, 'datetimeFrom': {'utc': '2016-12-07T10:30:00Z', 'local': '2016-12-07T16:00:00+05:30'}, 'datetimeTo': {'utc': '2016-12-07T11:30:00Z', 'local': '2016-12-07T17:00:00+05:30'}}"
,{'hasFlags': True},"{'id': 2, 'name': 'pm25', 'units': 'µg/m³', 'displayName': None}","{'label': 'raw', 'interval': '01:00:00', 'datetimeFrom': {'utc': '2016-12-07T11:30:00Z', 'local': '2016-12-07T17:00:00+05:30'}, 'datetimeTo': {'utc': '2016-12-07T12:30:00Z', 'local': '2016-12-07T18:00:00+05:30'}}",,,"{'expectedCount': 1, 'expectedInterval': '01:00:00', 'observedCount': 1, 'observedInterval': '01:00:00', 'percentComplete': 100.0, 'percentCoverage': 100.0, 'datetimeFrom': {'utc': '2016-12-07T11:30:00Z', 'local': '2016-12-07T17:00:00+05:30'}, 'datetimeTo': {'utc': '2016-12-07T12:30:00Z', 'local': '2016-12-07T18:00:00+05:30'}}"
183.5,{'hasFlags': True},"{'id': 2, 'name': 'pm25', 'units': 'µg/m³', 'displayName': None}","{'label': 'raw', 'interval': '01:00:00', 'datetimeFrom': {'utc': '2016-12-07T12:30:00Z', 'local': '2016-12-07T18:00:00+05:30'}, 'datetimeTo': {'utc': '2016-12-07T13:30:00Z', 'local': '2016-12-07T19:00:00+05:30'}}",,,"{'expectedCount': 1, 'expectedInterval': '01:00:00', 'observedCount': 1, 'observedInterval': '01:00:00', 'percentComplete': 100.0, 'percentCoverage': 100.0, 'datetimeFrom': {'utc': '2016-12-07T12:30:00Z', 'local': '2016-12-07T18:00:00+05:30'}, 'datetimeTo': {'utc': '2016-12-07T13:30:00Z', 'local': '2016-12-07T19:00:00+05:30'}}"
201.2,{'hasFlags': False},"{'id': 2, 'name': 'pm25', 'units': 'µg/m³', 'displayName': None}","{'label': 'raw', 'interval': '01:00:00', 'datetimeFrom': {'utc': '2016-12-07T13:30:00Z', 'local': '2016-12-07T19:00:00+05:30'}, 'datetimeTo': {'utc': '2016-12-07T14:30:00Z', 'local': '2016-12-07T20:00:00+05:30'}}",,,"{'expectedCount': 1, 'expectedInterval': '01:00:00', 'observedCount': 1, 'observedInterval': '01:00:00', 'percentComplete': 100.0, 'percentCoverage': 100.0, 'datetimeFrom': {'utc': '2016-12-07T13:30:00Z', 'local': '2016-12-07T19:00:00+05:30'}, 'datetimeTo': {'utc': '2016-12-07T14:30:00Z', 'local': '2016-12-07T20:00:00+05:30'}}"
224.1,{'hasFlags': False},"{'id': 2, 'name': 'pm25', 'units': 'µg/m³', 'displayName': None}","{'label': 'raw', 'interval': '01:00:00', 'datetimeFrom': {'utc': '2016-12-07T14:30:00Z', 'local': '2016-12-07T20:00:00+05:30'}, 'datetimeTo': {'utc': '2016-12-07T15:30:00Z', 'local': '2016-12-07T21:00:00+05:30'}}",,,"{'expectedCount': 1, 'expectedInterval': '01:00:00', 'observedCount': 1, 'observedInterval': '01:00:00', 'percentComplete': 100.0, 'percentCoverage': 100.0, 'datetimeFrom': {'utc': '2016-12-07T14:30:00Z', 'local': '2016-12-07T20:00:00+05:30'}, 'datetimeTo': {'utc': '2016-12-07T15:30:00Z', 'local': '2016-12-07T21:00:00+05:30'}}"
283.0,{'hasFlags': False},"{'id': 2, 'name': 'pm25', 'units': 'µg/m³', 'displayName': None}","{'label': 'raw', 'interval': '01:00:00', 'datetimeFrom': {'utc': '2016-12-07T15:30:00Z', 'local': '2016-12-07T21:00:00+05:30'}, 'datetimeTo': {'utc': '2016-12-07T16:30:00Z', 'local': '2016-12-07T22:00:00+05:30'}}",,,"{'expectedCount': 1, 'expectedInterval': '01:00:00', 'observedCount': 1, 'observedInterval': '01:00:00', 'percentComplete': 100.0, 'percentCoverage': 100.0, 'datetimeFrom': {'utc': '2016-12-07T15:30:00Z', 'local': '2016-12-07T21:00:00+05:30'}, 'datetimeTo': {'utc': '2016-12-07T16:30:00Z', 'local': '2016-12-07T22:00:00+05:30'}}"
290.0,{'hasFlags': False},"{'id': 2, 'name': 'pm25', 'units': 'µg/m³', 'displayName': None}","{'label': 'raw', 'interval': '01:00:00', 'datetimeFrom': {'utc': '2016-12-07T16:30:00Z', 'local': '2016-12-07T22:00:00+05:30'}, 'datetimeTo': {'utc': '2016-12-07T17:30:00Z', 'local': '2016-12-07T23:00:00+05:30'}}",,,"{'expectedCount': 1, 'expectedInterval': '01:00:00', 'observedCount': 1, 'observedInterval': '01:00:00', 'percentComplete': 100.0, 'percentCoverage': 100.0, 'datetimeFrom': {'utc': '2016-12-07T16:30:00Z', 'local': '2016-12-07T22:00:00+05:30'}, 'datetimeTo': {'utc': '2016-12-07T17:30:00Z', 'local': '2016-12-07T23:00:00+05:30'}}"
279.5,{'hasFlags': False},"{'id': 2, 'name': 'pm25', 'units': 'µg/m³', 'displayName': None}","{'label': 'raw', 'interval': '01:00:00', 'datetimeFrom': {'utc': '2016-12-07T17:30:00Z', 'local': '2016-12-07T23:00:00+05:30'}, 'datetimeTo': {'utc': '2016-12-07T18:30:00Z', 'local': '2016-12-08T00:00:00+05:30'}}",,,"{'expectedCount': 1, 'expectedInterval': '01:00:00', 'observedCount': 1, 'observedInterval': '01:00:00', 'percentComplete': 100.0, 'percentCoverage': 100.0, 'datetimeFrom': {'utc': '2016-12-07T17:30:00Z', 'local': '2016-12-07T23:00:00+05:30'}, 'datetimeTo': {'utc': '2016-12-07T18:30:00Z', 'local': '2016-12-08T00:00:00+05:30'}}"
274.7,{'hasFlags': False},"{'id': 2, 'name': 'pm25', 'units': 'µg/m³', 'displayName': None}","{'label': 'raw', 'interval': '01:00:00', 'datetimeFrom': {'utc': '2016-12-07T18:30:00Z', 'local': '2016-12-08T00:00:00+05:30'}, 'datetimeTo': {'utc': '2016-12-07T19:30:00Z', 'local': '2016-12-08T01:00:00+05:30'}}",,,"{'expectedCount': 1, 'expectedInterval': '01:00:00', 'observedCount': 1, 'observedInterval': '01:00:00', 'percentComplete': 100.0, 'percentCoverage': 100.0, 'datetimeFrom': {'utc': '2016-12-07T18:30:00Z', 'local': '2016-12-08T00:00:00+05:30'}, 'datetimeTo': {'utc': '2016-12-07T19:30:00Z', 'local': '2016-12-08T01:00:00+05:30'}}"
278.3,{'hasFlags': False},"{'id': 2, 'name': 'pm25', 'units': 'µg/m³', 'displayName': None}","{'label': 'raw', 'interval': '01:00:00', 'datetimeFrom': {'utc': '2016-12-07T19:30:00Z', 'local': '2016-12-08T01:00:00+05:30'}, 'datetimeTo': {'utc': '2016-12-07T20:30:00Z', 'local': '2016-12-08T02:00:00+05:30'}}",,,"{'expectedCount': 1, 'expectedInterval': '01:00:00', 'observedCount': 1, 'observedInterval': '01:00:00', 'percentComplete': 100.0, 'percentCoverage': 100.0, 'datetimeFrom': {'utc': '2016-12-07T19:30:00Z', 'local': '2016-12-08T01:00:00+05:30'}, 'datetimeTo': {'utc': '2016-12-07T20:30:00Z', 'local': '2016-12-08T02:00:00+05:30'}}"
276.6,{'hasFlags': False},"{'id': 2, 'name': 'pm25', 'units': 'µg/m³', 'displayName': None}","{'label': 'raw', 'interval': '01:00:00', 'datetimeFrom': {'utc': '2016-12-07T20:30:00Z', 'local': '2016-12-08T02:00:00+05:30'}, 'datetimeTo': {'utc': '2016-12-07T21:30:00Z', 'local': '2016-12-08T03:00:00+05:30'}}",,,"{'expectedCount': 1, 'expectedInterval': '01:00:00', 'observedCount': 1, 'observedInterval': '01:00:00', 'percentComplete': 100.0, 'percentCoverage': 100.0, 'datetimeFrom': {'utc': '2016-12-07T20:30:00Z', 'local': '2016-12-08T02:00:00+05:30'}, 'datetimeTo': {'utc': '2016-12-07T21:30:00Z', 'local': '2016-12-08T03:00:00+05:30'}}"
270.3,{'hasFlags': False},"{'id': 2, 'name': 'pm25', 'units': 'µg/m³', 'displayName': None}","{'label': 'raw', 'interval': '01:00:00', 'datetimeFrom': {'utc': '2016-12-07T21:30:00Z', 'local': '2016-12-08T03:00:00+05:30'}, 'datetimeTo': {'utc': '2016-12-07T22:30:00Z', 'local': '2016-12-08T04:00:00+05:30'}}",,,"{'expectedCount': 1, 'expectedInterval': '01:00:00', 'observedCount': 1, 'observedInterval': '01:00:00', 'percentComplete': 100.0, 'percentCoverage': 100.0, 'datetimeFrom': {'utc': '2016-12-07T21:30:00Z', 'local': '2016-12-08T03:00:00+05:30'}, 'datetimeTo': {'utc': '2016-12-07T22:30:00Z', 'local': '2016-12-08T04:00:00+05:30'}}"
258.1,{'hasFlags': False},"{'id': 2, 'name': 'pm25', 'units': 'µg/m³', 'displayName': None}","{'label': 'raw', 'interval': '01:00:00', 'datetimeFrom': {'utc': '2016-12-07T22:30:00Z', 'local': '2016-12-08T04:00:00+05:30'}, 'datetimeTo': {'utc': '2016-12-07T23:30:00Z', 'local': '2016-12-08T05:00:00+05:30'}}",,,"{'expectedCount': 1, 'expectedInterval': '01:00:00', 'observedCount': 1, 'observedInterval': '01:00:00', 'percentComplete': 100.0, 'percentCoverage': 100.0, 'datetimeFrom': {'utc': '2016-12-07T22:30:00Z', 'local': '2016-12-08T04:00:00+05:30'}, 'datetimeTo': {'utc': '2016-12-07T23:30:00Z', 'local': '2016-12-08T05:00:00+05:30'}}"
256.2,{'hasFlags': False},"{'id': 2, 'name': 'pm25', 'units': 'µg/m³', 'displayName': None}","{'label': 'raw', 'interval': '01:00:00', 'datetimeFrom': {'utc': '2016-12-07T23:30:00Z', 'local': '2016-12-08T05:00:00+05:30'}, 'datetimeTo': {'utc': '2016-12-08T00:30:00Z', 'local': '2016-12-08T06:00:00+05:30'}}",,,"{'expectedCount': 1, 'expectedInterval': '01:00:00', 'observedCount': 1, 'observedInterval': '01:00:00', 'percentComplete': 100.0, 'percentCoverage': 100.0, 'datetimeFrom': {'utc': '2016-12-07T23:30:00Z', 'local': '2016-12-08T05:00:00+05:30'}, 'datetimeTo': {'utc': '2016-12-08T00:30:00Z', 'local': '2016-12-08T06:00:00+05:30'}}"
251.0,{'hasFlags': False},"{'id': 2, 'name': 'pm25', 'units': 'µg/m³', 'displayName': None}","{'label': 'raw', 'interval': '01:00:00', 'datetimeFrom': {'utc': '2016-12-08T00:30:00Z', 'local': '2016-12-08T06:00:00+05:30'}, 'datetimeTo': {'utc': '2016-12-08T01:30:00Z', 'local': '2016-12-08T07:00:00+05:30'}}",,,"{'expectedCount': 1, 'expectedInterval': '01:00:00', 'observedCount': 1, 'observedInterval': '01:00:00', 'percentComplete': 100.0, 'percentCoverage': 100.0, 'datetimeFrom': {'utc': '2016-12-08T00:30:00Z', 'local': '2016-12-08T06:00:00+05:30'}, 'datetimeTo': {'utc': '2016-12-08T01:30:00Z', 'local': '2016-12-08T07:00:00+05:30'}}"
242.6,{'hasFlags': False},"{'id': 2, 'name': 'pm25', 'units': 'µg/m³', 'displayName': None}","{'label': 'raw', 'interval': '01:00:00', 'datetimeFrom': {'utc': '2016-12-08T01:30:00Z', 'local': '2016-12-08T07:00:00+05:30'}, 'datetimeTo': {'utc': '2016-12-08T02:30:00Z', 'local': '2016-12-08T08:00:00+05:30'}}",,,"{'expectedCount': 1, 'expectedInterval': '01:00:00', 'observedCount': 1, 'observedInterval': '01:00:00', 'percentComplete': 100.0, 'percentCoverage': 100.0, 'datetimeFrom': {'utc': '2016-12-08T01:30:00Z', 'local': '2016-12-08T07:00:00+05:30'}, 'datetimeTo': {'utc': '2016-12-08T02:30:00Z', 'local': '2016-12-08T08:00:00+05:30'}}"
231.8,{'hasFlags': False},"{'id': 2, 'name': 'pm25', 'units': 'µg/m³', 'displayName': None}","{'label': 'raw', 'interval': '01:00:00', 'datetimeFrom': {'utc': '2016-12-08T02:30:00Z', 'local': '2016-12-08T08:00:00+05:30'}, 'datetimeTo': {'utc': '2016-12-08T03:30:00Z', 'local': '2016-12-08T09:00:00+05:30'}}",,,"{'expectedCount': 1, 'expectedInterval': '01:00:00', 'observedCount': 1, 'observedInterval': '01:00:00', 'percentComplete': 100.0, 'percentCoverage': 100.0, 'datetimeFrom': {'utc': '2016-12-08T02:30:00Z', 'local': '2016-12-08T08:00:00+05:30'}, 'datetimeTo': {'utc': '2016-12-08T03:30:00Z', 'local': '2016-12-08T09:00:00+05:30'}}"
224.4,{'hasFlags': False},"{'id': 2, 'name': 'pm25', 'units': 'µg/m³', 'displayName': None}","{'label': 'raw', 'interval': '01:00:00', 'datetimeFrom': {'utc': '2016-12-08T03:30:00Z', 'local': '2016-12-08T09:00:00+05:30'}, 'datetimeTo': {'utc': '2016-12-08T04:30:00Z', 'local': '2016-12-08T10:00:00+05:30'}}",,,"{'expectedCount': 1, 'expectedInterval': '01:00:00', 'observedCount': 1, 'observedInterval': '01:00:00', 'percentComplete': 100.0, 'percentCoverage': 100.0, 'datetimeFrom': {'utc': '2016-12-08T03:30:00Z', 'local': '2016-12-08T09:00:00+05:30'}, 'datetimeTo': {'utc': '2016-12-08T04:30:00Z', 'local': '2016-12-08T10:00:00+05:30'}}"
231.6,{'hasFlags': False},"{'id': 2, 'name': 'pm25', 'units': 'µg/m³', 'displayName': None}","{'label': 'raw', 'interval': '01:00:00', 'datetimeFrom': {'utc': '2016-12-08T04:30:00Z', 'local': '2016-12-08T10:00:00+05:30'}, 'datetimeTo': {'utc': '2016-12-08T05:30:00Z', 'local': '2016-12-08T11:00:00+05:30'}}",,,"{'expectedCount': 1, 'expectedInterval': '01:00:00', 'observedCount': 1, 'observedInterval': '01:00:00', 'percentComplete': 100.0, 'percentCoverage': 100.0, 'datetimeFrom': {'utc': '2016-12-08T04:30:00Z', 'local': '2016-12-08T10:00:00+05:30'}, 'datetimeTo': {'utc': '2016-12-08T05:30:00Z', 'local': '2016-12-08T11:00:00+05:30'}}"
297.9,{'hasFlags': False},"{'id': 2, 'name': 'pm25', 'units': 'µg/m³', 'displayName': None}","{'label': 'raw', 'interval': '01:00:00', 'datetimeFrom': {'utc': '2016-12-08T05:30:00Z', 'local': '2016-12-08T11:00:00+05:30'}, 'datetimeTo': {'utc': '2016-12-08T06:30:00Z', 'local': '2016-12-08T12:00:00+05:30'}}",,,"{'expectedCount': 1, 'expectedInterval': '01:00:00', 'observedCount': 1, 'observedInterval': '01:00:00', 'percentComplete': 100.0, 'percentCoverage': 100.0, 'datetimeFrom': {'utc': '2016-12-08T05:30:00Z', 'local': '2016-12-08T11:00:00+05:30'}, 'datetimeTo': {'utc': '2016-12-08T06:30:00Z', 'local': '2016-12-08T12:00:00+05:30'}}"
356.8,{'hasFlags': False},"{'id': 2, 'name': 'pm25', 'units': 'µg/m³', 'displayName': None}","{'label': 'raw', 'interval': '01:00:00', 'datetimeFrom': {'utc': '2016-12-08T06:30:00Z', 'local': '2016-12-08T12:00:00+05:30'}, 'datetimeTo': {'utc': '2016-12-08T07:30:00Z', 'local': '2016-12-08T13:00:00+05:30'}}",,,"{'expectedCount': 1, 'expectedInterval': '01:00:00', 'observedCount': 1, 'observedInterval': '01:00:00', 'percentComplete': 100.0, 'percentCoverage': 100.0, 'datetimeFrom': {'utc': '2016-12-08T06:30:00Z', 'local': '2016-12-08T12:00:00+05:30'}, 'datetimeTo': {'utc': '2016-12-08T07:30:00Z', 'local': '2016-12-08T13:00:00+05:30'}}"
411.4,{'hasFlags': False},"{'id': 2, 'name': 'pm25', 'units': 'µg/m³', 'displayName': None}","{'label': 'raw', 'interval': '01:00:00', 'datetimeFrom': {'utc': '2016-12-08T07:30:00Z', 'local': '2016-12-08T13:00:00+05:30'}, 'datetimeTo': {'utc': '2016-12-08T08:30:00Z', 'local': '2016-12-08T14:00:00+05:30'}}",,,"{'expectedCount': 1, 'expectedInterval': '01:00:00', 'observedCount': 1, 'observedInterval': '01:00:00', 'percentComplete': 100.0, 'percentCoverage': 100.0, 'datetimeFrom': {'utc': '2016-12-08T07:30:00Z', 'local': '2016-12-08T13:00:00+05:30'}, 'datetimeTo': {'utc': '2016-12-08T08:30:00Z', 'local': '2016-12-08T14:00:00+05:30'}}"
373.7,{'hasFlags': False},"{'id': 2, 'name': 'pm25', 'units': 'µg/m³', 'displayName': None}","{'label': 'raw', 'interval': '01:00:00', 'datetimeFrom': {'utc': '2016-12-08T08:30:00Z', 'local': '2016-12-08T14:00:00+05:30'}, 'datetimeTo': {'utc': '2016-12-08T09:30:00Z', 'local': '2016-12-08T15:00:00+05:30'}}",,,"{'expectedCount': 1, 'expectedInterval': '01:00:00', 'observedCount': 1, 'observedInterval': '01:00:00', 'percentComplete': 100.0, 'percentCoverage': 100.0, 'datetimeFrom': {'utc': '2016-12-08T08:30:00Z', 'local': '2016-12-08T14:00:00+05:30'}, 'datetimeTo': {'utc': '2016-12-08T09:30:00Z', 'local': '2016-12-08T15:00:00+05:30'}}"
270.3,{'hasFlags': False},"{'id': 2, 'name': 'pm25', 'units': 'µg/m³', 'displayName': None}","{'label': 'raw', 'interval': '01:00:00', 'datetimeFrom': {'utc': '2016-12-08T09:30:00Z', 'local': '2016-12-08T15:00:00+05:30'}, 'datetimeTo': {'utc': '2016-12-08T10:30:00Z', 'local': '2016-12-08T16:00:00+05:30'}}",,,"{'expectedCount': 1, 'expectedInterval': '01:00:00', 'observedCount': 1, 'observedInterval': '01:00:00', 'percentComplete': 100.0, 'percentCoverage': 100.0, 'datetimeFrom': {'utc': '2016-12-08T09:30:00Z', 'local': '2016-12-08T15:00:00+05:30'}, 'datetimeTo': {'utc': '2016-12-08T10:30:00Z', 'local': '2016-12-08T16:00:00+05:30'}}"
209.1,{'hasFlags': False},"{'id': 2, 'name': 'pm25', 'units': 'µg/m³', 'displayName': None}","{'label': 'raw', 'interval': '01:00:00', 'datetimeFrom': {'utc': '2016-12-08T10:30:00Z', 'local': '2016-12-08T16:00:00+05:30'}, 'datetimeTo': {'utc': '2016-12-08T11:30:00Z', 'local': '2016-12-08T17:00:00+05:30'}}",,,"{'expectedCount': 1, 'expectedInterval': '01:00:00', 'observedCount': 1, 'observedInterval': '01:00:00', 'percentComplete': 100.0, 'percentCoverage': 100.0, 'datetimeFrom': {'utc': '2016-12-08T10:30:00Z', 'local': '2016-12-08T16:00:00+05:30'}, 'datetimeTo': {'utc': '2016-12-08T11:30:00Z', 'local': '2016-12-08T17:00:00+05:30'}}"
181.0,{'hasFlags': False},"{'id': 2, 'name': 'pm25', 'units': 'µg/m³', 'displayName': None}","{'label': 'raw', 'interval': '01:00:00', 'datetimeFrom': {'utc': '2016-12-08T11:30:00Z', 'local': '2016-12-08T17:00:00+05:30'}, 'datetimeTo': {'utc': '2016-12-08T12:30:00Z', 'local': '2016-12-08T18:00:00+05:30'}}",,,"{'expectedCount': 1, 'expectedInterval': '01:00:00', 'observedCount': 1, 'observedInterval': '01:00:00', 'percentComplete': 100.0, 'percentCoverage': 100.0, 'datetimeFrom': {'utc': '2016-12-08T11:30:00Z', 'local': '2016-12-08T17:00:00+05:30'}, 'datetimeTo': {'utc': '2016-12-08T12:30:00Z', 'local': '2016-12-08T18:00:00+05:30'}}"
176.0,{'hasFlags': False},"{'id': 2, 'name': 'pm25', 'units': 'µg/m³', 'displayName': None}","{'label': 'raw', 'interval': '01:00:00', 'datetimeFrom': {'utc': '2016-12-08T12:30:00Z', 'local': '2016-12-08T18:00:00+05:30'}, 'datetimeTo': {'utc': '2016-12-08T13:30:00Z', 'local': '2016-12-08T19:00:00+05:30'}}",,,"{'expectedCount': 1, 'expectedInterval': '01:00:00', 'observedCount': 1, 'observedInterval': '01:00:00', 'percentComplete': 100.0, 'percentCoverage': 100.0, 'datetimeFrom': {'utc': '2016-12-08T12:30:00Z', 'local': '2016-12-08T18:00:00+05:30'}, 'datetimeTo': {'utc': '2016-12-08T13:30:00Z', 'local': '2016-12-08T19:00:00+05:30'}}"
175.0,{'hasFlags': False},"{'id': 2, 'name': 'pm25', 'units': 'µg/m³', 'displayName': None}","{'label': 'raw', 'interval': '01:00:00', 'datetimeFrom': {'utc': '2016-12-08T13:30:00Z', 'local': '2016-12-08T19:00:00+05:30'}, 'datetimeTo': {'utc': '2016-12-08T14:30:00Z', 'local': '2016-12-08T20:00:00+05:30'}}",,,"{'expectedCount': 1, 'expectedInterval': '01:00:00', 'observedCount': 1, 'observedInterval': '01:00:00', 'percentComplete': 100.0, 'percentCoverage': 100.0, 'datetimeFrom': {'utc': '2016-12-08T13:30:00Z', 'local': '2016-12-08T19:00:00+05:30'}, 'datetimeTo': {'utc': '2016-12-08T14:30:00Z', 'local': '2016-12-08T20:00:00+05:30'}}"
183.0,{'hasFlags': False},"{'id': 2, 'name': 'pm25', 'units': 'µg/m³', 'displayName': None}","{'label': 'raw', 'interval': '01:00:00', 'datetimeFrom': {'utc': '2016-12-08T14:30:00Z', 'local': '2016-12-08T20:00:00+05:30'}, 'datetimeTo': {'utc': '2016-12-08T15:30:00Z', 'local': '2016-12-08T21:00:00+05:30'}}",,,"{'expectedCount': 1, 'expectedInterval': '01:00:00', 'observedCount': 1, 'observedInterval': '01:00:00', 'percentComplete': 100.0, 'percentCoverage': 100.0, 'datetimeFrom': {'utc': '2016-12-08T14:30:00Z', 'local': '2016-12-08T20:00:00+05:30'}, 'datetimeTo': {'utc': '2016-12-08T15:30:00Z', 'local': '2016-12-08T21:00:00+05:30'}}"
211.5,{'hasFlags': False},"{'id': 2, 'name': 'pm25', 'units': 'µg/m³', 'displayName': None}","{'label': 'raw', 'interval': '01:00:00', 'datetimeFrom': {'utc': '2016-12-08T15:30:00Z', 'local': '2016-12-08T21:00:00+05:30'}, 'datetimeTo': {'utc': '2016-12-08T16:30:00Z', 'local': '2016-12-08T22:00:00+05:30'}}",,,"{'expectedCount': 1, 'expectedInterval': '01:00:00', 'observedCount': 1, 'observedInterval': '01:00:00', 'percentComplete': 100.0, 'percentCoverage': 100.0, 'datetimeFrom': {'utc': '2016-12-08T15:30:00Z', 'local': '2016-12-08T21:00:00+05:30'}, 'datetimeTo': {'utc': '2016-12-08T16:30:00Z', 'local': '2016-12-08T22:00:00+05:30'}}"
231.2,{'hasFlags': False},"{'id': 2, 'name': 'pm25', 'units': 'µg/m³', 'displayName': None}","{'label': 'raw', 'interval': '01:00:00', 'datetimeFrom': {'utc': '2016-12-08T16:30:00Z', 'local': '2016-12-08T22:00:00+05:30'}, 'datetimeTo': {'utc': '2016-12-08T17:30:00Z', 'local': '2016-12-08T23:00:00+05:30'}}",,,"{'expectedCount': 1, 'expectedInterval': '01:00:00', 'observedCount': 1, 'observedInterval': '01:00:00', 'percentComplete': 100.0, 'percentCoverage': 100.0, 'datetimeFrom': {'utc': '2016-12-08T16:30:00Z', 'local': '2016-12-08T22:00:00+05:30'}, 'datetimeTo': {'utc': '2016-12-08T17:30:00Z', 'local': '2016-12-08T23:00:00+05:30'}}"
257.6,{'hasFlags': False},"{'id': 2, 'name': 'pm25', 'units': 'µg/m³', 'displayName': None}","{'label': 'raw', 'interval': '01:00:00', 'datetimeFrom': {'utc': '2016-12-08T17:30:00Z', 'local': '2016-12-08T23:00:00+05:30'}, 'datetimeTo': {'utc': '2016-12-08T18:30:00Z', 'local': '2016-12-09T00:00:00+05:30'}}",,,"{'expectedCount': 1, 'expectedInterval': '01:00:00', 'observedCount': 1, 'observedInterval': '01:00:00', 'percentComplete': 100.0, 'percentCoverage': 100.0, 'datetimeFrom': {'utc': '2016-12-08T17:30:00Z', 'local': '2016-12-08T23:00:00+05:30'}, 'datetimeTo': {'utc': '2016-12-08T18:30:00Z', 'local': '2016-12-09T00:00:00+05:30'}}"
276.2,{'hasFlags': False},"{'id': 2, 'name': 'pm25', 'units': 'µg/m³', 'displayName': None}","{'label': 'raw', 'interval': '01:00:00', 'datetimeFrom': {'utc': '2016-12-08T18:30:00Z', 'local': '2016-12-09T00:00:00+05:30'}, 'datetimeTo': {'utc': '2016-12-08T19:30:00Z', 'local': '2016-12-09T01:00:00+05:30'}}",,,"{'expectedCount': 1, 'expectedInterval': '01:00:00', 'observedCount': 1, 'observedInterval': '01:00:00', 'percentComplete': 100.0, 'percentCoverage': 100.0, 'datetimeFrom': {'utc': '2016-12-08T18:30:00Z', 'local': '2016-12-09T00:00:00+05:30'}, 'datetimeTo': {'utc': '2016-12-08T19:30:00Z', 'local': '2016-12-09T01:00:00+05:30'}}"
289.6,{'hasFlags': False},"{'id': 2, 'name': 'pm25', 'units': 'µg/m³', 'displayName': None}","{'label': 'raw', 'interval': '01:00:00', 'datetimeFrom': {'utc': '2016-12-08T19:30:00Z', 'local': '2016-12-09T01:00:00+05:30'}, 'datetimeTo': {'utc': '2016-12-08T20:30:00Z', 'local': '2016-12-09T02:00:00+05:30'}}",,,"{'expectedCount': 1, 'expectedInterval': '01:00:00', 'observedCount': 1, 'observedInterval': '01:00:00', 'percentComplete': 100.0, 'percentCoverage': 100.0, 'datetimeFrom': {'utc': '2016-12-08T19:30:00Z', 'local': '2016-12-09T01:00:00+05:30'}, 'datetimeTo': {'utc': '2016-12-08T20:30:00Z', 'local': '2016-12-09T02:00:00+05:30'}}"
294.3,{'hasFlags': False},"{'id': 2, 'name': 'pm25', 'units': 'µg/m³', 'displayName': None}","{'label': 'raw', 'interval': '01:00:00', 'datetimeFrom': {'utc': '2016-12-08T20:30:00Z', 'local': '2016-12-09T02:00:00+05:30'}, 'datetimeTo': {'utc': '2016-12-08T21:30:00Z', 'local': '2016-12-09T03:00:00+05:30'}}",,,"{'expectedCount': 1, 'expectedInterval': '01:00:00', 'observedCount': 1, 'observedInterval': '01:00:00', 'percentComplete': 100.0, 'percentCoverage': 100.0, 'datetimeFrom': {'utc': '2016-12-08T20:30:00Z', 'local': '2016-12-09T02:00:00+05:30'}, 'datetimeTo': {'utc': '2016-12-08T21:30:00Z', 'local': '2016-12-09T03:00:00+05:30'}}"
278.6,{'hasFlags': False},"{'id': 2, 'name': 'pm25', 'units': 'µg/m³', 'displayName': None}","{'label': 'raw', 'interval': '01:00:00', 'datetimeFrom': {'utc': '2016-12-08T21:30:00Z', 'local': '2016-12-09T03:00:00+05:30'}, 'datetimeTo': {'utc': '2016-12-08T22:30:00Z', 'local': '2016-12-09T04:00:00+05:30'}}",,,"{'expectedCount': 1, 'expectedInterval': '01:00:00', 'observedCount': 1, 'observedInterval': '01:00:00', 'percentComplete': 100.0, 'percentCoverage': 100.0, 'datetimeFrom': {'utc': '2016-12-08T21:30:00Z', 'local': '2016-12-09T03:00:00+05:30'}, 'datetimeTo': {'utc': '2016-12-08T22:30:00Z', 'local': '2016-12-09T04:00:00+05:30'}}"
242.2,{'hasFlags': False},"{'id': 2, 'name': 'pm25', 'units': 'µg/m³', 'displayName': None}","{'label': 'raw', 'interval': '01:00:00', 'datetimeFrom': {'utc': '2016-12-08T22:30:00Z', 'local': '2016-12-09T04:00:00+05:30'}, 'datetimeTo': {'utc': '2016-12-08T23:30:00Z', 'local': '2016-12-09T05:00:00+05:30'}}",,,"{'expectedCount': 1, 'expectedInterval': '01:00:00', 'observedCount': 1, 'observedInterval': '01:00:00', 'percentComplete': 100.0, 'percentCoverage': 100.0, 'datetimeFrom': {'utc': '2016-12-08T22:30:00Z', 'local': '2016-12-09T04:00:00+05:30'}, 'datetimeTo': {'utc': '2016-12-08T23:30:00Z', 'local': '2016-12-09T05:00:00+05:30'}}"
215.0,{'hasFlags': False},"{'id': 2, 'name': 'pm25', 'units': 'µg/m³', 'displayName': None}","{'label': 'raw', 'interval': '01:00:00', 'datetimeFrom': {'utc': '2016-12-08T23:30:00Z', 'local': '2016-12-09T05:00:00+05:30'}, 'datetimeTo': {'utc': '2016-12-09T00:30:00Z', 'local': '2016-12-09T06:00:00+05:30'}}",,,"{'expectedCount': 1, 'expectedInterval': '01:00:00', 'observedCount': 1, 'observedInterval': '01:00:00', 'percentComplete': 100.0, 'percentCoverage': 100.0, 'datetimeFrom': {'utc': '2016-12-08T23:30:00Z', 'local': '2016-12-09T05:00:00+05:30'}, 'datetimeTo': {'utc': '2016-12-09T00:30:00Z', 'local': '2016-12-09T06:00:00+05:30'}}"
199.9,{'hasFlags': False},"{'id': 2, 'name': 'pm25', 'units': 'µg/m³', 'displayName': None}","{'label': 'raw', 'interval': '01:00:00', 'datetimeFrom': {'utc': '2016-12-09T00:30:00Z', 'local': '2016-12-09T06:00:00+05:30'}, 'datetimeTo': {'utc': '2016-12-09T01:30:00Z', 'local': '2016-12-09T07:00:00+05:30'}}",,,"{'expectedCount': 1, 'expectedInterval': '01:00:00', 'observedCount': 1, 'observedInterval': '01:00:00', 'percentComplete': 100.0, 'percentCoverage': 100.0, 'datetimeFrom': {'utc': '2016-12-09T00:30:00Z', 'local': '2016-12-09T06:00:00+05:30'}, 'datetimeTo': {'utc': '2016-12-09T01:30:00Z', 'local': '2016-12-09T07:00:00+05:30'}}"
202.0,{'hasFlags': False},"{'id': 2, 'name': 'pm25', 'units': 'µg/m³', 'displayName': None}","{'label': 'raw', 'interval': '01:00:00', 'datetimeFrom': {'utc': '2016-12-09T01:30:00Z', 'local': '2016-12-09T07:00:00+05:30'}, 'datetimeTo': {'utc': '2016-12-09T02:30:00Z', 'local': '2016-12-09T08:00:00+05:30'}}",,,"{'expectedCount': 1, 'expectedInterval': '01:00:00', 'observedCount': 1, 'observedInterval': '01:00:00', 'percentComplete': 100.0, 'percentCoverage': 100.0, 'datetimeFrom': {'utc': '2016-12-09T01:30:00Z', 'local': '2016-12-09T07:00:00+05:30'}, 'datetimeTo': {'utc': '2016-12-09T02:30:00Z', 'local': '2016-12-09T08:00:00+05:30'}}"
211.8,{'hasFlags': False},"{'id': 2, 'name': 'pm25', 'units': 'µg/m³', 'displayName': None}","{'label': 'raw', 'interval': '01:00:00', 'datetimeFrom': {'utc': '2016-12-09T02:30:00Z', 'local': '2016-12-09T08:00:00+05:30'}, 'datetimeTo': {'utc': '2016-12-09T03:30:00Z', 'local': '2016-12-09T09:00:00+05:30'}}",,,"{'expectedCount': 1, 'expectedInterval': '01:00:00', 'observedCount': 1, 'observedInterval': '01:00:00', 'percentComplete': 100.0, 'percentCoverage': 100.0, 'datetimeFrom': {'utc': '2016-12-09T02:30:00Z', 'local': '2016-12-09T08:00:00+05:30'}, 'datetimeTo': {'utc': '2016-12-09T03:30:00Z', 'local': '2016-12-09T09:00:00+05:30'}}"
229.8,{'hasFlags': False},"{'id': 2, 'name': 'pm25', 'units': 'µg/m³', 'displayName': None}","{'label': 'raw', 'interval': '01:00:00', 'datetimeFrom': {'utc': '2016-12-09T03:30:00Z', 'local': '2016-12-09T09:00:00+05:30'}, 'datetimeTo': {'utc': '2016-12-09T04:30:00Z', 'local': '2016-12-09T10:00:00+05:30'}}",,,"{'expectedCount': 1, 'expectedInterval': '01:00:00', 'observedCount': 1, 'observedInterval': '01:00:00', 'percentComplete': 100.0, 'percentCoverage': 100.0, 'datetimeFrom': {'utc': '2016-12-09T03:30:00Z', 'local': '2016-12-09T09:00:00+05:30'}, 'datetimeTo': {'utc': '2016-12-09T04:30:00Z', 'local': '2016-12-09T10:00:00+05:30'}}"
249.4,{'hasFlags': False},"{'id': 2, 'name': 'pm25', 'units': 'µg/m³', 'displayName': None}","{'label': 'raw', 'interval': '01:00:00', 'datetimeFrom': {'utc': '2016-12-09T04:30:00Z', 'local': '2016-12-09T10:00:00+05:30'}, 'datetimeTo': {'utc': '2016-12-09T05:30:00Z', 'local': '2016-12-09T11:00:00+05:30'}}",,,"{'expectedCount': 1, 'expectedInterval': '01:00:00', 'observedCount': 1, 'observedInterval': '01:00:00', 'percentComplete': 100.0, 'percentCoverage': 100.0, 'datetimeFrom': {'utc': '2016-12-09T04:30:00Z', 'local': '2016-12-09T10:00:00+05:30'}, 'datetimeTo': {'utc': '2016-12-09T05:30:00Z', 'local': '2016-12-09T11:00:00+05:30'}}"
263.3,{'hasFlags': False},"{'id': 2, 'name': 'pm25', 'units': 'µg/m³', 'displayName': None}","{'label': 'raw', 'interval': '01:00:00', 'datetimeFrom': {'utc': '2016-12-09T05:30:00Z', 'local': '2016-12-09T11:00:00+05:30'}, 'datetimeTo': {'utc': '2016-12-09T06:30:00Z', 'local': '2016-12-09T12:00:00+05:30'}}",,,"{'expectedCount': 1, 'expectedInterval': '01:00:00', 'observedCount': 1, 'observedInterval': '01:00:00', 'percentComplete': 100.0, 'percentCoverage': 100.0, 'datetimeFrom': {'utc': '2016-12-09T05:30:00Z', 'local': '2016-12-09T11:00:00+05:30'}, 'datetimeTo': {'utc': '2016-12-09T06:30:00Z', 'local': '2016-12-09T12:00:00+05:30'}}"
270.4,{'hasFlags': False},"{'id': 2, 'name': 'pm25', 'units': 'µg/m³', 'displayName': None}","{'label': 'raw', 'interval': '01:00:00', 'datetimeFrom': {'utc': '2016-12-09T06:30:00Z', 'local': '2016-12-09T12:00:00+05:30'}, 'datetimeTo': {'utc': '2016-12-09T07:30:00Z', 'local': '2016-12-09T13:00:00+05:30'}}",,,"{'expectedCount': 1, 'expectedInterval': '01:00:00', 'observedCount': 1, 'observedInterval': '01:00:00', 'percentComplete': 100.0, 'percentCoverage': 100.0, 'datetimeFrom': {'utc': '2016-12-09T06:30:00Z', 'local': '2016-12-09T12:00:00+05:30'}, 'datetimeTo': {'utc': '2016-12-09T07:30:00Z', 'local': '2016-12-09T13:00:00+05:30'}}"
258.2,{'hasFlags': False},"{'id': 2, 'name': 'pm25', 'units': 'µg/m³', 'displayName': None}","{'label': 'raw', 'interval': '01:00:00', 'datetimeFrom': {'utc': '2016-12-09T07:30:00Z', 'local': '2016-12-09T13:00:00+05:30'}, 'datetimeTo': {'utc': '2016-12-09T08:30:00Z', 'local': '2016-12-09T14:00:00+05:30'}}",,,"{'expectedCount': 1, 'expectedInterval': '01:00:00', 'observedCount': 1, 'observedInterval': '01:00:00', 'percentComplete': 100.0, 'percentCoverage': 100.0, 'datetimeFrom': {'utc': '2016-12-09T07:30:00Z', 'local': '2016-12-09T13:00:00+05:30'}, 'datetimeTo': {'utc': '2016-12-09T08:30:00Z', 'local': '2016-12-09T14:00:00+05:30'}}"
186.0,{'hasFlags': False},"{'id': 2, 'name': 'pm25', 'units': 'µg/m³', 'displayName': None}","{'label': 'raw', 'interval': '01:00:00', 'datetimeFrom': {'utc': '2016-12-09T08:30:00Z', 'local': '2016-12-09T14:00:00+05:30'}, 'datetimeTo': {'utc': '2016-12-09T09:30:00Z', 'local': '2016-12-09T15:00:00+05:30'}}",,,"{'expectedCount': 1, 'expectedInterval': '01:00:00', 'observedCount': 1, 'observedInterval': '01:00:00', 'percentComplete': 100.0, 'percentCoverage': 100.0, 'datetimeFrom': {'utc': '2016-12-09T08:30:00Z', 'local': '2016-12-09T14:00:00+05:30'}, 'datetimeTo': {'utc': '2016-12-09T09:30:00Z', 'local': '2016-12-09T15:00:00+05:30'}}"
146.9,{'hasFlags': False},"{'id': 2, 'name': 'pm25', 'units': 'µg/m³', 'displayName': None}","{'label': 'raw', 'interval': '01:00:00', 'datetimeFrom': {'utc': '2016-12-09T09:30:00Z', 'local': '2016-12-09T15:00:00+05:30'}, 'datetimeTo': {'utc': '2016-12-09T10:30:00Z', 'local': '2016-12-09T16:00:00+05:30'}}",,,"{'expectedCount': 1, 'expectedInterval': '01:00:00', 'observedCount': 1, 'observedInterval': '01:00:00', 'percentComplete': 100.0, 'percentCoverage': 100.0, 'datetimeFrom': {'utc': '2016-12-09T09:30:00Z', 'local': '2016-12-09T15:00:00+05:30'}, 'datetimeTo': {'utc': '2016-12-09T10:30:00Z', 'local': '2016-12-09T16:00:00+05:30'}}"
141.9,{'hasFlags': False},"{'id': 2, 'name': 'pm25', 'units': 'µg/m³', 'displayName': None}","{'label': 'raw', 'interval': '01:00:00', 'datetimeFrom': {'utc': '2016-12-09T10:30:00Z', 'local': '2016-12-09T16:00:00+05:30'}, 'datetimeTo': {'utc': '2016-12-09T11:30:00Z', 'local': '2016-12-09T17:00:00+05:30'}}",,,"{'expectedCount': 1, 'expectedInterval': '01:00:00', 'observedCount': 1, 'observedInterval': '01:00:00', 'percentComplete': 100.0, 'percentCoverage': 100.0, 'datetimeFrom': {'utc': '2016-12-09T10:30:00Z', 'local': '2016-12-09T16:00:00+05:30'}, 'datetimeTo': {'utc': '2016-12-09T11:30:00Z', 'local': '2016-12-09T17:00:00+05:30'}}"
148.9,{'hasFlags': False},"{'id': 2, 'name': 'pm25', 'units': 'µg/m³', 'displayName': None}","{'label': 'raw', 'interval': '01:00:00', 'datetimeFrom': {'utc': '2016-12-09T11:30:00Z', 'local': '2016-12-09T17:00:00+05:30'}, 'datetimeTo': {'utc': '2016-12-09T12:30:00Z', 'local': '2016-12-09T18:00:00+05:30'}}",,,"{'expectedCount': 1, 'expectedInterval': '01:00:00', 'observedCount': 1, 'observedInterval': '01:00:00', 'percentComplete': 100.0, 'percentCoverage': 100.0, 'datetimeFrom': {'utc': '2016-12-09T11:30:00Z', 'local': '2016-12-09T17:00:00+05:30'}, 'datetimeTo': {'utc': '2016-12-09T12:30:00Z', 'local': '2016-12-09T18:00:00+05:30'}}"
164.9,{'hasFlags': False},"{'id': 2, 'name': 'pm25', 'units': 'µg/m³', 'displayName': None}","{'label': 'raw', 'interval': '01:00:00', 'datetimeFrom': {'utc': '2016-12-09T12:30:00Z', 'local': '2016-12-09T18:00:00+05:30'}, 'datetimeTo': {'utc': '2016-12-09T13:30:00Z', 'local': '2016-12-09T19:00:00+05:30'}}",,,"{'expectedCount': 1, 'expectedInterval': '01:00:00', 'observedCount': 1, 'observedInterval': '01:00:00', 'percentComplete': 100.0, 'percentCoverage': 100.0, 'datetimeFrom': {'utc': '2016-12-09T12:30:00Z', 'local': '2016-12-09T18:00:00+05:30'}, 'datetimeTo': {'utc': '2016-12-09T13:30:00Z', 'local': '2016-12-09T19:00:00+05:30'}}"
184.9,{'hasFlags': False},"{'id': 2, 'name': 'pm25', 'units': 'µg/m³', 'displayName': None}","{'label': 'raw', 'interval': '01:00:00', 'datetimeFrom': {'utc': '2016-12-09T13:30:00Z', 'local': '2016-12-09T19:00:00+05:30'}, 'datetimeTo': {'utc': '2016-12-09T14:30:00Z', 'local': '2016-12-09T20:00:00+05:30'}}",,,"{'expectedCount': 1, 'expectedInterval': '01:00:00', 'observedCount': 1, 'observedInterval': '01:00:00', 'percentComplete': 100.0, 'percentCoverage': 100.0, 'datetimeFrom': {'utc': '2016-12-09T13:30:00Z', 'local': '2016-12-09T19:00:00+05:30'}, 'datetimeTo': {'utc': '2016-12-09T14:30:00Z', 'local': '2016-12-09T20:00:00+05:30'}}"
207.9,{'hasFlags': False},"{'id': 2, 'name': 'pm25', 'units': 'µg/m³', 'displayName': None}","{'label': 'raw', 'interval': '01:00:00', 'datetimeFrom': {'utc': '2016-12-09T14:30:00Z', 'local': '2016-12-09T20:00:00+05:30'}, 'datetimeTo': {'utc': '2016-12-09T15:30:00Z', 'local': '2016-12-09T21:00:00+05:30'}}",,,"{'expectedCount': 1, 'expectedInterval': '01:00:00', 'observedCount': 1, 'observedInterval': '01:00:00', 'percentComplete': 100.0, 'percentCoverage': 100.0, 'datetimeFrom': {'utc': '2016-12-09T14:30:00Z', 'local': '2016-12-09T20:00:00+05:30'}, 'datetimeTo': {'utc': '2016-12-09T15:30:00Z', 'local': '2016-12-09T21:00:00+05:30'}}"
251.5,{'hasFlags': False},"{'id': 2, 'name': 'pm25', 'units': 'µg/m³', 'displayName': None}","{'label': 'raw', 'interval': '01:00:00', 'datetimeFrom': {'utc': '2016-12-09T15:30:00Z', 'local': '2016-12-09T21:00:00+05:30'}, 'datetimeTo': {'utc': '2016-12-09T16:30:00Z', 'local': '2016-12-09T22:00:00+05:30'}}",,,"{'expectedCount': 1, 'expectedInterval': '01:00:00', 'observedCount': 1, 'observedInterval': '01:00:00', 'percentComplete': 100.0, 'percentCoverage': 100.0, 'datetimeFrom': {'utc': '2016-12-09T15:30:00Z', 'local': '2016-12-09T21:00:00+05:30'}, 'datetimeTo': {'utc': '2016-12-09T16:30:00Z', 'local': '2016-12-09T22:00:00+05:30'}}"
309.2,{'hasFlags': False},"{'id': 2, 'name': 'pm25', 'units': 'µg/m³', 'displayName': None}","{'label': 'raw', 'interval': '01:00:00', 'datetimeFrom': {'utc': '2016-12-09T16:30:00Z', 'local': '2016-12-09T22:00:00+05:30'}, 'datetimeTo': {'utc': '2016-12-09T17:30:00Z', 'local': '2016-12-09T23:00:00+05:30'}}",,,"{'expectedCount': 1, 'expectedInterval': '01:00:00', 'observedCount': 1, 'observedInterval': '01:00:00', 'percentComplete': 100.0, 'percentCoverage': 100.0, 'datetimeFrom': {'utc': '2016-12-09T16:30:00Z', 'local': '2016-12-09T22:00:00+05:30'}, 'datetimeTo': {'utc': '2016-12-09T17:30:00Z', 'local': '2016-12-09T23:00:00+05:30'}}"
323.1,{'hasFlags': False},"{'id': 2, 'name': 'pm25', 'units': 'µg/m³', 'displayName': None}","{'label': 'raw', 'interval': '01:00:00', 'datetimeFrom': {'utc': '2016-12-09T17:30:00Z', 'local': '2016-12-09T23:00:00+05:30'}, 'datetimeTo': {'utc': '2016-12-09T18:30:00Z', 'local': '2016-12-10T00:00:00+05:30'}}",,,"{'expectedCount': 1, 'expectedInterval': '01:00:00', 'observedCount': 1, 'observedInterval': '01:00:00', 'percentComplete': 100.0, 'percentCoverage': 100.0, 'datetimeFrom': {'utc': '2016-12-09T17:30:00Z', 'local': '2016-12-09T23:00:00+05:30'}, 'datetimeTo': {'utc': '2016-12-09T18:30:00Z', 'local': '2016-12-10T00:00:00+05:30'}}"
309.0,{'hasFlags': False},"{'id': 2, 'name': 'pm25', 'units': 'µg/m³', 'displayName': None}","{'label': 'raw', 'interval': '01:00:00', 'datetimeFrom': {'utc': '2016-12-09T18:30:00Z', 'local': '2016-12-10T00:00:00+05:30'}, 'datetimeTo': {'utc': '2016-12-09T19:30:00Z', 'local': '2016-12-10T01:00:00+05:30'}}",,,"{'expectedCount': 1, 'expectedInterval': '01:00:00', 'observedCount': 1, 'observedInterval': '01:00:00', 'percentComplete': 100.0, 'percentCoverage': 100.0, 'datetimeFrom': {'utc': '2016-12-09T18:30:00Z', 'local': '2016-12-10T00:00:00+05:30'}, 'datetimeTo': {'utc': '2016-12-09T19:30:00Z', 'local': '2016-12-10T01:00:00+05:30'}}"
287.5,{'hasFlags': False},"{'id': 2, 'name': 'pm25', 'units': 'µg/m³', 'displayName': None}","{'label': 'raw', 'interval': '01:00:00', 'datetimeFrom': {'utc': '2016-12-09T19:30:00Z', 'local': '2016-12-10T01:00:00+05:30'}, 'datetimeTo': {'utc': '2016-12-09T20:30:00Z', 'local': '2016-12-10T02:00:00+05:30'}}",,,"{'expectedCount': 1, 'expectedInterval': '01:00:00', 'observedCount': 1, 'observedInterval': '01:00:00', 'percentComplete': 100.0, 'percentCoverage': 100.0, 'datetimeFrom': {'utc': '2016-12-09T19:30:00Z', 'local': '2016-12-10T01:00:00+05:30'}, 'datetimeTo': {'utc': '2016-12-09T20:30:00Z', 'local': '2016-12-10T02:00:00+05:30'}}"
266.2,{'hasFlags': False},"{'id': 2, 'name': 'pm25', 'units': 'µg/m³', 'displayName': None}","{'label': 'raw', 'interval': '01:00:00', 'datetimeFrom': {'utc': '2016-12-09T20:30:00Z', 'local': '2016-12-10T02:00:00+05:30'}, 'datetimeTo': {'utc': '2016-12-09T21:30:00Z', 'local': '2016-12-10T03:00:00+05:30'}}",,,"{'expectedCount': 1, 'expectedInterval': '01:00:00', 'observedCount': 1, 'observedInterval': '01:00:00', 'percentComplete': 100.0, 'percentCoverage': 100.0, 'datetimeFrom': {'utc': '2016-12-09T20:30:00Z', 'local': '2016-12-10T02:00:00+05:30'}, 'datetimeTo': {'utc': '2016-12-09T21:30:00Z', 'local': '2016-12-10T03:00:00+05:30'}}"
251.1,{'hasFlags': False},"{'id': 2, 'name': 'pm25', 'units': 'µg/m³', 'displayName': None}","{'label': 'raw', 'interval': '01:00:00', 'datetimeFrom': {'utc': '2016-12-09T21:30:00Z', 'local': '2016-12-10T03:00:00+05:30'}, 'datetimeTo': {'utc': '2016-12-09T22:30:00Z', 'local': '2016-12-10T04:00:00+05:30'}}",,,"{'expectedCount': 1, 'expectedInterval': '01:00:00', 'observedCount': 1, 'observedInterval': '01:00:00', 'percentComplete': 100.0, 'percentCoverage': 100.0, 'datetimeFrom': {'utc': '2016-12-09T21:30:00Z', 'local': '2016-12-10T03:00:00+05:30'}, 'datetimeTo': {'utc': '2016-12-09T22:30:00Z', 'local': '2016-12-10T04:00:00+05:30'}}"
244.5,{'hasFlags': False},"{'id': 2, 'name': 'pm25', 'units': 'µg/m³', 'displayName': None}","{'label': 'raw', 'interval': '01:00:00', 'datetimeFrom': {'utc': '2016-12-09T22:30:00Z', 'local': '2016-12-10T04:00:00+05:30'}, 'datetimeTo': {'utc': '2016-12-09T23:30:00Z', 'local': '2016-12-10T05:00:00+05:30'}}",,,"{'expectedCount': 1, 'expectedInterval': '01:00:00', 'observedCount': 1, 'observedInterval': '01:00:00', 'percentComplete': 100.0, 'percentCoverage': 100.0, 'datetimeFrom': {'utc': '2016-12-09T22:30:00Z', 'local': '2016-12-10T04:00:00+05:30'}, 'datetimeTo': {'utc': '2016-12-09T23:30:00Z', 'local': '2016-12-10T05:00:00+05:30'}}"
218.8,{'hasFlags': False},"{'id': 2, 'name': 'pm25', 'units': 'µg/m³', 'displayName': None}","{'label': 'raw', 'interval': '01:00:00', 'datetimeFrom': {'utc': '2016-12-09T23:30:00Z', 'local': '2016-12-10T05:00:00+05:30'}, 'datetimeTo': {'utc': '2016-12-10T00:30:00Z', 'local': '2016-12-10T06:00:00+05:30'}}",,,"{'expectedCount': 1, 'expectedInterval': '01:00:00', 'observedCount': 1, 'observedInterval': '01:00:00', 'percentComplete': 100.0, 'percentCoverage': 100.0, 'datetimeFrom': {'utc': '2016-12-09T23:30:00Z', 'local': '2016-12-10T05:00:00+05:30'}, 'datetimeTo': {'utc': '2016-12-10T00:30:00Z', 'local': '2016-12-10T06:00:00+05:30'}}"
192.3,{'hasFlags': False},"{'id': 2, 'name': 'pm25', 'units': 'µg/m³', 'displayName': None}","{'label': 'raw', 'interval': '01:00:00', 'datetimeFrom': {'utc': '2016-12-10T00:30:00Z', 'local': '2016-12-10T06:00:00+05:30'}, 'datetimeTo': {'utc': '2016-12-10T01:30:00Z', 'local': '2016-12-10T07:00:00+05:30'}}",,,"{'expectedCount': 1, 'expectedInterval': '01:00:00', 'observedCount': 1, 'observedInterval': '01:00:00', 'percentComplete': 100.0, 'percentCoverage': 100.0, 'datetimeFrom': {'utc': '2016-12-10T00:30:00Z', 'local': '2016-12-10T06:00:00+05:30'}, 'datetimeTo': {'utc': '2016-12-10T01:30:00Z', 'local': '2016-12-10T07:00:00+05:30'}}"
166.6,{'hasFlags': False},"{'id': 2, 'name': 'pm25', 'units': 'µg/m³', 'displayName': None}","{'label': 'raw', 'interval': '01:00:00', 'datetimeFrom': {'utc': '2016-12-10T01:30:00Z', 'local': '2016-12-10T07:00:00+05:30'}, 'datetimeTo': {'utc': '2016-12-10T02:30:00Z', 'local': '2016-12-10T08:00:00+05:30'}}",,,"{'expectedCount': 1, 'expectedInterval': '01:00:00', 'observedCount': 1, 'observedInterval': '01:00:00', 'percentComplete': 100.0, 'percentCoverage': 100.0, 'datetimeFrom': {'utc': '2016-12-10T01:30:00Z', 'local': '2016-12-10T07:00:00+05:30'}, 'datetimeTo': {'utc': '2016-12-10T02:30:00Z', 'local': '2016-12-10T08:00:00+05:30'}}"
157.8,{'hasFlags': False},"{'id': 2, 'name': 'pm25', 'units': 'µg/m³', 'displayName': None}","{'label': 'raw', 'interval': '01:00:00', 'datetimeFrom': {'utc': '2016-12-10T02:30:00Z', 'local': '2016-12-10T08:00:00+05:30'}, 'datetimeTo': {'utc': '2016-12-10T03:30:00Z', 'local': '2016-12-10T09:00:00+05:30'}}",,,"{'expectedCount': 1, 'expectedInterval': '01:00:00', 'observedCount': 1, 'observedInterval': '01:00:00', 'percentComplete': 100.0, 'percentCoverage': 100.0, 'datetimeFrom': {'utc': '2016-12-10T02:30:00Z', 'local': '2016-12-10T08:00:00+05:30'}, 'datetimeTo': {'utc': '2016-12-10T03:30:00Z', 'local': '2016-12-10T09:00:00+05:30'}}"
149.3,{'hasFlags': False},"{'id': 2, 'name': 'pm25', 'units': 'µg/m³', 'displayName': None}","{'label': 'raw', 'interval': '01:00:00', 'datetimeFrom': {'utc': '2016-12-10T03:30:00Z', 'local': '2016-12-10T09:00:00+05:30'}, 'datetimeTo': {'utc': '2016-12-10T04:30:00Z', 'local': '2016-12-10T10:00:00+05:30'}}",,,"{'expectedCount': 1, 'expectedInterval': '01:00:00', 'observedCount': 1, 'observedInterval': '01:00:00', 'percentComplete': 100.0, 'percentCoverage': 100.0, 'datetimeFrom': {'utc': '2016-12-10T03:30:00Z', 'local': '2016-12-10T09:00:00+05:30'}, 'datetimeTo': {'utc': '2016-12-10T04:30:00Z', 'local': '2016-12-10T10:00:00+05:30'}}"
157.6,{'hasFlags': False},"{'id': 2, 'name': 'pm25', 'units': 'µg/m³', 'displayName': None}","{'label': 'raw', 'interval': '01:00:00', 'datetimeFrom': {'utc': '2016-12-10T04:30:00Z', 'local': '2016-12-10T10:00:00+05:30'}, 'datetimeTo': {'utc': '2016-12-10T05:30:00Z', 'local': '2016-12-10T11:00:00+05:30'}}",,,"{'expectedCount': 1, 'expectedInterval': '01:00:00', 'observedCount': 1, 'observedInterval': '01:00:00', 'percentComplete': 100.0, 'percentCoverage': 100.0, 'datetimeFrom': {'utc': '2016-12-10T04:30:00Z', 'local': '2016-12-10T10:00:00+05:30'}, 'datetimeTo': {'utc': '2016-12-10T05:30:00Z', 'local': '2016-12-10T11:00:00+05:30'}}"
185.3,{'hasFlags': False},"{'id': 2, 'name': 'pm25', 'units': 'µg/m³', 'displayName': None}","{'label': 'raw', 'interval': '01:00:00', 'datetimeFrom': {'utc': '2016-12-10T05:30:00Z', 'local': '2016-12-10T11:00:00+05:30'}, 'datetimeTo': {'utc': '2016-12-10T06:30:00Z', 'local': '2016-12-10T12:00:00+05:30'}}",,,"{'expectedCount': 1, 'expectedInterval': '01:00:00', 'observedCount': 1, 'observedInterval': '01:00:00', 'percentComplete': 100.0, 'percentCoverage': 100.0, 'datetimeFrom': {'utc': '2016-12-10T05:30:00Z', 'local': '2016-12-10T11:00:00+05:30'}, 'datetimeTo': {'utc': '2016-12-10T06:30:00Z', 'local': '2016-12-10T12:00:00+05:30'}}"
208.7,{'hasFlags': False},"{'id': 2, 'name': 'pm25', 'units': 'µg/m³', 'displayName': None}","{'label': 'raw', 'interval': '01:00:00', 'datetimeFrom': {'utc': '2016-12-10T06:30:00Z', 'local': '2016-12-10T12:00:00+05:30'}, 'datetimeTo': {'utc': '2016-12-10T07:30:00Z', 'local': '2016-12-10T13:00:00+05:30'}}",,,"{'expectedCount': 1, 'expectedInterval': '01:00:00', 'observedCount': 1, 'observedInterval': '01:00:00', 'percentComplete': 100.0, 'percentCoverage': 100.0, 'datetimeFrom': {'utc': '2016-12-10T06:30:00Z', 'local': '2016-12-10T12:00:00+05:30'}, 'datetimeTo': {'utc': '2016-12-10T07:30:00Z', 'local': '2016-12-10T13:00:00+05:30'}}"
207.6,{'hasFlags': False},"{'id': 2, 'name': 'pm25', 'units': 'µg/m³', 'displayName': None}","{'label': 'raw', 'interval': '01:00:00', 'datetimeFrom': {'utc': '2016-12-10T07:30:00Z', 'local': '2016-12-10T13:00:00+05:30'}, 'datetimeTo': {'utc': '2016-12-10T08:30:00Z', 'local': '2016-12-10T14:00:00+05:30'}}",,,"{'expectedCount': 1, 'expectedInterval': '01:00:00', 'observedCount': 1, 'observedInterval': '01:00:00', 'percentComplete': 100.0, 'percentCoverage': 100.0, 'datetimeFrom': {'utc': '2016-12-10T07:30:00Z', 'local': '2016-12-10T13:00:00+05:30'}, 'datetimeTo': {'utc': '2016-12-10T08:30:00Z', 'local': '2016-12-10T14:00:00+05:30'}}"
210.5,{'hasFlags': False},"{'id': 2, 'name': 'pm25', 'units': 'µg/m³', 'displayName': None}","{'label': 'raw', 'interval': '01:00:00', 'datetimeFrom': {'utc': '2016-12-10T08:30:00Z', 'local': '2016-12-10T14:00:00+05:30'}, 'datetimeTo': {'utc': '2016-12-10T09:30:00Z', 'local': '2016-12-10T15:00:00+05:30'}}",,,"{'expectedCount': 1, 'expectedInterval': '01:00:00', 'observedCount': 1, 'observedInterval': '01:00:00', 'percentComplete': 100.0, 'percentCoverage': 100.0, 'datetimeFrom': {'utc': '2016-12-10T08:30:00Z', 'local': '2016-12-10T14:00:00+05:30'}, 'datetimeTo': {'utc': '2016-12-10T09:30:00Z', 'local': '2016-12-10T15:00:00+05:30'}}"
213.5,{'hasFlags': False},"{'id': 2, 'name': 'pm25', 'units': 'µg/m³', 'displayName': None}","{'label': 'raw', 'interval': '01:00:00', 'datetimeFrom': {'utc': '2016-12-10T09:30:00Z', 'local': '2016-12-10T15:00:00+05:30'}, 'datetimeTo': {'utc': '2016-12-10T10:30:00Z', 'local': '2016-12-10T16:00:00+05:30'}}",,,"{'expectedCount': 1, 'expectedInterval': '01:00:00', 'observedCount': 1, 'observedInterval': '01:00:00', 'percentComplete': 100.0, 'percentCoverage': 100.0, 'datetimeFrom': {'utc': '2016-12-10T09:30:00Z', 'local': '2016-12-10T15:00:00+05:30'}, 'datetimeTo': {'utc': '2016-12-10T10:30:00Z', 'local': '2016-12-10T16:00:00+05:30'}}"
214.8,{'hasFlags': False},"{'id': 2, 'name': 'pm25', 'units': 'µg/m³', 'displayName': None}","{'label': 'raw', 'interval': '01:00:00', 'datetimeFrom': {'utc': '2016-12-10T10:30:00Z', 'local': '2016-12-10T16:00:00+05:30'}, 'datetimeTo': {'utc': '2016-12-10T11:30:00Z', 'local': '2016-12-10T17:00:00+05:30'}}",,,"{'expectedCount': 1, 'expectedInterval': '01:00:00', 'observedCount': 1, 'observedInterval': '01:00:00', 'percentComplete': 100.0, 'percentCoverage': 100.0, 'datetimeFrom': {'utc': '2016-12-10T10:30:00Z', 'local': '2016-12-10T16:00:00+05:30'}, 'datetimeTo': {'utc': '2016-12-10T11:30:00Z', 'local': '2016-12-10T17:00:00+05:30'}}"
217.3,{'hasFlags': False},"{'id': 2, 'name': 'pm25', 'units': 'µg/m³', 'displayName': None}","{'label': 'raw', 'interval': '01:00:00', 'datetimeFrom': {'utc': '2016-12-10T11:30:00Z', 'local': '2016-12-10T17:00:00+05:30'}, 'datetimeTo': {'utc': '2016-12-10T12:30:00Z', 'local': '2016-12-10T18:00:00+05:30'}}",,,"{'expectedCount': 1, 'expectedInterval': '01:00:00', 'observedCount': 1, 'observedInterval': '01:00:00', 'percentComplete': 100.0, 'percentCoverage': 100.0, 'datetimeFrom': {'utc': '2016-12-10T11:30:00Z', 'local': '2016-12-10T17:00:00+05:30'}, 'datetimeTo': {'utc': '2016-12-10T12:30:00Z', 'local': '2016-12-10T18:00:00+05:30'}}"
218.8,{'hasFlags': False},"{'id': 2, 'name': 'pm25', 'units': 'µg/m³', 'displayName': None}","{'label': 'raw', 'interval': '01:00:00', 'datetimeFrom': {'utc': '2016-12-10T12:30:00Z', 'local': '2016-12-10T18:00:00+05:30'}, 'datetimeTo': {'utc': '2016-12-10T13:30:00Z', 'local': '2016-12-10T19:00:00+05:30'}}",,,"{'expectedCount': 1, 'expectedInterval': '01:00:00', 'observedCount': 1, 'observedInterval': '01:00:00', 'percentComplete': 100.0, 'percentCoverage': 100.0, 'datetimeFrom': {'utc': '2016-12-10T12:30:00Z', 'local': '2016-12-10T18:00:00+05:30'}, 'datetimeTo': {'utc': '2016-12-10T13:30:00Z', 'local': '2016-12-10T19:00:00+05:30'}}"
226.3,{'hasFlags': False},"{'id': 2, 'name': 'pm25', 'units': 'µg/m³', 'displayName': None}","{'label': 'raw', 'interval': '01:00:00', 'datetimeFrom': {'utc': '2016-12-10T13:30:00Z', 'local': '2016-12-10T19:00:00+05:30'}, 'datetimeTo': {'utc': '2016-12-10T14:30:00Z', 'local': '2016-12-10T20:00:00+05:30'}}",,,"{'expectedCount': 1, 'expectedInterval': '01:00:00', 'observedCount': 1, 'observedInterval': '01:00:00', 'percentComplete': 100.0, 'percentCoverage': 100.0, 'datetimeFrom': {'utc': '2016-12-10T13:30:00Z', 'local': '2016-12-10T19:00:00+05:30'}, 'datetimeTo': {'utc': '2016-12-10T14:30:00Z', 'local': '2016-12-10T20:00:00+05:30'}}"
239.1,{'hasFlags': False},"{'id': 2, 'name': 'pm25', 'units': 'µg/m³', 'displayName': None}","{'label': 'raw', 'interval': '01:00:00', 'datetimeFrom': {'utc': '2016-12-10T14:30:00Z', 'local': '2016-12-10T20:00:00+05:30'}, 'datetimeTo': {'utc': '2016-12-10T15:30:00Z', 'local': '2016-12-10T21:00:00+05:30'}}",,,"{'expectedCount': 1, 'expectedInterval': '01:00:00', 'observedCount': 1, 'observedInterval': '01:00:00', 'percentComplete': 100.0, 'percentCoverage': 100.0, 'datetimeFrom': {'utc': '2016-12-10T14:30:00Z', 'local': '2016-12-10T20:00:00+05:30'}, 'datetimeTo': {'utc': '2016-12-10T15:30:00Z', 'local': '2016-12-10T21:00:00+05:30'}}"
238.3,{'hasFlags': False},"{'id': 2, 'name': 'pm25', 'units': 'µg/m³', 'displayName': None}","{'label': 'raw', 'interval': '01:00:00', 'datetimeFrom': {'utc': '2016-12-10T15:30:00Z', 'local': '2016-12-10T21:00:00+05:30'}, 'datetimeTo': {'utc': '2016-12-10T16:30:00Z', 'local': '2016-12-10T22:00:00+05:30'}}",,,"{'expectedCount': 1, 'expectedInterval': '01:00:00', 'observedCount': 1, 'observedInterval': '01:00:00', 'percentComplete': 100.0, 'percentCoverage': 100.0, 'datetimeFrom': {'utc': '2016-12-10T15:30:00Z', 'local': '2016-12-10T21:00:00+05:30'}, 'datetimeTo': {'utc': '2016-12-10T16:30:00Z', 'local': '2016-12-10T22:00:00+05:30'}}"
230.9,{'hasFlags': False},"{'id': 2, 'name': 'pm25', 'units': 'µg/m³', 'displayName': None}","{'label': 'raw', 'interval': '01:00:00', 'datetimeFrom': {'utc': '2016-12-10T16:30:00Z', 'local': '2016-12-10T22:00:00+05:30'}, 'datetimeTo': {'utc': '2016-12-10T17:30:00Z', 'local': '2016-12-10T23:00:00+05:30'}}",,,"{'expectedCount': 1, 'expectedInterval': '01:00:00', 'observedCount': 1, 'observedInterval': '01:00:00', 'percentComplete': 100.0, 'percentCoverage': 100.0, 'datetimeFrom': {'utc': '2016-12-10T16:30:00Z', 'local': '2016-12-10T22:00:00+05:30'}, 'datetimeTo': {'utc': '2016-12-10T17:30:00Z', 'local': '2016-12-10T23:00:00+05:30'}}"
227.7,{'hasFlags': False},"{'id': 2, 'name': 'pm25', 'units': 'µg/m³', 'displayName': None}","{'label': 'raw', 'interval': '01:00:00', 'datetimeFrom': {'utc': '2016-12-10T17:30:00Z', 'local': '2016-12-10T23:00:00+05:30'}, 'datetimeTo': {'utc': '2016-12-10T18:30:00Z', 'local': '2016-12-11T00:00:00+05:30'}}",,,"{'expectedCount': 1, 'expectedInterval': '01:00:00', 'observedCount': 1, 'observedInterval': '01:00:00', 'percentComplete': 100.0, 'percentCoverage': 100.0, 'datetimeFrom': {'utc': '2016-12-10T17:30:00Z', 'local': '2016-12-10T23:00:00+05:30'}, 'datetimeTo': {'utc': '2016-12-10T18:30:00Z', 'local': '2016-12-11T00:00:00+05:30'}}"
220.0,{'hasFlags': False},"{'id': 2, 'name': 'pm25', 'units': 'µg/m³', 'displayName': None}","{'label': 'raw', 'interval': '01:00:00', 'datetimeFrom': {'utc': '2016-12-10T18:30:00Z', 'local': '2016-12-11T00:00:00+05:30'}, 'datetimeTo': {'utc': '2016-12-10T19:30:00Z', 'local': '2016-12-11T01:00:00+05:30'}}",,,"{'expectedCount': 1, 'expectedInterval': '01:00:00', 'observedCount': 1, 'observedInterval': '01:00:00', 'percentComplete': 100.0, 'percentCoverage': 100.0, 'datetimeFrom': {'utc': '2016-12-10T18:30:00Z', 'local': '2016-12-11T00:00:00+05:30'}, 'datetimeTo': {'utc': '2016-12-10T19:30:00Z', 'local': '2016-12-11T01:00:00+05:30'}}"
212.2,{'hasFlags': False},"{'id': 2, 'name': 'pm25', 'units': 'µg/m³', 'displayName': None}","{'label': 'raw', 'interval': '01:00:00', 'datetimeFrom': {'utc': '2016-12-10T19:30:00Z', 'local': '2016-12-11T01:00:00+05:30'}, 'datetimeTo': {'utc': '2016-12-10T20:30:00Z', 'local': '2016-12-11T02:00:00+05:30'}}",,,"{'expectedCount': 1, 'expectedInterval': '01:00:00', 'observedCount': 1, 'observedInterval': '01:00:00', 'percentComplete': 100.0, 'percentCoverage': 100.0, 'datetimeFrom': {'utc': '2016-12-10T19:30:00Z', 'local': '2016-12-11T01:00:00+05:30'}, 'datetimeTo': {'utc': '2016-12-10T20:30:00Z', 'local': '2016-12-11T02:00:00+05:30'}}"
218.2,{'hasFlags': False},"{'id': 2, 'name': 'pm25', 'units': 'µg/m³', 'displayName': None}","{'label': 'raw', 'interval': '01:00:00', 'datetimeFrom': {'utc': '2016-12-10T20:30:00Z', 'local': '2016-12-11T02:00:00+05:30'}, 'datetimeTo': {'utc': '2016-12-10T21:30:00Z', 'local': '2016-12-11T03:00:00+05:30'}}",,,"{'expectedCount': 1, 'expectedInterval': '01:00:00', 'observedCount': 1, 'observedInterval': '01:00:00', 'percentComplete': 100.0, 'percentCoverage': 100.0, 'datetimeFrom': {'utc': '2016-12-10T20:30:00Z', 'local': '2016-12-11T02:00:00+05:30'}, 'datetimeTo': {'utc': '2016-12-10T21:30:00Z', 'local': '2016-12-11T03:00:00+05:30'}}"
223.0,{'hasFlags': False},"{'id': 2, 'name': 'pm25', 'units': 'µg/m³', 'displayName': None}","{'label': 'raw', 'interval': '01:00:00', 'datetimeFrom': {'utc': '2016-12-10T21:30:00Z', 'local': '2016-12-11T03:00:00+05:30'}, 'datetimeTo': {'utc': '2016-12-10T22:30:00Z', 'local': '2016-12-11T04:00:00+05:30'}}",,,"{'expectedCount': 1, 'expectedInterval': '01:00:00', 'observedCount': 1, 'observedInterval': '01:00:00', 'percentComplete': 100.0, 'percentCoverage': 100.0, 'datetimeFrom': {'utc': '2016-12-10T21:30:00Z', 'local': '2016-12-11T03:00:00+05:30'}, 'datetimeTo': {'utc': '2016-12-10T22:30:00Z', 'local': '2016-12-11T04:00:00+05:30'}}"
217.2,{'hasFlags': False},"{'id': 2, 'name': 'pm25', 'units': 'µg/m³', 'displayName': None}","{'label': 'raw', 'interval': '01:00:00', 'datetimeFrom': {'utc': '2016-12-10T22:30:00Z', 'local': '2016-12-11T04:00:00+05:30'}, 'datetimeTo': {'utc': '2016-12-10T23:30:00Z', 'local': '2016-12-11T05:00:00+05:30'}}",,,"{'expectedCount': 1, 'expectedInterval': '01:00:00', 'observedCount': 1, 'observedInterval': '01:00:00', 'percentComplete': 100.0, 'percentCoverage': 100.0, 'datetimeFrom': {'utc': '2016-12-10T22:30:00Z', 'local': '2016-12-11T04:00:00+05:30'}, 'datetimeTo': {'utc': '2016-12-10T23:30:00Z', 'local': '2016-12-11T05:00:00+05:30'}}"
216.8,{'hasFlags': False},"{'id': 2, 'name': 'pm25', 'units': 'µg/m³', 'displayName': None}","{'label': 'raw', 'interval': '01:00:00', 'datetimeFrom': {'utc': '2016-12-10T23:30:00Z', 'local': '2016-12-11T05:00:00+05:30'}, 'datetimeTo': {'utc': '2016-12-11T00:30:00Z', 'local': '2016-12-11T06:00:00+05:30'}}",,,"{'expectedCount': 1, 'expectedInterval': '01:00:00', 'observedCount': 1, 'observedInterval': '01:00:00', 'percentComplete': 100.0, 'percentCoverage': 100.0, 'datetimeFrom': {'utc': '2016-12-10T23:30:00Z', 'local': '2016-12-11T05:00:00+05:30'}, 'datetimeTo': {'utc': '2016-12-11T00:30:00Z', 'local': '2016-12-11T06:00:00+05:30'}}"
203.1,{'hasFlags': False},"{'id': 2, 'name': 'pm25', 'units': 'µg/m³', 'displayName': None}","{'label': 'raw', 'interval': '01:00:00', 'datetimeFrom': {'utc': '2016-12-11T00:30:00Z', 'local': '2016-12-11T06:00:00+05:30'}, 'datetimeTo': {'utc': '2016-12-11T01:30:00Z', 'local': '2016-12-11T07:00:00+05:30'}}",,,"{'expectedCount': 1, 'expectedInterval': '01:00:00', 'observedCount': 1, 'observedInterval': '01:00:00', 'percentComplete': 100.0, 'percentCoverage': 100.0, 'datetimeFrom': {'utc': '2016-12-11T00:30:00Z', 'local': '2016-12-11T06:00:00+05:30'}, 'datetimeTo': {'utc': '2016-12-11T01:30:00Z', 'local': '2016-12-11T07:00:00+05:30'}}"
194.4,{'hasFlags': False},"{'id': 2, 'name': 'pm25', 'units': 'µg/m³', 'displayName': None}","{'label': 'raw', 'interval': '01:00:00', 'datetimeFrom': {'utc': '2016-12-11T01:30:00Z', 'local': '2016-12-11T07:00:00+05:30'}, 'datetimeTo': {'utc': '2016-12-11T02:30:00Z', 'local': '2016-12-11T08:00:00+05:30'}}",,,"{'expectedCount': 1, 'expectedInterval': '01:00:00', 'observedCount': 1, 'observedInterval': '01:00:00', 'percentComplete': 100.0, 'percentCoverage': 100.0, 'datetimeFrom': {'utc': '2016-12-11T01:30:00Z', 'local': '2016-12-11T07:00:00+05:30'}, 'datetimeTo': {'utc': '2016-12-11T02:30:00Z', 'local': '2016-12-11T08:00:00+05:30'}}"
184.2,{'hasFlags': False},"{'id': 2, 'name': 'pm25', 'units': 'µg/m³', 'displayName': None}","{'label': 'raw', 'interval': '01:00:00', 'datetimeFrom': {'utc': '2016-12-11T02:30:00Z', 'local': '2016-12-11T08:00:00+05:30'}, 'datetimeTo': {'utc': '2016-12-11T03:30:00Z', 'local': '2016-12-11T09:00:00+05:30'}}",,,"{'expectedCount': 1, 'expectedInterval': '01:00:00', 'observedCount': 1, 'observedInterval': '01:00:00', 'percentComplete': 100.0, 'percentCoverage': 100.0, 'datetimeFrom': {'utc': '2016-12-11T02:30:00Z', 'local': '2016-12-11T08:00:00+05:30'}, 'datetimeTo': {'utc': '2016-12-11T03:30:00Z', 'local': '2016-12-11T09:00:00+05:30'}}"
181.7,{'hasFlags': False},"{'id': 2, 'name': 'pm25', 'units': 'µg/m³', 'displayName': None}","{'label': 'raw', 'interval': '01:00:00', 'datetimeFrom': {'utc': '2016-12-11T03:30:00Z', 'local': '2016-12-11T09:00:00+05:30'}, 'datetimeTo': {'utc': '2016-12-11T04:30:00Z', 'local': '2016-12-11T10:00:00+05:30'}}",,,"{'expectedCount': 1, 'expectedInterval': '01:00:00', 'observedCount': 1, 'observedInterval': '01:00:00', 'percentComplete': 100.0, 'percentCoverage': 100.0, 'datetimeFrom': {'utc': '2016-12-11T03:30:00Z', 'local': '2016-12-11T09:00:00+05:30'}, 'datetimeTo': {'utc': '2016-12-11T04:30:00Z', 'local': '2016-12-11T10:00:00+05:30'}}"
190.2,{'hasFlags': False},"{'id': 2, 'name': 'pm25', 'units': 'µg/m³', 'displayName': None}","{'label': 'raw', 'interval': '01:00:00', 'datetimeFrom': {'utc': '2016-12-11T04:30:00Z', 'local': '2016-12-11T10:00:00+05:30'}, 'datetimeTo': {'utc': '2016-12-11T05:30:00Z', 'local': '2016-12-11T11:00:00+05:30'}}",,,"{'expectedCount': 1, 'expectedInterval': '01:00:00', 'observedCount': 1, 'observedInterval': '01:00:00', 'percentComplete': 100.0, 'percentCoverage': 100.0, 'datetimeFrom': {'utc': '2016-12-11T04:30:00Z', 'local': '2016-12-11T10:00:00+05:30'}, 'datetimeTo': {'utc': '2016-12-11T05:30:00Z', 'local': '2016-12-11T11:00:00+05:30'}}"
202.6,{'hasFlags': False},"{'id': 2, 'name': 'pm25', 'units': 'µg/m³', 'displayName': None}","{'label': 'raw', 'interval': '01:00:00', 'datetimeFrom': {'utc': '2016-12-11T05:30:00Z', 'local': '2016-12-11T11:00:00+05:30'}, 'datetimeTo': {'utc': '2016-12-11T06:30:00Z', 'local': '2016-12-11T12:00:00+05:30'}}",,,"{'expectedCount': 1, 'expectedInterval': '01:00:00', 'observedCount': 1, 'observedInterval': '01:00:00', 'percentComplete': 100.0, 'percentCoverage': 100.0, 'datetimeFrom': {'utc': '2016-12-11T05:30:00Z', 'local': '2016-12-11T11:00:00+05:30'}, 'datetimeTo': {'utc': '2016-12-11T06:30:00Z', 'local': '2016-12-11T12:00:00+05:30'}}"
205.8,{'hasFlags': False},"{'id': 2, 'name': 'pm25', 'units': 'µg/m³', 'displayName': None}","{'label': 'raw', 'interval': '01:00:00', 'datetimeFrom': {'utc': '2016-12-11T06:30:00Z', 'local': '2016-12-11T12:00:00+05:30'}, 'datetimeTo': {'utc': '2016-12-11T07:30:00Z', 'local': '2016-12-11T13:00:00+05:30'}}",,,"{'expectedCount': 1, 'expectedInterval': '01:00:00', 'observedCount': 1, 'observedInterval': '01:00:00', 'percentComplete': 100.0, 'percentCoverage': 100.0, 'datetimeFrom': {'utc': '2016-12-11T06:30:00Z', 'local': '2016-12-11T12:00:00+05:30'}, 'datetimeTo': {'utc': '2016-12-11T07:30:00Z', 'local': '2016-12-11T13:00:00+05:30'}}"
194.5,{'hasFlags': False},"{'id': 2, 'name': 'pm25', 'units': 'µg/m³', 'displayName': None}","{'label': 'raw', 'interval': '01:00:00', 'datetimeFrom': {'utc': '2016-12-11T07:30:00Z', 'local': '2016-12-11T13:00:00+05:30'}, 'datetimeTo': {'utc': '2016-12-11T08:30:00Z', 'local': '2016-12-11T14:00:00+05:30'}}",,,"{'expectedCount': 1, 'expectedInterval': '01:00:00', 'observedCount': 1, 'observedInterval': '01:00:00', 'percentComplete': 100.0, 'percentCoverage': 100.0, 'datetimeFrom': {'utc': '2016-12-11T07:30:00Z', 'local': '2016-12-11T13:00:00+05:30'}, 'datetimeTo': {'utc': '2016-12-11T08:30:00Z', 'local': '2016-12-11T14:00:00+05:30'}}"
189.9,{'hasFlags': False},"{'id': 2, 'name': 'pm25', 'units': 'µg/m³', 'displayName': None}","{'label': 'raw', 'interval': '01:00:00', 'datetimeFrom': {'utc': '2016-12-11T08:30:00Z', 'local': '2016-12-11T14:00:00+05:30'}, 'datetimeTo': {'utc': '2016-12-11T09:30:00Z', 'local': '2016-12-11T15:00:00+05:30'}}",,,"{'expectedCount': 1, 'expectedInterval': '01:00:00', 'observedCount': 1, 'observedInterval': '01:00:00', 'percentComplete': 100.0, 'percentCoverage': 100.0, 'datetimeFrom': {'utc': '2016-12-11T08:30:00Z', 'local': '2016-12-11T14:00:00+05:30'}, 'datetimeTo': {'utc': '2016-12-11T09:30:00Z', 'local': '2016-12-11T15:00:00+05:30'}}"
154.1,{'hasFlags': False},"{'id': 2, 'name': 'pm25', 'units': 'µg/m³', 'displayName': None}","{'label': 'raw', 'interval': '01:00:00', 'datetimeFrom': {'utc': '2016-12-11T09:30:00Z', 'local': '2016-12-11T15:00:00+05:30'}, 'datetimeTo': {'utc': '2016-12-11T10:30:00Z', 'local': '2016-12-11T16:00:00+05:30'}}",,,"{'expectedCount': 1, 'expectedInterval': '01:00:00', 'observedCount': 1, 'observedInterval': '01:00:00', 'percentComplete': 100.0, 'percentCoverage': 100.0, 'datetimeFrom': {'utc': '2016-12-11T09:30:00Z', 'local': '2016-12-11T15:00:00+05:30'}, 'datetimeTo': {'utc': '2016-12-11T10:30:00Z', 'local': '2016-12-11T16:00:00+05:30'}}"
146.3,{'hasFlags': False},"{'id': 2, 'name': 'pm25', 'units': 'µg/m³', 'displayName': None}","{'label': 'raw', 'interval': '01:00:00', 'datetimeFrom': {'utc': '2016-12-11T10:30:00Z', 'local': '2016-12-11T16:00:00+05:30'}, 'datetimeTo': {'utc': '2016-12-11T11:30:00Z', 'local': '2016-12-11T17:00:00+05:30'}}",,,"{'expectedCount': 1, 'expectedInterval': '01:00:00', 'observedCount': 1, 'observedInterval': '01:00:00', 'percentComplete': 100.0, 'percentCoverage': 100.0, 'datetimeFrom': {'utc': '2016-12-11T10:30:00Z', 'local': '2016-12-11T16:00:00+05:30'}, 'datetimeTo': {'utc': '2016-12-11T11:30:00Z', 'local': '2016-12-11T17:00:00+05:30'}}"
137.5,{'hasFlags': False},"{'id': 2, 'name': 'pm25', 'units': 'µg/m³', 'displayName': None}","{'label': 'raw', 'interval': '01:00:00', 'datetimeFrom': {'utc': '2016-12-11T11:30:00Z', 'local': '2016-12-11T17:00:00+05:30'}, 'datetimeTo': {'utc': '2016-12-11T12:30:00Z', 'local': '2016-12-11T18:00:00+05:30'}}",,,"{'expectedCount': 1, 'expectedInterval': '01:00:00', 'observedCount': 1, 'observedInterval': '01:00:00', 'percentComplete': 100.0, 'percentCoverage': 100.0, 'datetimeFrom': {'utc': '2016-12-11T11:30:00Z', 'local': '2016-12-11T17:00:00+05:30'}, 'datetimeTo': {'utc': '2016-12-11T12:30:00Z', 'local': '2016-12-11T18:00:00+05:30'}}"
137.7,{'hasFlags': False},"{'id': 2, 'name': 'pm25', 'units': 'µg/m³', 'displayName': None}","{'label': 'raw', 'interval': '01:00:00', 'datetimeFrom': {'utc': '2016-12-11T12:30:00Z', 'local': '2016-12-11T18:00:00+05:30'}, 'datetimeTo': {'utc': '2016-12-11T13:30:00Z', 'local': '2016-12-11T19:00:00+05:30'}}",,,"{'expectedCount': 1, 'expectedInterval': '01:00:00', 'observedCount': 1, 'observedInterval': '01:00:00', 'percentComplete': 100.0, 'percentCoverage': 100.0, 'datetimeFrom': {'utc': '2016-12-11T12:30:00Z', 'local': '2016-12-11T18:00:00+05:30'}, 'datetimeTo': {'utc': '2016-12-11T13:30:00Z', 'local': '2016-12-11T19:00:00+05:30'}}"
158.0,{'hasFlags': False},"{'id': 2, 'name': 'pm25', 'units': 'µg/m³', 'displayName': None}","{'label': 'raw', 'interval': '01:00:00', 'datetimeFrom': {'utc': '2016-12-11T13:30:00Z', 'local': '2016-12-11T19:00:00+05:30'}, 'datetimeTo': {'utc': '2016-12-11T14:30:00Z', 'local': '2016-12-11T20:00:00+05:30'}}",,,"{'expectedCount': 1, 'expectedInterval': '01:00:00', 'observedCount': 1, 'observedInterval': '01:00:00', 'percentComplete': 100.0, 'percentCoverage': 100.0, 'datetimeFrom': {'utc': '2016-12-11T13:30:00Z', 'local': '2016-12-11T19:00:00+05:30'}, 'datetimeTo': {'utc': '2016-12-11T14:30:00Z', 'local': '2016-12-11T20:00:00+05:30'}}"
160.4,{'hasFlags': False},"{'id': 2, 'name': 'pm25', 'units': 'µg/m³', 'displayName': None}","{'label': 'raw', 'interval': '01:00:00', 'datetimeFrom': {'utc': '2016-12-11T14:30:00Z', 'local': '2016-12-11T20:00:00+05:30'}, 'datetimeTo': {'utc': '2016-12-11T15:30:00Z', 'local': '2016-12-11T21:00:00+05:30'}}",,,"{'expectedCount': 1, 'expectedInterval': '01:00:00', 'observedCount': 1, 'observedInterval': '01:00:00', 'percentComplete': 100.0, 'percentCoverage': 100.0, 'datetimeFrom': {'utc': '2016-12-11T14:30:00Z', 'local': '2016-12-11T20:00:00+05:30'}, 'datetimeTo': {'utc': '2016-12-11T15:30:00Z', 'local': '2016-12-11T21:00:00+05:30'}}"
168.3,{'hasFlags': False},"{'id': 2, 'name': 'pm25', 'units': 'µg/m³', 'displayName': None}","{'label': 'raw', 'interval': '01:00:00', 'datetimeFrom': {'utc': '2016-12-11T15:30:00Z', 'local': '2016-12-11T21:00:00+05:30'}, 'datetimeTo': {'utc': '2016-12-11T16:30:00Z', 'local': '2016-12-11T22:00:00+05:30'}}",,,"{'expectedCount': 1, 'expectedInterval': '01:00:00', 'observedCount': 1, 'observedInterval': '01:00:00', 'percentComplete': 100.0, 'percentCoverage': 100.0, 'datetimeFrom': {'utc': '2016-12-11T15:30:00Z', 'local': '2016-12-11T21:00:00+05:30'}, 'datetimeTo': {'utc': '2016-12-11T16:30:00Z', 'local': '2016-12-11T22:00:00+05:30'}}"
180.2,{'hasFlags': False},"{'id': 2, 'name': 'pm25', 'units': 'µg/m³', 'displayName': None}","{'label': 'raw', 'interval': '01:00:00', 'datetimeFrom': {'utc': '2016-12-11T16:30:00Z', 'local': '2016-12-11T22:00:00+05:30'}, 'datetimeTo': {'utc': '2016-12-11T17:30:00Z', 'local': '2016-12-11T23:00:00+05:30'}}",,,"{'expectedCount': 1, 'expectedInterval': '01:00:00', 'observedCount': 1, 'observedInterval': '01:00:00', 'percentComplete': 100.0, 'percentCoverage': 100.0, 'datetimeFrom': {'utc': '2016-12-11T16:30:00Z', 'local': '2016-12-11T22:00:00+05:30'}, 'datetimeTo': {'utc': '2016-12-11T17:30:00Z', 'local': '2016-12-11T23:00:00+05:30'}}"
185.6,{'hasFlags': False},"{'id': 2, 'name': 'pm25', 'units': 'µg/m³', 'displayName': None}","{'label': 'raw', 'interval': '01:00:00', 'datetimeFrom': {'utc': '2016-12-11T17:30:00Z', 'local': '2016-12-11T23:00:00+05:30'}, 'datetimeTo': {'utc': '2016-12-11T18:30:00Z', 'local': '2016-12-12T00:00:00+05:30'}}",,,"{'expectedCount': 1, 'expectedInterval': '01:00:00', 'observedCount': 1, 'observedInterval': '01:00:00', 'percentComplete': 100.0, 'percentCoverage': 100.0, 'datetimeFrom': {'utc': '2016-12-11T17:30:00Z', 'local': '2016-12-11T23:00:00+05:30'}, 'datetimeTo': {'utc': '2016-12-11T18:30:00Z', 'local': '2016-12-12T00:00:00+05:30'}}"
192.5,{'hasFlags': False},"{'id': 2, 'name': 'pm25', 'units': 'µg/m³', 'displayName': None}","{'label': 'raw', 'interval': '01:00:00', 'datetimeFrom': {'utc': '2016-12-11T18:30:00Z', 'local': '2016-12-12T00:00:00+05:30'}, 'datetimeTo': {'utc': '2016-12-11T19:30:00Z', 'local': '2016-12-12T01:00:00+05:30'}}",,,"{'expectedCount': 1, 'expectedInterval': '01:00:00', 'observedCount': 1, 'observedInterval': '01:00:00', 'percentComplete': 100.0, 'percentCoverage': 100.0, 'datetimeFrom': {'utc': '2016-12-11T18:30:00Z', 'local': '2016-12-12T00:00:00+05:30'}, 'datetimeTo': {'utc': '2016-12-11T19:30:00Z', 'local': '2016-12-12T01:00:00+05:30'}}"
222.0,{'hasFlags': False},"{'id': 2, 'name': 'pm25', 'units': 'µg/m³', 'displayName': None}","{'label': 'raw', 'interval': '01:00:00', 'datetimeFrom': {'utc': '2016-12-11T19:30:00Z', 'local': '2016-12-12T01:00:00+05:30'}, 'datetimeTo': {'utc': '2016-12-11T20:30:00Z', 'local': '2016-12-12T02:00:00+05:30'}}",,,"{'expectedCount': 1, 'expectedInterval': '01:00:00', 'observedCount': 1, 'observedInterval': '01:00:00', 'percentComplete': 100.0, 'percentCoverage': 100.0, 'datetimeFrom': {'utc': '2016-12-11T19:30:00Z', 'local': '2016-12-12T01:00:00+05:30'}, 'datetimeTo': {'utc': '2016-12-11T20:30:00Z', 'local': '2016-12-12T02:00:00+05:30'}}"
231.0,{'hasFlags': False},"{'id': 2, 'name': 'pm25', 'units': 'µg/m³', 'displayName': None}","{'label': 'raw', 'interval': '01:00:00', 'datetimeFrom': {'utc': '2016-12-11T20:30:00Z', 'local': '2016-12-12T02:00:00+05:30'}, 'datetimeTo': {'utc': '2016-12-11T21:30:00Z', 'local': '2016-12-12T03:00:00+05:30'}}",,,"{'expectedCount': 1, 'expectedInterval': '01:00:00', 'observedCount': 1, 'observedInterval': '01:00:00', 'percentComplete': 100.0, 'percentCoverage': 100.0, 'datetimeFrom': {'utc': '2016-12-11T20:30:00Z', 'local': '2016-12-12T02:00:00+05:30'}, 'datetimeTo': {'utc': '2016-12-11T21:30:00Z', 'local': '2016-12-12T03:00:00+05:30'}}"
227.6,{'hasFlags': False},"{'id': 2, 'name': 'pm25', 'units': 'µg/m³', 'displayName': None}","{'label': 'raw', 'interval': '01:00:00', 'datetimeFrom': {'utc': '2016-12-11T21:30:00Z', 'local': '2016-12-12T03:00:00+05:30'}, 'datetimeTo': {'utc': '2016-12-11T22:30:00Z', 'local': '2016-12-12T04:00:00+05:30'}}",,,"{'expectedCount': 1, 'expectedInterval': '01:00:00', 'observedCount': 1, 'observedInterval': '01:00:00', 'percentComplete': 100.0, 'percentCoverage': 100.0, 'datetimeFrom': {'utc': '2016-12-11T21:30:00Z', 'local': '2016-12-12T03:00:00+05:30'}, 'datetimeTo': {'utc': '2016-12-11T22:30:00Z', 'local': '2016-12-12T04:00:00+05:30'}}"
220.1,{'hasFlags': False},"{'id': 2, 'name': 'pm25', 'units': 'µg/m³', 'displayName': None}","{'label': 'raw', 'interval': '01:00:00', 'datetimeFrom': {'utc': '2016-12-11T22:30:00Z', 'local': '2016-12-12T04:00:00+05:30'}, 'datetimeTo': {'utc': '2016-12-11T23:30:00Z', 'local': '2016-12-12T05:00:00+05:30'}}",,,"{'expectedCount': 1, 'expectedInterval': '01:00:00', 'observedCount': 1, 'observedInterval': '01:00:00', 'percentComplete': 100.0, 'percentCoverage': 100.0, 'datetimeFrom': {'utc': '2016-12-11T22:30:00Z', 'local': '2016-12-12T04:00:00+05:30'}, 'datetimeTo': {'utc': '2016-12-11T23:30:00Z', 'local': '2016-12-12T05:00:00+05:30'}}"
212.1,{'hasFlags': False},"{'id': 2, 'name': 'pm25', 'units': 'µg/m³', 'displayName': None}","{'label': 'raw', 'interval': '01:00:00', 'datetimeFrom': {'utc': '2016-12-11T23:30:00Z', 'local': '2016-12-12T05:00:00+05:30'}, 'datetimeTo': {'utc': '2016-12-12T00:30:00Z', 'local': '2016-12-12T06:00:00+05:30'}}",,,"{'expectedCount': 1, 'expectedInterval': '01:00:00', 'observedCount': 1, 'observedInterval': '01:00:00', 'percentComplete': 100.0, 'percentCoverage': 100.0, 'datetimeFrom': {'utc': '2016-12-11T23:30:00Z', 'local': '2016-12-12T05:00:00+05:30'}, 'datetimeTo': {'utc': '2016-12-12T00:30:00Z', 'local': '2016-12-12T06:00:00+05:30'}}"
222.5,{'hasFlags': False},"{'id': 2, 'name': 'pm25', 'units': 'µg/m³', 'displayName': None}","{'label': 'raw', 'interval': '01:00:00', 'datetimeFrom': {'utc': '2016-12-12T00:30:00Z', 'local': '2016-12-12T06:00:00+05:30'}, 'datetimeTo': {'utc': '2016-12-12T01:30:00Z', 'local': '2016-12-12T07:00:00+05:30'}}",,,"{'expectedCount': 1, 'expectedInterval': '01:00:00', 'observedCount': 1, 'observedInterval': '01:00:00', 'percentComplete': 100.0, 'percentCoverage': 100.0, 'datetimeFrom': {'utc': '2016-12-12T00:30:00Z', 'local': '2016-12-12T06:00:00+05:30'}, 'datetimeTo': {'utc': '2016-12-12T01:30:00Z', 'local': '2016-12-12T07:00:00+05:30'}}"
231.8,{'hasFlags': False},"{'id': 2, 'name': 'pm25', 'units': 'µg/m³', 'displayName': None}","{'label': 'raw', 'interval': '01:00:00', 'datetimeFrom': {'utc': '2016-12-12T01:30:00Z', 'local': '2016-12-12T07:00:00+05:30'}, 'datetimeTo': {'utc': '2016-12-12T02:30:00Z', 'local': '2016-12-12T08:00:00+05:30'}}",,,"{'expectedCount': 1, 'expectedInterval': '01:00:00', 'observedCount': 1, 'observedInterval': '01:00:00', 'percentComplete': 100.0, 'percentCoverage': 100.0, 'datetimeFrom': {'utc': '2016-12-12T01:30:00Z', 'local': '2016-12-12T07:00:00+05:30'}, 'datetimeTo': {'utc': '2016-12-12T02:30:00Z', 'local': '2016-12-12T08:00:00+05:30'}}"
239.1,{'hasFlags': False},"{'id': 2, 'name': 'pm25', 'units': 'µg/m³', 'displayName': None}","{'label': 'raw', 'interval': '01:00:00', 'datetimeFrom': {'utc': '2016-12-12T02:30:00Z', 'local': '2016-12-12T08:00:00+05:30'}, 'datetimeTo': {'utc': '2016-12-12T03:30:00Z', 'local': '2016-12-12T09:00:00+05:30'}}",,,"{'expectedCount': 1, 'expectedInterval': '01:00:00', 'observedCount': 1, 'observedInterval': '01:00:00', 'percentComplete': 100.0, 'percentCoverage': 100.0, 'datetimeFrom': {'utc': '2016-12-12T02:30:00Z', 'local': '2016-12-12T08:00:00+05:30'}, 'datetimeTo': {'utc': '2016-12-12T03:30:00Z', 'local': '2016-12-12T09:00:00+05:30'}}"
244.7,{'hasFlags': False},"{'id': 2, 'name': 'pm25', 'units': 'µg/m³', 'displayName': None}","{'label': 'raw', 'interval': '01:00:00', 'datetimeFrom': {'utc': '2016-12-12T03:30:00Z', 'local': '2016-12-12T09:00:00+05:30'}, 'datetimeTo': {'utc': '2016-12-12T04:30:00Z', 'local': '2016-12-12T10:00:00+05:30'}}",,,"{'expectedCount': 1, 'expectedInterval': '01:00:00', 'observedCount': 1, 'observedInterval': '01:00:00', 'percentComplete': 100.0, 'percentCoverage': 100.0, 'datetimeFrom': {'utc': '2016-12-12T03:30:00Z', 'local': '2016-12-12T09:00:00+05:30'}, 'datetimeTo': {'utc': '2016-12-12T04:30:00Z', 'local': '2016-12-12T10:00:00+05:30'}}"
255.7,{'hasFlags': False},"{'id': 2, 'name': 'pm25', 'units': 'µg/m³', 'displayName': None}","{'label': 'raw', 'interval': '01:00:00', 'datetimeFrom': {'utc': '2016-12-12T04:30:00Z', 'local': '2016-12-12T10:00:00+05:30'}, 'datetimeTo': {'utc': '2016-12-12T05:30:00Z', 'local': '2016-12-12T11:00:00+05:30'}}",,,"{'expectedCount': 1, 'expectedInterval': '01:00:00', 'observedCount': 1, 'observedInterval': '01:00:00', 'percentComplete': 100.0, 'percentCoverage': 100.0, 'datetimeFrom': {'utc': '2016-12-12T04:30:00Z', 'local': '2016-12-12T10:00:00+05:30'}, 'datetimeTo': {'utc': '2016-12-12T05:30:00Z', 'local': '2016-12-12T11:00:00+05:30'}}"
255.5,{'hasFlags': False},"{'id': 2, 'name': 'pm25', 'units': 'µg/m³', 'displayName': None}","{'label': 'raw', 'interval': '01:00:00', 'datetimeFrom': {'utc': '2016-12-12T05:30:00Z', 'local': '2016-12-12T11:00:00+05:30'}, 'datetimeTo': {'utc': '2016-12-12T06:30:00Z', 'local': '2016-12-12T12:00:00+05:30'}}",,,"{'expectedCount': 1, 'expectedInterval': '01:00:00', 'observedCount': 1, 'observedInterval': '01:00:00', 'percentComplete': 100.0, 'percentCoverage': 100.0, 'datetimeFrom': {'utc': '2016-12-12T05:30:00Z', 'local': '2016-12-12T11:00:00+05:30'}, 'datetimeTo': {'utc': '2016-12-12T06:30:00Z', 'local': '2016-12-12T12:00:00+05:30'}}"
222.5,{'hasFlags': False},"{'id': 2, 'name': 'pm25', 'units': 'µg/m³', 'displayName': None}","{'label': 'raw', 'interval': '01:00:00', 'datetimeFrom': {'utc': '2016-12-12T06:30:00Z', 'local': '2016-12-12T12:00:00+05:30'}, 'datetimeTo': {'utc': '2016-12-12T07:30:00Z', 'local': '2016-12-12T13:00:00+05:30'}}",,,"{'expectedCount': 1, 'expectedInterval': '01:00:00', 'observedCount': 1, 'observedInterval': '01:00:00', 'percentComplete': 100.0, 'percentCoverage': 100.0, 'datetimeFrom': {'utc': '2016-12-12T06:30:00Z', 'local': '2016-12-12T12:00:00+05:30'}, 'datetimeTo': {'utc': '2016-12-12T07:30:00Z', 'local': '2016-12-12T13:00:00+05:30'}}"
157.0,{'hasFlags': False},"{'id': 2, 'name': 'pm25', 'units': 'µg/m³', 'displayName': None}","{'label': 'raw', 'interval': '01:00:00', 'datetimeFrom': {'utc': '2016-12-12T07:30:00Z', 'local': '2016-12-12T13:00:00+05:30'}, 'datetimeTo': {'utc': '2016-12-12T08:30:00Z', 'local': '2016-12-12T14:00:00+05:30'}}",,,"{'expectedCount': 1, 'expectedInterval': '01:00:00', 'observedCount': 1, 'observedInterval': '01:00:00', 'percentComplete': 100.0, 'percentCoverage': 100.0, 'datetimeFrom': {'utc': '2016-12-12T07:30:00Z', 'local': '2016-12-12T13:00:00+05:30'}, 'datetimeTo': {'utc': '2016-12-12T08:30:00Z', 'local': '2016-12-12T14:00:00+05:30'}}"
113.9,{'hasFlags': False},"{'id': 2, 'name': 'pm25', 'units': 'µg/m³', 'displayName': None}","{'label': 'raw', 'interval': '01:00:00', 'datetimeFrom': {'utc': '2016-12-12T08:30:00Z', 'local': '2016-12-12T14:00:00+05:30'}, 'datetimeTo': {'utc': '2016-12-12T09:30:00Z', 'local': '2016-12-12T15:00:00+05:30'}}",,,"{'expectedCount': 1, 'expectedInterval': '01:00:00', 'observedCount': 1, 'observedInterval': '01:00:00', 'percentComplete': 100.0, 'percentCoverage': 100.0, 'datetimeFrom': {'utc': '2016-12-12T08:30:00Z', 'local': '2016-12-12T14:00:00+05:30'}, 'datetimeTo': {'utc': '2016-12-12T09:30:00Z', 'local': '2016-12-12T15:00:00+05:30'}}"
85.4,{'hasFlags': False},"{'id': 2, 'name': 'pm25', 'units': 'µg/m³', 'displayName': None}","{'label': 'raw', 'interval': '01:00:00', 'datetimeFrom': {'utc': '2016-12-12T09:30:00Z', 'local': '2016-12-12T15:00:00+05:30'}, 'datetimeTo': {'utc': '2016-12-12T10:30:00Z', 'local': '2016-12-12T16:00:00+05:30'}}",,,"{'expectedCount': 1, 'expectedInterval': '01:00:00', 'observedCount': 1, 'observedInterval': '01:00:00', 'percentComplete': 100.0, 'percentCoverage': 100.0, 'datetimeFrom': {'utc': '2016-12-12T09:30:00Z', 'local': '2016-12-12T15:00:00+05:30'}, 'datetimeTo': {'utc': '2016-12-12T10:30:00Z', 'local': '2016-12-12T16:00:00+05:30'}}"
68.7,{'hasFlags': False},"{'id': 2, 'name': 'pm25', 'units': 'µg/m³', 'displayName': None}","{'label': 'raw', 'interval': '01:00:00', 'datetimeFrom': {'utc': '2016-12-12T10:30:00Z', 'local': '2016-12-12T16:00:00+05:30'}, 'datetimeTo': {'utc': '2016-12-12T11:30:00Z', 'local': '2016-12-12T17:00:00+05:30'}}",,,"{'expectedCount': 1, 'expectedInterval': '01:00:00', 'observedCount': 1, 'observedInterval': '01:00:00', 'percentComplete': 100.0, 'percentCoverage': 100.0, 'datetimeFrom': {'utc': '2016-12-12T10:30:00Z', 'local': '2016-12-12T16:00:00+05:30'}, 'datetimeTo': {'utc': '2016-12-12T11:30:00Z', 'local': '2016-12-12T17:00:00+05:30'}}"
61.3,{'hasFlags': False},"{'id': 2, 'name': 'pm25', 'units': 'µg/m³', 'displayName': None}","{'label': 'raw', 'interval': '01:00:00', 'datetimeFrom': {'utc': '2016-12-12T11:30:00Z', 'local': '2016-12-12T17:00:00+05:30'}, 'datetimeTo': {'utc': '2016-12-12T12:30:00Z', 'local': '2016-12-12T18:00:00+05:30'}}",,,"{'expectedCount': 1, 'expectedInterval': '01:00:00', 'observedCount': 1, 'observedInterval': '01:00:00', 'percentComplete': 100.0, 'percentCoverage': 100.0, 'datetimeFrom': {'utc': '2016-12-12T11:30:00Z', 'local': '2016-12-12T17:00:00+05:30'}, 'datetimeTo': {'utc': '2016-12-12T12:30:00Z', 'local': '2016-12-12T18:00:00+05:30'}}"
67.6,{'hasFlags': False},"{'id': 2, 'name': 'pm25', 'units': 'µg/m³', 'displayName': None}","{'label': 'raw', 'interval': '01:00:00', 'datetimeFrom': {'utc': '2016-12-12T12:30:00Z', 'local': '2016-12-12T18:00:00+05:30'}, 'datetimeTo': {'utc': '2016-12-12T13:30:00Z', 'local': '2016-12-12T19:00:00+05:30'}}",,,"{'expectedCount': 1, 'expectedInterval': '01:00:00', 'observedCount': 1, 'observedInterval': '01:00:00', 'percentComplete': 100.0, 'percentCoverage': 100.0, 'datetimeFrom': {'utc': '2016-12-12T12:30:00Z', 'local': '2016-12-12T18:00:00+05:30'}, 'datetimeTo': {'utc': '2016-12-12T13:30:00Z', 'local': '2016-12-12T19:00:00+05:30'}}"
74.8,{'hasFlags': False},"{'id': 2, 'name': 'pm25', 'units': 'µg/m³', 'displayName': None}","{'label': 'raw', 'interval': '01:00:00', 'datetimeFrom': {'utc': '2016-12-12T13:30:00Z', 'local': '2016-12-12T19:00:00+05:30'}, 'datetimeTo': {'utc': '2016-12-12T14:30:00Z', 'local': '2016-12-12T20:00:00+05:30'}}",,,"{'expectedCount': 1, 'expectedInterval': '01:00:00', 'observedCount': 1, 'observedInterval': '01:00:00', 'percentComplete': 100.0, 'percentCoverage': 100.0, 'datetimeFrom': {'utc': '2016-12-12T13:30:00Z', 'local': '2016-12-12T19:00:00+05:30'}, 'datetimeTo': {'utc': '2016-12-12T14:30:00Z', 'local': '2016-12-12T20:00:00+05:30'}}"
99.8,{'hasFlags': False},"{'id': 2, 'name': 'pm25', 'units': 'µg/m³', 'displayName': None}","{'label': 'raw', 'interval': '01:00:00', 'datetimeFrom': {'utc': '2016-12-12T14:30:00Z', 'local': '2016-12-12T20:00:00+05:30'}, 'datetimeTo': {'utc': '2016-12-12T15:30:00Z', 'local': '2016-12-12T21:00:00+05:30'}}",,,"{'expectedCount': 1, 'expectedInterval': '01:00:00', 'observedCount': 1, 'observedInterval': '01:00:00', 'percentComplete': 100.0, 'percentCoverage': 100.0, 'datetimeFrom': {'utc': '2016-12-12T14:30:00Z', 'local': '2016-12-12T20:00:00+05:30'}, 'datetimeTo': {'utc': '2016-12-12T15:30:00Z', 'local': '2016-12-12T21:00:00+05:30'}}"
119.9,{'hasFlags': False},"{'id': 2, 'name': 'pm25', 'units': 'µg/m³', 'displayName': None}","{'label': 'raw', 'interval': '01:00:00', 'datetimeFrom': {'utc': '2016-12-12T15:30:00Z', 'local': '2016-12-12T21:00:00+05:30'}, 'datetimeTo': {'utc': '2016-12-12T16:30:00Z', 'local': '2016-12-12T22:00:00+05:30'}}",,,"{'expectedCount': 1, 'expectedInterval': '01:00:00', 'observedCount': 1, 'observedInterval': '01:00:00', 'percentComplete': 100.0, 'percentCoverage': 100.0, 'datetimeFrom': {'utc': '2016-12-12T15:30:00Z', 'local': '2016-12-12T21:00:00+05:30'}, 'datetimeTo': {'utc': '2016-12-12T16:30:00Z', 'local': '2016-12-12T22:00:00+05:30'}}"
137.9,{'hasFlags': False},"{'id': 2, 'name': 'pm25', 'units': 'µg/m³', 'displayName': None}","{'label': 'raw', 'interval': '01:00:00', 'datetimeFrom': {'utc': '2016-12-12T16:30:00Z', 'local': '2016-12-12T22:00:00+05:30'}, 'datetimeTo': {'utc': '2016-12-12T17:30:00Z', 'local': '2016-12-12T23:00:00+05:30'}}",,,"{'expectedCount': 1, 'expectedInterval': '01:00:00', 'observedCount': 1, 'observedInterval': '01:00:00', 'percentComplete': 100.0, 'percentCoverage': 100.0, 'datetimeFrom': {'utc': '2016-12-12T16:30:00Z', 'local': '2016-12-12T22:00:00+05:30'}, 'datetimeTo': {'utc': '2016-12-12T17:30:00Z', 'local': '2016-12-12T23:00:00+05:30'}}"
150.9,{'hasFlags': False},"{'id': 2, 'name': 'pm25', 'units': 'µg/m³', 'displayName': None}","{'label': 'raw', 'interval': '01:00:00', 'datetimeFrom': {'utc': '2016-12-12T17:30:00Z', 'local': '2016-12-12T23:00:00+05:30'}, 'datetimeTo': {'utc': '2016-12-12T18:30:00Z', 'local': '2016-12-13T00:00:00+05:30'}}",,,"{'expectedCount': 1, 'expectedInterval': '01:00:00', 'observedCount': 1, 'observedInterval': '01:00:00', 'percentComplete': 100.0, 'percentCoverage': 100.0, 'datetimeFrom': {'utc': '2016-12-12T17:30:00Z', 'local': '2016-12-12T23:00:00+05:30'}, 'datetimeTo': {'utc': '2016-12-12T18:30:00Z', 'local': '2016-12-13T00:00:00+05:30'}}"
155.4,{'hasFlags': False},"{'id': 2, 'name': 'pm25', 'units': 'µg/m³', 'displayName': None}","{'label': 'raw', 'interval': '01:00:00', 'datetimeFrom': {'utc': '2016-12-12T18:30:00Z', 'local': '2016-12-13T00:00:00+05:30'}, 'datetimeTo': {'utc': '2016-12-12T19:30:00Z', 'local': '2016-12-13T01:00:00+05:30'}}",,,"{'expectedCount': 1, 'expectedInterval': '01:00:00', 'observedCount': 1, 'observedInterval': '01:00:00', 'percentComplete': 100.0, 'percentCoverage': 100.0, 'datetimeFrom': {'utc': '2016-12-12T18:30:00Z', 'local': '2016-12-13T00:00:00+05:30'}, 'datetimeTo': {'utc': '2016-12-12T19:30:00Z', 'local': '2016-12-13T01:00:00+05:30'}}"
192.7,{'hasFlags': False},"{'id': 2, 'name': 'pm25', 'units': 'µg/m³', 'displayName': None}","{'label': 'raw', 'interval': '01:00:00', 'datetimeFrom': {'utc': '2016-12-12T19:30:00Z', 'local': '2016-12-13T01:00:00+05:30'}, 'datetimeTo': {'utc': '2016-12-12T20:30:00Z', 'local': '2016-12-13T02:00:00+05:30'}}",,,"{'expectedCount': 1, 'expectedInterval': '01:00:00', 'observedCount': 1, 'observedInterval': '01:00:00', 'percentComplete': 100.0, 'percentCoverage': 100.0, 'datetimeFrom': {'utc': '2016-12-12T19:30:00Z', 'local': '2016-12-13T01:00:00+05:30'}, 'datetimeTo': {'utc': '2016-12-12T20:30:00Z', 'local': '2016-12-13T02:00:00+05:30'}}"
212.8,{'hasFlags': False},"{'id': 2, 'name': 'pm25', 'units': 'µg/m³', 'displayName': None}","{'label': 'raw', 'interval': '01:00:00', 'datetimeFrom': {'utc': '2016-12-12T20:30:00Z', 'local': '2016-12-13T02:00:00+05:30'}, 'datetimeTo': {'utc': '2016-12-12T21:30:00Z', 'local': '2016-12-13T03:00:00+05:30'}}",,,"{'expectedCount': 1, 'expectedInterval': '01:00:00', 'observedCount': 1, 'observedInterval': '01:00:00', 'percentComplete': 100.0, 'percentCoverage': 100.0, 'datetimeFrom': {'utc': '2016-12-12T20:30:00Z', 'local': '2016-12-13T02:00:00+05:30'}, 'datetimeTo': {'utc': '2016-12-12T21:30:00Z', 'local': '2016-12-13T03:00:00+05:30'}}"
223.9,{'hasFlags': False},"{'id': 2, 'name': 'pm25', 'units': 'µg/m³', 'displayName': None}","{'label': 'raw', 'interval': '01:00:00', 'datetimeFrom': {'utc': '2016-12-12T21:30:00Z', 'local': '2016-12-13T03:00:00+05:30'}, 'datetimeTo': {'utc': '2016-12-12T22:30:00Z', 'local': '2016-12-13T04:00:00+05:30'}}",,,"{'expectedCount': 1, 'expectedInterval': '01:00:00', 'observedCount': 1, 'observedInterval': '01:00:00', 'percentComplete': 100.0, 'percentCoverage': 100.0, 'datetimeFrom': {'utc': '2016-12-12T21:30:00Z', 'local': '2016-12-13T03:00:00+05:30'}, 'datetimeTo': {'utc': '2016-12-12T22:30:00Z', 'local': '2016-12-13T04:00:00+05:30'}}"
222.5,{'hasFlags': False},"{'id': 2, 'name': 'pm25', 'units': 'µg/m³', 'displayName': None}","{'label': 'raw', 'interval': '01:00:00', 'datetimeFrom': {'utc': '2016-12-12T22:30:00Z', 'local': '2016-12-13T04:00:00+05:30'}, 'datetimeTo': {'utc': '2016-12-12T23:30:00Z', 'local': '2016-12-13T05:00:00+05:30'}}",,,"{'expectedCount': 1, 'expectedInterval': '01:00:00', 'observedCount': 1, 'observedInterval': '01:00:00', 'percentComplete': 100.0, 'percentCoverage': 100.0, 'datetimeFrom': {'utc': '2016-12-12T22:30:00Z', 'local': '2016-12-13T04:00:00+05:30'}, 'datetimeTo': {'utc': '2016-12-12T23:30:00Z', 'local': '2016-12-13T05:00:00+05:30'}}"
228.7,{'hasFlags': False},"{'id': 2, 'name': 'pm25', 'units': 'µg/m³', 'displayName': None}","{'label': 'raw', 'interval': '01:00:00', 'datetimeFrom': {'utc': '2016-12-12T23:30:00Z', 'local': '2016-12-13T05:00:00+05:30'}, 'datetimeTo': {'utc': '2016-12-13T00:30:00Z', 'local': '2016-12-13T06:00:00+05:30'}}",,,"{'expectedCount': 1, 'expectedInterval': '01:00:00', 'observedCount': 1, 'observedInterval': '01:00:00', 'percentComplete': 100.0, 'percentCoverage': 100.0, 'datetimeFrom': {'utc': '2016-12-12T23:30:00Z', 'local': '2016-12-13T05:00:00+05:30'}, 'datetimeTo': {'utc': '2016-12-13T00:30:00Z', 'local': '2016-12-13T06:00:00+05:30'}}"
225.4,{'hasFlags': False},"{'id': 2, 'name': 'pm25', 'units': 'µg/m³', 'displayName': None}","{'label': 'raw', 'interval': '01:00:00', 'datetimeFrom': {'utc': '2016-12-13T00:30:00Z', 'local': '2016-12-13T06:00:00+05:30'}, 'datetimeTo': {'utc': '2016-12-13T01:30:00Z', 'local': '2016-12-13T07:00:00+05:30'}}",,,"{'expectedCount': 1, 'expectedInterval': '01:00:00', 'observedCount': 1, 'observedInterval': '01:00:00', 'percentComplete': 100.0, 'percentCoverage': 100.0, 'datetimeFrom': {'utc': '2016-12-13T00:30:00Z', 'local': '2016-12-13T06:00:00+05:30'}, 'datetimeTo': {'utc': '2016-12-13T01:30:00Z', 'local': '2016-12-13T07:00:00+05:30'}}"
223.2,{'hasFlags': False},"{'id': 2, 'name': 'pm25', 'units': 'µg/m³', 'displayName': None}","{'label': 'raw', 'interval': '01:00:00', 'datetimeFrom': {'utc': '2016-12-13T01:30:00Z', 'local': '2016-12-13T07:00:00+05:30'}, 'datetimeTo': {'utc': '2016-12-13T02:30:00Z', 'local': '2016-12-13T08:00:00+05:30'}}",,,"{'expectedCount': 1, 'expectedInterval': '01:00:00', 'observedCount': 1, 'observedInterval': '01:00:00', 'percentComplete': 100.0, 'percentCoverage': 100.0, 'datetimeFrom': {'utc': '2016-12-13T01:30:00Z', 'local': '2016-12-13T07:00:00+05:30'}, 'datetimeTo': {'utc': '2016-12-13T02:30:00Z', 'local': '2016-12-13T08:00:00+05:30'}}"
226.6,{'hasFlags': False},"{'id': 2, 'name': 'pm25', 'units': 'µg/m³', 'displayName': None}","{'label': 'raw', 'interval': '01:00:00', 'datetimeFrom': {'utc': '2016-12-13T02:30:00Z', 'local': '2016-12-13T08:00:00+05:30'}, 'datetimeTo': {'utc': '2016-12-13T03:30:00Z', 'local': '2016-12-13T09:00:00+05:30'}}",,,"{'expectedCount': 1, 'expectedInterval': '01:00:00', 'observedCount': 1, 'observedInterval': '01:00:00', 'percentComplete': 100.0, 'percentCoverage': 100.0, 'datetimeFrom': {'utc': '2016-12-13T02:30:00Z', 'local': '2016-12-13T08:00:00+05:30'}, 'datetimeTo': {'utc': '2016-12-13T03:30:00Z', 'local': '2016-12-13T09:00:00+05:30'}}"
246.7,{'hasFlags': False},"{'id': 2, 'name': 'pm25', 'units': 'µg/m³', 'displayName': None}","{'label': 'raw', 'interval': '01:00:00', 'datetimeFrom': {'utc': '2016-12-13T03:30:00Z', 'local': '2016-12-13T09:00:00+05:30'}, 'datetimeTo': {'utc': '2016-12-13T04:30:00Z', 'local': '2016-12-13T10:00:00+05:30'}}",,,"{'expectedCount': 1, 'expectedInterval': '01:00:00', 'observedCount': 1, 'observedInterval': '01:00:00', 'percentComplete': 100.0, 'percentCoverage': 100.0, 'datetimeFrom': {'utc': '2016-12-13T03:30:00Z', 'local': '2016-12-13T09:00:00+05:30'}, 'datetimeTo': {'utc': '2016-12-13T04:30:00Z', 'local': '2016-12-13T10:00:00+05:30'}}"
241.5,{'hasFlags': False},"{'id': 2, 'name': 'pm25', 'units': 'µg/m³', 'displayName': None}","{'label': 'raw', 'interval': '01:00:00', 'datetimeFrom': {'utc': '2016-12-13T04:30:00Z', 'local': '2016-12-13T10:00:00+05:30'}, 'datetimeTo': {'utc': '2016-12-13T05:30:00Z', 'local': '2016-12-13T11:00:00+05:30'}}",,,"{'expectedCount': 1, 'expectedInterval': '01:00:00', 'observedCount': 1, 'observedInterval': '01:00:00', 'percentComplete': 100.0, 'percentCoverage': 100.0, 'datetimeFrom': {'utc': '2016-12-13T04:30:00Z', 'local': '2016-12-13T10:00:00+05:30'}, 'datetimeTo': {'utc': '2016-12-13T05:30:00Z', 'local': '2016-12-13T11:00:00+05:30'}}"
241.7,{'hasFlags': False},"{'id': 2, 'name': 'pm25', 'units': 'µg/m³', 'displayName': None}","{'label': 'raw', 'interval': '01:00:00', 'datetimeFrom': {'utc': '2016-12-13T05:30:00Z', 'local': '2016-12-13T11:00:00+05:30'}, 'datetimeTo': {'utc': '2016-12-13T06:30:00Z', 'local': '2016-12-13T12:00:00+05:30'}}",,,"{'expectedCount': 1, 'expectedInterval': '01:00:00', 'observedCount': 1, 'observedInterval': '01:00:00', 'percentComplete': 100.0, 'percentCoverage': 100.0, 'datetimeFrom': {'utc': '2016-12-13T05:30:00Z', 'local': '2016-12-13T11:00:00+05:30'}, 'datetimeTo': {'utc': '2016-12-13T06:30:00Z', 'local': '2016-12-13T12:00:00+05:30'}}"
207.9,{'hasFlags': False},"{'id': 2, 'name': 'pm25', 'units': 'µg/m³', 'displayName': None}","{'label': 'raw', 'interval': '01:00:00', 'datetimeFrom': {'utc': '2016-12-13T06:30:00Z', 'local': '2016-12-13T12:00:00+05:30'}, 'datetimeTo': {'utc': '2016-12-13T07:30:00Z', 'local': '2016-12-13T13:00:00+05:30'}}",,,"{'expectedCount': 1, 'expectedInterval': '01:00:00', 'observedCount': 1, 'observedInterval': '01:00:00', 'percentComplete': 100.0, 'percentCoverage': 100.0, 'datetimeFrom': {'utc': '2016-12-13T06:30:00Z', 'local': '2016-12-13T12:00:00+05:30'}, 'datetimeTo': {'utc': '2016-12-13T07:30:00Z', 'local': '2016-12-13T13:00:00+05:30'}}"
137.0,{'hasFlags': False},"{'id': 2, 'name': 'pm25', 'units': 'µg/m³', 'displayName': None}","{'label': 'raw', 'interval': '01:00:00', 'datetimeFrom': {'utc': '2016-12-13T07:30:00Z', 'local': '2016-12-13T13:00:00+05:30'}, 'datetimeTo': {'utc': '2016-12-13T08:30:00Z', 'local': '2016-12-13T14:00:00+05:30'}}",,,"{'expectedCount': 1, 'expectedInterval': '01:00:00', 'observedCount': 1, 'observedInterval': '01:00:00', 'percentComplete': 100.0, 'percentCoverage': 100.0, 'datetimeFrom': {'utc': '2016-12-13T07:30:00Z', 'local': '2016-12-13T13:00:00+05:30'}, 'datetimeTo': {'utc': '2016-12-13T08:30:00Z', 'local': '2016-12-13T14:00:00+05:30'}}"
112.5,{'hasFlags': False},"{'id': 2, 'name': 'pm25', 'units': 'µg/m³', 'displayName': None}","{'label': 'raw', 'interval': '01:00:00', 'datetimeFrom': {'utc': '2016-12-13T08:30:00Z', 'local': '2016-12-13T14:00:00+05:30'}, 'datetimeTo': {'utc': '2016-12-13T09:30:00Z', 'local': '2016-12-13T15:00:00+05:30'}}",,,"{'expectedCount': 1, 'expectedInterval': '01:00:00', 'observedCount': 1, 'observedInterval': '01:00:00', 'percentComplete': 100.0, 'percentCoverage': 100.0, 'datetimeFrom': {'utc': '2016-12-13T08:30:00Z', 'local': '2016-12-13T14:00:00+05:30'}, 'datetimeTo': {'utc': '2016-12-13T09:30:00Z', 'local': '2016-12-13T15:00:00+05:30'}}"
94.7,{'hasFlags': False},"{'id': 2, 'name': 'pm25', 'units': 'µg/m³', 'displayName': None}","{'label': 'raw', 'interval': '01:00:00', 'datetimeFrom': {'utc': '2016-12-13T09:30:00Z', 'local': '2016-12-13T15:00:00+05:30'}, 'datetimeTo': {'utc': '2016-12-13T10:30:00Z', 'local': '2016-12-13T16:00:00+05:30'}}",,,"{'expectedCount': 1, 'expectedInterval': '01:00:00', 'observedCount': 1, 'observedInterval': '01:00:00', 'percentComplete': 100.0, 'percentCoverage': 100.0, 'datetimeFrom': {'utc': '2016-12-13T09:30:00Z', 'local': '2016-12-13T15:00:00+05:30'}, 'datetimeTo': {'utc': '2016-12-13T10:30:00Z', 'local': '2016-12-13T16:00:00+05:30'}}"
88.3,{'hasFlags': False},"{'id': 2, 'name': 'pm25', 'units': 'µg/m³', 'displayName': None}","{'label': 'raw', 'interval': '01:00:00', 'datetimeFrom': {'utc': '2016-12-13T10:30:00Z', 'local': '2016-12-13T16:00:00+05:30'}, 'datetimeTo': {'utc': '2016-12-13T11:30:00Z', 'local': '2016-12-13T17:00:00+05:30'}}",,,"{'expectedCount': 1, 'expectedInterval': '01:00:00', 'observedCount': 1, 'observedInterval': '01:00:00', 'percentComplete': 100.0, 'percentCoverage': 100.0, 'datetimeFrom': {'utc': '2016-12-13T10:30:00Z', 'local': '2016-12-13T16:00:00+05:30'}, 'datetimeTo': {'utc': '2016-12-13T11:30:00Z', 'local': '2016-12-13T17:00:00+05:30'}}"
87.6,{'hasFlags': False},"{'id': 2, 'name': 'pm25', 'units': 'µg/m³', 'displayName': None}","{'label': 'raw', 'interval': '01:00:00', 'datetimeFrom': {'utc': '2016-12-13T11:30:00Z', 'local': '2016-12-13T17:00:00+05:30'}, 'datetimeTo': {'utc': '2016-12-13T12:30:00Z', 'local': '2016-12-13T18:00:00+05:30'}}",,,"{'expectedCount': 1, 'expectedInterval': '01:00:00', 'observedCount': 1, 'observedInterval': '01:00:00', 'percentComplete': 100.0, 'percentCoverage': 100.0, 'datetimeFrom': {'utc': '2016-12-13T11:30:00Z', 'local': '2016-12-13T17:00:00+05:30'}, 'datetimeTo': {'utc': '2016-12-13T12:30:00Z', 'local': '2016-12-13T18:00:00+05:30'}}"
84.3,{'hasFlags': False},"{'id': 2, 'name': 'pm25', 'units': 'µg/m³', 'displayName': None}","{'label': 'raw', 'interval': '01:00:00', 'datetimeFrom': {'utc': '2016-12-13T12:30:00Z', 'local': '2016-12-13T18:00:00+05:30'}, 'datetimeTo': {'utc': '2016-12-13T13:30:00Z', 'local': '2016-12-13T19:00:00+05:30'}}",,,"{'expectedCount': 1, 'expectedInterval': '01:00:00', 'observedCount': 1, 'observedInterval': '01:00:00', 'percentComplete': 100.0, 'percentCoverage': 100.0, 'datetimeFrom': {'utc': '2016-12-13T12:30:00Z', 'local': '2016-12-13T18:00:00+05:30'}, 'datetimeTo': {'utc': '2016-12-13T13:30:00Z', 'local': '2016-12-13T19:00:00+05:30'}}"
89.1,{'hasFlags': False},"{'id': 2, 'name': 'pm25', 'units': 'µg/m³', 'displayName': None}","{'label': 'raw', 'interval': '01:00:00', 'datetimeFrom': {'utc': '2016-12-13T13:30:00Z', 'local': '2016-12-13T19:00:00+05:30'}, 'datetimeTo': {'utc': '2016-12-13T14:30:00Z', 'local': '2016-12-13T20:00:00+05:30'}}",,,"{'expectedCount': 1, 'expectedInterval': '01:00:00', 'observedCount': 1, 'observedInterval': '01:00:00', 'percentComplete': 100.0, 'percentCoverage': 100.0, 'datetimeFrom': {'utc': '2016-12-13T13:30:00Z', 'local': '2016-12-13T19:00:00+05:30'}, 'datetimeTo': {'utc': '2016-12-13T14:30:00Z', 'local': '2016-12-13T20:00:00+05:30'}}"
123.0,{'hasFlags': False},"{'id': 2, 'name': 'pm25', 'units': 'µg/m³', 'displayName': None}","{'label': 'raw', 'interval': '01:00:00', 'datetimeFrom': {'utc': '2016-12-13T14:30:00Z', 'local': '2016-12-13T20:00:00+05:30'}, 'datetimeTo': {'utc': '2016-12-13T15:30:00Z', 'local': '2016-12-13T21:00:00+05:30'}}",,,"{'expectedCount': 1, 'expectedInterval': '01:00:00', 'observedCount': 1, 'observedInterval': '01:00:00', 'percentComplete': 100.0, 'percentCoverage': 100.0, 'datetimeFrom': {'utc': '2016-12-13T14:30:00Z', 'local': '2016-12-13T20:00:00+05:30'}, 'datetimeTo': {'utc': '2016-12-13T15:30:00Z', 'local': '2016-12-13T21:00:00+05:30'}}"
134.5,{'hasFlags': False},"{'id': 2, 'name': 'pm25', 'units': 'µg/m³', 'displayName': None}","{'label': 'raw', 'interval': '01:00:00', 'datetimeFrom': {'utc': '2016-12-13T15:30:00Z', 'local': '2016-12-13T21:00:00+05:30'}, 'datetimeTo': {'utc': '2016-12-13T16:30:00Z', 'local': '2016-12-13T22:00:00+05:30'}}",,,"{'expectedCount': 1, 'expectedInterval': '01:00:00', 'observedCount': 1, 'observedInterval': '01:00:00', 'percentComplete': 100.0, 'percentCoverage': 100.0, 'datetimeFrom': {'utc': '2016-12-13T15:30:00Z', 'local': '2016-12-13T21:00:00+05:30'}, 'datetimeTo': {'utc': '2016-12-13T16:30:00Z', 'local': '2016-12-13T22:00:00+05:30'}}"
147.2,{'hasFlags': False},"{'id': 2, 'name': 'pm25', 'units': 'µg/m³', 'displayName': None}","{'label': 'raw', 'interval': '01:00:00', 'datetimeFrom': {'utc': '2016-12-13T16:30:00Z', 'local': '2016-12-13T22:00:00+05:30'}, 'datetimeTo': {'utc': '2016-12-13T17:30:00Z', 'local': '2016-12-13T23:00:00+05:30'}}",,,"{'expectedCount': 1, 'expectedInterval': '01:00:00', 'observedCount': 1, 'observedInterval': '01:00:00', 'percentComplete': 100.0, 'percentCoverage': 100.0, 'datetimeFrom': {'utc': '2016-12-13T16:30:00Z', 'local': '2016-12-13T22:00:00+05:30'}, 'datetimeTo': {'utc': '2016-12-13T17:30:00Z', 'local': '2016-12-13T23:00:00+05:30'}}"
161.6,{'hasFlags': False},"{'id': 2, 'name': 'pm25', 'units': 'µg/m³', 'displayName': None}","{'label': 'raw', 'interval': '01:00:00', 'datetimeFrom': {'utc': '2016-12-13T17:30:00Z', 'local': '2016-12-13T23:00:00+05:30'}, 'datetimeTo': {'utc': '2016-12-13T18:30:00Z', 'local': '2016-12-14T00:00:00+05:30'}}",,,"{'expectedCount': 1, 'expectedInterval': '01:00:00', 'observedCount': 1, 'observedInterval': '01:00:00', 'percentComplete': 100.0, 'percentCoverage': 100.0, 'datetimeFrom': {'utc': '2016-12-13T17:30:00Z', 'local': '2016-12-13T23:00:00+05:30'}, 'datetimeTo': {'utc': '2016-12-13T18:30:00Z', 'local': '2016-12-14T00:00:00+05:30'}}"
169.8,{'hasFlags': False},"{'id': 2, 'name': 'pm25', 'units': 'µg/m³', 'displayName': None}","{'label': 'raw', 'interval': '01:00:00', 'datetimeFrom': {'utc': '2016-12-13T18:30:00Z', 'local': '2016-12-14T00:00:00+05:30'}, 'datetimeTo': {'utc': '2016-12-13T19:30:00Z', 'local': '2016-12-14T01:00:00+05:30'}}",,,"{'expectedCount': 1, 'expectedInterval': '01:00:00', 'observedCount': 1, 'observedInterval': '01:00:00', 'percentComplete': 100.0, 'percentCoverage': 100.0, 'datetimeFrom': {'utc': '2016-12-13T18:30:00Z', 'local': '2016-12-14T00:00:00+05:30'}, 'datetimeTo': {'utc': '2016-12-13T19:30:00Z', 'local': '2016-12-14T01:00:00+05:30'}}"
159.9,{'hasFlags': False},"{'id': 2, 'name': 'pm25', 'units': 'µg/m³', 'displayName': None}","{'label': 'raw', 'interval': '01:00:00', 'datetimeFrom': {'utc': '2016-12-13T19:30:00Z', 'local': '2016-12-14T01:00:00+05:30'}, 'datetimeTo': {'utc': '2016-12-13T20:30:00Z', 'local': '2016-12-14T02:00:00+05:30'}}",,,"{'expectedCount': 1, 'expectedInterval': '01:00:00', 'observedCount': 1, 'observedInterval': '01:00:00', 'percentComplete': 100.0, 'percentCoverage': 100.0, 'datetimeFrom': {'utc': '2016-12-13T19:30:00Z', 'local': '2016-12-14T01:00:00+05:30'}, 'datetimeTo': {'utc': '2016-12-13T20:30:00Z', 'local': '2016-12-14T02:00:00+05:30'}}"
150.4,{'hasFlags': False},"{'id': 2, 'name': 'pm25', 'units': 'µg/m³', 'displayName': None}","{'label': 'raw', 'interval': '01:00:00', 'datetimeFrom': {'utc': '2016-12-13T20:30:00Z', 'local': '2016-12-14T02:00:00+05:30'}, 'datetimeTo': {'utc': '2016-12-13T21:30:00Z', 'local': '2016-12-14T03:00:00+05:30'}}",,,"{'expectedCount': 1, 'expectedInterval': '01:00:00', 'observedCount': 1, 'observedInterval': '01:00:00', 'percentComplete': 100.0, 'percentCoverage': 100.0, 'datetimeFrom': {'utc': '2016-12-13T20:30:00Z', 'local': '2016-12-14T02:00:00+05:30'}, 'datetimeTo': {'utc': '2016-12-13T21:30:00Z', 'local': '2016-12-14T03:00:00+05:30'}}"
145.2,{'hasFlags': False},"{'id': 2, 'name': 'pm25', 'units': 'µg/m³', 'displayName': None}","{'label': 'raw', 'interval': '01:00:00', 'datetimeFrom': {'utc': '2016-12-13T21:30:00Z', 'local': '2016-12-14T03:00:00+05:30'}, 'datetimeTo': {'utc': '2016-12-13T22:30:00Z', 'local': '2016-12-14T04:00:00+05:30'}}",,,"{'expectedCount': 1, 'expectedInterval': '01:00:00', 'observedCount': 1, 'observedInterval': '01:00:00', 'percentComplete': 100.0, 'percentCoverage': 100.0, 'datetimeFrom': {'utc': '2016-12-13T21:30:00Z', 'local': '2016-12-14T03:00:00+05:30'}, 'datetimeTo': {'utc': '2016-12-13T22:30:00Z', 'local': '2016-12-14T04:00:00+05:30'}}"
145.2,{'hasFlags': False},"{'id': 2, 'name': 'pm25', 'units': 'µg/m³', 'displayName': None}","{'label': 'raw', 'interval': '01:00:00', 'datetimeFrom': {'utc': '2016-12-13T22:30:00Z', 'local': '2016-12-14T04:00:00+05:30'}, 'datetimeTo': {'utc': '2016-12-13T23:30:00Z', 'local': '2016-12-14T05:00:00+05:30'}}",,,"{'expectedCount': 1, 'expectedInterval': '01:00:00', 'observedCount': 1, 'observedInterval': '01:00:00', 'percentComplete': 100.0, 'percentCoverage': 100.0, 'datetimeFrom': {'utc': '2016-12-13T22:30:00Z', 'local': '2016-12-14T04:00:00+05:30'}, 'datetimeTo': {'utc': '2016-12-13T23:30:00Z', 'local': '2016-12-14T05:00:00+05:30'}}"
,{'hasFlags': True},"{'id': 2, 'name': 'pm25', 'units': 'µg/m³', 'displayName': None}","{'label': 'raw', 'interval': '01:00:00', 'datetimeFrom': {'utc': '2016-12-13T23:30:00Z', 'local': '2016-12-14T05:00:00+05:30'}, 'datetimeTo': {'utc': '2016-12-14T00:30:00Z', 'local': '2016-12-14T06:00:00+05:30'}}",,,"{'expectedCount': 1, 'expectedInterval': '01:00:00', 'observedCount': 1, 'observedInterval': '01:00:00', 'percentComplete': 100.0, 'percentCoverage': 100.0, 'datetimeFrom': {'utc': '2016-12-13T23:30:00Z', 'local': '2016-12-14T05:00:00+05:30'}, 'datetimeTo': {'utc': '2016-12-14T00:30:00Z', 'local': '2016-12-14T06:00:00+05:30'}}"
172.0,{'hasFlags': True},"{'id': 2, 'name': 'pm25', 'units': 'µg/m³', 'displayName': None}","{'label': 'raw', 'interval': '01:00:00', 'datetimeFrom': {'utc': '2016-12-14T00:30:00Z', 'local': '2016-12-14T06:00:00+05:30'}, 'datetimeTo': {'utc': '2016-12-14T01:30:00Z', 'local': '2016-12-14T07:00:00+05:30'}}",,,"{'expectedCount': 1, 'expectedInterval': '01:00:00', 'observedCount': 1, 'observedInterval': '01:00:00', 'percentComplete': 100.0, 'percentCoverage': 100.0, 'datetimeFrom': {'utc': '2016-12-14T00:30:00Z', 'local': '2016-12-14T06:00:00+05:30'}, 'datetimeTo': {'utc': '2016-12-14T01:30:00Z', 'local': '2016-12-14T07:00:00+05:30'}}"
169.6,{'hasFlags': False},"{'id': 2, 'name': 'pm25', 'units': 'µg/m³', 'displayName': None}","{'label': 'raw', 'interval': '01:00:00', 'datetimeFrom': {'utc': '2016-12-14T01:30:00Z', 'local': '2016-12-14T07:00:00+05:30'}, 'datetimeTo': {'utc': '2016-12-14T02:30:00Z', 'local': '2016-12-14T08:00:00+05:30'}}",,,"{'expectedCount': 1, 'expectedInterval': '01:00:00', 'observedCount': 1, 'observedInterval': '01:00:00', 'percentComplete': 100.0, 'percentCoverage': 100.0, 'datetimeFrom': {'utc': '2016-12-14T01:30:00Z', 'local': '2016-12-14T07:00:00+05:30'}, 'datetimeTo': {'utc': '2016-12-14T02:30:00Z', 'local': '2016-12-14T08:00:00+05:30'}}"
173.0,{'hasFlags': False},"{'id': 2, 'name': 'pm25', 'units': 'µg/m³', 'displayName': None}","{'label': 'raw', 'interval': '01:00:00', 'datetimeFrom': {'utc': '2016-12-14T02:30:00Z', 'local': '2016-12-14T08:00:00+05:30'}, 'datetimeTo': {'utc': '2016-12-14T03:30:00Z', 'local': '2016-12-14T09:00:00+05:30'}}",,,"{'expectedCount': 1, 'expectedInterval': '01:00:00', 'observedCount': 1, 'observedInterval': '01:00:00', 'percentComplete': 100.0, 'percentCoverage': 100.0, 'datetimeFrom': {'utc': '2016-12-14T02:30:00Z', 'local': '2016-12-14T08:00:00+05:30'}, 'datetimeTo': {'utc': '2016-12-14T03:30:00Z', 'local': '2016-12-14T09:00:00+05:30'}}"
177.3,{'hasFlags': False},"{'id': 2, 'name': 'pm25', 'units': 'µg/m³', 'displayName': None}","{'label': 'raw', 'interval': '01:00:00', 'datetimeFrom': {'utc': '2016-12-14T03:30:00Z', 'local': '2016-12-14T09:00:00+05:30'}, 'datetimeTo': {'utc': '2016-12-14T04:30:00Z', 'local': '2016-12-14T10:00:00+05:30'}}",,,"{'expectedCount': 1, 'expectedInterval': '01:00:00', 'observedCount': 1, 'observedInterval': '01:00:00', 'percentComplete': 100.0, 'percentCoverage': 100.0, 'datetimeFrom': {'utc': '2016-12-14T03:30:00Z', 'local': '2016-12-14T09:00:00+05:30'}, 'datetimeTo': {'utc': '2016-12-14T04:30:00Z', 'local': '2016-12-14T10:00:00+05:30'}}"
175.4,{'hasFlags': False},"{'id': 2, 'name': 'pm25', 'units': 'µg/m³', 'displayName': None}","{'label': 'raw', 'interval': '01:00:00', 'datetimeFrom': {'utc': '2016-12-14T04:30:00Z', 'local': '2016-12-14T10:00:00+05:30'}, 'datetimeTo': {'utc': '2016-12-14T05:30:00Z', 'local': '2016-12-14T11:00:00+05:30'}}",,,"{'expectedCount': 1, 'expectedInterval': '01:00:00', 'observedCount': 1, 'observedInterval': '01:00:00', 'percentComplete': 100.0, 'percentCoverage': 100.0, 'datetimeFrom': {'utc': '2016-12-14T04:30:00Z', 'local': '2016-12-14T10:00:00+05:30'}, 'datetimeTo': {'utc': '2016-12-14T05:30:00Z', 'local': '2016-12-14T11:00:00+05:30'}}"
168.2,{'hasFlags': False},"{'id': 2, 'name': 'pm25', 'units': 'µg/m³', 'displayName': None}","{'label': 'raw', 'interval': '01:00:00', 'datetimeFrom': {'utc': '2016-12-14T05:30:00Z', 'local': '2016-12-14T11:00:00+05:30'}, 'datetimeTo': {'utc': '2016-12-14T06:30:00Z', 'local': '2016-12-14T12:00:00+05:30'}}",,,"{'expectedCount': 1, 'expectedInterval': '01:00:00', 'observedCount': 1, 'observedInterval': '01:00:00', 'percentComplete': 100.0, 'percentCoverage': 100.0, 'datetimeFrom': {'utc': '2016-12-14T05:30:00Z', 'local': '2016-12-14T11:00:00+05:30'}, 'datetimeTo': {'utc': '2016-12-14T06:30:00Z', 'local': '2016-12-14T12:00:00+05:30'}}"
159.5,{'hasFlags': False},"{'id': 2, 'name': 'pm25', 'units': 'µg/m³', 'displayName': None}","{'label': 'raw', 'interval': '01:00:00', 'datetimeFrom': {'utc': '2016-12-14T06:30:00Z', 'local': '2016-12-14T12:00:00+05:30'}, 'datetimeTo': {'utc': '2016-12-14T07:30:00Z', 'local': '2016-12-14T13:00:00+05:30'}}",,,"{'expectedCount': 1, 'expectedInterval': '01:00:00', 'observedCount': 1, 'observedInterval': '01:00:00', 'percentComplete': 100.0, 'percentCoverage': 100.0, 'datetimeFrom': {'utc': '2016-12-14T06:30:00Z', 'local': '2016-12-14T12:00:00+05:30'}, 'datetimeTo': {'utc': '2016-12-14T07:30:00Z', 'local': '2016-12-14T13:00:00+05:30'}}"
150.7,{'hasFlags': False},"{'id': 2, 'name': 'pm25', 'units': 'µg/m³', 'displayName': None}","{'label': 'raw', 'interval': '01:00:00', 'datetimeFrom': {'utc': '2016-12-14T07:30:00Z', 'local': '2016-12-14T13:00:00+05:30'}, 'datetimeTo': {'utc': '2016-12-14T08:30:00Z', 'local': '2016-12-14T14:00:00+05:30'}}",,,"{'expectedCount': 1, 'expectedInterval': '01:00:00', 'observedCount': 1, 'observedInterval': '01:00:00', 'percentComplete': 100.0, 'percentCoverage': 100.0, 'datetimeFrom': {'utc': '2016-12-14T07:30:00Z', 'local': '2016-12-14T13:00:00+05:30'}, 'datetimeTo': {'utc': '2016-12-14T08:30:00Z', 'local': '2016-12-14T14:00:00+05:30'}}"
118.3,{'hasFlags': False},"{'id': 2, 'name': 'pm25', 'units': 'µg/m³', 'displayName': None}","{'label': 'raw', 'interval': '01:00:00', 'datetimeFrom': {'utc': '2016-12-14T08:30:00Z', 'local': '2016-12-14T14:00:00+05:30'}, 'datetimeTo': {'utc': '2016-12-14T09:30:00Z', 'local': '2016-12-14T15:00:00+05:30'}}",,,"{'expectedCount': 1, 'expectedInterval': '01:00:00', 'observedCount': 1, 'observedInterval': '01:00:00', 'percentComplete': 100.0, 'percentCoverage': 100.0, 'datetimeFrom': {'utc': '2016-12-14T08:30:00Z', 'local': '2016-12-14T14:00:00+05:30'}, 'datetimeTo': {'utc': '2016-12-14T09:30:00Z', 'local': '2016-12-14T15:00:00+05:30'}}"
95.1,{'hasFlags': False},"{'id': 2, 'name': 'pm25', 'units': 'µg/m³', 'displayName': None}","{'label': 'raw', 'interval': '01:00:00', 'datetimeFrom': {'utc': '2016-12-14T09:30:00Z', 'local': '2016-12-14T15:00:00+05:30'}, 'datetimeTo': {'utc': '2016-12-14T10:30:00Z', 'local': '2016-12-14T16:00:00+05:30'}}",,,"{'expectedCount': 1, 'expectedInterval': '01:00:00', 'observedCount': 1, 'observedInterval': '01:00:00', 'percentComplete': 100.0, 'percentCoverage': 100.0, 'datetimeFrom': {'utc': '2016-12-14T09:30:00Z', 'local': '2016-12-14T15:00:00+05:30'}, 'datetimeTo': {'utc': '2016-12-14T10:30:00Z', 'local': '2016-12-14T16:00:00+05:30'}}"
78.5,{'hasFlags': False},"{'id': 2, 'name': 'pm25', 'units': 'µg/m³', 'displayName': None}","{'label': 'raw', 'interval': '01:00:00', 'datetimeFrom': {'utc': '2016-12-14T10:30:00Z', 'local': '2016-12-14T16:00:00+05:30'}, 'datetimeTo': {'utc': '2016-12-14T11:30:00Z', 'local': '2016-12-14T17:00:00+05:30'}}",,,"{'expectedCount': 1, 'expectedInterval': '01:00:00', 'observedCount': 1, 'observedInterval': '01:00:00', 'percentComplete': 100.0, 'percentCoverage': 100.0, 'datetimeFrom': {'utc': '2016-12-14T10:30:00Z', 'local': '2016-12-14T16:00:00+05:30'}, 'datetimeTo': {'utc': '2016-12-14T11:30:00Z', 'local': '2016-12-14T17:00:00+05:30'}}"
78.7,{'hasFlags': False},"{'id': 2, 'name': 'pm25', 'units': 'µg/m³', 'displayName': None}","{'label': 'raw', 'interval': '01:00:00', 'datetimeFrom': {'utc': '2016-12-14T11:30:00Z', 'local': '2016-12-14T17:00:00+05:30'}, 'datetimeTo': {'utc': '2016-12-14T12:30:00Z', 'local': '2016-12-14T18:00:00+05:30'}}",,,"{'expectedCount': 1, 'expectedInterval': '01:00:00', 'observedCount': 1, 'observedInterval': '01:00:00', 'percentComplete': 100.0, 'percentCoverage': 100.0, 'datetimeFrom': {'utc': '2016-12-14T11:30:00Z', 'local': '2016-12-14T17:00:00+05:30'}, 'datetimeTo': {'utc': '2016-12-14T12:30:00Z', 'local': '2016-12-14T18:00:00+05:30'}}"
82.8,{'hasFlags': False},"{'id': 2, 'name': 'pm25', 'units': 'µg/m³', 'displayName': None}","{'label': 'raw', 'interval': '01:00:00', 'datetimeFrom': {'utc': '2016-12-14T12:30:00Z', 'local': '2016-12-14T18:00:00+05:30'}, 'datetimeTo': {'utc': '2016-12-14T13:30:00Z', 'local': '2016-12-14T19:00:00+05:30'}}",,,"{'expectedCount': 1, 'expectedInterval': '01:00:00', 'observedCount': 1, 'observedInterval': '01:00:00', 'percentComplete': 100.0, 'percentCoverage': 100.0, 'datetimeFrom': {'utc': '2016-12-14T12:30:00Z', 'local': '2016-12-14T18:00:00+05:30'}, 'datetimeTo': {'utc': '2016-12-14T13:30:00Z', 'local': '2016-12-14T19:00:00+05:30'}}"
92.4,{'hasFlags': False},"{'id': 2, 'name': 'pm25', 'units': 'µg/m³', 'displayName': None}","{'label': 'raw', 'interval': '01:00:00', 'datetimeFrom': {'utc': '2016-12-14T13:30:00Z', 'local': '2016-12-14T19:00:00+05:30'}, 'datetimeTo': {'utc': '2016-12-14T14:30:00Z', 'local': '2016-12-14T20:00:00+05:30'}}",,,"{'expectedCount': 1, 'expectedInterval': '01:00:00', 'observedCount': 1, 'observedInterval': '01:00:00', 'percentComplete': 100.0, 'percentCoverage': 100.0, 'datetimeFrom': {'utc': '2016-12-14T13:30:00Z', 'local': '2016-12-14T19:00:00+05:30'}, 'datetimeTo': {'utc': '2016-12-14T14:30:00Z', 'local': '2016-12-14T20:00:00+05:30'}}"
124.7,{'hasFlags': False},"{'id': 2, 'name': 'pm25', 'units': 'µg/m³', 'displayName': None}","{'label': 'raw', 'interval': '01:00:00', 'datetimeFrom': {'utc': '2016-12-14T14:30:00Z', 'local': '2016-12-14T20:00:00+05:30'}, 'datetimeTo': {'utc': '2016-12-14T15:30:00Z', 'local': '2016-12-14T21:00:00+05:30'}}",,,"{'expectedCount': 1, 'expectedInterval': '01:00:00', 'observedCount': 1, 'observedInterval': '01:00:00', 'percentComplete': 100.0, 'percentCoverage': 100.0, 'datetimeFrom': {'utc': '2016-12-14T14:30:00Z', 'local': '2016-12-14T20:00:00+05:30'}, 'datetimeTo': {'utc': '2016-12-14T15:30:00Z', 'local': '2016-12-14T21:00:00+05:30'}}"
161.3,{'hasFlags': False},"{'id': 2, 'name': 'pm25', 'units': 'µg/m³', 'displayName': None}","{'label': 'raw', 'interval': '01:00:00', 'datetimeFrom': {'utc': '2016-12-14T15:30:00Z', 'local': '2016-12-14T21:00:00+05:30'}, 'datetimeTo': {'utc': '2016-12-14T16:30:00Z', 'local': '2016-12-14T22:00:00+05:30'}}",,,"{'expectedCount': 1, 'expectedInterval': '01:00:00', 'observedCount': 1, 'observedInterval': '01:00:00', 'percentComplete': 100.0, 'percentCoverage': 100.0, 'datetimeFrom': {'utc': '2016-12-14T15:30:00Z', 'local': '2016-12-14T21:00:00+05:30'}, 'datetimeTo': {'utc': '2016-12-14T16:30:00Z', 'local': '2016-12-14T22:00:00+05:30'}}"
187.6,{'hasFlags': False},"{'id': 2, 'name': 'pm25', 'units': 'µg/m³', 'displayName': None}","{'label': 'raw', 'interval': '01:00:00', 'datetimeFrom': {'utc': '2016-12-14T16:30:00Z', 'local': '2016-12-14T22:00:00+05:30'}, 'datetimeTo': {'utc': '2016-12-14T17:30:00Z', 'local': '2016-12-14T23:00:00+05:30'}}",,,"{'expectedCount': 1, 'expectedInterval': '01:00:00', 'observedCount': 1, 'observedInterval': '01:00:00', 'percentComplete': 100.0, 'percentCoverage': 100.0, 'datetimeFrom': {'utc': '2016-12-14T16:30:00Z', 'local': '2016-12-14T22:00:00+05:30'}, 'datetimeTo': {'utc': '2016-12-14T17:30:00Z', 'local': '2016-12-14T23:00:00+05:30'}}"
185.8,{'hasFlags': False},"{'id': 2, 'name': 'pm25', 'units': 'µg/m³', 'displayName': None}","{'label': 'raw', 'interval': '01:00:00', 'datetimeFrom': {'utc': '2016-12-14T17:30:00Z', 'local': '2016-12-14T23:00:00+05:30'}, 'datetimeTo': {'utc': '2016-12-14T18:30:00Z', 'local': '2016-12-15T00:00:00+05:30'}}",,,"{'expectedCount': 1, 'expectedInterval': '01:00:00', 'observedCount': 1, 'observedInterval': '01:00:00', 'percentComplete': 100.0, 'percentCoverage': 100.0, 'datetimeFrom': {'utc': '2016-12-14T17:30:00Z', 'local': '2016-12-14T23:00:00+05:30'}, 'datetimeTo': {'utc': '2016-12-14T18:30:00Z', 'local': '2016-12-15T00:00:00+05:30'}}"
190.9,{'hasFlags': False},"{'id': 2, 'name': 'pm25', 'units': 'µg/m³', 'displayName': None}","{'label': 'raw', 'interval': '01:00:00', 'datetimeFrom': {'utc': '2016-12-14T18:30:00Z', 'local': '2016-12-15T00:00:00+05:30'}, 'datetimeTo': {'utc': '2016-12-14T19:30:00Z', 'local': '2016-12-15T01:00:00+05:30'}}",,,"{'expectedCount': 1, 'expectedInterval': '01:00:00', 'observedCount': 1, 'observedInterval': '01:00:00', 'percentComplete': 100.0, 'percentCoverage': 100.0, 'datetimeFrom': {'utc': '2016-12-14T18:30:00Z', 'local': '2016-12-15T00:00:00+05:30'}, 'datetimeTo': {'utc': '2016-12-14T19:30:00Z', 'local': '2016-12-15T01:00:00+05:30'}}"
197.4,{'hasFlags': False},"{'id': 2, 'name': 'pm25', 'units': 'µg/m³', 'displayName': None}","{'label': 'raw', 'interval': '01:00:00', 'datetimeFrom': {'utc': '2016-12-14T19:30:00Z', 'local': '2016-12-15T01:00:00+05:30'}, 'datetimeTo': {'utc': '2016-12-14T20:30:00Z', 'local': '2016-12-15T02:00:00+05:30'}}",,,"{'expectedCount': 1, 'expectedInterval': '01:00:00', 'observedCount': 1, 'observedInterval': '01:00:00', 'percentComplete': 100.0, 'percentCoverage': 100.0, 'datetimeFrom': {'utc': '2016-12-14T19:30:00Z', 'local': '2016-12-15T01:00:00+05:30'}, 'datetimeTo': {'utc': '2016-12-14T20:30:00Z', 'local': '2016-12-15T02:00:00+05:30'}}"
189.7,{'hasFlags': False},"{'id': 2, 'name': 'pm25', 'units': 'µg/m³', 'displayName': None}","{'label': 'raw', 'interval': '01:00:00', 'datetimeFrom': {'utc': '2016-12-14T20:30:00Z', 'local': '2016-12-15T02:00:00+05:30'}, 'datetimeTo': {'utc': '2016-12-14T21:30:00Z', 'local': '2016-12-15T03:00:00+05:30'}}",,,"{'expectedCount': 1, 'expectedInterval': '01:00:00', 'observedCount': 1, 'observedInterval': '01:00:00', 'percentComplete': 100.0, 'percentCoverage': 100.0, 'datetimeFrom': {'utc': '2016-12-14T20:30:00Z', 'local': '2016-12-15T02:00:00+05:30'}, 'datetimeTo': {'utc': '2016-12-14T21:30:00Z', 'local': '2016-12-15T03:00:00+05:30'}}"
193.3,{'hasFlags': False},"{'id': 2, 'name': 'pm25', 'units': 'µg/m³', 'displayName': None}","{'label': 'raw', 'interval': '01:00:00', 'datetimeFrom': {'utc': '2016-12-14T21:30:00Z', 'local': '2016-12-15T03:00:00+05:30'}, 'datetimeTo': {'utc': '2016-12-14T22:30:00Z', 'local': '2016-12-15T04:00:00+05:30'}}",,,"{'expectedCount': 1, 'expectedInterval': '01:00:00', 'observedCount': 1, 'observedInterval': '01:00:00', 'percentComplete': 100.0, 'percentCoverage': 100.0, 'datetimeFrom': {'utc': '2016-12-14T21:30:00Z', 'local': '2016-12-15T03:00:00+05:30'}, 'datetimeTo': {'utc': '2016-12-14T22:30:00Z', 'local': '2016-12-15T04:00:00+05:30'}}"
199.2,{'hasFlags': False},"{'id': 2, 'name': 'pm25', 'units': 'µg/m³', 'displayName': None}","{'label': 'raw', 'interval': '01:00:00', 'datetimeFrom': {'utc': '2016-12-14T22:30:00Z', 'local': '2016-12-15T04:00:00+05:30'}, 'datetimeTo': {'utc': '2016-12-14T23:30:00Z', 'local': '2016-12-15T05:00:00+05:30'}}",,,"{'expectedCount': 1, 'expectedInterval': '01:00:00', 'observedCount': 1, 'observedInterval': '01:00:00', 'percentComplete': 100.0, 'percentCoverage': 100.0, 'datetimeFrom': {'utc': '2016-12-14T22:30:00Z', 'local': '2016-12-15T04:00:00+05:30'}, 'datetimeTo': {'utc': '2016-12-14T23:30:00Z', 'local': '2016-12-15T05:00:00+05:30'}}"
197.1,{'hasFlags': False},"{'id': 2, 'name': 'pm25', 'units': 'µg/m³', 'displayName': None}","{'label': 'raw', 'interval': '01:00:00', 'datetimeFrom': {'utc': '2016-12-14T23:30:00Z', 'local': '2016-12-15T05:00:00+05:30'}, 'datetimeTo': {'utc': '2016-12-15T00:30:00Z', 'local': '2016-12-15T06:00:00+05:30'}}",,,"{'expectedCount': 1, 'expectedInterval': '01:00:00', 'observedCount': 1, 'observedInterval': '01:00:00', 'percentComplete': 100.0, 'percentCoverage': 100.0, 'datetimeFrom': {'utc': '2016-12-14T23:30:00Z', 'local': '2016-12-15T05:00:00+05:30'}, 'datetimeTo': {'utc': '2016-12-15T00:30:00Z', 'local': '2016-12-15T06:00:00+05:30'}}"
193.5,{'hasFlags': False},"{'id': 2, 'name': 'pm25', 'units': 'µg/m³', 'displayName': None}","{'label': 'raw', 'interval': '01:00:00', 'datetimeFrom': {'utc': '2016-12-15T00:30:00Z', 'local': '2016-12-15T06:00:00+05:30'}, 'datetimeTo': {'utc': '2016-12-15T01:30:00Z', 'local': '2016-12-15T07:00:00+05:30'}}",,,"{'expectedCount': 1, 'expectedInterval': '01:00:00', 'observedCount': 1, 'observedInterval': '01:00:00', 'percentComplete': 100.0, 'percentCoverage': 100.0, 'datetimeFrom': {'utc': '2016-12-15T00:30:00Z', 'local': '2016-12-15T06:00:00+05:30'}, 'datetimeTo': {'utc': '2016-12-15T01:30:00Z', 'local': '2016-12-15T07:00:00+05:30'}}"
199.2,{'hasFlags': False},"{'id': 2, 'name': 'pm25', 'units': 'µg/m³', 'displayName': None}","{'label': 'raw', 'interval': '01:00:00', 'datetimeFrom': {'utc': '2016-12-15T01:30:00Z', 'local': '2016-12-15T07:00:00+05:30'}, 'datetimeTo': {'utc': '2016-12-15T02:30:00Z', 'local': '2016-12-15T08:00:00+05:30'}}",,,"{'expectedCount': 1, 'expectedInterval': '01:00:00', 'observedCount': 1, 'observedInterval': '01:00:00', 'percentComplete': 100.0, 'percentCoverage': 100.0, 'datetimeFrom': {'utc': '2016-12-15T01:30:00Z', 'local': '2016-12-15T07:00:00+05:30'}, 'datetimeTo': {'utc': '2016-12-15T02:30:00Z', 'local': '2016-12-15T08:00:00+05:30'}}"
204.3,{'hasFlags': False},"{'id': 2, 'name': 'pm25', 'units': 'µg/m³', 'displayName': None}","{'label': 'raw', 'interval': '01:00:00', 'datetimeFrom': {'utc': '2016-12-15T02:30:00Z', 'local': '2016-12-15T08:00:00+05:30'}, 'datetimeTo': {'utc': '2016-12-15T03:30:00Z', 'local': '2016-12-15T09:00:00+05:30'}}",,,"{'expectedCount': 1, 'expectedInterval': '01:00:00', 'observedCount': 1, 'observedInterval': '01:00:00', 'percentComplete': 100.0, 'percentCoverage': 100.0, 'datetimeFrom': {'utc': '2016-12-15T02:30:00Z', 'local': '2016-12-15T08:00:00+05:30'}, 'datetimeTo': {'utc': '2016-12-15T03:30:00Z', 'local': '2016-12-15T09:00:00+05:30'}}"
207.6,{'hasFlags': False},"{'id': 2, 'name': 'pm25', 'units': 'µg/m³', 'displayName': None}","{'label': 'raw', 'interval': '01:00:00', 'datetimeFrom': {'utc': '2016-12-15T03:30:00Z', 'local': '2016-12-15T09:00:00+05:30'}, 'datetimeTo': {'utc': '2016-12-15T04:30:00Z', 'local': '2016-12-15T10:00:00+05:30'}}",,,"{'expectedCount': 1, 'expectedInterval': '01:00:00', 'observedCount': 1, 'observedInterval': '01:00:00', 'percentComplete': 100.0, 'percentCoverage': 100.0, 'datetimeFrom': {'utc': '2016-12-15T03:30:00Z', 'local': '2016-12-15T09:00:00+05:30'}, 'datetimeTo': {'utc': '2016-12-15T04:30:00Z', 'local': '2016-12-15T10:00:00+05:30'}}"
197.9,{'hasFlags': False},"{'id': 2, 'name': 'pm25', 'units': 'µg/m³', 'displayName': None}","{'label': 'raw', 'interval': '01:00:00', 'datetimeFrom': {'utc': '2016-12-15T04:30:00Z', 'local': '2016-12-15T10:00:00+05:30'}, 'datetimeTo': {'utc': '2016-12-15T05:30:00Z', 'local': '2016-12-15T11:00:00+05:30'}}",,,"{'expectedCount': 1, 'expectedInterval': '01:00:00', 'observedCount': 1, 'observedInterval': '01:00:00', 'percentComplete': 100.0, 'percentCoverage': 100.0, 'datetimeFrom': {'utc': '2016-12-15T04:30:00Z', 'local': '2016-12-15T10:00:00+05:30'}, 'datetimeTo': {'utc': '2016-12-15T05:30:00Z', 'local': '2016-12-15T11:00:00+05:30'}}"
166.1,{'hasFlags': False},"{'id': 2, 'name': 'pm25', 'units': 'µg/m³', 'displayName': None}","{'label': 'raw', 'interval': '01:00:00', 'datetimeFrom': {'utc': '2016-12-15T05:30:00Z', 'local': '2016-12-15T11:00:00+05:30'}, 'datetimeTo': {'utc': '2016-12-15T06:30:00Z', 'local': '2016-12-15T12:00:00+05:30'}}",,,"{'expectedCount': 1, 'expectedInterval': '01:00:00', 'observedCount': 1, 'observedInterval': '01:00:00', 'percentComplete': 100.0, 'percentCoverage': 100.0, 'datetimeFrom': {'utc': '2016-12-15T05:30:00Z', 'local': '2016-12-15T11:00:00+05:30'}, 'datetimeTo': {'utc': '2016-12-15T06:30:00Z', 'local': '2016-12-15T12:00:00+05:30'}}"
146.9,{'hasFlags': False},"{'id': 2, 'name': 'pm25', 'units': 'µg/m³', 'displayName': None}","{'label': 'raw', 'interval': '01:00:00', 'datetimeFrom': {'utc': '2016-12-15T06:30:00Z', 'local': '2016-12-15T12:00:00+05:30'}, 'datetimeTo': {'utc': '2016-12-15T07:30:00Z', 'local': '2016-12-15T13:00:00+05:30'}}",,,"{'expectedCount': 1, 'expectedInterval': '01:00:00', 'observedCount': 1, 'observedInterval': '01:00:00', 'percentComplete': 100.0, 'percentCoverage': 100.0, 'datetimeFrom': {'utc': '2016-12-15T06:30:00Z', 'local': '2016-12-15T12:00:00+05:30'}, 'datetimeTo': {'utc': '2016-12-15T07:30:00Z', 'local': '2016-12-15T13:00:00+05:30'}}"
119.2,{'hasFlags': False},"{'id': 2, 'name': 'pm25', 'units': 'µg/m³', 'displayName': None}","{'label': 'raw', 'interval': '01:00:00', 'datetimeFrom': {'utc': '2016-12-15T07:30:00Z', 'local': '2016-12-15T13:00:00+05:30'}, 'datetimeTo': {'utc': '2016-12-15T08:30:00Z', 'local': '2016-12-15T14:00:00+05:30'}}",,,"{'expectedCount': 1, 'expectedInterval': '01:00:00', 'observedCount': 1, 'observedInterval': '01:00:00', 'percentComplete': 100.0, 'percentCoverage': 100.0, 'datetimeFrom': {'utc': '2016-12-15T07:30:00Z', 'local': '2016-12-15T13:00:00+05:30'}, 'datetimeTo': {'utc': '2016-12-15T08:30:00Z', 'local': '2016-12-15T14:00:00+05:30'}}"
94.0,{'hasFlags': False},"{'id': 2, 'name': 'pm25', 'units': 'µg/m³', 'displayName': None}","{'label': 'raw', 'interval': '01:00:00', 'datetimeFrom': {'utc': '2016-12-15T08:30:00Z', 'local': '2016-12-15T14:00:00+05:30'}, 'datetimeTo': {'utc': '2016-12-15T09:30:00Z', 'local': '2016-12-15T15:00:00+05:30'}}",,,"{'expectedCount': 1, 'expectedInterval': '01:00:00', 'observedCount': 1, 'observedInterval': '01:00:00', 'percentComplete': 100.0, 'percentCoverage': 100.0, 'datetimeFrom': {'utc': '2016-12-15T08:30:00Z', 'local': '2016-12-15T14:00:00+05:30'}, 'datetimeTo': {'utc': '2016-12-15T09:30:00Z', 'local': '2016-12-15T15:00:00+05:30'}}"
75.0,{'hasFlags': False},"{'id': 2, 'name': 'pm25', 'units': 'µg/m³', 'displayName': None}","{'label': 'raw', 'interval': '01:00:00', 'datetimeFrom': {'utc': '2016-12-15T09:30:00Z', 'local': '2016-12-15T15:00:00+05:30'}, 'datetimeTo': {'utc': '2016-12-15T10:30:00Z', 'local': '2016-12-15T16:00:00+05:30'}}",,,"{'expectedCount': 1, 'expectedInterval': '01:00:00', 'observedCount': 1, 'observedInterval': '01:00:00', 'percentComplete': 100.0, 'percentCoverage': 100.0, 'datetimeFrom': {'utc': '2016-12-15T09:30:00Z', 'local': '2016-12-15T15:00:00+05:30'}, 'datetimeTo': {'utc': '2016-12-15T10:30:00Z', 'local': '2016-12-15T16:00:00+05:30'}}"
62.4,{'hasFlags': False},"{'id': 2, 'name': 'pm25', 'units': 'µg/m³', 'displayName': None}","{'label': 'raw', 'interval': '01:00:00', 'datetimeFrom': {'utc': '2016-12-15T10:30:00Z', 'local': '2016-12-15T16:00:00+05:30'}, 'datetimeTo': {'utc': '2016-12-15T11:30:00Z', 'local': '2016-12-15T17:00:00+05:30'}}",,,"{'expectedCount': 1, 'expectedInterval': '01:00:00', 'observedCount': 1, 'observedInterval': '01:00:00', 'percentComplete': 100.0, 'percentCoverage': 100.0, 'datetimeFrom': {'utc': '2016-12-15T10:30:00Z', 'local': '2016-12-15T16:00:00+05:30'}, 'datetimeTo': {'utc': '2016-12-15T11:30:00Z', 'local': '2016-12-15T17:00:00+05:30'}}"
55.7,{'hasFlags': False},"{'id': 2, 'name': 'pm25', 'units': 'µg/m³', 'displayName': None}","{'label': 'raw', 'interval': '01:00:00', 'datetimeFrom': {'utc': '2016-12-15T11:30:00Z', 'local': '2016-12-15T17:00:00+05:30'}, 'datetimeTo': {'utc': '2016-12-15T12:30:00Z', 'local': '2016-12-15T18:00:00+05:30'}}",,,"{'expectedCount': 1, 'expectedInterval': '01:00:00', 'observedCount': 1, 'observedInterval': '01:00:00', 'percentComplete': 100.0, 'percentCoverage': 100.0, 'datetimeFrom': {'utc': '2016-12-15T11:30:00Z', 'local': '2016-12-15T17:00:00+05:30'}, 'datetimeTo': {'utc': '2016-12-15T12:30:00Z', 'local': '2016-12-15T18:00:00+05:30'}}"
60.3,{'hasFlags': False},"{'id': 2, 'name': 'pm25', 'units': 'µg/m³', 'displayName': None}","{'label': 'raw', 'interval': '01:00:00', 'datetimeFrom': {'utc': '2016-12-15T12:30:00Z', 'local': '2016-12-15T18:00:00+05:30'}, 'datetimeTo': {'utc': '2016-12-15T13:30:00Z', 'local': '2016-12-15T19:00:00+05:30'}}",,,"{'expectedCount': 1, 'expectedInterval': '01:00:00', 'observedCount': 1, 'observedInterval': '01:00:00', 'percentComplete': 100.0, 'percentCoverage': 100.0, 'datetimeFrom': {'utc': '2016-12-15T12:30:00Z', 'local': '2016-12-15T18:00:00+05:30'}, 'datetimeTo': {'utc': '2016-12-15T13:30:00Z', 'local': '2016-12-15T19:00:00+05:30'}}"
83.1,{'hasFlags': False},"{'id': 2, 'name': 'pm25', 'units': 'µg/m³', 'displayName': None}","{'label': 'raw', 'interval': '01:00:00', 'datetimeFrom': {'utc': '2016-12-15T13:30:00Z', 'local': '2016-12-15T19:00:00+05:30'}, 'datetimeTo': {'utc': '2016-12-15T14:30:00Z', 'local': '2016-12-15T20:00:00+05:30'}}",,,"{'expectedCount': 1, 'expectedInterval': '01:00:00', 'observedCount': 1, 'observedInterval': '01:00:00', 'percentComplete': 100.0, 'percentCoverage': 100.0, 'datetimeFrom': {'utc': '2016-12-15T13:30:00Z', 'local': '2016-12-15T19:00:00+05:30'}, 'datetimeTo': {'utc': '2016-12-15T14:30:00Z', 'local': '2016-12-15T20:00:00+05:30'}}"
127.5,{'hasFlags': False},"{'id': 2, 'name': 'pm25', 'units': 'µg/m³', 'displayName': None}","{'label': 'raw', 'interval': '01:00:00', 'datetimeFrom': {'utc': '2016-12-15T14:30:00Z', 'local': '2016-12-15T20:00:00+05:30'}, 'datetimeTo': {'utc': '2016-12-15T15:30:00Z', 'local': '2016-12-15T21:00:00+05:30'}}",,,"{'expectedCount': 1, 'expectedInterval': '01:00:00', 'observedCount': 1, 'observedInterval': '01:00:00', 'percentComplete': 100.0, 'percentCoverage': 100.0, 'datetimeFrom': {'utc': '2016-12-15T14:30:00Z', 'local': '2016-12-15T20:00:00+05:30'}, 'datetimeTo': {'utc': '2016-12-15T15:30:00Z', 'local': '2016-12-15T21:00:00+05:30'}}"
134.2,{'hasFlags': False},"{'id': 2, 'name': 'pm25', 'units': 'µg/m³', 'displayName': None}","{'label': 'raw', 'interval': '01:00:00', 'datetimeFrom': {'utc': '2016-12-15T15:30:00Z', 'local': '2016-12-15T21:00:00+05:30'}, 'datetimeTo': {'utc': '2016-12-15T16:30:00Z', 'local': '2016-12-15T22:00:00+05:30'}}",,,"{'expectedCount': 1, 'expectedInterval': '01:00:00', 'observedCount': 1, 'observedInterval': '01:00:00', 'percentComplete': 100.0, 'percentCoverage': 100.0, 'datetimeFrom': {'utc': '2016-12-15T15:30:00Z', 'local': '2016-12-15T21:00:00+05:30'}, 'datetimeTo': {'utc': '2016-12-15T16:30:00Z', 'local': '2016-12-15T22:00:00+05:30'}}"
144.6,{'hasFlags': False},"{'id': 2, 'name': 'pm25', 'units': 'µg/m³', 'displayName': None}","{'label': 'raw', 'interval': '01:00:00', 'datetimeFrom': {'utc': '2016-12-15T16:30:00Z', 'local': '2016-12-15T22:00:00+05:30'}, 'datetimeTo': {'utc': '2016-12-15T17:30:00Z', 'local': '2016-12-15T23:00:00+05:30'}}",,,"{'expectedCount': 1, 'expectedInterval': '01:00:00', 'observedCount': 1, 'observedInterval': '01:00:00', 'percentComplete': 100.0, 'percentCoverage': 100.0, 'datetimeFrom': {'utc': '2016-12-15T16:30:00Z', 'local': '2016-12-15T22:00:00+05:30'}, 'datetimeTo': {'utc': '2016-12-15T17:30:00Z', 'local': '2016-12-15T23:00:00+05:30'}}"
156.3,{'hasFlags': False},"{'id': 2, 'name': 'pm25', 'units': 'µg/m³', 'displayName': None}","{'label': 'raw', 'interval': '01:00:00', 'datetimeFrom': {'utc': '2016-12-15T17:30:00Z', 'local': '2016-12-15T23:00:00+05:30'}, 'datetimeTo': {'utc': '2016-12-15T18:30:00Z', 'local': '2016-12-16T00:00:00+05:30'}}",,,"{'expectedCount': 1, 'expectedInterval': '01:00:00', 'observedCount': 1, 'observedInterval': '01:00:00', 'percentComplete': 100.0, 'percentCoverage': 100.0, 'datetimeFrom': {'utc': '2016-12-15T17:30:00Z', 'local': '2016-12-15T23:00:00+05:30'}, 'datetimeTo': {'utc': '2016-12-15T18:30:00Z', 'local': '2016-12-16T00:00:00+05:30'}}"
176.1,{'hasFlags': False},"{'id': 2, 'name': 'pm25', 'units': 'µg/m³', 'displayName': None}","{'label': 'raw', 'interval': '01:00:00', 'datetimeFrom': {'utc': '2016-12-15T18:30:00Z', 'local': '2016-12-16T00:00:00+05:30'}, 'datetimeTo': {'utc': '2016-12-15T19:30:00Z', 'local': '2016-12-16T01:00:00+05:30'}}",,,"{'expectedCount': 1, 'expectedInterval': '01:00:00', 'observedCount': 1, 'observedInterval': '01:00:00', 'percentComplete': 100.0, 'percentCoverage': 100.0, 'datetimeFrom': {'utc': '2016-12-15T18:30:00Z', 'local': '2016-12-16T00:00:00+05:30'}, 'datetimeTo': {'utc': '2016-12-15T19:30:00Z', 'local': '2016-12-16T01:00:00+05:30'}}"
179.5,{'hasFlags': False},"{'id': 2, 'name': 'pm25', 'units': 'µg/m³', 'displayName': None}","{'label': 'raw', 'interval': '01:00:00', 'datetimeFrom': {'utc': '2016-12-15T19:30:00Z', 'local': '2016-12-16T01:00:00+05:30'}, 'datetimeTo': {'utc': '2016-12-15T20:30:00Z', 'local': '2016-12-16T02:00:00+05:30'}}",,,"{'expectedCount': 1, 'expectedInterval': '01:00:00', 'observedCount': 1, 'observedInterval': '01:00:00', 'percentComplete': 100.0, 'percentCoverage': 100.0, 'datetimeFrom': {'utc': '2016-12-15T19:30:00Z', 'local': '2016-12-16T01:00:00+05:30'}, 'datetimeTo': {'utc': '2016-12-15T20:30:00Z', 'local': '2016-12-16T02:00:00+05:30'}}"
166.3,{'hasFlags': False},"{'id': 2, 'name': 'pm25', 'units': 'µg/m³', 'displayName': None}","{'label': 'raw', 'interval': '01:00:00', 'datetimeFrom': {'utc': '2016-12-15T20:30:00Z', 'local': '2016-12-16T02:00:00+05:30'}, 'datetimeTo': {'utc': '2016-12-15T21:30:00Z', 'local': '2016-12-16T03:00:00+05:30'}}",,,"{'expectedCount': 1, 'expectedInterval': '01:00:00', 'observedCount': 1, 'observedInterval': '01:00:00', 'percentComplete': 100.0, 'percentCoverage': 100.0, 'datetimeFrom': {'utc': '2016-12-15T20:30:00Z', 'local': '2016-12-16T02:00:00+05:30'}, 'datetimeTo': {'utc': '2016-12-15T21:30:00Z', 'local': '2016-12-16T03:00:00+05:30'}}"
155.6,{'hasFlags': False},"{'id': 2, 'name': 'pm25', 'units': 'µg/m³', 'displayName': None}","{'label': 'raw', 'interval': '01:00:00', 'datetimeFrom': {'utc': '2016-12-15T21:30:00Z', 'local': '2016-12-16T03:00:00+05:30'}, 'datetimeTo': {'utc': '2016-12-15T22:30:00Z', 'local': '2016-12-16T04:00:00+05:30'}}",,,"{'expectedCount': 1, 'expectedInterval': '01:00:00', 'observedCount': 1, 'observedInterval': '01:00:00', 'percentComplete': 100.0, 'percentCoverage': 100.0, 'datetimeFrom': {'utc': '2016-12-15T21:30:00Z', 'local': '2016-12-16T03:00:00+05:30'}, 'datetimeTo': {'utc': '2016-12-15T22:30:00Z', 'local': '2016-12-16T04:00:00+05:30'}}"
152.8,{'hasFlags': False},"{'id': 2, 'name': 'pm25', 'units': 'µg/m³', 'displayName': None}","{'label': 'raw', 'interval': '01:00:00', 'datetimeFrom': {'utc': '2016-12-15T22:30:00Z', 'local': '2016-12-16T04:00:00+05:30'}, 'datetimeTo': {'utc': '2016-12-15T23:30:00Z', 'local': '2016-12-16T05:00:00+05:30'}}",,,"{'expectedCount': 1, 'expectedInterval': '01:00:00', 'observedCount': 1, 'observedInterval': '01:00:00', 'percentComplete': 100.0, 'percentCoverage': 100.0, 'datetimeFrom': {'utc': '2016-12-15T22:30:00Z', 'local': '2016-12-16T04:00:00+05:30'}, 'datetimeTo': {'utc': '2016-12-15T23:30:00Z', 'local': '2016-12-16T05:00:00+05:30'}}"
152.9,{'hasFlags': False},"{'id': 2, 'name': 'pm25', 'units': 'µg/m³', 'displayName': None}","{'label': 'raw', 'interval': '01:00:00', 'datetimeFrom': {'utc': '2016-12-15T23:30:00Z', 'local': '2016-12-16T05:00:00+05:30'}, 'datetimeTo': {'utc': '2016-12-16T00:30:00Z', 'local': '2016-12-16T06:00:00+05:30'}}",,,"{'expectedCount': 1, 'expectedInterval': '01:00:00', 'observedCount': 1, 'observedInterval': '01:00:00', 'percentComplete': 100.0, 'percentCoverage': 100.0, 'datetimeFrom': {'utc': '2016-12-15T23:30:00Z', 'local': '2016-12-16T05:00:00+05:30'}, 'datetimeTo': {'utc': '2016-12-16T00:30:00Z', 'local': '2016-12-16T06:00:00+05:30'}}"
149.5,{'hasFlags': False},"{'id': 2, 'name': 'pm25', 'units': 'µg/m³', 'displayName': None}","{'label': 'raw', 'interval': '01:00:00', 'datetimeFrom': {'utc': '2016-12-16T00:30:00Z', 'local': '2016-12-16T06:00:00+05:30'}, 'datetimeTo': {'utc': '2016-12-16T01:30:00Z', 'local': '2016-12-16T07:00:00+05:30'}}",,,"{'expectedCount': 1, 'expectedInterval': '01:00:00', 'observedCount': 1, 'observedInterval': '01:00:00', 'percentComplete': 100.0, 'percentCoverage': 100.0, 'datetimeFrom': {'utc': '2016-12-16T00:30:00Z', 'local': '2016-12-16T06:00:00+05:30'}, 'datetimeTo': {'utc': '2016-12-16T01:30:00Z', 'local': '2016-12-16T07:00:00+05:30'}}"
140.6,{'hasFlags': False},"{'id': 2, 'name': 'pm25', 'units': 'µg/m³', 'displayName': None}","{'label': 'raw', 'interval': '01:00:00', 'datetimeFrom': {'utc': '2016-12-16T01:30:00Z', 'local': '2016-12-16T07:00:00+05:30'}, 'datetimeTo': {'utc': '2016-12-16T02:30:00Z', 'local': '2016-12-16T08:00:00+05:30'}}",,,"{'expectedCount': 1, 'expectedInterval': '01:00:00', 'observedCount': 1, 'observedInterval': '01:00:00', 'percentComplete': 100.0, 'percentCoverage': 100.0, 'datetimeFrom': {'utc': '2016-12-16T01:30:00Z', 'local': '2016-12-16T07:00:00+05:30'}, 'datetimeTo': {'utc': '2016-12-16T02:30:00Z', 'local': '2016-12-16T08:00:00+05:30'}}"
136.2,{'hasFlags': False},"{'id': 2, 'name': 'pm25', 'units': 'µg/m³', 'displayName': None}","{'label': 'raw', 'interval': '01:00:00', 'datetimeFrom': {'utc': '2016-12-16T02:30:00Z', 'local': '2016-12-16T08:00:00+05:30'}, 'datetimeTo': {'utc': '2016-12-16T03:30:00Z', 'local': '2016-12-16T09:00:00+05:30'}}",,,"{'expectedCount': 1, 'expectedInterval': '01:00:00', 'observedCount': 1, 'observedInterval': '01:00:00', 'percentComplete': 100.0, 'percentCoverage': 100.0, 'datetimeFrom': {'utc': '2016-12-16T02:30:00Z', 'local': '2016-12-16T08:00:00+05:30'}, 'datetimeTo': {'utc': '2016-12-16T03:30:00Z', 'local': '2016-12-16T09:00:00+05:30'}}"
144.7,{'hasFlags': False},"{'id': 2, 'name': 'pm25', 'units': 'µg/m³', 'displayName': None}","{'label': 'raw', 'interval': '01:00:00', 'datetimeFrom': {'utc': '2016-12-16T03:30:00Z', 'local': '2016-12-16T09:00:00+05:30'}, 'datetimeTo': {'utc': '2016-12-16T04:30:00Z', 'local': '2016-12-16T10:00:00+05:30'}}",,,"{'expectedCount': 1, 'expectedInterval': '01:00:00', 'observedCount': 1, 'observedInterval': '01:00:00', 'percentComplete': 100.0, 'percentCoverage': 100.0, 'datetimeFrom': {'utc': '2016-12-16T03:30:00Z', 'local': '2016-12-16T09:00:00+05:30'}, 'datetimeTo': {'utc': '2016-12-16T04:30:00Z', 'local': '2016-12-16T10:00:00+05:30'}}"
160.1,{'hasFlags': False},"{'id': 2, 'name': 'pm25', 'units': 'µg/m³', 'displayName': None}","{'label': 'raw', 'interval': '01:00:00', 'datetimeFrom': {'utc': '2016-12-16T04:30:00Z', 'local': '2016-12-16T10:00:00+05:30'}, 'datetimeTo': {'utc': '2016-12-16T05:30:00Z', 'local': '2016-12-16T11:00:00+05:30'}}",,,"{'expectedCount': 1, 'expectedInterval': '01:00:00', 'observedCount': 1, 'observedInterval': '01:00:00', 'percentComplete': 100.0, 'percentCoverage': 100.0, 'datetimeFrom': {'utc': '2016-12-16T04:30:00Z', 'local': '2016-12-16T10:00:00+05:30'}, 'datetimeTo': {'utc': '2016-12-16T05:30:00Z', 'local': '2016-12-16T11:00:00+05:30'}}"
170.9,{'hasFlags': False},"{'id': 2, 'name': 'pm25', 'units': 'µg/m³', 'displayName': None}","{'label': 'raw', 'interval': '01:00:00', 'datetimeFrom': {'utc': '2016-12-16T05:30:00Z', 'local': '2016-12-16T11:00:00+05:30'}, 'datetimeTo': {'utc': '2016-12-16T06:30:00Z', 'local': '2016-12-16T12:00:00+05:30'}}",,,"{'expectedCount': 1, 'expectedInterval': '01:00:00', 'observedCount': 1, 'observedInterval': '01:00:00', 'percentComplete': 100.0, 'percentCoverage': 100.0, 'datetimeFrom': {'utc': '2016-12-16T05:30:00Z', 'local': '2016-12-16T11:00:00+05:30'}, 'datetimeTo': {'utc': '2016-12-16T06:30:00Z', 'local': '2016-12-16T12:00:00+05:30'}}"
168.3,{'hasFlags': False},"{'id': 2, 'name': 'pm25', 'units': 'µg/m³', 'displayName': None}","{'label': 'raw', 'interval': '01:00:00', 'datetimeFrom': {'utc': '2016-12-16T06:30:00Z', 'local': '2016-12-16T12:00:00+05:30'}, 'datetimeTo': {'utc': '2016-12-16T07:30:00Z', 'local': '2016-12-16T13:00:00+05:30'}}",,,"{'expectedCount': 1, 'expectedInterval': '01:00:00', 'observedCount': 1, 'observedInterval': '01:00:00', 'percentComplete': 100.0, 'percentCoverage': 100.0, 'datetimeFrom': {'utc': '2016-12-16T06:30:00Z', 'local': '2016-12-16T12:00:00+05:30'}, 'datetimeTo': {'utc': '2016-12-16T07:30:00Z', 'local': '2016-12-16T13:00:00+05:30'}}"
155.8,{'hasFlags': False},"{'id': 2, 'name': 'pm25', 'units': 'µg/m³', 'displayName': None}","{'label': 'raw', 'interval': '01:00:00', 'datetimeFrom': {'utc': '2016-12-16T07:30:00Z', 'local': '2016-12-16T13:00:00+05:30'}, 'datetimeTo': {'utc': '2016-12-16T08:30:00Z', 'local': '2016-12-16T14:00:00+05:30'}}",,,"{'expectedCount': 1, 'expectedInterval': '01:00:00', 'observedCount': 1, 'observedInterval': '01:00:00', 'percentComplete': 100.0, 'percentCoverage': 100.0, 'datetimeFrom': {'utc': '2016-12-16T07:30:00Z', 'local': '2016-12-16T13:00:00+05:30'}, 'datetimeTo': {'utc': '2016-12-16T08:30:00Z', 'local': '2016-12-16T14:00:00+05:30'}}"
122.6,{'hasFlags': False},"{'id': 2, 'name': 'pm25', 'units': 'µg/m³', 'displayName': None}","{'label': 'raw', 'interval': '01:00:00', 'datetimeFrom': {'utc': '2016-12-16T08:30:00Z', 'local': '2016-12-16T14:00:00+05:30'}, 'datetimeTo': {'utc': '2016-12-16T09:30:00Z', 'local': '2016-12-16T15:00:00+05:30'}}",,,"{'expectedCount': 1, 'expectedInterval': '01:00:00', 'observedCount': 1, 'observedInterval': '01:00:00', 'percentComplete': 100.0, 'percentCoverage': 100.0, 'datetimeFrom': {'utc': '2016-12-16T08:30:00Z', 'local': '2016-12-16T14:00:00+05:30'}, 'datetimeTo': {'utc': '2016-12-16T09:30:00Z', 'local': '2016-12-16T15:00:00+05:30'}}"
107.3,{'hasFlags': False},"{'id': 2, 'name': 'pm25', 'units': 'µg/m³', 'displayName': None}","{'label': 'raw', 'interval': '01:00:00', 'datetimeFrom': {'utc': '2016-12-16T09:30:00Z', 'local': '2016-12-16T15:00:00+05:30'}, 'datetimeTo': {'utc': '2016-12-16T10:30:00Z', 'local': '2016-12-16T16:00:00+05:30'}}",,,"{'expectedCount': 1, 'expectedInterval': '01:00:00', 'observedCount': 1, 'observedInterval': '01:00:00', 'percentComplete': 100.0, 'percentCoverage': 100.0, 'datetimeFrom': {'utc': '2016-12-16T09:30:00Z', 'local': '2016-12-16T15:00:00+05:30'}, 'datetimeTo': {'utc': '2016-12-16T10:30:00Z', 'local': '2016-12-16T16:00:00+05:30'}}"
103.6,{'hasFlags': False},"{'id': 2, 'name': 'pm25', 'units': 'µg/m³', 'displayName': None}","{'label': 'raw', 'interval': '01:00:00', 'datetimeFrom': {'utc': '2016-12-16T10:30:00Z', 'local': '2016-12-16T16:00:00+05:30'}, 'datetimeTo': {'utc': '2016-12-16T11:30:00Z', 'local': '2016-12-16T17:00:00+05:30'}}",,,"{'expectedCount': 1, 'expectedInterval': '01:00:00', 'observedCount': 1, 'observedInterval': '01:00:00', 'percentComplete': 100.0, 'percentCoverage': 100.0, 'datetimeFrom': {'utc': '2016-12-16T10:30:00Z', 'local': '2016-12-16T16:00:00+05:30'}, 'datetimeTo': {'utc': '2016-12-16T11:30:00Z', 'local': '2016-12-16T17:00:00+05:30'}}"
99.8,{'hasFlags': False},"{'id': 2, 'name': 'pm25', 'units': 'µg/m³', 'displayName': None}","{'label': 'raw', 'interval': '01:00:00', 'datetimeFrom': {'utc': '2016-12-16T11:30:00Z', 'local': '2016-12-16T17:00:00+05:30'}, 'datetimeTo': {'utc': '2016-12-16T12:30:00Z', 'local': '2016-12-16T18:00:00+05:30'}}",,,"{'expectedCount': 1, 'expectedInterval': '01:00:00', 'observedCount': 1, 'observedInterval': '01:00:00', 'percentComplete': 100.0, 'percentCoverage': 100.0, 'datetimeFrom': {'utc': '2016-12-16T11:30:00Z', 'local': '2016-12-16T17:00:00+05:30'}, 'datetimeTo': {'utc': '2016-12-16T12:30:00Z', 'local': '2016-12-16T18:00:00+05:30'}}"
109.4,{'hasFlags': False},"{'id': 2, 'name': 'pm25', 'units': 'µg/m³', 'displayName': None}","{'label': 'raw', 'interval': '01:00:00', 'datetimeFrom': {'utc': '2016-12-16T12:30:00Z', 'local': '2016-12-16T18:00:00+05:30'}, 'datetimeTo': {'utc': '2016-12-16T13:30:00Z', 'local': '2016-12-16T19:00:00+05:30'}}",,,"{'expectedCount': 1, 'expectedInterval': '01:00:00', 'observedCount': 1, 'observedInterval': '01:00:00', 'percentComplete': 100.0, 'percentCoverage': 100.0, 'datetimeFrom': {'utc': '2016-12-16T12:30:00Z', 'local': '2016-12-16T18:00:00+05:30'}, 'datetimeTo': {'utc': '2016-12-16T13:30:00Z', 'local': '2016-12-16T19:00:00+05:30'}}"
123.2,{'hasFlags': False},"{'id': 2, 'name': 'pm25', 'units': 'µg/m³', 'displayName': None}","{'label': 'raw', 'interval': '01:00:00', 'datetimeFrom': {'utc': '2016-12-16T13:30:00Z', 'local': '2016-12-16T19:00:00+05:30'}, 'datetimeTo': {'utc': '2016-12-16T14:30:00Z', 'local': '2016-12-16T20:00:00+05:30'}}",,,"{'expectedCount': 1, 'expectedInterval': '01:00:00', 'observedCount': 1, 'observedInterval': '01:00:00', 'percentComplete': 100.0, 'percentCoverage': 100.0, 'datetimeFrom': {'utc': '2016-12-16T13:30:00Z', 'local': '2016-12-16T19:00:00+05:30'}, 'datetimeTo': {'utc': '2016-12-16T14:30:00Z', 'local': '2016-12-16T20:00:00+05:30'}}"
148.6,{'hasFlags': False},"{'id': 2, 'name': 'pm25', 'units': 'µg/m³', 'displayName': None}","{'label': 'raw', 'interval': '01:00:00', 'datetimeFrom': {'utc': '2016-12-16T14:30:00Z', 'local': '2016-12-16T20:00:00+05:30'}, 'datetimeTo': {'utc': '2016-12-16T15:30:00Z', 'local': '2016-12-16T21:00:00+05:30'}}",,,"{'expectedCount': 1, 'expectedInterval': '01:00:00', 'observedCount': 1, 'observedInterval': '01:00:00', 'percentComplete': 100.0, 'percentCoverage': 100.0, 'datetimeFrom': {'utc': '2016-12-16T14:30:00Z', 'local': '2016-12-16T20:00:00+05:30'}, 'datetimeTo': {'utc': '2016-12-16T15:30:00Z', 'local': '2016-12-16T21:00:00+05:30'}}"
180.3,{'hasFlags': False},"{'id': 2, 'name': 'pm25', 'units': 'µg/m³', 'displayName': None}","{'label': 'raw', 'interval': '01:00:00', 'datetimeFrom': {'utc': '2016-12-16T15:30:00Z', 'local': '2016-12-16T21:00:00+05:30'}, 'datetimeTo': {'utc': '2016-12-16T16:30:00Z', 'local': '2016-12-16T22:00:00+05:30'}}",,,"{'expectedCount': 1, 'expectedInterval': '01:00:00', 'observedCount': 1, 'observedInterval': '01:00:00', 'percentComplete': 100.0, 'percentCoverage': 100.0, 'datetimeFrom': {'utc': '2016-12-16T15:30:00Z', 'local': '2016-12-16T21:00:00+05:30'}, 'datetimeTo': {'utc': '2016-12-16T16:30:00Z', 'local': '2016-12-16T22:00:00+05:30'}}"
211.1,{'hasFlags': False},"{'id': 2, 'name': 'pm25', 'units': 'µg/m³', 'displayName': None}","{'label': 'raw', 'interval': '01:00:00', 'datetimeFrom': {'utc': '2016-12-16T16:30:00Z', 'local': '2016-12-16T22:00:00+05:30'}, 'datetimeTo': {'utc': '2016-12-16T17:30:00Z', 'local': '2016-12-16T23:00:00+05:30'}}",,,"{'expectedCount': 1, 'expectedInterval': '01:00:00', 'observedCount': 1, 'observedInterval': '01:00:00', 'percentComplete': 100.0, 'percentCoverage': 100.0, 'datetimeFrom': {'utc': '2016-12-16T16:30:00Z', 'local': '2016-12-16T22:00:00+05:30'}, 'datetimeTo': {'utc': '2016-12-16T17:30:00Z', 'local': '2016-12-16T23:00:00+05:30'}}"
232.0,{'hasFlags': False},"{'id': 2, 'name': 'pm25', 'units': 'µg/m³', 'displayName': None}","{'label': 'raw', 'interval': '01:00:00', 'datetimeFrom': {'utc': '2016-12-16T17:30:00Z', 'local': '2016-12-16T23:00:00+05:30'}, 'datetimeTo': {'utc': '2016-12-16T18:30:00Z', 'local': '2016-12-17T00:00:00+05:30'}}",,,"{'expectedCount': 1, 'expectedInterval': '01:00:00', 'observedCount': 1, 'observedInterval': '01:00:00', 'percentComplete': 100.0, 'percentCoverage': 100.0, 'datetimeFrom': {'utc': '2016-12-16T17:30:00Z', 'local': '2016-12-16T23:00:00+05:30'}, 'datetimeTo': {'utc': '2016-12-16T18:30:00Z', 'local': '2016-12-17T00:00:00+05:30'}}"
244.0,{'hasFlags': False},"{'id': 2, 'name': 'pm25', 'units': 'µg/m³', 'displayName': None}","{'label': 'raw', 'interval': '01:00:00', 'datetimeFrom': {'utc': '2016-12-16T18:30:00Z', 'local': '2016-12-17T00:00:00+05:30'}, 'datetimeTo': {'utc': '2016-12-16T19:30:00Z', 'local': '2016-12-17T01:00:00+05:30'}}",,,"{'expectedCount': 1, 'expectedInterval': '01:00:00', 'observedCount': 1, 'observedInterval': '01:00:00', 'percentComplete': 100.0, 'percentCoverage': 100.0, 'datetimeFrom': {'utc': '2016-12-16T18:30:00Z', 'local': '2016-12-17T00:00:00+05:30'}, 'datetimeTo': {'utc': '2016-12-16T19:30:00Z', 'local': '2016-12-17T01:00:00+05:30'}}"
242.5,{'hasFlags': False},"{'id': 2, 'name': 'pm25', 'units': 'µg/m³', 'displayName': None}","{'label': 'raw', 'interval': '01:00:00', 'datetimeFrom': {'utc': '2016-12-16T19:30:00Z', 'local': '2016-12-17T01:00:00+05:30'}, 'datetimeTo': {'utc': '2016-12-16T20:30:00Z', 'local': '2016-12-17T02:00:00+05:30'}}",,,"{'expectedCount': 1, 'expectedInterval': '01:00:00', 'observedCount': 1, 'observedInterval': '01:00:00', 'percentComplete': 100.0, 'percentCoverage': 100.0, 'datetimeFrom': {'utc': '2016-12-16T19:30:00Z', 'local': '2016-12-17T01:00:00+05:30'}, 'datetimeTo': {'utc': '2016-12-16T20:30:00Z', 'local': '2016-12-17T02:00:00+05:30'}}"
242.7,{'hasFlags': False},"{'id': 2, 'name': 'pm25', 'units': 'µg/m³', 'displayName': None}","{'label': 'raw', 'interval': '01:00:00', 'datetimeFrom': {'utc': '2016-12-16T20:30:00Z', 'local': '2016-12-17T02:00:00+05:30'}, 'datetimeTo': {'utc': '2016-12-16T21:30:00Z', 'local': '2016-12-17T03:00:00+05:30'}}",,,"{'expectedCount': 1, 'expectedInterval': '01:00:00', 'observedCount': 1, 'observedInterval': '01:00:00', 'percentComplete': 100.0, 'percentCoverage': 100.0, 'datetimeFrom': {'utc': '2016-12-16T20:30:00Z', 'local': '2016-12-17T02:00:00+05:30'}, 'datetimeTo': {'utc': '2016-12-16T21:30:00Z', 'local': '2016-12-17T03:00:00+05:30'}}"
241.4,{'hasFlags': False},"{'id': 2, 'name': 'pm25', 'units': 'µg/m³', 'displayName': None}","{'label': 'raw', 'interval': '01:00:00', 'datetimeFrom': {'utc': '2016-12-16T21:30:00Z', 'local': '2016-12-17T03:00:00+05:30'}, 'datetimeTo': {'utc': '2016-12-16T22:30:00Z', 'local': '2016-12-17T04:00:00+05:30'}}",,,"{'expectedCount': 1, 'expectedInterval': '01:00:00', 'observedCount': 1, 'observedInterval': '01:00:00', 'percentComplete': 100.0, 'percentCoverage': 100.0, 'datetimeFrom': {'utc': '2016-12-16T21:30:00Z', 'local': '2016-12-17T03:00:00+05:30'}, 'datetimeTo': {'utc': '2016-12-16T22:30:00Z', 'local': '2016-12-17T04:00:00+05:30'}}"
236.2,{'hasFlags': False},"{'id': 2, 'name': 'pm25', 'units': 'µg/m³', 'displayName': None}","{'label': 'raw', 'interval': '01:00:00', 'datetimeFrom': {'utc': '2016-12-16T22:30:00Z', 'local': '2016-12-17T04:00:00+05:30'}, 'datetimeTo': {'utc': '2016-12-16T23:30:00Z', 'local': '2016-12-17T05:00:00+05:30'}}",,,"{'expectedCount': 1, 'expectedInterval': '01:00:00', 'observedCount': 1, 'observedInterval': '01:00:00', 'percentComplete': 100.0, 'percentCoverage': 100.0, 'datetimeFrom': {'utc': '2016-12-16T22:30:00Z', 'local': '2016-12-17T04:00:00+05:30'}, 'datetimeTo': {'utc': '2016-12-16T23:30:00Z', 'local': '2016-12-17T05:00:00+05:30'}}"
229.6,{'hasFlags': False},"{'id': 2, 'name': 'pm25', 'units': 'µg/m³', 'displayName': None}","{'label': 'raw', 'interval': '01:00:00', 'datetimeFrom': {'utc': '2016-12-16T23:30:00Z', 'local': '2016-12-17T05:00:00+05:30'}, 'datetimeTo': {'utc': '2016-12-17T00:30:00Z', 'local': '2016-12-17T06:00:00+05:30'}}",,,"{'expectedCount': 1, 'expectedInterval': '01:00:00', 'observedCount': 1, 'observedInterval': '01:00:00', 'percentComplete': 100.0, 'percentCoverage': 100.0, 'datetimeFrom': {'utc': '2016-12-16T23:30:00Z', 'local': '2016-12-17T05:00:00+05:30'}, 'datetimeTo': {'utc': '2016-12-17T00:30:00Z', 'local': '2016-12-17T06:00:00+05:30'}}"
237.5,{'hasFlags': False},"{'id': 2, 'name': 'pm25', 'units': 'µg/m³', 'displayName': None}","{'label': 'raw', 'interval': '01:00:00', 'datetimeFrom': {'utc': '2016-12-17T00:30:00Z', 'local': '2016-12-17T06:00:00+05:30'}, 'datetimeTo': {'utc': '2016-12-17T01:30:00Z', 'local': '2016-12-17T07:00:00+05:30'}}",,,"{'expectedCount': 1, 'expectedInterval': '01:00:00', 'observedCount': 1, 'observedInterval': '01:00:00', 'percentComplete': 100.0, 'percentCoverage': 100.0, 'datetimeFrom': {'utc': '2016-12-17T00:30:00Z', 'local': '2016-12-17T06:00:00+05:30'}, 'datetimeTo': {'utc': '2016-12-17T01:30:00Z', 'local': '2016-12-17T07:00:00+05:30'}}"
248.5,{'hasFlags': False},"{'id': 2, 'name': 'pm25', 'units': 'µg/m³', 'displayName': None}","{'label': 'raw', 'interval': '01:00:00', 'datetimeFrom': {'utc': '2016-12-17T01:30:00Z', 'local': '2016-12-17T07:00:00+05:30'}, 'datetimeTo': {'utc': '2016-12-17T02:30:00Z', 'local': '2016-12-17T08:00:00+05:30'}}",,,"{'expectedCount': 1, 'expectedInterval': '01:00:00', 'observedCount': 1, 'observedInterval': '01:00:00', 'percentComplete': 100.0, 'percentCoverage': 100.0, 'datetimeFrom': {'utc': '2016-12-17T01:30:00Z', 'local': '2016-12-17T07:00:00+05:30'}, 'datetimeTo': {'utc': '2016-12-17T02:30:00Z', 'local': '2016-12-17T08:00:00+05:30'}}"
249.8,{'hasFlags': False},"{'id': 2, 'name': 'pm25', 'units': 'µg/m³', 'displayName': None}","{'label': 'raw', 'interval': '01:00:00', 'datetimeFrom': {'utc': '2016-12-17T02:30:00Z', 'local': '2016-12-17T08:00:00+05:30'}, 'datetimeTo': {'utc': '2016-12-17T03:30:00Z', 'local': '2016-12-17T09:00:00+05:30'}}",,,"{'expectedCount': 1, 'expectedInterval': '01:00:00', 'observedCount': 1, 'observedInterval': '01:00:00', 'percentComplete': 100.0, 'percentCoverage': 100.0, 'datetimeFrom': {'utc': '2016-12-17T02:30:00Z', 'local': '2016-12-17T08:00:00+05:30'}, 'datetimeTo': {'utc': '2016-12-17T03:30:00Z', 'local': '2016-12-17T09:00:00+05:30'}}"
262.0,{'hasFlags': False},"{'id': 2, 'name': 'pm25', 'units': 'µg/m³', 'displayName': None}","{'label': 'raw', 'interval': '01:00:00', 'datetimeFrom': {'utc': '2016-12-17T03:30:00Z', 'local': '2016-12-17T09:00:00+05:30'}, 'datetimeTo': {'utc': '2016-12-17T04:30:00Z', 'local': '2016-12-17T10:00:00+05:30'}}",,,"{'expectedCount': 1, 'expectedInterval': '01:00:00', 'observedCount': 1, 'observedInterval': '01:00:00', 'percentComplete': 100.0, 'percentCoverage': 100.0, 'datetimeFrom': {'utc': '2016-12-17T03:30:00Z', 'local': '2016-12-17T09:00:00+05:30'}, 'datetimeTo': {'utc': '2016-12-17T04:30:00Z', 'local': '2016-12-17T10:00:00+05:30'}}"
269.7,{'hasFlags': False},"{'id': 2, 'name': 'pm25', 'units': 'µg/m³', 'displayName': None}","{'label': 'raw', 'interval': '01:00:00', 'datetimeFrom': {'utc': '2016-12-17T04:30:00Z', 'local': '2016-12-17T10:00:00+05:30'}, 'datetimeTo': {'utc': '2016-12-17T05:30:00Z', 'local': '2016-12-17T11:00:00+05:30'}}",,,"{'expectedCount': 1, 'expectedInterval': '01:00:00', 'observedCount': 1, 'observedInterval': '01:00:00', 'percentComplete': 100.0, 'percentCoverage': 100.0, 'datetimeFrom': {'utc': '2016-12-17T04:30:00Z', 'local': '2016-12-17T10:00:00+05:30'}, 'datetimeTo': {'utc': '2016-12-17T05:30:00Z', 'local': '2016-12-17T11:00:00+05:30'}}"
269.4,{'hasFlags': False},"{'id': 2, 'name': 'pm25', 'units': 'µg/m³', 'displayName': None}","{'label': 'raw', 'interval': '01:00:00', 'datetimeFrom': {'utc': '2016-12-17T05:30:00Z', 'local': '2016-12-17T11:00:00+05:30'}, 'datetimeTo': {'utc': '2016-12-17T06:30:00Z', 'local': '2016-12-17T12:00:00+05:30'}}",,,"{'expectedCount': 1, 'expectedInterval': '01:00:00', 'observedCount': 1, 'observedInterval': '01:00:00', 'percentComplete': 100.0, 'percentCoverage': 100.0, 'datetimeFrom': {'utc': '2016-12-17T05:30:00Z', 'local': '2016-12-17T11:00:00+05:30'}, 'datetimeTo': {'utc': '2016-12-17T06:30:00Z', 'local': '2016-12-17T12:00:00+05:30'}}"
258.1,{'hasFlags': False},"{'id': 2, 'name': 'pm25', 'units': 'µg/m³', 'displayName': None}","{'label': 'raw', 'interval': '01:00:00', 'datetimeFrom': {'utc': '2016-12-17T06:30:00Z', 'local': '2016-12-17T12:00:00+05:30'}, 'datetimeTo': {'utc': '2016-12-17T07:30:00Z', 'local': '2016-12-17T13:00:00+05:30'}}",,,"{'expectedCount': 1, 'expectedInterval': '01:00:00', 'observedCount': 1, 'observedInterval': '01:00:00', 'percentComplete': 100.0, 'percentCoverage': 100.0, 'datetimeFrom': {'utc': '2016-12-17T06:30:00Z', 'local': '2016-12-17T12:00:00+05:30'}, 'datetimeTo': {'utc': '2016-12-17T07:30:00Z', 'local': '2016-12-17T13:00:00+05:30'}}"
251.2,{'hasFlags': False},"{'id': 2, 'name': 'pm25', 'units': 'µg/m³', 'displayName': None}","{'label': 'raw', 'interval': '01:00:00', 'datetimeFrom': {'utc': '2016-12-17T07:30:00Z', 'local': '2016-12-17T13:00:00+05:30'}, 'datetimeTo': {'utc': '2016-12-17T08:30:00Z', 'local': '2016-12-17T14:00:00+05:30'}}",,,"{'expectedCount': 1, 'expectedInterval': '01:00:00', 'observedCount': 1, 'observedInterval': '01:00:00', 'percentComplete': 100.0, 'percentCoverage': 100.0, 'datetimeFrom': {'utc': '2016-12-17T07:30:00Z', 'local': '2016-12-17T13:00:00+05:30'}, 'datetimeTo': {'utc': '2016-12-17T08:30:00Z', 'local': '2016-12-17T14:00:00+05:30'}}"
241.6,{'hasFlags': False},"{'id': 2, 'name': 'pm25', 'units': 'µg/m³', 'displayName': None}","{'label': 'raw', 'interval': '01:00:00', 'datetimeFrom': {'utc': '2016-12-17T08:30:00Z', 'local': '2016-12-17T14:00:00+05:30'}, 'datetimeTo': {'utc': '2016-12-17T09:30:00Z', 'local': '2016-12-17T15:00:00+05:30'}}",,,"{'expectedCount': 1, 'expectedInterval': '01:00:00', 'observedCount': 1, 'observedInterval': '01:00:00', 'percentComplete': 100.0, 'percentCoverage': 100.0, 'datetimeFrom': {'utc': '2016-12-17T08:30:00Z', 'local': '2016-12-17T14:00:00+05:30'}, 'datetimeTo': {'utc': '2016-12-17T09:30:00Z', 'local': '2016-12-17T15:00:00+05:30'}}"
212.5,{'hasFlags': False},"{'id': 2, 'name': 'pm25', 'units': 'µg/m³', 'displayName': None}","{'label': 'raw', 'interval': '01:00:00', 'datetimeFrom': {'utc': '2016-12-17T09:30:00Z', 'local': '2016-12-17T15:00:00+05:30'}, 'datetimeTo': {'utc': '2016-12-17T10:30:00Z', 'local': '2016-12-17T16:00:00+05:30'}}",,,"{'expectedCount': 1, 'expectedInterval': '01:00:00', 'observedCount': 1, 'observedInterval': '01:00:00', 'percentComplete': 100.0, 'percentCoverage': 100.0, 'datetimeFrom': {'utc': '2016-12-17T09:30:00Z', 'local': '2016-12-17T15:00:00+05:30'}, 'datetimeTo': {'utc': '2016-12-17T10:30:00Z', 'local': '2016-12-17T16:00:00+05:30'}}"
177.7,{'hasFlags': False},"{'id': 2, 'name': 'pm25', 'units': 'µg/m³', 'displayName': None}","{'label': 'raw', 'interval': '01:00:00', 'datetimeFrom': {'utc': '2016-12-17T10:30:00Z', 'local': '2016-12-17T16:00:00+05:30'}, 'datetimeTo': {'utc': '2016-12-17T11:30:00Z', 'local': '2016-12-17T17:00:00+05:30'}}",,,"{'expectedCount': 1, 'expectedInterval': '01:00:00', 'observedCount': 1, 'observedInterval': '01:00:00', 'percentComplete': 100.0, 'percentCoverage': 100.0, 'datetimeFrom': {'utc': '2016-12-17T10:30:00Z', 'local': '2016-12-17T16:00:00+05:30'}, 'datetimeTo': {'utc': '2016-12-17T11:30:00Z', 'local': '2016-12-17T17:00:00+05:30'}}"
153.9,{'hasFlags': False},"{'id': 2, 'name': 'pm25', 'units': 'µg/m³', 'displayName': None}","{'label': 'raw', 'interval': '01:00:00', 'datetimeFrom': {'utc': '2016-12-17T11:30:00Z', 'local': '2016-12-17T17:00:00+05:30'}, 'datetimeTo': {'utc': '2016-12-17T12:30:00Z', 'local': '2016-12-17T18:00:00+05:30'}}",,,"{'expectedCount': 1, 'expectedInterval': '01:00:00', 'observedCount': 1, 'observedInterval': '01:00:00', 'percentComplete': 100.0, 'percentCoverage': 100.0, 'datetimeFrom': {'utc': '2016-12-17T11:30:00Z', 'local': '2016-12-17T17:00:00+05:30'}, 'datetimeTo': {'utc': '2016-12-17T12:30:00Z', 'local': '2016-12-17T18:00:00+05:30'}}"
158.9,{'hasFlags': False},"{'id': 2, 'name': 'pm25', 'units': 'µg/m³', 'displayName': None}","{'label': 'raw', 'interval': '01:00:00', 'datetimeFrom': {'utc': '2016-12-17T12:30:00Z', 'local': '2016-12-17T18:00:00+05:30'}, 'datetimeTo': {'utc': '2016-12-17T13:30:00Z', 'local': '2016-12-17T19:00:00+05:30'}}",,,"{'expectedCount': 1, 'expectedInterval': '01:00:00', 'observedCount': 1, 'observedInterval': '01:00:00', 'percentComplete': 100.0, 'percentCoverage': 100.0, 'datetimeFrom': {'utc': '2016-12-17T12:30:00Z', 'local': '2016-12-17T18:00:00+05:30'}, 'datetimeTo': {'utc': '2016-12-17T13:30:00Z', 'local': '2016-12-17T19:00:00+05:30'}}"
157.4,{'hasFlags': False},"{'id': 2, 'name': 'pm25', 'units': 'µg/m³', 'displayName': None}","{'label': 'raw', 'interval': '01:00:00', 'datetimeFrom': {'utc': '2016-12-17T13:30:00Z', 'local': '2016-12-17T19:00:00+05:30'}, 'datetimeTo': {'utc': '2016-12-17T14:30:00Z', 'local': '2016-12-17T20:00:00+05:30'}}",,,"{'expectedCount': 1, 'expectedInterval': '01:00:00', 'observedCount': 1, 'observedInterval': '01:00:00', 'percentComplete': 100.0, 'percentCoverage': 100.0, 'datetimeFrom': {'utc': '2016-12-17T13:30:00Z', 'local': '2016-12-17T19:00:00+05:30'}, 'datetimeTo': {'utc': '2016-12-17T14:30:00Z', 'local': '2016-12-17T20:00:00+05:30'}}"
166.2,{'hasFlags': False},"{'id': 2, 'name': 'pm25', 'units': 'µg/m³', 'displayName': None}","{'label': 'raw', 'interval': '01:00:00', 'datetimeFrom': {'utc': '2016-12-17T14:30:00Z', 'local': '2016-12-17T20:00:00+05:30'}, 'datetimeTo': {'utc': '2016-12-17T15:30:00Z', 'local': '2016-12-17T21:00:00+05:30'}}",,,"{'expectedCount': 1, 'expectedInterval': '01:00:00', 'observedCount': 1, 'observedInterval': '01:00:00', 'percentComplete': 100.0, 'percentCoverage': 100.0, 'datetimeFrom': {'utc': '2016-12-17T14:30:00Z', 'local': '2016-12-17T20:00:00+05:30'}, 'datetimeTo': {'utc': '2016-12-17T15:30:00Z', 'local': '2016-12-17T21:00:00+05:30'}}"
215.6,{'hasFlags': False},"{'id': 2, 'name': 'pm25', 'units': 'µg/m³', 'displayName': None}","{'label': 'raw', 'interval': '01:00:00', 'datetimeFrom': {'utc': '2016-12-17T15:30:00Z', 'local': '2016-12-17T21:00:00+05:30'}, 'datetimeTo': {'utc': '2016-12-17T16:30:00Z', 'local': '2016-12-17T22:00:00+05:30'}}",,,"{'expectedCount': 1, 'expectedInterval': '01:00:00', 'observedCount': 1, 'observedInterval': '01:00:00', 'percentComplete': 100.0, 'percentCoverage': 100.0, 'datetimeFrom': {'utc': '2016-12-17T15:30:00Z', 'local': '2016-12-17T21:00:00+05:30'}, 'datetimeTo': {'utc': '2016-12-17T16:30:00Z', 'local': '2016-12-17T22:00:00+05:30'}}"
264.8,{'hasFlags': False},"{'id': 2, 'name': 'pm25', 'units': 'µg/m³', 'displayName': None}","{'label': 'raw', 'interval': '01:00:00', 'datetimeFrom': {'utc': '2016-12-17T16:30:00Z', 'local': '2016-12-17T22:00:00+05:30'}, 'datetimeTo': {'utc': '2016-12-17T17:30:00Z', 'local': '2016-12-17T23:00:00+05:30'}}",,,"{'expectedCount': 1, 'expectedInterval': '01:00:00', 'observedCount': 1, 'observedInterval': '01:00:00', 'percentComplete': 100.0, 'percentCoverage': 100.0, 'datetimeFrom': {'utc': '2016-12-17T16:30:00Z', 'local': '2016-12-17T22:00:00+05:30'}, 'datetimeTo': {'utc': '2016-12-17T17:30:00Z', 'local': '2016-12-17T23:00:00+05:30'}}"
301.9,{'hasFlags': False},"{'id': 2, 'name': 'pm25', 'units': 'µg/m³', 'displayName': None}","{'label': 'raw', 'interval': '01:00:00', 'datetimeFrom': {'utc': '2016-12-17T17:30:00Z', 'local': '2016-12-17T23:00:00+05:30'}, 'datetimeTo': {'utc': '2016-12-17T18:30:00Z', 'local': '2016-12-18T00:00:00+05:30'}}",,,"{'expectedCount': 1, 'expectedInterval': '01:00:00', 'observedCount': 1, 'observedInterval': '01:00:00', 'percentComplete': 100.0, 'percentCoverage': 100.0, 'datetimeFrom': {'utc': '2016-12-17T17:30:00Z', 'local': '2016-12-17T23:00:00+05:30'}, 'datetimeTo': {'utc': '2016-12-17T18:30:00Z', 'local': '2016-12-18T00:00:00+05:30'}}"
313.4,{'hasFlags': False},"{'id': 2, 'name': 'pm25', 'units': 'µg/m³', 'displayName': None}","{'label': 'raw', 'interval': '01:00:00', 'datetimeFrom': {'utc': '2016-12-17T18:30:00Z', 'local': '2016-12-18T00:00:00+05:30'}, 'datetimeTo': {'utc': '2016-12-17T19:30:00Z', 'local': '2016-12-18T01:00:00+05:30'}}",,,"{'expectedCount': 1, 'expectedInterval': '01:00:00', 'observedCount': 1, 'observedInterval': '01:00:00', 'percentComplete': 100.0, 'percentCoverage': 100.0, 'datetimeFrom': {'utc': '2016-12-17T18:30:00Z', 'local': '2016-12-18T00:00:00+05:30'}, 'datetimeTo': {'utc': '2016-12-17T19:30:00Z', 'local': '2016-12-18T01:00:00+05:30'}}"
302.2,{'hasFlags': False},"{'id': 2, 'name': 'pm25', 'units': 'µg/m³', 'displayName': None}","{'label': 'raw', 'interval': '01:00:00', 'datetimeFrom': {'utc': '2016-12-17T19:30:00Z', 'local': '2016-12-18T01:00:00+05:30'}, 'datetimeTo': {'utc': '2016-12-17T20:30:00Z', 'local': '2016-12-18T02:00:00+05:30'}}",,,"{'expectedCount': 1, 'expectedInterval': '01:00:00', 'observedCount': 1, 'observedInterval': '01:00:00', 'percentComplete': 100.0, 'percentCoverage': 100.0, 'datetimeFrom': {'utc': '2016-12-17T19:30:00Z', 'local': '2016-12-18T01:00:00+05:30'}, 'datetimeTo': {'utc': '2016-12-17T20:30:00Z', 'local': '2016-12-18T02:00:00+05:30'}}"
264.1,{'hasFlags': False},"{'id': 2, 'name': 'pm25', 'units': 'µg/m³', 'displayName': None}","{'label': 'raw', 'interval': '01:00:00', 'datetimeFrom': {'utc': '2016-12-17T20:30:00Z', 'local': '2016-12-18T02:00:00+05:30'}, 'datetimeTo': {'utc': '2016-12-17T21:30:00Z', 'local': '2016-12-18T03:00:00+05:30'}}",,,"{'expectedCount': 1, 'expectedInterval': '01:00:00', 'observedCount': 1, 'observedInterval': '01:00:00', 'percentComplete': 100.0, 'percentCoverage': 100.0, 'datetimeFrom': {'utc': '2016-12-17T20:30:00Z', 'local': '2016-12-18T02:00:00+05:30'}, 'datetimeTo': {'utc': '2016-12-17T21:30:00Z', 'local': '2016-12-18T03:00:00+05:30'}}"
227.5,{'hasFlags': False},"{'id': 2, 'name': 'pm25', 'units': 'µg/m³', 'displayName': None}","{'label': 'raw', 'interval': '01:00:00', 'datetimeFrom': {'utc': '2016-12-17T21:30:00Z', 'local': '2016-12-18T03:00:00+05:30'}, 'datetimeTo': {'utc': '2016-12-17T22:30:00Z', 'local': '2016-12-18T04:00:00+05:30'}}",,,"{'expectedCount': 1, 'expectedInterval': '01:00:00', 'observedCount': 1, 'observedInterval': '01:00:00', 'percentComplete': 100.0, 'percentCoverage': 100.0, 'datetimeFrom': {'utc': '2016-12-17T21:30:00Z', 'local': '2016-12-18T03:00:00+05:30'}, 'datetimeTo': {'utc': '2016-12-17T22:30:00Z', 'local': '2016-12-18T04:00:00+05:30'}}"
195.7,{'hasFlags': False},"{'id': 2, 'name': 'pm25', 'units': 'µg/m³', 'displayName': None}","{'label': 'raw', 'interval': '01:00:00', 'datetimeFrom': {'utc': '2016-12-17T22:30:00Z', 'local': '2016-12-18T04:00:00+05:30'}, 'datetimeTo': {'utc': '2016-12-17T23:30:00Z', 'local': '2016-12-18T05:00:00+05:30'}}",,,"{'expectedCount': 1, 'expectedInterval': '01:00:00', 'observedCount': 1, 'observedInterval': '01:00:00', 'percentComplete': 100.0, 'percentCoverage': 100.0, 'datetimeFrom': {'utc': '2016-12-17T22:30:00Z', 'local': '2016-12-18T04:00:00+05:30'}, 'datetimeTo': {'utc': '2016-12-17T23:30:00Z', 'local': '2016-12-18T05:00:00+05:30'}}"
213.4,{'hasFlags': False},"{'id': 2, 'name': 'pm25', 'units': 'µg/m³', 'displayName': None}","{'label': 'raw', 'interval': '01:00:00', 'datetimeFrom': {'utc': '2016-12-17T23:30:00Z', 'local': '2016-12-18T05:00:00+05:30'}, 'datetimeTo': {'utc': '2016-12-18T00:30:00Z', 'local': '2016-12-18T06:00:00+05:30'}}",,,"{'expectedCount': 1, 'expectedInterval': '01:00:00', 'observedCount': 1, 'observedInterval': '01:00:00', 'percentComplete': 100.0, 'percentCoverage': 100.0, 'datetimeFrom': {'utc': '2016-12-17T23:30:00Z', 'local': '2016-12-18T05:00:00+05:30'}, 'datetimeTo': {'utc': '2016-12-18T00:30:00Z', 'local': '2016-12-18T06:00:00+05:30'}}"
235.2,{'hasFlags': False},"{'id': 2, 'name': 'pm25', 'units': 'µg/m³', 'displayName': None}","{'label': 'raw', 'interval': '01:00:00', 'datetimeFrom': {'utc': '2016-12-18T00:30:00Z', 'local': '2016-12-18T06:00:00+05:30'}, 'datetimeTo': {'utc': '2016-12-18T01:30:00Z', 'local': '2016-12-18T07:00:00+05:30'}}",,,"{'expectedCount': 1, 'expectedInterval': '01:00:00', 'observedCount': 1, 'observedInterval': '01:00:00', 'percentComplete': 100.0, 'percentCoverage': 100.0, 'datetimeFrom': {'utc': '2016-12-18T00:30:00Z', 'local': '2016-12-18T06:00:00+05:30'}, 'datetimeTo': {'utc': '2016-12-18T01:30:00Z', 'local': '2016-12-18T07:00:00+05:30'}}"
285.6,{'hasFlags': False},"{'id': 2, 'name': 'pm25', 'units': 'µg/m³', 'displayName': None}","{'label': 'raw', 'interval': '01:00:00', 'datetimeFrom': {'utc': '2016-12-18T01:30:00Z', 'local': '2016-12-18T07:00:00+05:30'}, 'datetimeTo': {'utc': '2016-12-18T02:30:00Z', 'local': '2016-12-18T08:00:00+05:30'}}",,,"{'expectedCount': 1, 'expectedInterval': '01:00:00', 'observedCount': 1, 'observedInterval': '01:00:00', 'percentComplete': 100.0, 'percentCoverage': 100.0, 'datetimeFrom': {'utc': '2016-12-18T01:30:00Z', 'local': '2016-12-18T07:00:00+05:30'}, 'datetimeTo': {'utc': '2016-12-18T02:30:00Z', 'local': '2016-12-18T08:00:00+05:30'}}"
292.3,{'hasFlags': False},"{'id': 2, 'name': 'pm25', 'units': 'µg/m³', 'displayName': None}","{'label': 'raw', 'interval': '01:00:00', 'datetimeFrom': {'utc': '2016-12-18T02:30:00Z', 'local': '2016-12-18T08:00:00+05:30'}, 'datetimeTo': {'utc': '2016-12-18T03:30:00Z', 'local': '2016-12-18T09:00:00+05:30'}}",,,"{'expectedCount': 1, 'expectedInterval': '01:00:00', 'observedCount': 1, 'observedInterval': '01:00:00', 'percentComplete': 100.0, 'percentCoverage': 100.0, 'datetimeFrom': {'utc': '2016-12-18T02:30:00Z', 'local': '2016-12-18T08:00:00+05:30'}, 'datetimeTo': {'utc': '2016-12-18T03:30:00Z', 'local': '2016-12-18T09:00:00+05:30'}}"
299.1,{'hasFlags': False},"{'id': 2, 'name': 'pm25', 'units': 'µg/m³', 'displayName': None}","{'label': 'raw', 'interval': '01:00:00', 'datetimeFrom': {'utc': '2016-12-18T03:30:00Z', 'local': '2016-12-18T09:00:00+05:30'}, 'datetimeTo': {'utc': '2016-12-18T04:30:00Z', 'local': '2016-12-18T10:00:00+05:30'}}",,,"{'expectedCount': 1, 'expectedInterval': '01:00:00', 'observedCount': 1, 'observedInterval': '01:00:00', 'percentComplete': 100.0, 'percentCoverage': 100.0, 'datetimeFrom': {'utc': '2016-12-18T03:30:00Z', 'local': '2016-12-18T09:00:00+05:30'}, 'datetimeTo': {'utc': '2016-12-18T04:30:00Z', 'local': '2016-12-18T10:00:00+05:30'}}"
303.0,{'hasFlags': False},"{'id': 2, 'name': 'pm25', 'units': 'µg/m³', 'displayName': None}","{'label': 'raw', 'interval': '01:00:00', 'datetimeFrom': {'utc': '2016-12-18T04:30:00Z', 'local': '2016-12-18T10:00:00+05:30'}, 'datetimeTo': {'utc': '2016-12-18T05:30:00Z', 'local': '2016-12-18T11:00:00+05:30'}}",,,"{'expectedCount': 1, 'expectedInterval': '01:00:00', 'observedCount': 1, 'observedInterval': '01:00:00', 'percentComplete': 100.0, 'percentCoverage': 100.0, 'datetimeFrom': {'utc': '2016-12-18T04:30:00Z', 'local': '2016-12-18T10:00:00+05:30'}, 'datetimeTo': {'utc': '2016-12-18T05:30:00Z', 'local': '2016-12-18T11:00:00+05:30'}}"
286.0,{'hasFlags': False},"{'id': 2, 'name': 'pm25', 'units': 'µg/m³', 'displayName': None}","{'label': 'raw', 'interval': '01:00:00', 'datetimeFrom': {'utc': '2016-12-18T05:30:00Z', 'local': '2016-12-18T11:00:00+05:30'}, 'datetimeTo': {'utc': '2016-12-18T06:30:00Z', 'local': '2016-12-18T12:00:00+05:30'}}",,,"{'expectedCount': 1, 'expectedInterval': '01:00:00', 'observedCount': 1, 'observedInterval': '01:00:00', 'percentComplete': 100.0, 'percentCoverage': 100.0, 'datetimeFrom': {'utc': '2016-12-18T05:30:00Z', 'local': '2016-12-18T11:00:00+05:30'}, 'datetimeTo': {'utc': '2016-12-18T06:30:00Z', 'local': '2016-12-18T12:00:00+05:30'}}"
236.4,{'hasFlags': False},"{'id': 2, 'name': 'pm25', 'units': 'µg/m³', 'displayName': None}","{'label': 'raw', 'interval': '01:00:00', 'datetimeFrom': {'utc': '2016-12-18T06:30:00Z', 'local': '2016-12-18T12:00:00+05:30'}, 'datetimeTo': {'utc': '2016-12-18T07:30:00Z', 'local': '2016-12-18T13:00:00+05:30'}}",,,"{'expectedCount': 1, 'expectedInterval': '01:00:00', 'observedCount': 1, 'observedInterval': '01:00:00', 'percentComplete': 100.0, 'percentCoverage': 100.0, 'datetimeFrom': {'utc': '2016-12-18T06:30:00Z', 'local': '2016-12-18T12:00:00+05:30'}, 'datetimeTo': {'utc': '2016-12-18T07:30:00Z', 'local': '2016-12-18T13:00:00+05:30'}}"
212.7,{'hasFlags': False},"{'id': 2, 'name': 'pm25', 'units': 'µg/m³', 'displayName': None}","{'label': 'raw', 'interval': '01:00:00', 'datetimeFrom': {'utc': '2016-12-18T07:30:00Z', 'local': '2016-12-18T13:00:00+05:30'}, 'datetimeTo': {'utc': '2016-12-18T08:30:00Z', 'local': '2016-12-18T14:00:00+05:30'}}",,,"{'expectedCount': 1, 'expectedInterval': '01:00:00', 'observedCount': 1, 'observedInterval': '01:00:00', 'percentComplete': 100.0, 'percentCoverage': 100.0, 'datetimeFrom': {'utc': '2016-12-18T07:30:00Z', 'local': '2016-12-18T13:00:00+05:30'}, 'datetimeTo': {'utc': '2016-12-18T08:30:00Z', 'local': '2016-12-18T14:00:00+05:30'}}"
181.8,{'hasFlags': False},"{'id': 2, 'name': 'pm25', 'units': 'µg/m³', 'displayName': None}","{'label': 'raw', 'interval': '01:00:00', 'datetimeFrom': {'utc': '2016-12-18T08:30:00Z', 'local': '2016-12-18T14:00:00+05:30'}, 'datetimeTo': {'utc': '2016-12-18T09:30:00Z', 'local': '2016-12-18T15:00:00+05:30'}}",,,"{'expectedCount': 1, 'expectedInterval': '01:00:00', 'observedCount': 1, 'observedInterval': '01:00:00', 'percentComplete': 100.0, 'percentCoverage': 100.0, 'datetimeFrom': {'utc': '2016-12-18T08:30:00Z', 'local': '2016-12-18T14:00:00+05:30'}, 'datetimeTo': {'utc': '2016-12-18T09:30:00Z', 'local': '2016-12-18T15:00:00+05:30'}}"
154.9,{'hasFlags': False},"{'id': 2, 'name': 'pm25', 'units': 'µg/m³', 'displayName': None}","{'label': 'raw', 'interval': '01:00:00', 'datetimeFrom': {'utc': '2016-12-18T09:30:00Z', 'local': '2016-12-18T15:00:00+05:30'}, 'datetimeTo': {'utc': '2016-12-18T10:30:00Z', 'local': '2016-12-18T16:00:00+05:30'}}",,,"{'expectedCount': 1, 'expectedInterval': '01:00:00', 'observedCount': 1, 'observedInterval': '01:00:00', 'percentComplete': 100.0, 'percentCoverage': 100.0, 'datetimeFrom': {'utc': '2016-12-18T09:30:00Z', 'local': '2016-12-18T15:00:00+05:30'}, 'datetimeTo': {'utc': '2016-12-18T10:30:00Z', 'local': '2016-12-18T16:00:00+05:30'}}"
137.9,{'hasFlags': False},"{'id': 2, 'name': 'pm25', 'units': 'µg/m³', 'displayName': None}","{'label': 'raw', 'interval': '01:00:00', 'datetimeFrom': {'utc': '2016-12-18T10:30:00Z', 'local': '2016-12-18T16:00:00+05:30'}, 'datetimeTo': {'utc': '2016-12-18T11:30:00Z', 'local': '2016-12-18T17:00:00+05:30'}}",,,"{'expectedCount': 1, 'expectedInterval': '01:00:00', 'observedCount': 1, 'observedInterval': '01:00:00', 'percentComplete': 100.0, 'percentCoverage': 100.0, 'datetimeFrom': {'utc': '2016-12-18T10:30:00Z', 'local': '2016-12-18T16:00:00+05:30'}, 'datetimeTo': {'utc': '2016-12-18T11:30:00Z', 'local': '2016-12-18T17:00:00+05:30'}}"
133.9,{'hasFlags': False},"{'id': 2, 'name': 'pm25', 'units': 'µg/m³', 'displayName': None}","{'label': 'raw', 'interval': '01:00:00', 'datetimeFrom': {'utc': '2016-12-18T11:30:00Z', 'local': '2016-12-18T17:00:00+05:30'}, 'datetimeTo': {'utc': '2016-12-18T12:30:00Z', 'local': '2016-12-18T18:00:00+05:30'}}",,,"{'expectedCount': 1, 'expectedInterval': '01:00:00', 'observedCount': 1, 'observedInterval': '01:00:00', 'percentComplete': 100.0, 'percentCoverage': 100.0, 'datetimeFrom': {'utc': '2016-12-18T11:30:00Z', 'local': '2016-12-18T17:00:00+05:30'}, 'datetimeTo': {'utc': '2016-12-18T12:30:00Z', 'local': '2016-12-18T18:00:00+05:30'}}"
136.9,{'hasFlags': False},"{'id': 2, 'name': 'pm25', 'units': 'µg/m³', 'displayName': None}","{'label': 'raw', 'interval': '01:00:00', 'datetimeFrom': {'utc': '2016-12-18T12:30:00Z', 'local': '2016-12-18T18:00:00+05:30'}, 'datetimeTo': {'utc': '2016-12-18T13:30:00Z', 'local': '2016-12-18T19:00:00+05:30'}}",,,"{'expectedCount': 1, 'expectedInterval': '01:00:00', 'observedCount': 1, 'observedInterval': '01:00:00', 'percentComplete': 100.0, 'percentCoverage': 100.0, 'datetimeFrom': {'utc': '2016-12-18T12:30:00Z', 'local': '2016-12-18T18:00:00+05:30'}, 'datetimeTo': {'utc': '2016-12-18T13:30:00Z', 'local': '2016-12-18T19:00:00+05:30'}}"
155.9,{'hasFlags': False},"{'id': 2, 'name': 'pm25', 'units': 'µg/m³', 'displayName': None}","{'label': 'raw', 'interval': '01:00:00', 'datetimeFrom': {'utc': '2016-12-18T13:30:00Z', 'local': '2016-12-18T19:00:00+05:30'}, 'datetimeTo': {'utc': '2016-12-18T14:30:00Z', 'local': '2016-12-18T20:00:00+05:30'}}",,,"{'expectedCount': 1, 'expectedInterval': '01:00:00', 'observedCount': 1, 'observedInterval': '01:00:00', 'percentComplete': 100.0, 'percentCoverage': 100.0, 'datetimeFrom': {'utc': '2016-12-18T13:30:00Z', 'local': '2016-12-18T19:00:00+05:30'}, 'datetimeTo': {'utc': '2016-12-18T14:30:00Z', 'local': '2016-12-18T20:00:00+05:30'}}"
182.4,{'hasFlags': False},"{'id': 2, 'name': 'pm25', 'units': 'µg/m³', 'displayName': None}","{'label': 'raw', 'interval': '01:00:00', 'datetimeFrom': {'utc': '2016-12-18T14:30:00Z', 'local': '2016-12-18T20:00:00+05:30'}, 'datetimeTo': {'utc': '2016-12-18T15:30:00Z', 'local': '2016-12-18T21:00:00+05:30'}}",,,"{'expectedCount': 1, 'expectedInterval': '01:00:00', 'observedCount': 1, 'observedInterval': '01:00:00', 'percentComplete': 100.0, 'percentCoverage': 100.0, 'datetimeFrom': {'utc': '2016-12-18T14:30:00Z', 'local': '2016-12-18T20:00:00+05:30'}, 'datetimeTo': {'utc': '2016-12-18T15:30:00Z', 'local': '2016-12-18T21:00:00+05:30'}}"
232.2,{'hasFlags': False},"{'id': 2, 'name': 'pm25', 'units': 'µg/m³', 'displayName': None}","{'label': 'raw', 'interval': '01:00:00', 'datetimeFrom': {'utc': '2016-12-18T15:30:00Z', 'local': '2016-12-18T21:00:00+05:30'}, 'datetimeTo': {'utc': '2016-12-18T16:30:00Z', 'local': '2016-12-18T22:00:00+05:30'}}",,,"{'expectedCount': 1, 'expectedInterval': '01:00:00', 'observedCount': 1, 'observedInterval': '01:00:00', 'percentComplete': 100.0, 'percentCoverage': 100.0, 'datetimeFrom': {'utc': '2016-12-18T15:30:00Z', 'local': '2016-12-18T21:00:00+05:30'}, 'datetimeTo': {'utc': '2016-12-18T16:30:00Z', 'local': '2016-12-18T22:00:00+05:30'}}"
274.6,{'hasFlags': False},"{'id': 2, 'name': 'pm25', 'units': 'µg/m³', 'displayName': None}","{'label': 'raw', 'interval': '01:00:00', 'datetimeFrom': {'utc': '2016-12-18T16:30:00Z', 'local': '2016-12-18T22:00:00+05:30'}, 'datetimeTo': {'utc': '2016-12-18T17:30:00Z', 'local': '2016-12-18T23:00:00+05:30'}}",,,"{'expectedCount': 1, 'expectedInterval': '01:00:00', 'observedCount': 1, 'observedInterval': '01:00:00', 'percentComplete': 100.0, 'percentCoverage': 100.0, 'datetimeFrom': {'utc': '2016-12-18T16:30:00Z', 'local': '2016-12-18T22:00:00+05:30'}, 'datetimeTo': {'utc': '2016-12-18T17:30:00Z', 'local': '2016-12-18T23:00:00+05:30'}}"
298.3,{'hasFlags': False},"{'id': 2, 'name': 'pm25', 'units': 'µg/m³', 'displayName': None}","{'label': 'raw', 'interval': '01:00:00', 'datetimeFrom': {'utc': '2016-12-18T17:30:00Z', 'local': '2016-12-18T23:00:00+05:30'}, 'datetimeTo': {'utc': '2016-12-18T18:30:00Z', 'local': '2016-12-19T00:00:00+05:30'}}",,,"{'expectedCount': 1, 'expectedInterval': '01:00:00', 'observedCount': 1, 'observedInterval': '01:00:00', 'percentComplete': 100.0, 'percentCoverage': 100.0, 'datetimeFrom': {'utc': '2016-12-18T17:30:00Z', 'local': '2016-12-18T23:00:00+05:30'}, 'datetimeTo': {'utc': '2016-12-18T18:30:00Z', 'local': '2016-12-19T00:00:00+05:30'}}"
312.6,{'hasFlags': False},"{'id': 2, 'name': 'pm25', 'units': 'µg/m³', 'displayName': None}","{'label': 'raw', 'interval': '01:00:00', 'datetimeFrom': {'utc': '2016-12-18T18:30:00Z', 'local': '2016-12-19T00:00:00+05:30'}, 'datetimeTo': {'utc': '2016-12-18T19:30:00Z', 'local': '2016-12-19T01:00:00+05:30'}}",,,"{'expectedCount': 1, 'expectedInterval': '01:00:00', 'observedCount': 1, 'observedInterval': '01:00:00', 'percentComplete': 100.0, 'percentCoverage': 100.0, 'datetimeFrom': {'utc': '2016-12-18T18:30:00Z', 'local': '2016-12-19T00:00:00+05:30'}, 'datetimeTo': {'utc': '2016-12-18T19:30:00Z', 'local': '2016-12-19T01:00:00+05:30'}}"
321.3,{'hasFlags': False},"{'id': 2, 'name': 'pm25', 'units': 'µg/m³', 'displayName': None}","{'label': 'raw', 'interval': '01:00:00', 'datetimeFrom': {'utc': '2016-12-18T19:30:00Z', 'local': '2016-12-19T01:00:00+05:30'}, 'datetimeTo': {'utc': '2016-12-18T20:30:00Z', 'local': '2016-12-19T02:00:00+05:30'}}",,,"{'expectedCount': 1, 'expectedInterval': '01:00:00', 'observedCount': 1, 'observedInterval': '01:00:00', 'percentComplete': 100.0, 'percentCoverage': 100.0, 'datetimeFrom': {'utc': '2016-12-18T19:30:00Z', 'local': '2016-12-19T01:00:00+05:30'}, 'datetimeTo': {'utc': '2016-12-18T20:30:00Z', 'local': '2016-12-19T02:00:00+05:30'}}"
322.1,{'hasFlags': False},"{'id': 2, 'name': 'pm25', 'units': 'µg/m³', 'displayName': None}","{'label': 'raw', 'interval': '01:00:00', 'datetimeFrom': {'utc': '2016-12-18T20:30:00Z', 'local': '2016-12-19T02:00:00+05:30'}, 'datetimeTo': {'utc': '2016-12-18T21:30:00Z', 'local': '2016-12-19T03:00:00+05:30'}}",,,"{'expectedCount': 1, 'expectedInterval': '01:00:00', 'observedCount': 1, 'observedInterval': '01:00:00', 'percentComplete': 100.0, 'percentCoverage': 100.0, 'datetimeFrom': {'utc': '2016-12-18T20:30:00Z', 'local': '2016-12-19T02:00:00+05:30'}, 'datetimeTo': {'utc': '2016-12-18T21:30:00Z', 'local': '2016-12-19T03:00:00+05:30'}}"
306.6,{'hasFlags': False},"{'id': 2, 'name': 'pm25', 'units': 'µg/m³', 'displayName': None}","{'label': 'raw', 'interval': '01:00:00', 'datetimeFrom': {'utc': '2016-12-18T21:30:00Z', 'local': '2016-12-19T03:00:00+05:30'}, 'datetimeTo': {'utc': '2016-12-18T22:30:00Z', 'local': '2016-12-19T04:00:00+05:30'}}",,,"{'expectedCount': 1, 'expectedInterval': '01:00:00', 'observedCount': 1, 'observedInterval': '01:00:00', 'percentComplete': 100.0, 'percentCoverage': 100.0, 'datetimeFrom': {'utc': '2016-12-18T21:30:00Z', 'local': '2016-12-19T03:00:00+05:30'}, 'datetimeTo': {'utc': '2016-12-18T22:30:00Z', 'local': '2016-12-19T04:00:00+05:30'}}"
291.8,{'hasFlags': False},"{'id': 2, 'name': 'pm25', 'units': 'µg/m³', 'displayName': None}","{'label': 'raw', 'interval': '01:00:00', 'datetimeFrom': {'utc': '2016-12-18T22:30:00Z', 'local': '2016-12-19T04:00:00+05:30'}, 'datetimeTo': {'utc': '2016-12-18T23:30:00Z', 'local': '2016-12-19T05:00:00+05:30'}}",,,"{'expectedCount': 1, 'expectedInterval': '01:00:00', 'observedCount': 1, 'observedInterval': '01:00:00', 'percentComplete': 100.0, 'percentCoverage': 100.0, 'datetimeFrom': {'utc': '2016-12-18T22:30:00Z', 'local': '2016-12-19T04:00:00+05:30'}, 'datetimeTo': {'utc': '2016-12-18T23:30:00Z', 'local': '2016-12-19T05:00:00+05:30'}}"
274.9,{'hasFlags': False},"{'id': 2, 'name': 'pm25', 'units': 'µg/m³', 'displayName': None}","{'label': 'raw', 'interval': '01:00:00', 'datetimeFrom': {'utc': '2016-12-18T23:30:00Z', 'local': '2016-12-19T05:00:00+05:30'}, 'datetimeTo': {'utc': '2016-12-19T00:30:00Z', 'local': '2016-12-19T06:00:00+05:30'}}",,,"{'expectedCount': 1, 'expectedInterval': '01:00:00', 'observedCount': 1, 'observedInterval': '01:00:00', 'percentComplete': 100.0, 'percentCoverage': 100.0, 'datetimeFrom': {'utc': '2016-12-18T23:30:00Z', 'local': '2016-12-19T05:00:00+05:30'}, 'datetimeTo': {'utc': '2016-12-19T00:30:00Z', 'local': '2016-12-19T06:00:00+05:30'}}"
255.6,{'hasFlags': False},"{'id': 2, 'name': 'pm25', 'units': 'µg/m³', 'displayName': None}","{'label': 'raw', 'interval': '01:00:00', 'datetimeFrom': {'utc': '2016-12-19T00:30:00Z', 'local': '2016-12-19T06:00:00+05:30'}, 'datetimeTo': {'utc': '2016-12-19T01:30:00Z', 'local': '2016-12-19T07:00:00+05:30'}}",,,"{'expectedCount': 1, 'expectedInterval': '01:00:00', 'observedCount': 1, 'observedInterval': '01:00:00', 'percentComplete': 100.0, 'percentCoverage': 100.0, 'datetimeFrom': {'utc': '2016-12-19T00:30:00Z', 'local': '2016-12-19T06:00:00+05:30'}, 'datetimeTo': {'utc': '2016-12-19T01:30:00Z', 'local': '2016-12-19T07:00:00+05:30'}}"
252.9,{'hasFlags': False},"{'id': 2, 'name': 'pm25', 'units': 'µg/m³', 'displayName': None}","{'label': 'raw', 'interval': '01:00:00', 'datetimeFrom': {'utc': '2016-12-19T01:30:00Z', 'local': '2016-12-19T07:00:00+05:30'}, 'datetimeTo': {'utc': '2016-12-19T02:30:00Z', 'local': '2016-12-19T08:00:00+05:30'}}",,,"{'expectedCount': 1, 'expectedInterval': '01:00:00', 'observedCount': 1, 'observedInterval': '01:00:00', 'percentComplete': 100.0, 'percentCoverage': 100.0, 'datetimeFrom': {'utc': '2016-12-19T01:30:00Z', 'local': '2016-12-19T07:00:00+05:30'}, 'datetimeTo': {'utc': '2016-12-19T02:30:00Z', 'local': '2016-12-19T08:00:00+05:30'}}"
251.8,{'hasFlags': False},"{'id': 2, 'name': 'pm25', 'units': 'µg/m³', 'displayName': None}","{'label': 'raw', 'interval': '01:00:00', 'datetimeFrom': {'utc': '2016-12-19T02:30:00Z', 'local': '2016-12-19T08:00:00+05:30'}, 'datetimeTo': {'utc': '2016-12-19T03:30:00Z', 'local': '2016-12-19T09:00:00+05:30'}}",,,"{'expectedCount': 1, 'expectedInterval': '01:00:00', 'observedCount': 1, 'observedInterval': '01:00:00', 'percentComplete': 100.0, 'percentCoverage': 100.0, 'datetimeFrom': {'utc': '2016-12-19T02:30:00Z', 'local': '2016-12-19T08:00:00+05:30'}, 'datetimeTo': {'utc': '2016-12-19T03:30:00Z', 'local': '2016-12-19T09:00:00+05:30'}}"
261.1,{'hasFlags': False},"{'id': 2, 'name': 'pm25', 'units': 'µg/m³', 'displayName': None}","{'label': 'raw', 'interval': '01:00:00', 'datetimeFrom': {'utc': '2016-12-19T03:30:00Z', 'local': '2016-12-19T09:00:00+05:30'}, 'datetimeTo': {'utc': '2016-12-19T04:30:00Z', 'local': '2016-12-19T10:00:00+05:30'}}",,,"{'expectedCount': 1, 'expectedInterval': '01:00:00', 'observedCount': 1, 'observedInterval': '01:00:00', 'percentComplete': 100.0, 'percentCoverage': 100.0, 'datetimeFrom': {'utc': '2016-12-19T03:30:00Z', 'local': '2016-12-19T09:00:00+05:30'}, 'datetimeTo': {'utc': '2016-12-19T04:30:00Z', 'local': '2016-12-19T10:00:00+05:30'}}"
281.6,{'hasFlags': False},"{'id': 2, 'name': 'pm25', 'units': 'µg/m³', 'displayName': None}","{'label': 'raw', 'interval': '01:00:00', 'datetimeFrom': {'utc': '2016-12-19T04:30:00Z', 'local': '2016-12-19T10:00:00+05:30'}, 'datetimeTo': {'utc': '2016-12-19T05:30:00Z', 'local': '2016-12-19T11:00:00+05:30'}}",,,"{'expectedCount': 1, 'expectedInterval': '01:00:00', 'observedCount': 1, 'observedInterval': '01:00:00', 'percentComplete': 100.0, 'percentCoverage': 100.0, 'datetimeFrom': {'utc': '2016-12-19T04:30:00Z', 'local': '2016-12-19T10:00:00+05:30'}, 'datetimeTo': {'utc': '2016-12-19T05:30:00Z', 'local': '2016-12-19T11:00:00+05:30'}}"
294.5,{'hasFlags': False},"{'id': 2, 'name': 'pm25', 'units': 'µg/m³', 'displayName': None}","{'label': 'raw', 'interval': '01:00:00', 'datetimeFrom': {'utc': '2016-12-19T05:30:00Z', 'local': '2016-12-19T11:00:00+05:30'}, 'datetimeTo': {'utc': '2016-12-19T06:30:00Z', 'local': '2016-12-19T12:00:00+05:30'}}",,,"{'expectedCount': 1, 'expectedInterval': '01:00:00', 'observedCount': 1, 'observedInterval': '01:00:00', 'percentComplete': 100.0, 'percentCoverage': 100.0, 'datetimeFrom': {'utc': '2016-12-19T05:30:00Z', 'local': '2016-12-19T11:00:00+05:30'}, 'datetimeTo': {'utc': '2016-12-19T06:30:00Z', 'local': '2016-12-19T12:00:00+05:30'}}"
277.6,{'hasFlags': False},"{'id': 2, 'name': 'pm25', 'units': 'µg/m³', 'displayName': None}","{'label': 'raw', 'interval': '01:00:00', 'datetimeFrom': {'utc': '2016-12-19T06:30:00Z', 'local': '2016-12-19T12:00:00+05:30'}, 'datetimeTo': {'utc': '2016-12-19T07:30:00Z', 'local': '2016-12-19T13:00:00+05:30'}}",,,"{'expectedCount': 1, 'expectedInterval': '01:00:00', 'observedCount': 1, 'observedInterval': '01:00:00', 'percentComplete': 100.0, 'percentCoverage': 100.0, 'datetimeFrom': {'utc': '2016-12-19T06:30:00Z', 'local': '2016-12-19T12:00:00+05:30'}, 'datetimeTo': {'utc': '2016-12-19T07:30:00Z', 'local': '2016-12-19T13:00:00+05:30'}}"
263.2,{'hasFlags': False},"{'id': 2, 'name': 'pm25', 'units': 'µg/m³', 'displayName': None}","{'label': 'raw', 'interval': '01:00:00', 'datetimeFrom': {'utc': '2016-12-19T07:30:00Z', 'local': '2016-12-19T13:00:00+05:30'}, 'datetimeTo': {'utc': '2016-12-19T08:30:00Z', 'local': '2016-12-19T14:00:00+05:30'}}",,,"{'expectedCount': 1, 'expectedInterval': '01:00:00', 'observedCount': 1, 'observedInterval': '01:00:00', 'percentComplete': 100.0, 'percentCoverage': 100.0, 'datetimeFrom': {'utc': '2016-12-19T07:30:00Z', 'local': '2016-12-19T13:00:00+05:30'}, 'datetimeTo': {'utc': '2016-12-19T08:30:00Z', 'local': '2016-12-19T14:00:00+05:30'}}"
204.3,{'hasFlags': False},"{'id': 2, 'name': 'pm25', 'units': 'µg/m³', 'displayName': None}","{'label': 'raw', 'interval': '01:00:00', 'datetimeFrom': {'utc': '2016-12-19T08:30:00Z', 'local': '2016-12-19T14:00:00+05:30'}, 'datetimeTo': {'utc': '2016-12-19T09:30:00Z', 'local': '2016-12-19T15:00:00+05:30'}}",,,"{'expectedCount': 1, 'expectedInterval': '01:00:00', 'observedCount': 1, 'observedInterval': '01:00:00', 'percentComplete': 100.0, 'percentCoverage': 100.0, 'datetimeFrom': {'utc': '2016-12-19T08:30:00Z', 'local': '2016-12-19T14:00:00+05:30'}, 'datetimeTo': {'utc': '2016-12-19T09:30:00Z', 'local': '2016-12-19T15:00:00+05:30'}}"
160.6,{'hasFlags': False},"{'id': 2, 'name': 'pm25', 'units': 'µg/m³', 'displayName': None}","{'label': 'raw', 'interval': '01:00:00', 'datetimeFrom': {'utc': '2016-12-19T09:30:00Z', 'local': '2016-12-19T15:00:00+05:30'}, 'datetimeTo': {'utc': '2016-12-19T10:30:00Z', 'local': '2016-12-19T16:00:00+05:30'}}",,,"{'expectedCount': 1, 'expectedInterval': '01:00:00', 'observedCount': 1, 'observedInterval': '01:00:00', 'percentComplete': 100.0, 'percentCoverage': 100.0, 'datetimeFrom': {'utc': '2016-12-19T09:30:00Z', 'local': '2016-12-19T15:00:00+05:30'}, 'datetimeTo': {'utc': '2016-12-19T10:30:00Z', 'local': '2016-12-19T16:00:00+05:30'}}"
139.3,{'hasFlags': False},"{'id': 2, 'name': 'pm25', 'units': 'µg/m³', 'displayName': None}","{'label': 'raw', 'interval': '01:00:00', 'datetimeFrom': {'utc': '2016-12-19T10:30:00Z', 'local': '2016-12-19T16:00:00+05:30'}, 'datetimeTo': {'utc': '2016-12-19T11:30:00Z', 'local': '2016-12-19T17:00:00+05:30'}}",,,"{'expectedCount': 1, 'expectedInterval': '01:00:00', 'observedCount': 1, 'observedInterval': '01:00:00', 'percentComplete': 100.0, 'percentCoverage': 100.0, 'datetimeFrom': {'utc': '2016-12-19T10:30:00Z', 'local': '2016-12-19T16:00:00+05:30'}, 'datetimeTo': {'utc': '2016-12-19T11:30:00Z', 'local': '2016-12-19T17:00:00+05:30'}}"
128.6,{'hasFlags': False},"{'id': 2, 'name': 'pm25', 'units': 'µg/m³', 'displayName': None}","{'label': 'raw', 'interval': '01:00:00', 'datetimeFrom': {'utc': '2016-12-19T11:30:00Z', 'local': '2016-12-19T17:00:00+05:30'}, 'datetimeTo': {'utc': '2016-12-19T12:30:00Z', 'local': '2016-12-19T18:00:00+05:30'}}",,,"{'expectedCount': 1, 'expectedInterval': '01:00:00', 'observedCount': 1, 'observedInterval': '01:00:00', 'percentComplete': 100.0, 'percentCoverage': 100.0, 'datetimeFrom': {'utc': '2016-12-19T11:30:00Z', 'local': '2016-12-19T17:00:00+05:30'}, 'datetimeTo': {'utc': '2016-12-19T12:30:00Z', 'local': '2016-12-19T18:00:00+05:30'}}"
139.8,{'hasFlags': False},"{'id': 2, 'name': 'pm25', 'units': 'µg/m³', 'displayName': None}","{'label': 'raw', 'interval': '01:00:00', 'datetimeFrom': {'utc': '2016-12-19T12:30:00Z', 'local': '2016-12-19T18:00:00+05:30'}, 'datetimeTo': {'utc': '2016-12-19T13:30:00Z', 'local': '2016-12-19T19:00:00+05:30'}}",,,"{'expectedCount': 1, 'expectedInterval': '01:00:00', 'observedCount': 1, 'observedInterval': '01:00:00', 'percentComplete': 100.0, 'percentCoverage': 100.0, 'datetimeFrom': {'utc': '2016-12-19T12:30:00Z', 'local': '2016-12-19T18:00:00+05:30'}, 'datetimeTo': {'utc': '2016-12-19T13:30:00Z', 'local': '2016-12-19T19:00:00+05:30'}}"
169.4,{'hasFlags': False},"{'id': 2, 'name': 'pm25', 'units': 'µg/m³', 'displayName': None}","{'label': 'raw', 'interval': '01:00:00', 'datetimeFrom': {'utc': '2016-12-19T13:30:00Z', 'local': '2016-12-19T19:00:00+05:30'}, 'datetimeTo': {'utc': '2016-12-19T14:30:00Z', 'local': '2016-12-19T20:00:00+05:30'}}",,,"{'expectedCount': 1, 'expectedInterval': '01:00:00', 'observedCount': 1, 'observedInterval': '01:00:00', 'percentComplete': 100.0, 'percentCoverage': 100.0, 'datetimeFrom': {'utc': '2016-12-19T13:30:00Z', 'local': '2016-12-19T19:00:00+05:30'}, 'datetimeTo': {'utc': '2016-12-19T14:30:00Z', 'local': '2016-12-19T20:00:00+05:30'}}"
209.2,{'hasFlags': False},"{'id': 2, 'name': 'pm25', 'units': 'µg/m³', 'displayName': None}","{'label': 'raw', 'interval': '01:00:00', 'datetimeFrom': {'utc': '2016-12-19T14:30:00Z', 'local': '2016-12-19T20:00:00+05:30'}, 'datetimeTo': {'utc': '2016-12-19T15:30:00Z', 'local': '2016-12-19T21:00:00+05:30'}}",,,"{'expectedCount': 1, 'expectedInterval': '01:00:00', 'observedCount': 1, 'observedInterval': '01:00:00', 'percentComplete': 100.0, 'percentCoverage': 100.0, 'datetimeFrom': {'utc': '2016-12-19T14:30:00Z', 'local': '2016-12-19T20:00:00+05:30'}, 'datetimeTo': {'utc': '2016-12-19T15:30:00Z', 'local': '2016-12-19T21:00:00+05:30'}}"
242.6,{'hasFlags': False},"{'id': 2, 'name': 'pm25', 'units': 'µg/m³', 'displayName': None}","{'label': 'raw', 'interval': '01:00:00', 'datetimeFrom': {'utc': '2016-12-19T15:30:00Z', 'local': '2016-12-19T21:00:00+05:30'}, 'datetimeTo': {'utc': '2016-12-19T16:30:00Z', 'local': '2016-12-19T22:00:00+05:30'}}",,,"{'expectedCount': 1, 'expectedInterval': '01:00:00', 'observedCount': 1, 'observedInterval': '01:00:00', 'percentComplete': 100.0, 'percentCoverage': 100.0, 'datetimeFrom': {'utc': '2016-12-19T15:30:00Z', 'local': '2016-12-19T21:00:00+05:30'}, 'datetimeTo': {'utc': '2016-12-19T16:30:00Z', 'local': '2016-12-19T22:00:00+05:30'}}"
249.7,{'hasFlags': False},"{'id': 2, 'name': 'pm25', 'units': 'µg/m³', 'displayName': None}","{'label': 'raw', 'interval': '01:00:00', 'datetimeFrom': {'utc': '2016-12-19T16:30:00Z', 'local': '2016-12-19T22:00:00+05:30'}, 'datetimeTo': {'utc': '2016-12-19T17:30:00Z', 'local': '2016-12-19T23:00:00+05:30'}}",,,"{'expectedCount': 1, 'expectedInterval': '01:00:00', 'observedCount': 1, 'observedInterval': '01:00:00', 'percentComplete': 100.0, 'percentCoverage': 100.0, 'datetimeFrom': {'utc': '2016-12-19T16:30:00Z', 'local': '2016-12-19T22:00:00+05:30'}, 'datetimeTo': {'utc': '2016-12-19T17:30:00Z', 'local': '2016-12-19T23:00:00+05:30'}}"
244.3,{'hasFlags': False},"{'id': 2, 'name': 'pm25', 'units': 'µg/m³', 'displayName': None}","{'label': 'raw', 'interval': '01:00:00', 'datetimeFrom': {'utc': '2016-12-19T17:30:00Z', 'local': '2016-12-19T23:00:00+05:30'}, 'datetimeTo': {'utc': '2016-12-19T18:30:00Z', 'local': '2016-12-20T00:00:00+05:30'}}",,,"{'expectedCount': 1, 'expectedInterval': '01:00:00', 'observedCount': 1, 'observedInterval': '01:00:00', 'percentComplete': 100.0, 'percentCoverage': 100.0, 'datetimeFrom': {'utc': '2016-12-19T17:30:00Z', 'local': '2016-12-19T23:00:00+05:30'}, 'datetimeTo': {'utc': '2016-12-19T18:30:00Z', 'local': '2016-12-20T00:00:00+05:30'}}"
233.1,{'hasFlags': False},"{'id': 2, 'name': 'pm25', 'units': 'µg/m³', 'displayName': None}","{'label': 'raw', 'interval': '01:00:00', 'datetimeFrom': {'utc': '2016-12-19T18:30:00Z', 'local': '2016-12-20T00:00:00+05:30'}, 'datetimeTo': {'utc': '2016-12-19T19:30:00Z', 'local': '2016-12-20T01:00:00+05:30'}}",,,"{'expectedCount': 1, 'expectedInterval': '01:00:00', 'observedCount': 1, 'observedInterval': '01:00:00', 'percentComplete': 100.0, 'percentCoverage': 100.0, 'datetimeFrom': {'utc': '2016-12-19T18:30:00Z', 'local': '2016-12-20T00:00:00+05:30'}, 'datetimeTo': {'utc': '2016-12-19T19:30:00Z', 'local': '2016-12-20T01:00:00+05:30'}}"
213.5,{'hasFlags': False},"{'id': 2, 'name': 'pm25', 'units': 'µg/m³', 'displayName': None}","{'label': 'raw', 'interval': '01:00:00', 'datetimeFrom': {'utc': '2016-12-19T19:30:00Z', 'local': '2016-12-20T01:00:00+05:30'}, 'datetimeTo': {'utc': '2016-12-19T20:30:00Z', 'local': '2016-12-20T02:00:00+05:30'}}",,,"{'expectedCount': 1, 'expectedInterval': '01:00:00', 'observedCount': 1, 'observedInterval': '01:00:00', 'percentComplete': 100.0, 'percentCoverage': 100.0, 'datetimeFrom': {'utc': '2016-12-19T19:30:00Z', 'local': '2016-12-20T01:00:00+05:30'}, 'datetimeTo': {'utc': '2016-12-19T20:30:00Z', 'local': '2016-12-20T02:00:00+05:30'}}"
189.2,{'hasFlags': False},"{'id': 2, 'name': 'pm25', 'units': 'µg/m³', 'displayName': None}","{'label': 'raw', 'interval': '01:00:00', 'datetimeFrom': {'utc': '2016-12-19T20:30:00Z', 'local': '2016-12-20T02:00:00+05:30'}, 'datetimeTo': {'utc': '2016-12-19T21:30:00Z', 'local': '2016-12-20T03:00:00+05:30'}}",,,"{'expectedCount': 1, 'expectedInterval': '01:00:00', 'observedCount': 1, 'observedInterval': '01:00:00', 'percentComplete': 100.0, 'percentCoverage': 100.0, 'datetimeFrom': {'utc': '2016-12-19T20:30:00Z', 'local': '2016-12-20T02:00:00+05:30'}, 'datetimeTo': {'utc': '2016-12-19T21:30:00Z', 'local': '2016-12-20T03:00:00+05:30'}}"
172.6,{'hasFlags': False},"{'id': 2, 'name': 'pm25', 'units': 'µg/m³', 'displayName': None}","{'label': 'raw', 'interval': '01:00:00', 'datetimeFrom': {'utc': '2016-12-19T21:30:00Z', 'local': '2016-12-20T03:00:00+05:30'}, 'datetimeTo': {'utc': '2016-12-19T22:30:00Z', 'local': '2016-12-20T04:00:00+05:30'}}",,,"{'expectedCount': 1, 'expectedInterval': '01:00:00', 'observedCount': 1, 'observedInterval': '01:00:00', 'percentComplete': 100.0, 'percentCoverage': 100.0, 'datetimeFrom': {'utc': '2016-12-19T21:30:00Z', 'local': '2016-12-20T03:00:00+05:30'}, 'datetimeTo': {'utc': '2016-12-19T22:30:00Z', 'local': '2016-12-20T04:00:00+05:30'}}"
165.8,{'hasFlags': False},"{'id': 2, 'name': 'pm25', 'units': 'µg/m³', 'displayName': None}","{'label': 'raw', 'interval': '01:00:00', 'datetimeFrom': {'utc': '2016-12-19T22:30:00Z', 'local': '2016-12-20T04:00:00+05:30'}, 'datetimeTo': {'utc': '2016-12-19T23:30:00Z', 'local': '2016-12-20T05:00:00+05:30'}}",,,"{'expectedCount': 1, 'expectedInterval': '01:00:00', 'observedCount': 1, 'observedInterval': '01:00:00', 'percentComplete': 100.0, 'percentCoverage': 100.0, 'datetimeFrom': {'utc': '2016-12-19T22:30:00Z', 'local': '2016-12-20T04:00:00+05:30'}, 'datetimeTo': {'utc': '2016-12-19T23:30:00Z', 'local': '2016-12-20T05:00:00+05:30'}}"
164.5,{'hasFlags': False},"{'id': 2, 'name': 'pm25', 'units': 'µg/m³', 'displayName': None}","{'label': 'raw', 'interval': '01:00:00', 'datetimeFrom': {'utc': '2016-12-19T23:30:00Z', 'local': '2016-12-20T05:00:00+05:30'}, 'datetimeTo': {'utc': '2016-12-20T00:30:00Z', 'local': '2016-12-20T06:00:00+05:30'}}",,,"{'expectedCount': 1, 'expectedInterval': '01:00:00', 'observedCount': 1, 'observedInterval': '01:00:00', 'percentComplete': 100.0, 'percentCoverage': 100.0, 'datetimeFrom': {'utc': '2016-12-19T23:30:00Z', 'local': '2016-12-20T05:00:00+05:30'}, 'datetimeTo': {'utc': '2016-12-20T00:30:00Z', 'local': '2016-12-20T06:00:00+05:30'}}"
164.3,{'hasFlags': False},"{'id': 2, 'name': 'pm25', 'units': 'µg/m³', 'displayName': None}","{'label': 'raw', 'interval': '01:00:00', 'datetimeFrom': {'utc': '2016-12-20T00:30:00Z', 'local': '2016-12-20T06:00:00+05:30'}, 'datetimeTo': {'utc': '2016-12-20T01:30:00Z', 'local': '2016-12-20T07:00:00+05:30'}}",,,"{'expectedCount': 1, 'expectedInterval': '01:00:00', 'observedCount': 1, 'observedInterval': '01:00:00', 'percentComplete': 100.0, 'percentCoverage': 100.0, 'datetimeFrom': {'utc': '2016-12-20T00:30:00Z', 'local': '2016-12-20T06:00:00+05:30'}, 'datetimeTo': {'utc': '2016-12-20T01:30:00Z', 'local': '2016-12-20T07:00:00+05:30'}}"
176.3,{'hasFlags': False},"{'id': 2, 'name': 'pm25', 'units': 'µg/m³', 'displayName': None}","{'label': 'raw', 'interval': '01:00:00', 'datetimeFrom': {'utc': '2016-12-20T01:30:00Z', 'local': '2016-12-20T07:00:00+05:30'}, 'datetimeTo': {'utc': '2016-12-20T02:30:00Z', 'local': '2016-12-20T08:00:00+05:30'}}",,,"{'expectedCount': 1, 'expectedInterval': '01:00:00', 'observedCount': 1, 'observedInterval': '01:00:00', 'percentComplete': 100.0, 'percentCoverage': 100.0, 'datetimeFrom': {'utc': '2016-12-20T01:30:00Z', 'local': '2016-12-20T07:00:00+05:30'}, 'datetimeTo': {'utc': '2016-12-20T02:30:00Z', 'local': '2016-12-20T08:00:00+05:30'}}"
186.6,{'hasFlags': False},"{'id': 2, 'name': 'pm25', 'units': 'µg/m³', 'displayName': None}","{'label': 'raw', 'interval': '01:00:00', 'datetimeFrom': {'utc': '2016-12-20T02:30:00Z', 'local': '2016-12-20T08:00:00+05:30'}, 'datetimeTo': {'utc': '2016-12-20T03:30:00Z', 'local': '2016-12-20T09:00:00+05:30'}}",,,"{'expectedCount': 1, 'expectedInterval': '01:00:00', 'observedCount': 1, 'observedInterval': '01:00:00', 'percentComplete': 100.0, 'percentCoverage': 100.0, 'datetimeFrom': {'utc': '2016-12-20T02:30:00Z', 'local': '2016-12-20T08:00:00+05:30'}, 'datetimeTo': {'utc': '2016-12-20T03:30:00Z', 'local': '2016-12-20T09:00:00+05:30'}}"
189.4,{'hasFlags': False},"{'id': 2, 'name': 'pm25', 'units': 'µg/m³', 'displayName': None}","{'label': 'raw', 'interval': '01:00:00', 'datetimeFrom': {'utc': '2016-12-20T03:30:00Z', 'local': '2016-12-20T09:00:00+05:30'}, 'datetimeTo': {'utc': '2016-12-20T04:30:00Z', 'local': '2016-12-20T10:00:00+05:30'}}",,,"{'expectedCount': 1, 'expectedInterval': '01:00:00', 'observedCount': 1, 'observedInterval': '01:00:00', 'percentComplete': 100.0, 'percentCoverage': 100.0, 'datetimeFrom': {'utc': '2016-12-20T03:30:00Z', 'local': '2016-12-20T09:00:00+05:30'}, 'datetimeTo': {'utc': '2016-12-20T04:30:00Z', 'local': '2016-12-20T10:00:00+05:30'}}"
190.4,{'hasFlags': False},"{'id': 2, 'name': 'pm25', 'units': 'µg/m³', 'displayName': None}","{'label': 'raw', 'interval': '01:00:00', 'datetimeFrom': {'utc': '2016-12-20T04:30:00Z', 'local': '2016-12-20T10:00:00+05:30'}, 'datetimeTo': {'utc': '2016-12-20T05:30:00Z', 'local': '2016-12-20T11:00:00+05:30'}}",,,"{'expectedCount': 1, 'expectedInterval': '01:00:00', 'observedCount': 1, 'observedInterval': '01:00:00', 'percentComplete': 100.0, 'percentCoverage': 100.0, 'datetimeFrom': {'utc': '2016-12-20T04:30:00Z', 'local': '2016-12-20T10:00:00+05:30'}, 'datetimeTo': {'utc': '2016-12-20T05:30:00Z', 'local': '2016-12-20T11:00:00+05:30'}}"
185.8,{'hasFlags': False},"{'id': 2, 'name': 'pm25', 'units': 'µg/m³', 'displayName': None}","{'label': 'raw', 'interval': '01:00:00', 'datetimeFrom': {'utc': '2016-12-20T05:30:00Z', 'local': '2016-12-20T11:00:00+05:30'}, 'datetimeTo': {'utc': '2016-12-20T06:30:00Z', 'local': '2016-12-20T12:00:00+05:30'}}",,,"{'expectedCount': 1, 'expectedInterval': '01:00:00', 'observedCount': 1, 'observedInterval': '01:00:00', 'percentComplete': 100.0, 'percentCoverage': 100.0, 'datetimeFrom': {'utc': '2016-12-20T05:30:00Z', 'local': '2016-12-20T11:00:00+05:30'}, 'datetimeTo': {'utc': '2016-12-20T06:30:00Z', 'local': '2016-12-20T12:00:00+05:30'}}"
177.6,{'hasFlags': False},"{'id': 2, 'name': 'pm25', 'units': 'µg/m³', 'displayName': None}","{'label': 'raw', 'interval': '01:00:00', 'datetimeFrom': {'utc': '2016-12-20T06:30:00Z', 'local': '2016-12-20T12:00:00+05:30'}, 'datetimeTo': {'utc': '2016-12-20T07:30:00Z', 'local': '2016-12-20T13:00:00+05:30'}}",,,"{'expectedCount': 1, 'expectedInterval': '01:00:00', 'observedCount': 1, 'observedInterval': '01:00:00', 'percentComplete': 100.0, 'percentCoverage': 100.0, 'datetimeFrom': {'utc': '2016-12-20T06:30:00Z', 'local': '2016-12-20T12:00:00+05:30'}, 'datetimeTo': {'utc': '2016-12-20T07:30:00Z', 'local': '2016-12-20T13:00:00+05:30'}}"
150.2,{'hasFlags': False},"{'id': 2, 'name': 'pm25', 'units': 'µg/m³', 'displayName': None}","{'label': 'raw', 'interval': '01:00:00', 'datetimeFrom': {'utc': '2016-12-20T07:30:00Z', 'local': '2016-12-20T13:00:00+05:30'}, 'datetimeTo': {'utc': '2016-12-20T08:30:00Z', 'local': '2016-12-20T14:00:00+05:30'}}",,,"{'expectedCount': 1, 'expectedInterval': '01:00:00', 'observedCount': 1, 'observedInterval': '01:00:00', 'percentComplete': 100.0, 'percentCoverage': 100.0, 'datetimeFrom': {'utc': '2016-12-20T07:30:00Z', 'local': '2016-12-20T13:00:00+05:30'}, 'datetimeTo': {'utc': '2016-12-20T08:30:00Z', 'local': '2016-12-20T14:00:00+05:30'}}"
124.6,{'hasFlags': False},"{'id': 2, 'name': 'pm25', 'units': 'µg/m³', 'displayName': None}","{'label': 'raw', 'interval': '01:00:00', 'datetimeFrom': {'utc': '2016-12-20T08:30:00Z', 'local': '2016-12-20T14:00:00+05:30'}, 'datetimeTo': {'utc': '2016-12-20T09:30:00Z', 'local': '2016-12-20T15:00:00+05:30'}}",,,"{'expectedCount': 1, 'expectedInterval': '01:00:00', 'observedCount': 1, 'observedInterval': '01:00:00', 'percentComplete': 100.0, 'percentCoverage': 100.0, 'datetimeFrom': {'utc': '2016-12-20T08:30:00Z', 'local': '2016-12-20T14:00:00+05:30'}, 'datetimeTo': {'utc': '2016-12-20T09:30:00Z', 'local': '2016-12-20T15:00:00+05:30'}}"
108.7,{'hasFlags': False},"{'id': 2, 'name': 'pm25', 'units': 'µg/m³', 'displayName': None}","{'label': 'raw', 'interval': '01:00:00', 'datetimeFrom': {'utc': '2016-12-20T09:30:00Z', 'local': '2016-12-20T15:00:00+05:30'}, 'datetimeTo': {'utc': '2016-12-20T10:30:00Z', 'local': '2016-12-20T16:00:00+05:30'}}",,,"{'expectedCount': 1, 'expectedInterval': '01:00:00', 'observedCount': 1, 'observedInterval': '01:00:00', 'percentComplete': 100.0, 'percentCoverage': 100.0, 'datetimeFrom': {'utc': '2016-12-20T09:30:00Z', 'local': '2016-12-20T15:00:00+05:30'}, 'datetimeTo': {'utc': '2016-12-20T10:30:00Z', 'local': '2016-12-20T16:00:00+05:30'}}"
97.3,{'hasFlags': False},"{'id': 2, 'name': 'pm25', 'units': 'µg/m³', 'displayName': None}","{'label': 'raw', 'interval': '01:00:00', 'datetimeFrom': {'utc': '2016-12-20T10:30:00Z', 'local': '2016-12-20T16:00:00+05:30'}, 'datetimeTo': {'utc': '2016-12-20T11:30:00Z', 'local': '2016-12-20T17:00:00+05:30'}}",,,"{'expectedCount': 1, 'expectedInterval': '01:00:00', 'observedCount': 1, 'observedInterval': '01:00:00', 'percentComplete': 100.0, 'percentCoverage': 100.0, 'datetimeFrom': {'utc': '2016-12-20T10:30:00Z', 'local': '2016-12-20T16:00:00+05:30'}, 'datetimeTo': {'utc': '2016-12-20T11:30:00Z', 'local': '2016-12-20T17:00:00+05:30'}}"
101.6,{'hasFlags': False},"{'id': 2, 'name': 'pm25', 'units': 'µg/m³', 'displayName': None}","{'label': 'raw', 'interval': '01:00:00', 'datetimeFrom': {'utc': '2016-12-20T11:30:00Z', 'local': '2016-12-20T17:00:00+05:30'}, 'datetimeTo': {'utc': '2016-12-20T12:30:00Z', 'local': '2016-12-20T18:00:00+05:30'}}",,,"{'expectedCount': 1, 'expectedInterval': '01:00:00', 'observedCount': 1, 'observedInterval': '01:00:00', 'percentComplete': 100.0, 'percentCoverage': 100.0, 'datetimeFrom': {'utc': '2016-12-20T11:30:00Z', 'local': '2016-12-20T17:00:00+05:30'}, 'datetimeTo': {'utc': '2016-12-20T12:30:00Z', 'local': '2016-12-20T18:00:00+05:30'}}"
100.3,{'hasFlags': False},"{'id': 2, 'name': 'pm25', 'units': 'µg/m³', 'displayName': None}","{'label': 'raw', 'interval': '01:00:00', 'datetimeFrom': {'utc': '2016-12-20T12:30:00Z', 'local': '2016-12-20T18:00:00+05:30'}, 'datetimeTo': {'utc': '2016-12-20T13:30:00Z', 'local': '2016-12-20T19:00:00+05:30'}}",,,"{'expectedCount': 1, 'expectedInterval': '01:00:00', 'observedCount': 1, 'observedInterval': '01:00:00', 'percentComplete': 100.0, 'percentCoverage': 100.0, 'datetimeFrom': {'utc': '2016-12-20T12:30:00Z', 'local': '2016-12-20T18:00:00+05:30'}, 'datetimeTo': {'utc': '2016-12-20T13:30:00Z', 'local': '2016-12-20T19:00:00+05:30'}}"
115.1,{'hasFlags': False},"{'id': 2, 'name': 'pm25', 'units': 'µg/m³', 'displayName': None}","{'label': 'raw', 'interval': '01:00:00', 'datetimeFrom': {'utc': '2016-12-20T13:30:00Z', 'local': '2016-12-20T19:00:00+05:30'}, 'datetimeTo': {'utc': '2016-12-20T14:30:00Z', 'local': '2016-12-20T20:00:00+05:30'}}",,,"{'expectedCount': 1, 'expectedInterval': '01:00:00', 'observedCount': 1, 'observedInterval': '01:00:00', 'percentComplete': 100.0, 'percentCoverage': 100.0, 'datetimeFrom': {'utc': '2016-12-20T13:30:00Z', 'local': '2016-12-20T19:00:00+05:30'}, 'datetimeTo': {'utc': '2016-12-20T14:30:00Z', 'local': '2016-12-20T20:00:00+05:30'}}"
144.0,{'hasFlags': False},"{'id': 2, 'name': 'pm25', 'units': 'µg/m³', 'displayName': None}","{'label': 'raw', 'interval': '01:00:00', 'datetimeFrom': {'utc': '2016-12-20T14:30:00Z', 'local': '2016-12-20T20:00:00+05:30'}, 'datetimeTo': {'utc': '2016-12-20T15:30:00Z', 'local': '2016-12-20T21:00:00+05:30'}}",,,"{'expectedCount': 1, 'expectedInterval': '01:00:00', 'observedCount': 1, 'observedInterval': '01:00:00', 'percentComplete': 100.0, 'percentCoverage': 100.0, 'datetimeFrom': {'utc': '2016-12-20T14:30:00Z', 'local': '2016-12-20T20:00:00+05:30'}, 'datetimeTo': {'utc': '2016-12-20T15:30:00Z', 'local': '2016-12-20T21:00:00+05:30'}}"
144.5,{'hasFlags': False},"{'id': 2, 'name': 'pm25', 'units': 'µg/m³', 'displayName': None}","{'label': 'raw', 'interval': '01:00:00', 'datetimeFrom': {'utc': '2016-12-20T15:30:00Z', 'local': '2016-12-20T21:00:00+05:30'}, 'datetimeTo': {'utc': '2016-12-20T16:30:00Z', 'local': '2016-12-20T22:00:00+05:30'}}",,,"{'expectedCount': 1, 'expectedInterval': '01:00:00', 'observedCount': 1, 'observedInterval': '01:00:00', 'percentComplete': 100.0, 'percentCoverage': 100.0, 'datetimeFrom': {'utc': '2016-12-20T15:30:00Z', 'local': '2016-12-20T21:00:00+05:30'}, 'datetimeTo': {'utc': '2016-12-20T16:30:00Z', 'local': '2016-12-20T22:00:00+05:30'}}"
127.7,{'hasFlags': False},"{'id': 2, 'name': 'pm25', 'units': 'µg/m³', 'displayName': None}","{'label': 'raw', 'interval': '01:00:00', 'datetimeFrom': {'utc': '2016-12-20T16:30:00Z', 'local': '2016-12-20T22:00:00+05:30'}, 'datetimeTo': {'utc': '2016-12-20T17:30:00Z', 'local': '2016-12-20T23:00:00+05:30'}}",,,"{'expectedCount': 1, 'expectedInterval': '01:00:00', 'observedCount': 1, 'observedInterval': '01:00:00', 'percentComplete': 100.0, 'percentCoverage': 100.0, 'datetimeFrom': {'utc': '2016-12-20T16:30:00Z', 'local': '2016-12-20T22:00:00+05:30'}, 'datetimeTo': {'utc': '2016-12-20T17:30:00Z', 'local': '2016-12-20T23:00:00+05:30'}}"
121.3,{'hasFlags': False},"{'id': 2, 'name': 'pm25', 'units': 'µg/m³', 'displayName': None}","{'label': 'raw', 'interval': '01:00:00', 'datetimeFrom': {'utc': '2016-12-20T17:30:00Z', 'local': '2016-12-20T23:00:00+05:30'}, 'datetimeTo': {'utc': '2016-12-20T18:30:00Z', 'local': '2016-12-21T00:00:00+05:30'}}",,,"{'expectedCount': 1, 'expectedInterval': '01:00:00', 'observedCount': 1, 'observedInterval': '01:00:00', 'percentComplete': 100.0, 'percentCoverage': 100.0, 'datetimeFrom': {'utc': '2016-12-20T17:30:00Z', 'local': '2016-12-20T23:00:00+05:30'}, 'datetimeTo': {'utc': '2016-12-20T18:30:00Z', 'local': '2016-12-21T00:00:00+05:30'}}"
114.6,{'hasFlags': False},"{'id': 2, 'name': 'pm25', 'units': 'µg/m³', 'displayName': None}","{'label': 'raw', 'interval': '01:00:00', 'datetimeFrom': {'utc': '2016-12-20T18:30:00Z', 'local': '2016-12-21T00:00:00+05:30'}, 'datetimeTo': {'utc': '2016-12-20T19:30:00Z', 'local': '2016-12-21T01:00:00+05:30'}}",,,"{'expectedCount': 1, 'expectedInterval': '01:00:00', 'observedCount': 1, 'observedInterval': '01:00:00', 'percentComplete': 100.0, 'percentCoverage': 100.0, 'datetimeFrom': {'utc': '2016-12-20T18:30:00Z', 'local': '2016-12-21T00:00:00+05:30'}, 'datetimeTo': {'utc': '2016-12-20T19:30:00Z', 'local': '2016-12-21T01:00:00+05:30'}}"
116.3,{'hasFlags': False},"{'id': 2, 'name': 'pm25', 'units': 'µg/m³', 'displayName': None}","{'label': 'raw', 'interval': '01:00:00', 'datetimeFrom': {'utc': '2016-12-20T19:30:00Z', 'local': '2016-12-21T01:00:00+05:30'}, 'datetimeTo': {'utc': '2016-12-20T20:30:00Z', 'local': '2016-12-21T02:00:00+05:30'}}",,,"{'expectedCount': 1, 'expectedInterval': '01:00:00', 'observedCount': 1, 'observedInterval': '01:00:00', 'percentComplete': 100.0, 'percentCoverage': 100.0, 'datetimeFrom': {'utc': '2016-12-20T19:30:00Z', 'local': '2016-12-21T01:00:00+05:30'}, 'datetimeTo': {'utc': '2016-12-20T20:30:00Z', 'local': '2016-12-21T02:00:00+05:30'}}"
123.1,{'hasFlags': False},"{'id': 2, 'name': 'pm25', 'units': 'µg/m³', 'displayName': None}","{'label': 'raw', 'interval': '01:00:00', 'datetimeFrom': {'utc': '2016-12-20T20:30:00Z', 'local': '2016-12-21T02:00:00+05:30'}, 'datetimeTo': {'utc': '2016-12-20T21:30:00Z', 'local': '2016-12-21T03:00:00+05:30'}}",,,"{'expectedCount': 1, 'expectedInterval': '01:00:00', 'observedCount': 1, 'observedInterval': '01:00:00', 'percentComplete': 100.0, 'percentCoverage': 100.0, 'datetimeFrom': {'utc': '2016-12-20T20:30:00Z', 'local': '2016-12-21T02:00:00+05:30'}, 'datetimeTo': {'utc': '2016-12-20T21:30:00Z', 'local': '2016-12-21T03:00:00+05:30'}}"
119.0,{'hasFlags': False},"{'id': 2, 'name': 'pm25', 'units': 'µg/m³', 'displayName': None}","{'label': 'raw', 'interval': '01:00:00', 'datetimeFrom': {'utc': '2016-12-20T21:30:00Z', 'local': '2016-12-21T03:00:00+05:30'}, 'datetimeTo': {'utc': '2016-12-20T22:30:00Z', 'local': '2016-12-21T04:00:00+05:30'}}",,,"{'expectedCount': 1, 'expectedInterval': '01:00:00', 'observedCount': 1, 'observedInterval': '01:00:00', 'percentComplete': 100.0, 'percentCoverage': 100.0, 'datetimeFrom': {'utc': '2016-12-20T21:30:00Z', 'local': '2016-12-21T03:00:00+05:30'}, 'datetimeTo': {'utc': '2016-12-20T22:30:00Z', 'local': '2016-12-21T04:00:00+05:30'}}"
123.5,{'hasFlags': False},"{'id': 2, 'name': 'pm25', 'units': 'µg/m³', 'displayName': None}","{'label': 'raw', 'interval': '01:00:00', 'datetimeFrom': {'utc': '2016-12-20T22:30:00Z', 'local': '2016-12-21T04:00:00+05:30'}, 'datetimeTo': {'utc': '2016-12-20T23:30:00Z', 'local': '2016-12-21T05:00:00+05:30'}}",,,"{'expectedCount': 1, 'expectedInterval': '01:00:00', 'observedCount': 1, 'observedInterval': '01:00:00', 'percentComplete': 100.0, 'percentCoverage': 100.0, 'datetimeFrom': {'utc': '2016-12-20T22:30:00Z', 'local': '2016-12-21T04:00:00+05:30'}, 'datetimeTo': {'utc': '2016-12-20T23:30:00Z', 'local': '2016-12-21T05:00:00+05:30'}}"
122.4,{'hasFlags': False},"{'id': 2, 'name': 'pm25', 'units': 'µg/m³', 'displayName': None}","{'label': 'raw', 'interval': '01:00:00', 'datetimeFrom': {'utc': '2016-12-20T23:30:00Z', 'local': '2016-12-21T05:00:00+05:30'}, 'datetimeTo': {'utc': '2016-12-21T00:30:00Z', 'local': '2016-12-21T06:00:00+05:30'}}",,,"{'expectedCount': 1, 'expectedInterval': '01:00:00', 'observedCount': 1, 'observedInterval': '01:00:00', 'percentComplete': 100.0, 'percentCoverage': 100.0, 'datetimeFrom': {'utc': '2016-12-20T23:30:00Z', 'local': '2016-12-21T05:00:00+05:30'}, 'datetimeTo': {'utc': '2016-12-21T00:30:00Z', 'local': '2016-12-21T06:00:00+05:30'}}"
122.6,{'hasFlags': False},"{'id': 2, 'name': 'pm25', 'units': 'µg/m³', 'displayName': None}","{'label': 'raw', 'interval': '01:00:00', 'datetimeFrom': {'utc': '2016-12-21T00:30:00Z', 'local': '2016-12-21T06:00:00+05:30'}, 'datetimeTo': {'utc': '2016-12-21T01:30:00Z', 'local': '2016-12-21T07:00:00+05:30'}}",,,"{'expectedCount': 1, 'expectedInterval': '01:00:00', 'observedCount': 1, 'observedInterval': '01:00:00', 'percentComplete': 100.0, 'percentCoverage': 100.0, 'datetimeFrom': {'utc': '2016-12-21T00:30:00Z', 'local': '2016-12-21T06:00:00+05:30'}, 'datetimeTo': {'utc': '2016-12-21T01:30:00Z', 'local': '2016-12-21T07:00:00+05:30'}}"
126.5,{'hasFlags': False},"{'id': 2, 'name': 'pm25', 'units': 'µg/m³', 'displayName': None}","{'label': 'raw', 'interval': '01:00:00', 'datetimeFrom': {'utc': '2016-12-21T01:30:00Z', 'local': '2016-12-21T07:00:00+05:30'}, 'datetimeTo': {'utc': '2016-12-21T02:30:00Z', 'local': '2016-12-21T08:00:00+05:30'}}",,,"{'expectedCount': 1, 'expectedInterval': '01:00:00', 'observedCount': 1, 'observedInterval': '01:00:00', 'percentComplete': 100.0, 'percentCoverage': 100.0, 'datetimeFrom': {'utc': '2016-12-21T01:30:00Z', 'local': '2016-12-21T07:00:00+05:30'}, 'datetimeTo': {'utc': '2016-12-21T02:30:00Z', 'local': '2016-12-21T08:00:00+05:30'}}"
135.0,{'hasFlags': False},"{'id': 2, 'name': 'pm25', 'units': 'µg/m³', 'displayName': None}","{'label': 'raw', 'interval': '01:00:00', 'datetimeFrom': {'utc': '2016-12-21T02:30:00Z', 'local': '2016-12-21T08:00:00+05:30'}, 'datetimeTo': {'utc': '2016-12-21T03:30:00Z', 'local': '2016-12-21T09:00:00+05:30'}}",,,"{'expectedCount': 1, 'expectedInterval': '01:00:00', 'observedCount': 1, 'observedInterval': '01:00:00', 'percentComplete': 100.0, 'percentCoverage': 100.0, 'datetimeFrom': {'utc': '2016-12-21T02:30:00Z', 'local': '2016-12-21T08:00:00+05:30'}, 'datetimeTo': {'utc': '2016-12-21T03:30:00Z', 'local': '2016-12-21T09:00:00+05:30'}}"
144.1,{'hasFlags': False},"{'id': 2, 'name': 'pm25', 'units': 'µg/m³', 'displayName': None}","{'label': 'raw', 'interval': '01:00:00', 'datetimeFrom': {'utc': '2016-12-21T03:30:00Z', 'local': '2016-12-21T09:00:00+05:30'}, 'datetimeTo': {'utc': '2016-12-21T04:30:00Z', 'local': '2016-12-21T10:00:00+05:30'}}",,,"{'expectedCount': 1, 'expectedInterval': '01:00:00', 'observedCount': 1, 'observedInterval': '01:00:00', 'percentComplete': 100.0, 'percentCoverage': 100.0, 'datetimeFrom': {'utc': '2016-12-21T03:30:00Z', 'local': '2016-12-21T09:00:00+05:30'}, 'datetimeTo': {'utc': '2016-12-21T04:30:00Z', 'local': '2016-12-21T10:00:00+05:30'}}"
144.2,{'hasFlags': False},"{'id': 2, 'name': 'pm25', 'units': 'µg/m³', 'displayName': None}","{'label': 'raw', 'interval': '01:00:00', 'datetimeFrom': {'utc': '2016-12-21T04:30:00Z', 'local': '2016-12-21T10:00:00+05:30'}, 'datetimeTo': {'utc': '2016-12-21T05:30:00Z', 'local': '2016-12-21T11:00:00+05:30'}}",,,"{'expectedCount': 1, 'expectedInterval': '01:00:00', 'observedCount': 1, 'observedInterval': '01:00:00', 'percentComplete': 100.0, 'percentCoverage': 100.0, 'datetimeFrom': {'utc': '2016-12-21T04:30:00Z', 'local': '2016-12-21T10:00:00+05:30'}, 'datetimeTo': {'utc': '2016-12-21T05:30:00Z', 'local': '2016-12-21T11:00:00+05:30'}}"
139.2,{'hasFlags': False},"{'id': 2, 'name': 'pm25', 'units': 'µg/m³', 'displayName': None}","{'label': 'raw', 'interval': '01:00:00', 'datetimeFrom': {'utc': '2016-12-21T05:30:00Z', 'local': '2016-12-21T11:00:00+05:30'}, 'datetimeTo': {'utc': '2016-12-21T06:30:00Z', 'local': '2016-12-21T12:00:00+05:30'}}",,,"{'expectedCount': 1, 'expectedInterval': '01:00:00', 'observedCount': 1, 'observedInterval': '01:00:00', 'percentComplete': 100.0, 'percentCoverage': 100.0, 'datetimeFrom': {'utc': '2016-12-21T05:30:00Z', 'local': '2016-12-21T11:00:00+05:30'}, 'datetimeTo': {'utc': '2016-12-21T06:30:00Z', 'local': '2016-12-21T12:00:00+05:30'}}"
131.2,{'hasFlags': False},"{'id': 2, 'name': 'pm25', 'units': 'µg/m³', 'displayName': None}","{'label': 'raw', 'interval': '01:00:00', 'datetimeFrom': {'utc': '2016-12-21T06:30:00Z', 'local': '2016-12-21T12:00:00+05:30'}, 'datetimeTo': {'utc': '2016-12-21T07:30:00Z', 'local': '2016-12-21T13:00:00+05:30'}}",,,"{'expectedCount': 1, 'expectedInterval': '01:00:00', 'observedCount': 1, 'observedInterval': '01:00:00', 'percentComplete': 100.0, 'percentCoverage': 100.0, 'datetimeFrom': {'utc': '2016-12-21T06:30:00Z', 'local': '2016-12-21T12:00:00+05:30'}, 'datetimeTo': {'utc': '2016-12-21T07:30:00Z', 'local': '2016-12-21T13:00:00+05:30'}}"
120.1,{'hasFlags': False},"{'id': 2, 'name': 'pm25', 'units': 'µg/m³', 'displayName': None}","{'label': 'raw', 'interval': '01:00:00', 'datetimeFrom': {'utc': '2016-12-21T07:30:00Z', 'local': '2016-12-21T13:00:00+05:30'}, 'datetimeTo': {'utc': '2016-12-21T08:30:00Z', 'local': '2016-12-21T14:00:00+05:30'}}",,,"{'expectedCount': 1, 'expectedInterval': '01:00:00', 'observedCount': 1, 'observedInterval': '01:00:00', 'percentComplete': 100.0, 'percentCoverage': 100.0, 'datetimeFrom': {'utc': '2016-12-21T07:30:00Z', 'local': '2016-12-21T13:00:00+05:30'}, 'datetimeTo': {'utc': '2016-12-21T08:30:00Z', 'local': '2016-12-21T14:00:00+05:30'}}"
107.1,{'hasFlags': False},"{'id': 2, 'name': 'pm25', 'units': 'µg/m³', 'displayName': None}","{'label': 'raw', 'interval': '01:00:00', 'datetimeFrom': {'utc': '2016-12-21T08:30:00Z', 'local': '2016-12-21T14:00:00+05:30'}, 'datetimeTo': {'utc': '2016-12-21T09:30:00Z', 'local': '2016-12-21T15:00:00+05:30'}}",,,"{'expectedCount': 1, 'expectedInterval': '01:00:00', 'observedCount': 1, 'observedInterval': '01:00:00', 'percentComplete': 100.0, 'percentCoverage': 100.0, 'datetimeFrom': {'utc': '2016-12-21T08:30:00Z', 'local': '2016-12-21T14:00:00+05:30'}, 'datetimeTo': {'utc': '2016-12-21T09:30:00Z', 'local': '2016-12-21T15:00:00+05:30'}}"
85.3,{'hasFlags': False},"{'id': 2, 'name': 'pm25', 'units': 'µg/m³', 'displayName': None}","{'label': 'raw', 'interval': '01:00:00', 'datetimeFrom': {'utc': '2016-12-21T09:30:00Z', 'local': '2016-12-21T15:00:00+05:30'}, 'datetimeTo': {'utc': '2016-12-21T10:30:00Z', 'local': '2016-12-21T16:00:00+05:30'}}",,,"{'expectedCount': 1, 'expectedInterval': '01:00:00', 'observedCount': 1, 'observedInterval': '01:00:00', 'percentComplete': 100.0, 'percentCoverage': 100.0, 'datetimeFrom': {'utc': '2016-12-21T09:30:00Z', 'local': '2016-12-21T15:00:00+05:30'}, 'datetimeTo': {'utc': '2016-12-21T10:30:00Z', 'local': '2016-12-21T16:00:00+05:30'}}"
79.1,{'hasFlags': False},"{'id': 2, 'name': 'pm25', 'units': 'µg/m³', 'displayName': None}","{'label': 'raw', 'interval': '01:00:00', 'datetimeFrom': {'utc': '2016-12-21T10:30:00Z', 'local': '2016-12-21T16:00:00+05:30'}, 'datetimeTo': {'utc': '2016-12-21T11:30:00Z', 'local': '2016-12-21T17:00:00+05:30'}}",,,"{'expectedCount': 1, 'expectedInterval': '01:00:00', 'observedCount': 1, 'observedInterval': '01:00:00', 'percentComplete': 100.0, 'percentCoverage': 100.0, 'datetimeFrom': {'utc': '2016-12-21T10:30:00Z', 'local': '2016-12-21T16:00:00+05:30'}, 'datetimeTo': {'utc': '2016-12-21T11:30:00Z', 'local': '2016-12-21T17:00:00+05:30'}}"
76.0,{'hasFlags': False},"{'id': 2, 'name': 'pm25', 'units': 'µg/m³', 'displayName': None}","{'label': 'raw', 'interval': '01:00:00', 'datetimeFrom': {'utc': '2016-12-21T11:30:00Z', 'local': '2016-12-21T17:00:00+05:30'}, 'datetimeTo': {'utc': '2016-12-21T12:30:00Z', 'local': '2016-12-21T18:00:00+05:30'}}",,,"{'expectedCount': 1, 'expectedInterval': '01:00:00', 'observedCount': 1, 'observedInterval': '01:00:00', 'percentComplete': 100.0, 'percentCoverage': 100.0, 'datetimeFrom': {'utc': '2016-12-21T11:30:00Z', 'local': '2016-12-21T17:00:00+05:30'}, 'datetimeTo': {'utc': '2016-12-21T12:30:00Z', 'local': '2016-12-21T18:00:00+05:30'}}"
78.5,{'hasFlags': False},"{'id': 2, 'name': 'pm25', 'units': 'µg/m³', 'displayName': None}","{'label': 'raw', 'interval': '01:00:00', 'datetimeFrom': {'utc': '2016-12-21T12:30:00Z', 'local': '2016-12-21T18:00:00+05:30'}, 'datetimeTo': {'utc': '2016-12-21T13:30:00Z', 'local': '2016-12-21T19:00:00+05:30'}}",,,"{'expectedCount': 1, 'expectedInterval': '01:00:00', 'observedCount': 1, 'observedInterval': '01:00:00', 'percentComplete': 100.0, 'percentCoverage': 100.0, 'datetimeFrom': {'utc': '2016-12-21T12:30:00Z', 'local': '2016-12-21T18:00:00+05:30'}, 'datetimeTo': {'utc': '2016-12-21T13:30:00Z', 'local': '2016-12-21T19:00:00+05:30'}}"
89.2,{'hasFlags': False},"{'id': 2, 'name': 'pm25', 'units': 'µg/m³', 'displayName': None}","{'label': 'raw', 'interval': '01:00:00', 'datetimeFrom': {'utc': '2016-12-21T13:30:00Z', 'local': '2016-12-21T19:00:00+05:30'}, 'datetimeTo': {'utc': '2016-12-21T14:30:00Z', 'local': '2016-12-21T20:00:00+05:30'}}",,,"{'expectedCount': 1, 'expectedInterval': '01:00:00', 'observedCount': 1, 'observedInterval': '01:00:00', 'percentComplete': 100.0, 'percentCoverage': 100.0, 'datetimeFrom': {'utc': '2016-12-21T13:30:00Z', 'local': '2016-12-21T19:00:00+05:30'}, 'datetimeTo': {'utc': '2016-12-21T14:30:00Z', 'local': '2016-12-21T20:00:00+05:30'}}"
111.6,{'hasFlags': False},"{'id': 2, 'name': 'pm25', 'units': 'µg/m³', 'displayName': None}","{'label': 'raw', 'interval': '01:00:00', 'datetimeFrom': {'utc': '2016-12-21T14:30:00Z', 'local': '2016-12-21T20:00:00+05:30'}, 'datetimeTo': {'utc': '2016-12-21T15:30:00Z', 'local': '2016-12-21T21:00:00+05:30'}}",,,"{'expectedCount': 1, 'expectedInterval': '01:00:00', 'observedCount': 1, 'observedInterval': '01:00:00', 'percentComplete': 100.0, 'percentCoverage': 100.0, 'datetimeFrom': {'utc': '2016-12-21T14:30:00Z', 'local': '2016-12-21T20:00:00+05:30'}, 'datetimeTo': {'utc': '2016-12-21T15:30:00Z', 'local': '2016-12-21T21:00:00+05:30'}}"
128.8,{'hasFlags': False},"{'id': 2, 'name': 'pm25', 'units': 'µg/m³', 'displayName': None}","{'label': 'raw', 'interval': '01:00:00', 'datetimeFrom': {'utc': '2016-12-21T15:30:00Z', 'local': '2016-12-21T21:00:00+05:30'}, 'datetimeTo': {'utc': '2016-12-21T16:30:00Z', 'local': '2016-12-21T22:00:00+05:30'}}",,,"{'expectedCount': 1, 'expectedInterval': '01:00:00', 'observedCount': 1, 'observedInterval': '01:00:00', 'percentComplete': 100.0, 'percentCoverage': 100.0, 'datetimeFrom': {'utc': '2016-12-21T15:30:00Z', 'local': '2016-12-21T21:00:00+05:30'}, 'datetimeTo': {'utc': '2016-12-21T16:30:00Z', 'local': '2016-12-21T22:00:00+05:30'}}"
145.9,{'hasFlags': False},"{'id': 2, 'name': 'pm25', 'units': 'µg/m³', 'displayName': None}","{'label': 'raw', 'interval': '01:00:00', 'datetimeFrom': {'utc': '2016-12-21T16:30:00Z', 'local': '2016-12-21T22:00:00+05:30'}, 'datetimeTo': {'utc': '2016-12-21T17:30:00Z', 'local': '2016-12-21T23:00:00+05:30'}}",,,"{'expectedCount': 1, 'expectedInterval': '01:00:00', 'observedCount': 1, 'observedInterval': '01:00:00', 'percentComplete': 100.0, 'percentCoverage': 100.0, 'datetimeFrom': {'utc': '2016-12-21T16:30:00Z', 'local': '2016-12-21T22:00:00+05:30'}, 'datetimeTo': {'utc': '2016-12-21T17:30:00Z', 'local': '2016-12-21T23:00:00+05:30'}}"
152.9,{'hasFlags': False},"{'id': 2, 'name': 'pm25', 'units': 'µg/m³', 'displayName': None}","{'label': 'raw', 'interval': '01:00:00', 'datetimeFrom': {'utc': '2016-12-21T17:30:00Z', 'local': '2016-12-21T23:00:00+05:30'}, 'datetimeTo': {'utc': '2016-12-21T18:30:00Z', 'local': '2016-12-22T00:00:00+05:30'}}",,,"{'expectedCount': 1, 'expectedInterval': '01:00:00', 'observedCount': 1, 'observedInterval': '01:00:00', 'percentComplete': 100.0, 'percentCoverage': 100.0, 'datetimeFrom': {'utc': '2016-12-21T17:30:00Z', 'local': '2016-12-21T23:00:00+05:30'}, 'datetimeTo': {'utc': '2016-12-21T18:30:00Z', 'local': '2016-12-22T00:00:00+05:30'}}"
158.9,{'hasFlags': False},"{'id': 2, 'name': 'pm25', 'units': 'µg/m³', 'displayName': None}","{'label': 'raw', 'interval': '01:00:00', 'datetimeFrom': {'utc': '2016-12-21T18:30:00Z', 'local': '2016-12-22T00:00:00+05:30'}, 'datetimeTo': {'utc': '2016-12-21T19:30:00Z', 'local': '2016-12-22T01:00:00+05:30'}}",,,"{'expectedCount': 1, 'expectedInterval': '01:00:00', 'observedCount': 1, 'observedInterval': '01:00:00', 'percentComplete': 100.0, 'percentCoverage': 100.0, 'datetimeFrom': {'utc': '2016-12-21T18:30:00Z', 'local': '2016-12-22T00:00:00+05:30'}, 'datetimeTo': {'utc': '2016-12-21T19:30:00Z', 'local': '2016-12-22T01:00:00+05:30'}}"
159.9,{'hasFlags': False},"{'id': 2, 'name': 'pm25', 'units': 'µg/m³', 'displayName': None}","{'label': 'raw', 'interval': '01:00:00', 'datetimeFrom': {'utc': '2016-12-21T19:30:00Z', 'local': '2016-12-22T01:00:00+05:30'}, 'datetimeTo': {'utc': '2016-12-21T20:30:00Z', 'local': '2016-12-22T02:00:00+05:30'}}",,,"{'expectedCount': 1, 'expectedInterval': '01:00:00', 'observedCount': 1, 'observedInterval': '01:00:00', 'percentComplete': 100.0, 'percentCoverage': 100.0, 'datetimeFrom': {'utc': '2016-12-21T19:30:00Z', 'local': '2016-12-22T01:00:00+05:30'}, 'datetimeTo': {'utc': '2016-12-21T20:30:00Z', 'local': '2016-12-22T02:00:00+05:30'}}"
148.5,{'hasFlags': False},"{'id': 2, 'name': 'pm25', 'units': 'µg/m³', 'displayName': None}","{'label': 'raw', 'interval': '01:00:00', 'datetimeFrom': {'utc': '2016-12-21T20:30:00Z', 'local': '2016-12-22T02:00:00+05:30'}, 'datetimeTo': {'utc': '2016-12-21T21:30:00Z', 'local': '2016-12-22T03:00:00+05:30'}}",,,"{'expectedCount': 1, 'expectedInterval': '01:00:00', 'observedCount': 1, 'observedInterval': '01:00:00', 'percentComplete': 100.0, 'percentCoverage': 100.0, 'datetimeFrom': {'utc': '2016-12-21T20:30:00Z', 'local': '2016-12-22T02:00:00+05:30'}, 'datetimeTo': {'utc': '2016-12-21T21:30:00Z', 'local': '2016-12-22T03:00:00+05:30'}}"
141.7,{'hasFlags': False},"{'id': 2, 'name': 'pm25', 'units': 'µg/m³', 'displayName': None}","{'label': 'raw', 'interval': '01:00:00', 'datetimeFrom': {'utc': '2016-12-21T21:30:00Z', 'local': '2016-12-22T03:00:00+05:30'}, 'datetimeTo': {'utc': '2016-12-21T22:30:00Z', 'local': '2016-12-22T04:00:00+05:30'}}",,,"{'expectedCount': 1, 'expectedInterval': '01:00:00', 'observedCount': 1, 'observedInterval': '01:00:00', 'percentComplete': 100.0, 'percentCoverage': 100.0, 'datetimeFrom': {'utc': '2016-12-21T21:30:00Z', 'local': '2016-12-22T03:00:00+05:30'}, 'datetimeTo': {'utc': '2016-12-21T22:30:00Z', 'local': '2016-12-22T04:00:00+05:30'}}"
138.3,{'hasFlags': False},"{'id': 2, 'name': 'pm25', 'units': 'µg/m³', 'displayName': None}","{'label': 'raw', 'interval': '01:00:00', 'datetimeFrom': {'utc': '2016-12-21T22:30:00Z', 'local': '2016-12-22T04:00:00+05:30'}, 'datetimeTo': {'utc': '2016-12-21T23:30:00Z', 'local': '2016-12-22T05:00:00+05:30'}}",,,"{'expectedCount': 1, 'expectedInterval': '01:00:00', 'observedCount': 1, 'observedInterval': '01:00:00', 'percentComplete': 100.0, 'percentCoverage': 100.0, 'datetimeFrom': {'utc': '2016-12-21T22:30:00Z', 'local': '2016-12-22T04:00:00+05:30'}, 'datetimeTo': {'utc': '2016-12-21T23:30:00Z', 'local': '2016-12-22T05:00:00+05:30'}}"
136.7,{'hasFlags': False},"{'id': 2, 'name': 'pm25', 'units': 'µg/m³', 'displayName': None}","{'label': 'raw', 'interval': '01:00:00', 'datetimeFrom': {'utc': '2016-12-21T23:30:00Z', 'local': '2016-12-22T05:00:00+05:30'}, 'datetimeTo': {'utc': '2016-12-22T00:30:00Z', 'local': '2016-12-22T06:00:00+05:30'}}",,,"{'expectedCount': 1, 'expectedInterval': '01:00:00', 'observedCount': 1, 'observedInterval': '01:00:00', 'percentComplete': 100.0, 'percentCoverage': 100.0, 'datetimeFrom': {'utc': '2016-12-21T23:30:00Z', 'local': '2016-12-22T05:00:00+05:30'}, 'datetimeTo': {'utc': '2016-12-22T00:30:00Z', 'local': '2016-12-22T06:00:00+05:30'}}"
134.6,{'hasFlags': False},"{'id': 2, 'name': 'pm25', 'units': 'µg/m³', 'displayName': None}","{'label': 'raw', 'interval': '01:00:00', 'datetimeFrom': {'utc': '2016-12-22T00:30:00Z', 'local': '2016-12-22T06:00:00+05:30'}, 'datetimeTo': {'utc': '2016-12-22T01:30:00Z', 'local': '2016-12-22T07:00:00+05:30'}}",,,"{'expectedCount': 1, 'expectedInterval': '01:00:00', 'observedCount': 1, 'observedInterval': '01:00:00', 'percentComplete': 100.0, 'percentCoverage': 100.0, 'datetimeFrom': {'utc': '2016-12-22T00:30:00Z', 'local': '2016-12-22T06:00:00+05:30'}, 'datetimeTo': {'utc': '2016-12-22T01:30:00Z', 'local': '2016-12-22T07:00:00+05:30'}}"
138.8,{'hasFlags': False},"{'id': 2, 'name': 'pm25', 'units': 'µg/m³', 'displayName': None}","{'label': 'raw', 'interval': '01:00:00', 'datetimeFrom': {'utc': '2016-12-22T01:30:00Z', 'local': '2016-12-22T07:00:00+05:30'}, 'datetimeTo': {'utc': '2016-12-22T02:30:00Z', 'local': '2016-12-22T08:00:00+05:30'}}",,,"{'expectedCount': 1, 'expectedInterval': '01:00:00', 'observedCount': 1, 'observedInterval': '01:00:00', 'percentComplete': 100.0, 'percentCoverage': 100.0, 'datetimeFrom': {'utc': '2016-12-22T01:30:00Z', 'local': '2016-12-22T07:00:00+05:30'}, 'datetimeTo': {'utc': '2016-12-22T02:30:00Z', 'local': '2016-12-22T08:00:00+05:30'}}"
156.8,{'hasFlags': False},"{'id': 2, 'name': 'pm25', 'units': 'µg/m³', 'displayName': None}","{'label': 'raw', 'interval': '01:00:00', 'datetimeFrom': {'utc': '2016-12-22T02:30:00Z', 'local': '2016-12-22T08:00:00+05:30'}, 'datetimeTo': {'utc': '2016-12-22T03:30:00Z', 'local': '2016-12-22T09:00:00+05:30'}}",,,"{'expectedCount': 1, 'expectedInterval': '01:00:00', 'observedCount': 1, 'observedInterval': '01:00:00', 'percentComplete': 100.0, 'percentCoverage': 100.0, 'datetimeFrom': {'utc': '2016-12-22T02:30:00Z', 'local': '2016-12-22T08:00:00+05:30'}, 'datetimeTo': {'utc': '2016-12-22T03:30:00Z', 'local': '2016-12-22T09:00:00+05:30'}}"
173.8,{'hasFlags': False},"{'id': 2, 'name': 'pm25', 'units': 'µg/m³', 'displayName': None}","{'label': 'raw', 'interval': '01:00:00', 'datetimeFrom': {'utc': '2016-12-22T03:30:00Z', 'local': '2016-12-22T09:00:00+05:30'}, 'datetimeTo': {'utc': '2016-12-22T04:30:00Z', 'local': '2016-12-22T10:00:00+05:30'}}",,,"{'expectedCount': 1, 'expectedInterval': '01:00:00', 'observedCount': 1, 'observedInterval': '01:00:00', 'percentComplete': 100.0, 'percentCoverage': 100.0, 'datetimeFrom': {'utc': '2016-12-22T03:30:00Z', 'local': '2016-12-22T09:00:00+05:30'}, 'datetimeTo': {'utc': '2016-12-22T04:30:00Z', 'local': '2016-12-22T10:00:00+05:30'}}"
183.7,{'hasFlags': False},"{'id': 2, 'name': 'pm25', 'units': 'µg/m³', 'displayName': None}","{'label': 'raw', 'interval': '01:00:00', 'datetimeFrom': {'utc': '2016-12-22T04:30:00Z', 'local': '2016-12-22T10:00:00+05:30'}, 'datetimeTo': {'utc': '2016-12-22T05:30:00Z', 'local': '2016-12-22T11:00:00+05:30'}}",,,"{'expectedCount': 1, 'expectedInterval': '01:00:00', 'observedCount': 1, 'observedInterval': '01:00:00', 'percentComplete': 100.0, 'percentCoverage': 100.0, 'datetimeFrom': {'utc': '2016-12-22T04:30:00Z', 'local': '2016-12-22T10:00:00+05:30'}, 'datetimeTo': {'utc': '2016-12-22T05:30:00Z', 'local': '2016-12-22T11:00:00+05:30'}}"
178.4,{'hasFlags': False},"{'id': 2, 'name': 'pm25', 'units': 'µg/m³', 'displayName': None}","{'label': 'raw', 'interval': '01:00:00', 'datetimeFrom': {'utc': '2016-12-22T05:30:00Z', 'local': '2016-12-22T11:00:00+05:30'}, 'datetimeTo': {'utc': '2016-12-22T06:30:00Z', 'local': '2016-12-22T12:00:00+05:30'}}",,,"{'expectedCount': 1, 'expectedInterval': '01:00:00', 'observedCount': 1, 'observedInterval': '01:00:00', 'percentComplete': 100.0, 'percentCoverage': 100.0, 'datetimeFrom': {'utc': '2016-12-22T05:30:00Z', 'local': '2016-12-22T11:00:00+05:30'}, 'datetimeTo': {'utc': '2016-12-22T06:30:00Z', 'local': '2016-12-22T12:00:00+05:30'}}"
175.3,{'hasFlags': False},"{'id': 2, 'name': 'pm25', 'units': 'µg/m³', 'displayName': None}","{'label': 'raw', 'interval': '01:00:00', 'datetimeFrom': {'utc': '2016-12-22T06:30:00Z', 'local': '2016-12-22T12:00:00+05:30'}, 'datetimeTo': {'utc': '2016-12-22T07:30:00Z', 'local': '2016-12-22T13:00:00+05:30'}}",,,"{'expectedCount': 1, 'expectedInterval': '01:00:00', 'observedCount': 1, 'observedInterval': '01:00:00', 'percentComplete': 100.0, 'percentCoverage': 100.0, 'datetimeFrom': {'utc': '2016-12-22T06:30:00Z', 'local': '2016-12-22T12:00:00+05:30'}, 'datetimeTo': {'utc': '2016-12-22T07:30:00Z', 'local': '2016-12-22T13:00:00+05:30'}}"
217.6,{'hasFlags': False},"{'id': 2, 'name': 'pm25', 'units': 'µg/m³', 'displayName': None}","{'label': 'raw', 'interval': '01:00:00', 'datetimeFrom': {'utc': '2016-12-22T07:30:00Z', 'local': '2016-12-22T13:00:00+05:30'}, 'datetimeTo': {'utc': '2016-12-22T08:30:00Z', 'local': '2016-12-22T14:00:00+05:30'}}",,,"{'expectedCount': 1, 'expectedInterval': '01:00:00', 'observedCount': 1, 'observedInterval': '01:00:00', 'percentComplete': 100.0, 'percentCoverage': 100.0, 'datetimeFrom': {'utc': '2016-12-22T07:30:00Z', 'local': '2016-12-22T13:00:00+05:30'}, 'datetimeTo': {'utc': '2016-12-22T08:30:00Z', 'local': '2016-12-22T14:00:00+05:30'}}"
170.8,{'hasFlags': False},"{'id': 2, 'name': 'pm25', 'units': 'µg/m³', 'displayName': None}","{'label': 'raw', 'interval': '01:00:00', 'datetimeFrom': {'utc': '2016-12-22T08:30:00Z', 'local': '2016-12-22T14:00:00+05:30'}, 'datetimeTo': {'utc': '2016-12-22T09:30:00Z', 'local': '2016-12-22T15:00:00+05:30'}}",,,"{'expectedCount': 1, 'expectedInterval': '01:00:00', 'observedCount': 1, 'observedInterval': '01:00:00', 'percentComplete': 100.0, 'percentCoverage': 100.0, 'datetimeFrom': {'utc': '2016-12-22T08:30:00Z', 'local': '2016-12-22T14:00:00+05:30'}, 'datetimeTo': {'utc': '2016-12-22T09:30:00Z', 'local': '2016-12-22T15:00:00+05:30'}}"
